Trading_Date,Ticker,Asset_Class,Adj_Close,Volume,Daily_Return,Cumulative_Return,Drawdown,Trading_Day_Count,Normalized_Price,Benchmark_Difference,Year,Annual_Return
2021-01-04,AMD,Equity,92.30000305175781,51802600,nan%,0.0%,0.0%,1,100.0,nan%,2021,55.9%
2021-01-04,AVGO,Equity,38.04343032836914,24171000,nan%,0.0%,0.0%,1,100.0,nan%,2021,61.13%
2021-01-04,INTC,Equity,44.90293884277344,46102500,nan%,0.0%,0.0%,1,100.0,nan%,2021,6.37%
2021-01-04,NVDA,Equity,13.046195983886719,560640000,nan%,0.0%,0.0%,1,100.0,nan%,2021,124.48%
2021-01-04,SPY,Benchmark,341.5887145996094,110210800,nan%,0.0%,0.0%,1,100.0,nan%,2021,30.51%
2021-01-04,TSM,Equity,101.9130859375,11262100,nan%,0.0%,0.0%,1,100.0,nan%,2021,9.43%
2021-01-05,AMD,Equity,92.7699966430664,34208000,0.51%,0.51%,0.0%,2,100.51,-0.18%,2021,55.9%
2021-01-05,AVGO,Equity,38.30110549926758,15069000,0.68%,0.68%,0.0%,2,100.68,-0.01%,2021,61.13%
2021-01-05,INTC,Equity,45.75272750854492,24866600,1.89%,1.89%,0.0%,2,101.89,1.2%,2021,6.37%
2021-01-05,NVDA,Equity,13.335952758789062,322760000,2.22%,2.22%,0.0%,2,102.22,1.53%,2021,124.48%
2021-01-05,SPY,Benchmark,343.9413146972656,66426200,0.69%,0.69%,0.0%,2,100.69,0.0%,2021,30.51%
2021-01-05,TSM,Equity,102.88933563232422,10583600,0.96%,0.96%,0.0%,2,100.96,0.27%,2021,9.43%
2021-01-06,AMD,Equity,90.33000183105469,51911700,-2.63%,-2.13%,-2.63%,3,97.87,-3.23%,2021,55.9%
2021-01-06,AVGO,Equity,38.064910888671875,17226000,-0.62%,0.06%,-0.62%,3,100.06,-1.21%,2021,61.13%
2021-01-06,INTC,Equity,46.1956901550293,36809600,0.97%,2.88%,0.0%,3,102.88,0.37%,2021,6.37%
2021-01-06,NVDA,Equity,12.549757957458496,580424000,-5.9%,-3.81%,-5.9%,3,96.19,-6.49%,2021,124.48%
2021-01-06,SPY,Benchmark,345.9975280761719,107997700,0.6%,1.29%,0.0%,3,101.29,0.0%,2021,30.51%
2021-01-06,TSM,Equity,105.48049926757812,10609300,2.52%,3.5%,0.0%,3,103.5,1.92%,2021,9.43%
2021-01-07,AMD,Equity,95.16000366210938,42897200,5.35%,3.1%,0.0%,4,103.1,3.86%,2021,55.9%
2021-01-07,AVGO,Equity,39.669063568115234,21267000,4.21%,4.27%,0.0%,4,104.27,2.73%,2021,61.13%
2021-01-07,INTC,Equity,47.18107986450195,32092300,2.13%,5.07%,0.0%,4,105.07,0.65%,2021,6.37%
2021-01-07,NVDA,Equity,13.2755126953125,461480000,5.78%,1.76%,-0.45%,4,101.76,4.3%,2021,124.48%
2021-01-07,SPY,Benchmark,351.1383361816406,68766800,1.49%,2.8%,0.0%,4,102.8,0.0%,2021,30.51%
2021-01-07,TSM,Equity,110.79055786132812,13556100,5.03%,8.71%,0.0%,4,108.71,3.55%,2021,9.43%
2021-01-08,AMD,Equity,94.58000183105469,39816400,-0.61%,2.47%,-0.61%,5,102.47,-1.18%,2021,55.9%
2021-01-08,AVGO,Equity,39.87036895751953,15271000,0.51%,4.8%,0.0%,5,104.8,-0.06%,2021,61.13%
2021-01-08,INTC,Equity,46.692909240722656,34625400,-1.03%,3.99%,-1.03%,5,103.99,-1.6%,2021,6.37%
2021-01-08,NVDA,Equity,13.208610534667969,292528000,-0.5%,1.24%,-0.95%,5,101.24,-1.07%,2021,124.48%
2021-01-08,SPY,Benchmark,353.1389465332031,71677200,0.57%,3.38%,0.0%,5,103.38,0.0%,2021,30.51%
2021-01-08,TSM,Equity,108.29064178466797,18976800,-2.26%,6.26%,-2.26%,5,106.26,-2.83%,2021,9.43%
2021-01-11,AMD,Equity,97.25,48600200,2.82%,5.36%,0.0%,6,105.36,3.5%,2021,55.9%
2021-01-11,AVGO,Equity,39.881099700927734,11660000,0.03%,4.83%,0.0%,6,104.83,0.7%,2021,61.13%
2021-01-11,INTC,Equity,46.593467712402344,32925000,-0.21%,3.76%,-1.25%,6,103.76,0.46%,2021,6.37%
2021-01-11,NVDA,Equity,13.551589965820312,518344000,2.6%,3.87%,0.0%,6,103.87,3.27%,2021,124.48%
2021-01-11,SPY,Benchmark,350.75848388671875,51034700,-0.67%,2.68%,-0.67%,6,102.68,0.0%,2021,30.51%
2021-01-11,TSM,Equity,111.85804748535156,12006800,3.29%,9.76%,0.0%,6,109.76,3.97%,2021,9.43%
2021-01-12,AMD,Equity,95.36000061035156,67672300,-1.94%,3.32%,-1.94%,7,103.32,-1.96%,2021,55.9%
2021-01-12,AVGO,Equity,40.205875396728516,13846000,0.81%,5.68%,0.0%,7,105.68,0.79%,2021,61.13%
2021-01-12,INTC,Equity,48.13031005859375,39883900,3.3%,7.19%,0.0%,7,107.19,3.28%,2021,6.37%
2021-01-12,NVDA,Equity,13.415543556213379,291476000,-1.0%,2.83%,-1.0%,7,102.83,-1.03%,2021,124.48%
2021-01-12,SPY,Benchmark,350.8325500488281,52547700,0.02%,2.71%,-0.65%,7,102.71,0.0%,2021,30.51%
2021-01-12,TSM,Equity,112.22301483154297,14163200,0.33%,10.12%,0.0%,7,110.12,0.31%,2021,9.43%
2021-01-13,AMD,Equity,91.77999877929688,60712900,-3.75%,-0.56%,-5.62%,8,99.44,-4.02%,2021,55.9%
2021-01-13,AVGO,Equity,40.36870193481445,13118000,0.4%,6.11%,0.0%,8,106.11,0.14%,2021,61.13%
2021-01-13,INTC,Equity,51.4842414855957,124070700,6.97%,14.66%,0.0%,8,114.66,6.7%,2021,6.37%
2021-01-13,NVDA,Equity,13.462301254272461,210028000,0.35%,3.19%,-0.66%,8,103.19,0.08%,2021,124.48%
2021-01-13,SPY,Benchmark,351.77728271484375,45303600,0.27%,2.98%,-0.39%,8,102.98,0.0%,2021,30.51%
2021-01-13,TSM,Equity,108.7833251953125,20650500,-3.07%,6.74%,-3.07%,8,106.74,-3.33%,2021,9.43%
2021-01-14,AMD,Equity,90.79000091552734,53408200,-1.08%,-1.64%,-6.64%,9,98.36,-0.73%,2021,55.9%
2021-01-14,AVGO,Equity,40.445640563964844,19692000,0.19%,6.31%,0.0%,9,106.31,0.54%,2021,61.13%
2021-01-14,INTC,Equity,53.56349563598633,74680900,4.04%,19.29%,0.0%,9,119.29,4.39%,2021,6.37%
2021-01-14,NVDA,Equity,13.132501602172852,283120000,-2.45%,0.66%,-3.09%,9,100.66,-2.1%,2021,124.48%
2021-01-14,SPY,Benchmark,350.5455017089844,49989100,-0.35%,2.62%,-0.73%,9,102.62,0.0%,2021,30.51%
2021-01-14,TSM,Equity,115.37073516845703,37125400,6.06%,13.21%,0.0%,9,113.21,6.41%,2021,9.43%
2021-01-15,AMD,Equity,88.20999908447266,49340300,-2.84%,-4.43%,-9.3%,10,95.57,-2.11%,2021,55.9%
2021-01-15,AVGO,Equity,39.88915252685547,18165000,-1.38%,4.85%,-1.38%,10,104.85,-0.65%,2021,61.13%
2021-01-15,INTC,Equity,52.05377960205078,50265400,-2.82%,15.93%,-2.82%,10,115.93,-2.09%,2021,6.37%
2021-01-15,NVDA,Equity,12.793501853942871,277780000,-2.58%,-1.94%,-5.59%,10,98.06,-1.85%,2021,124.48%
2021-01-15,SPY,Benchmark,347.98907470703125,107160000,-0.73%,1.87%,-1.46%,10,101.87,0.0%,2021,30.51%
2021-01-15,TSM,Equity,114.25762176513672,17343100,-0.96%,12.11%,-0.96%,10,112.11,-0.24%,2021,9.43%
2021-01-19,AMD,Equity,89.44999694824219,45115100,1.41%,-3.09%,-8.02%,11,96.91,0.62%,2021,55.9%
2021-01-19,AVGO,Equity,41.08980178833008,18819000,3.01%,8.01%,0.0%,11,108.01,2.22%,2021,61.13%
2021-01-19,INTC,Equity,52.424434661865234,35647100,0.71%,16.75%,-2.13%,11,116.75,-0.07%,2021,6.37%
2021-01-19,NVDA,Equity,12.958401679992676,226188000,1.29%,-0.67%,-4.38%,11,99.33,0.5%,2021,124.48%
2021-01-19,SPY,Benchmark,350.7213439941406,51233300,0.79%,2.67%,-0.68%,11,102.67,0.0%,2021,30.51%
2021-01-19,TSM,Equity,119.79576873779297,20443800,4.85%,17.55%,0.0%,11,117.55,4.06%,2021,9.43%
2021-01-20,AMD,Equity,88.75,35185800,-0.78%,-3.85%,-8.74%,12,96.15,-2.17%,2021,55.9%
2021-01-20,AVGO,Equity,41.32331848144531,14710000,0.57%,8.62%,0.0%,12,108.62,-0.82%,2021,61.13%
2021-01-20,INTC,Equity,53.039161682128906,28701300,1.17%,18.12%,-0.98%,12,118.12,-0.21%,2021,6.37%
2021-01-20,NVDA,Equity,13.297155380249023,258572000,2.61%,1.92%,-1.88%,12,101.92,1.23%,2021,124.48%
2021-01-20,SPY,Benchmark,355.5749816894531,61836100,1.38%,4.09%,0.0%,12,104.09,0.0%,2021,30.51%
2021-01-20,TSM,Equity,119.19359588623047,17360700,-0.5%,16.96%,-0.5%,12,116.96,-1.89%,2021,9.43%
2021-01-21,AMD,Equity,91.52999877929688,54221900,3.13%,-0.83%,-5.88%,13,99.17,3.04%,2021,55.9%
2021-01-21,AVGO,Equity,41.76529312133789,15749000,1.07%,9.78%,0.0%,13,109.78,0.98%,2021,61.13%
2021-01-21,INTC,Equity,56.46541976928711,86519500,6.46%,25.75%,0.0%,13,125.75,6.37%,2021,6.37%
2021-01-21,NVDA,Equity,13.796327590942383,337780000,3.75%,5.75%,0.0%,13,105.75,3.66%,2021,124.48%
2021-01-21,SPY,Benchmark,355.89923095703125,47840100,0.09%,4.19%,0.0%,13,104.19,0.0%,2021,30.51%
2021-01-21,TSM,Equity,122.40518951416016,15460100,2.69%,20.11%,0.0%,13,120.11,2.6%,2021,9.43%
2021-01-22,AMD,Equity,92.79000091552734,71294700,1.38%,0.53%,-4.59%,14,100.53,1.73%,2021,55.9%
2021-01-22,AVGO,Equity,41.604248046875,16248000,-0.39%,9.36%,-0.39%,14,109.36,-0.03%,2021,61.13%
2021-01-22,INTC,Equity,51.222068786621094,85729300,-9.29%,14.07%,-9.29%,14,114.07,-8.93%,2021,6.37%
2021-01-22,NVDA,Equity,13.642125129699707,246820000,-1.12%,4.57%,-1.12%,14,104.57,-0.76%,2021,124.48%
2021-01-22,SPY,Benchmark,354.6393737792969,52860500,-0.35%,3.82%,-0.35%,14,103.82,0.0%,2021,30.51%
2021-01-22,TSM,Equity,117.82503509521484,19163200,-3.74%,15.61%,-3.74%,14,115.61,-3.39%,2021,9.43%
2021-01-25,AMD,Equity,94.12999725341797,55086900,1.44%,1.98%,-3.21%,15,101.98,1.05%,2021,55.9%
2021-01-25,AVGO,Equity,41.58366775512695,14692000,-0.05%,9.31%,-0.43%,15,109.31,-0.44%,2021,61.13%
2021-01-25,INTC,Equity,50.1191520690918,61968500,-2.15%,11.62%,-11.24%,15,111.62,-2.55%,2021,6.37%
2021-01-25,NVDA,Equity,13.58317756652832,251112000,-0.43%,4.12%,-1.54%,15,104.12,-0.83%,2021,124.48%
2021-01-25,SPY,Benchmark,356.0381164550781,70402000,0.39%,4.23%,0.0%,15,104.23,0.0%,2021,30.51%
2021-01-25,TSM,Equity,119.08411407470703,20469300,1.07%,16.85%,-2.71%,15,116.85,0.67%,2021,9.43%
2021-01-26,AMD,Equity,94.70999908447266,59449100,0.62%,2.61%,-2.61%,16,102.61,0.77%,2021,55.9%
2021-01-26,AVGO,Equity,41.50136184692383,10742000,-0.2%,9.09%,-0.63%,16,109.09,-0.04%,2021,61.13%
2021-01-26,INTC,Equity,49.911231994628906,31485900,-0.41%,11.15%,-11.61%,16,111.15,-0.26%,2021,6.37%
2021-01-26,NVDA,Equity,13.36629581451416,163980000,-1.6%,2.45%,-3.12%,16,102.45,-1.44%,2021,124.48%
2021-01-26,SPY,Benchmark,355.4822998046875,42665300,-0.16%,4.07%,-0.16%,16,104.07,0.0%,2021,30.51%
2021-01-26,TSM,Equity,115.55321502685547,17084600,-2.97%,13.38%,-5.6%,16,113.38,-2.81%,2021,9.43%
2021-01-27,AMD,Equity,88.83999633789062,73341200,-6.2%,-3.75%,-8.65%,17,96.25,-3.75%,2021,55.9%
2021-01-27,AVGO,Equity,39.78627395629883,21857000,-4.13%,4.58%,-4.74%,17,104.58,-1.69%,2021,61.13%
2021-01-27,INTC,Equity,48.44671630859375,49722900,-2.93%,7.89%,-14.2%,17,107.89,-0.49%,2021,6.37%
2021-01-27,NVDA,Equity,12.85145378112793,371272000,-3.85%,-1.49%,-6.85%,17,98.51,-1.41%,2021,124.48%
2021-01-27,SPY,Benchmark,346.7942199707031,123351100,-2.44%,1.52%,-2.6%,17,101.52,0.0%,2021,30.51%
2021-01-27,TSM,Equity,111.0733871459961,16732700,-3.88%,8.99%,-9.26%,17,108.99,-1.43%,2021,9.43%
2021-01-28,AMD,Equity,87.5199966430664,47048400,-1.49%,-5.18%,-10.01%,18,94.82,-2.35%,2021,55.9%
2021-01-28,AVGO,Equity,40.41611862182617,16946000,1.58%,6.24%,-3.23%,18,106.24,0.72%,2021,61.13%
2021-01-28,INTC,Equity,50.688697814941406,49202600,4.63%,12.89%,-10.23%,18,112.89,3.77%,2021,6.37%
2021-01-28,NVDA,Equity,12.984018325805664,228316000,1.03%,-0.48%,-5.89%,18,99.52,0.17%,2021,124.48%
2021-01-28,SPY,Benchmark,349.7767028808594,94198100,0.86%,2.4%,-1.76%,18,102.4,0.0%,2021,30.51%
2021-01-28,TSM,Equity,114.8050537109375,14148100,3.36%,12.65%,-6.21%,18,112.65,2.5%,2021,9.43%
2021-01-29,AMD,Equity,85.63999938964844,56735800,-2.15%,-7.22%,-11.94%,19,92.78,-0.15%,2021,55.9%
2021-01-29,AVGO,Equity,40.305179595947266,22069000,-0.27%,5.95%,-3.5%,19,105.95,1.73%,2021,61.13%
2021-01-29,INTC,Equity,50.18244171142578,37256200,-1.0%,11.76%,-11.13%,19,111.76,1.0%,2021,6.37%
2021-01-29,NVDA,Equity,12.92308235168457,271552000,-0.47%,-0.94%,-6.33%,19,99.06,1.53%,2021,124.48%
2021-01-29,SPY,Benchmark,342.7743225097656,126765100,-2.0%,0.35%,-3.73%,19,100.35,0.0%,2021,30.51%
2021-01-29,TSM,Equity,110.8726806640625,15169200,-3.43%,8.79%,-9.42%,19,108.79,-1.42%,2021,9.43%
2021-02-01,AMD,Equity,87.66000366210938,42359300,2.36%,-5.03%,-9.86%,20,94.97,0.69%,2021,55.9%
2021-02-01,AVGO,Equity,41.75813293457031,17027000,3.6%,9.76%,-0.02%,20,109.76,1.94%,2021,61.13%
2021-02-01,INTC,Equity,51.24919128417969,26926600,2.13%,14.13%,-9.24%,20,114.13,0.46%,2021,6.37%
2021-02-01,NVDA,Equity,13.169065475463867,217204000,1.9%,0.94%,-4.55%,20,100.94,0.24%,2021,124.48%
2021-02-01,SPY,Benchmark,348.4799499511719,75817600,1.66%,2.02%,-2.12%,20,102.02,0.0%,2021,30.51%
2021-02-01,TSM,Equity,115.56232452392578,10179900,4.23%,13.39%,-5.59%,20,113.39,2.57%,2021,9.43%
2021-02-02,AMD,Equity,88.86000061035156,33850000,1.37%,-3.73%,-8.63%,21,96.27,-0.05%,2021,55.9%
2021-02-02,AVGO,Equity,42.66533660888672,16141000,2.17%,12.15%,0.0%,21,112.15,0.76%,2021,61.13%
2021-02-02,INTC,Equity,52.43346405029297,23580900,2.31%,16.77%,-7.14%,21,116.77,0.9%,2021,6.37%
2021-02-02,NVDA,Equity,13.48717212677002,220440000,2.42%,3.38%,-2.24%,21,103.38,1.0%,2021,124.48%
2021-02-02,SPY,Benchmark,353.407470703125,64450700,1.41%,3.46%,-0.74%,21,103.46,0.0%,2021,30.51%
2021-02-02,TSM,Equity,117.18635559082031,9302400,1.41%,14.99%,-4.26%,21,114.99,-0.01%,2021,9.43%
2021-02-03,AMD,Equity,87.88999938964844,32312900,-1.09%,-4.78%,-9.62%,22,95.22,-1.17%,2021,55.9%
2021-02-03,AVGO,Equity,41.61945343017578,17857000,-2.45%,9.4%,-2.45%,22,109.4,-2.53%,2021,61.13%
2021-02-03,INTC,Equity,52.14418411254883,21893200,-0.55%,16.13%,-7.65%,22,116.13,-0.63%,2021,6.37%
2021-02-03,NVDA,Equity,13.461055755615234,245408000,-0.19%,3.18%,-2.43%,22,103.18,-0.27%,2021,124.48%
2021-02-03,SPY,Benchmark,353.6854553222656,52427100,0.08%,3.54%,-0.66%,22,103.54,0.0%,2021,30.51%
2021-02-03,TSM,Equity,116.3287353515625,9676600,-0.73%,14.15%,-4.96%,22,114.15,-0.81%,2021,9.43%
2021-02-04,AMD,Equity,87.83999633789062,30791600,-0.06%,-4.83%,-9.68%,23,95.17,-1.19%,2021,55.9%
2021-02-04,AVGO,Equity,42.10615921020508,15243000,1.17%,10.68%,-1.31%,23,110.68,0.03%,2021,61.13%
2021-02-04,INTC,Equity,53.470252990722656,29853800,2.54%,19.08%,-5.3%,23,119.08,1.41%,2021,6.37%
2021-02-04,NVDA,Equity,13.594120979309082,201340000,0.99%,4.2%,-1.47%,23,104.2,-0.15%,2021,124.48%
2021-02-04,SPY,Benchmark,357.7052917480469,47142600,1.14%,4.72%,0.0%,23,104.72,0.0%,2021,30.51%
2021-02-04,TSM,Equity,116.9217758178711,7445100,0.51%,14.73%,-4.48%,23,114.73,-0.63%,2021,9.43%
2021-02-05,AMD,Equity,87.9000015258789,30268700,0.07%,-4.77%,-9.61%,24,95.23,-0.33%,2021,55.9%
2021-02-05,AVGO,Equity,41.69282913208008,12488000,-0.98%,9.59%,-2.28%,24,109.59,-1.38%,2021,61.13%
2021-02-05,INTC,Equity,52.91544723510742,23432600,-1.04%,17.84%,-6.29%,24,117.84,-1.43%,2021,6.37%
2021-02-05,NVDA,Equity,13.521245956420898,169152000,-0.54%,3.64%,-1.99%,24,103.64,-0.93%,2021,124.48%
2021-02-05,SPY,Benchmark,359.1131591796875,48669800,0.39%,5.13%,0.0%,24,105.13,0.0%,2021,30.51%
2021-02-05,TSM,Equity,116.58418273925781,6226800,-0.29%,14.4%,-4.76%,24,114.4,-0.68%,2021,9.43%
2021-02-08,AMD,Equity,91.47000122070312,47639900,4.06%,-0.9%,-5.94%,25,99.1,3.34%,2021,55.9%
2021-02-08,AVGO,Equity,42.29136276245117,17610000,1.44%,11.17%,-0.88%,25,111.17,0.71%,2021,61.13%
2021-02-08,INTC,Equity,53.8067741394043,34358300,1.68%,19.83%,-4.71%,25,119.83,0.96%,2021,6.37%
2021-02-08,NVDA,Equity,14.364645004272461,434624000,6.24%,10.11%,0.0%,25,110.11,5.52%,2021,124.48%
2021-02-08,SPY,Benchmark,361.70672607421875,38365200,0.72%,5.89%,0.0%,25,105.89,0.0%,2021,30.51%
2021-02-08,TSM,Equity,120.93628692626953,11160000,3.73%,18.67%,-1.2%,25,118.67,3.01%,2021,9.43%
2021-02-09,AMD,Equity,90.91000366210938,37596400,-0.61%,-1.51%,-6.52%,26,98.49,-0.55%,2021,55.9%
2021-02-09,AVGO,Equity,42.46403121948242,12758000,0.41%,11.62%,-0.47%,26,111.62,0.47%,2021,61.13%
2021-02-09,INTC,Equity,53.461158752441406,28754100,-0.64%,19.06%,-5.32%,26,119.06,-0.58%,2021,6.37%
2021-02-09,NVDA,Equity,14.190048217773438,287560000,-1.22%,8.77%,-1.22%,26,108.77,-1.15%,2021,124.48%
2021-02-09,SPY,Benchmark,361.4657897949219,35551100,-0.07%,5.82%,-0.07%,26,105.82,0.0%,2021,30.51%
2021-02-09,TSM,Equity,121.05487060546875,7929100,0.1%,18.78%,-1.1%,26,118.78,0.16%,2021,9.43%
2021-02-10,AMD,Equity,92.3499984741211,42441300,1.58%,0.05%,-5.04%,27,100.05,1.63%,2021,55.9%
2021-02-10,AVGO,Equity,42.05427551269531,14587000,-0.96%,10.54%,-1.43%,27,110.54,-0.92%,2021,61.13%
2021-02-10,INTC,Equity,53.53391647338867,16325100,0.14%,19.22%,-5.19%,27,119.22,0.18%,2021,6.37%
2021-02-10,NVDA,Equity,14.68847370147705,485352000,3.51%,12.59%,0.0%,27,112.59,3.56%,2021,124.48%
2021-02-10,SPY,Benchmark,361.30841064453125,59154400,-0.04%,5.77%,-0.11%,27,105.77,0.0%,2021,30.51%
2021-02-10,TSM,Equity,121.97637176513672,12196300,0.76%,19.69%,-0.35%,27,119.69,0.8%,2021,9.43%
2021-02-11,AMD,Equity,92.66000366210938,35571000,0.34%,0.39%,-4.72%,28,100.39,0.17%,2021,55.9%
2021-02-11,AVGO,Equity,42.80043029785156,17123000,1.77%,12.5%,0.0%,28,112.5,1.61%,2021,61.13%
2021-02-11,INTC,Equity,55.17103958129883,27539100,3.06%,22.87%,-2.29%,28,122.87,2.9%,2021,6.37%
2021-02-11,NVDA,Equity,15.172479629516602,450828000,3.3%,16.3%,0.0%,28,116.3,3.13%,2021,124.48%
2021-02-11,SPY,Benchmark,361.89190673828125,42913300,0.16%,5.94%,0.0%,28,105.94,0.0%,2021,30.51%
2021-02-11,TSM,Equity,126.96707916259766,12347900,4.09%,24.58%,0.0%,28,124.58,3.93%,2021,9.43%
2021-02-12,AMD,Equity,93.7699966430664,38538400,1.2%,1.59%,-3.58%,29,101.59,0.7%,2021,55.9%
2021-02-12,AVGO,Equity,43.509910583496094,13551000,1.66%,14.37%,0.0%,29,114.37,1.16%,2021,61.13%
2021-02-12,INTC,Equity,56.216983795166016,26214200,1.9%,25.2%,-0.44%,29,125.2,1.4%,2021,6.37%
2021-02-12,NVDA,Equity,14.884465217590332,374756000,-1.9%,14.09%,-1.9%,29,114.09,-2.39%,2021,124.48%
2021-02-12,SPY,Benchmark,363.6795349121094,50593300,0.49%,6.47%,0.0%,29,106.47,0.0%,2021,30.51%
2021-02-12,TSM,Equity,125.96347045898438,11114100,-0.79%,23.6%,-0.79%,29,123.6,-1.28%,2021,9.43%
2021-02-16,AMD,Equity,91.45999908447266,35105900,-2.46%,-0.91%,-5.95%,30,99.09,-2.38%,2021,55.9%
2021-02-16,AVGO,Equity,43.761314392089844,15163000,0.58%,15.03%,0.0%,30,115.03,0.66%,2021,61.13%
2021-02-16,INTC,Equity,56.8172607421875,26326300,1.07%,26.53%,0.0%,30,126.53,1.15%,2021,6.37%
2021-02-16,NVDA,Equity,15.251574516296387,321960000,2.47%,16.9%,0.0%,30,116.9,2.55%,2021,124.48%
2021-02-16,SPY,Benchmark,363.36468505859375,50972400,-0.09%,6.37%,-0.09%,30,106.37,0.0%,2021,30.51%
2021-02-16,TSM,Equity,127.77912139892578,11833600,1.44%,25.38%,0.0%,30,125.38,1.53%,2021,9.43%
2021-02-17,AMD,Equity,89.94000244140625,32245500,-1.66%,-2.56%,-7.52%,31,97.44,-1.68%,2021,55.9%
2021-02-17,AVGO,Equity,43.166351318359375,14084000,-1.36%,13.47%,-1.36%,31,113.47,-1.38%,2021,61.13%
2021-02-17,INTC,Equity,56.25334930419922,21055400,-0.99%,25.28%,-0.99%,31,125.28,-1.02%,2021,6.37%
2021-02-17,NVDA,Equity,14.829498291015625,274756000,-2.77%,13.67%,-2.77%,31,113.67,-2.79%,2021,124.48%
2021-02-17,SPY,Benchmark,363.4479675292969,52290600,0.02%,6.4%,-0.06%,31,106.4,0.0%,2021,30.51%
2021-02-17,TSM,Equity,124.33030700683594,12311200,-2.7%,22.0%,-2.7%,31,122.0,-2.72%,2021,9.43%
2021-02-18,AMD,Equity,88.63999938964844,35624900,-1.45%,-3.97%,-8.85%,32,96.03,-1.02%,2021,55.9%
2021-02-18,AVGO,Equity,43.23613739013672,16715000,0.16%,13.65%,-1.2%,32,113.65,0.59%,2021,61.13%
2021-02-18,INTC,Equity,56.035072326660156,17846100,-0.39%,24.79%,-1.38%,32,124.79,0.04%,2021,6.37%
2021-02-18,NVDA,Equity,14.752893447875977,233868000,-0.52%,13.08%,-3.27%,32,113.08,-0.09%,2021,124.48%
2021-02-18,SPY,Benchmark,361.9010925292969,59712800,-0.43%,5.95%,-0.49%,32,105.95,0.0%,2021,30.51%
2021-02-18,TSM,Equity,122.833984375,11614600,-1.2%,20.53%,-3.87%,32,120.53,-0.78%,2021,9.43%
2021-02-19,AMD,Equity,89.58000183105469,29548300,1.06%,-2.95%,-7.89%,33,97.05,1.24%,2021,55.9%
2021-02-19,AVGO,Equity,43.83556365966797,17992000,1.39%,15.23%,0.0%,33,115.23,1.56%,2021,61.13%
2021-02-19,INTC,Equity,57.308387756347656,28290100,2.27%,27.63%,0.0%,33,127.63,2.45%,2021,6.37%
2021-02-19,NVDA,Equity,14.849894523620605,271724000,0.66%,13.83%,-2.63%,33,113.83,0.83%,2021,124.48%
2021-02-19,SPY,Benchmark,361.261962890625,83241000,-0.18%,5.76%,-0.66%,33,105.76,0.0%,2021,30.51%
2021-02-19,TSM,Equity,124.68614959716797,10771900,1.51%,22.35%,-2.42%,33,122.35,1.68%,2021,9.43%
2021-02-22,AMD,Equity,85.37000274658203,36930200,-4.7%,-7.51%,-12.22%,34,92.49,-3.93%,2021,55.9%
2021-02-22,AVGO,Equity,42.618812561035156,16967000,-2.78%,12.03%,-2.78%,34,112.03,-2.01%,2021,61.13%
2021-02-22,INTC,Equity,55.21651077270508,32288200,-3.65%,22.97%,-3.65%,34,122.97,-2.88%,2021,6.37%
2021-02-22,NVDA,Equity,14.282072067260742,325884000,-3.82%,9.47%,-6.36%,34,109.47,-3.05%,2021,124.48%
2021-02-22,SPY,Benchmark,358.4833984375,67414200,-0.77%,4.95%,-1.43%,34,104.95,0.0%,2021,30.51%
2021-02-22,TSM,Equity,121.86688232421875,10363800,-2.26%,19.58%,-4.63%,34,119.58,-1.49%,2021,9.43%
2021-02-23,AMD,Equity,84.73999786376953,49720900,-0.74%,-8.19%,-12.86%,35,91.81,-0.86%,2021,55.9%
2021-02-23,AVGO,Equity,42.21978759765625,21303000,-0.94%,10.98%,-3.69%,35,110.98,-1.06%,2021,61.13%
2021-02-23,INTC,Equity,55.58941650390625,27374600,0.68%,23.8%,-3.0%,35,123.8,0.55%,2021,6.37%
2021-02-23,NVDA,Equity,14.069418907165527,391780000,-1.49%,7.84%,-7.75%,35,107.84,-1.61%,2021,124.48%
2021-02-23,SPY,Benchmark,358.9187316894531,107284100,0.12%,5.07%,-1.31%,35,105.07,0.0%,2021,30.51%
2021-02-23,TSM,Equity,117.78853607177734,18444700,-3.35%,15.58%,-7.82%,35,115.58,-3.47%,2021,9.43%
2021-02-24,AMD,Equity,86.94000244140625,40821200,2.6%,-5.81%,-10.6%,36,94.19,1.49%,2021,55.9%
2021-02-24,AVGO,Equity,43.02320861816406,15125000,1.9%,13.09%,-1.85%,36,113.09,0.8%,2021,61.13%
2021-02-24,INTC,Equity,57.472103118896484,24669900,3.39%,27.99%,0.0%,36,127.99,2.28%,2021,6.37%
2021-02-24,NVDA,Equity,14.42458438873291,448320000,2.52%,10.57%,-5.42%,36,110.57,1.42%,2021,124.48%
2021-02-24,SPY,Benchmark,362.8737487792969,72433900,1.1%,6.23%,-0.22%,36,106.23,0.0%,2021,30.51%
2021-02-24,TSM,Equity,120.70816040039062,12782900,2.48%,18.44%,-5.53%,36,118.44,1.38%,2021,9.43%
2021-02-25,AMD,Equity,82.41999816894531,54625100,-5.2%,-10.7%,-15.25%,37,89.3,-2.79%,2021,55.9%
2021-02-25,AVGO,Equity,40.90102767944336,23148000,-4.93%,7.51%,-6.69%,37,107.51,-2.52%,2021,61.13%
2021-02-25,INTC,Equity,54.934566497802734,36394000,-4.42%,22.34%,-4.42%,37,122.34,-2.01%,2021,6.37%
2021-02-25,NVDA,Equity,13.239201545715332,824436000,-8.22%,1.48%,-13.19%,37,101.48,-5.81%,2021,124.48%
2021-02-25,SPY,Benchmark,354.13006591796875,146670500,-2.41%,3.67%,-2.63%,37,103.67,0.0%,2021,30.51%
2021-02-25,TSM,Equity,114.96015930175781,13581200,-4.76%,12.8%,-10.03%,37,112.8,-2.35%,2021,9.43%
2021-02-26,AMD,Equity,84.51000213623047,48962900,2.54%,-8.44%,-13.1%,38,91.56,3.05%,2021,55.9%
2021-02-26,AVGO,Equity,42.03816604614258,22640000,2.78%,10.5%,-4.1%,38,110.5,3.3%,2021,61.13%
2021-02-26,INTC,Equity,55.280174255371094,38216800,0.63%,23.11%,-3.81%,38,123.11,1.14%,2021,6.37%
2021-02-26,NVDA,Equity,13.644112586975098,500932000,3.06%,4.58%,-10.54%,38,104.58,3.57%,2021,124.48%
2021-02-26,SPY,Benchmark,352.3053283691406,152701600,-0.52%,3.14%,-3.13%,38,103.14,0.0%,2021,30.51%
2021-02-26,TSM,Equity,114.9054183959961,17281000,-0.05%,12.75%,-10.07%,38,112.75,0.47%,2021,9.43%
2021-03-01,AMD,Equity,86.38999938964844,32746200,2.22%,-6.4%,-11.17%,39,93.6,-0.2%,2021,55.9%
2021-03-01,AVGO,Equity,43.801570892333984,24677000,4.19%,15.14%,-0.08%,39,115.14,1.77%,2021,61.13%
2021-03-01,INTC,Equity,57.190155029296875,28495400,3.46%,27.36%,-0.49%,39,127.36,1.03%,2021,6.37%
2021-03-01,NVDA,Equity,13.770708084106445,353184000,0.93%,5.55%,-9.71%,39,105.55,-1.5%,2021,124.48%
2021-03-01,SPY,Benchmark,360.84527587890625,105348800,2.42%,5.64%,-0.78%,39,105.64,0.0%,2021,30.51%
2021-03-01,TSM,Equity,117.81588745117188,9714900,2.53%,15.6%,-7.8%,39,115.6,0.11%,2021,9.43%
2021-03-02,AMD,Equity,84.12999725341797,34828200,-2.62%,-8.85%,-13.49%,40,91.15,-1.84%,2021,55.9%
2021-03-02,AVGO,Equity,42.9901008605957,18546000,-1.85%,13.0%,-1.93%,40,113.0,-1.07%,2021,61.13%
2021-03-02,INTC,Equity,55.69856262207031,23320000,-2.61%,24.04%,-3.09%,40,124.04,-1.83%,2021,6.37%
2021-03-02,NVDA,Equity,13.337443351745605,264116000,-3.15%,2.23%,-12.55%,40,102.23,-2.37%,2021,124.48%
2021-03-02,SPY,Benchmark,358.0295104980469,79595300,-0.78%,4.81%,-1.55%,40,104.81,0.0%,2021,30.51%
2021-03-02,TSM,Equity,114.96015930175781,8274500,-2.42%,12.8%,-10.03%,40,112.8,-1.64%,2021,9.43%
2021-03-03,AMD,Equity,80.86000061035156,43541000,-3.89%,-12.39%,-16.85%,41,87.61,-2.56%,2021,55.9%
2021-03-03,AVGO,Equity,41.42889404296875,23991000,-3.63%,8.9%,-5.49%,41,108.9,-2.31%,2021,61.13%
2021-03-03,INTC,Equity,54.479801177978516,28740400,-2.19%,21.33%,-5.21%,41,121.33,-0.86%,2021,6.37%
2021-03-03,NVDA,Equity,12.739032745361328,377592000,-4.49%,-2.35%,-16.47%,41,97.65,-3.16%,2021,124.48%
2021-03-03,SPY,Benchmark,353.2872009277344,119940200,-1.32%,3.42%,-2.86%,41,103.42,0.0%,2021,30.51%
2021-03-03,TSM,Equity,112.12264251708984,10660300,-2.47%,10.02%,-12.25%,41,110.02,-1.14%,2021,9.43%
2021-03-04,AMD,Equity,77.75,60549400,-3.85%,-15.76%,-20.05%,42,84.24,-2.61%,2021,55.9%
2021-03-04,AVGO,Equity,39.68695831298828,34575000,-4.2%,4.32%,-9.46%,42,104.32,-2.97%,2021,61.13%
2021-03-04,INTC,Equity,53.05187225341797,40210400,-2.62%,18.15%,-7.69%,42,118.15,-1.38%,2021,6.37%
2021-03-04,NVDA,Equity,12.306761741638184,573344000,-3.39%,-5.67%,-19.31%,42,94.33,-2.16%,2021,124.48%
2021-03-04,SPY,Benchmark,348.9153137207031,183433000,-1.24%,2.14%,-4.06%,42,102.14,0.0%,2021,30.51%
2021-03-04,TSM,Equity,105.46224975585938,24454200,-5.94%,3.48%,-17.47%,42,103.48,-4.7%,2021,9.43%
2021-03-05,AMD,Equity,78.5199966430664,58548900,0.99%,-14.93%,-19.26%,43,85.07,-0.85%,2021,55.9%
2021-03-05,AVGO,Equity,40.27296829223633,42414000,1.48%,5.86%,-8.13%,43,105.86,-0.36%,2021,61.13%
2021-03-05,INTC,Equity,55.243804931640625,39511700,4.13%,23.03%,-3.88%,43,123.03,2.29%,2021,6.37%
2021-03-05,NVDA,Equity,12.397541046142578,542840000,0.74%,-4.97%,-18.71%,43,95.03,-1.1%,2021,124.48%
2021-03-05,SPY,Benchmark,355.33416748046875,152039600,1.84%,4.02%,-2.29%,43,104.02,0.0%,2021,30.51%
2021-03-05,TSM,Equity,110.21576690673828,17448700,4.51%,8.15%,-13.75%,43,108.15,2.67%,2021,9.43%
2021-03-08,AMD,Equity,73.95999908447266,54563900,-5.81%,-19.87%,-23.95%,44,80.13,-5.31%,2021,55.9%
2021-03-08,AVGO,Equity,37.6882438659668,45243000,-6.42%,-0.93%,-14.02%,44,99.07,-5.92%,2021,61.13%
2021-03-08,INTC,Equity,54.4343376159668,33112400,-1.47%,21.23%,-5.29%,44,121.23,-0.97%,2021,6.37%
2021-03-08,NVDA,Equity,11.53375244140625,543112000,-6.97%,-11.59%,-24.38%,44,88.41,-6.47%,2021,124.48%
2021-03-08,SPY,Benchmark,353.56500244140625,123149200,-0.5%,3.51%,-2.78%,44,103.51,0.0%,2021,30.51%
2021-03-08,TSM,Equity,103.94769287109375,17246900,-5.69%,2.0%,-18.65%,44,102.0,-5.19%,2021,9.43%
2021-03-09,AMD,Equity,78.52999877929688,45088300,6.18%,-14.92%,-19.25%,45,85.08,4.75%,2021,55.9%
2021-03-09,AVGO,Equity,39.68785095214844,37884000,5.31%,4.32%,-9.46%,45,104.32,3.88%,2021,61.13%
2021-03-09,INTC,Equity,56.9991569519043,36387500,4.71%,26.94%,-0.82%,45,126.94,3.28%,2021,6.37%
2021-03-09,NVDA,Equity,12.46029281616211,521824000,8.03%,-4.49%,-18.3%,45,95.51,6.61%,2021,124.48%
2021-03-09,SPY,Benchmark,358.6130676269531,113633600,1.43%,4.98%,-1.39%,45,104.98,0.0%,2021,30.51%
2021-03-09,TSM,Equity,106.18302917480469,17717100,2.15%,4.19%,-16.9%,45,104.19,0.72%,2021,9.43%
2021-03-10,AMD,Equity,77.5199966430664,45416600,-1.29%,-16.01%,-20.29%,46,83.99,-1.91%,2021,55.9%
2021-03-10,AVGO,Equity,39.150142669677734,19914000,-1.35%,2.91%,-10.69%,46,102.91,-1.98%,2021,61.13%
2021-03-10,INTC,Equity,56.617164611816406,27160300,-0.67%,26.09%,-1.49%,46,126.09,-1.29%,2021,6.37%
2021-03-10,NVDA,Equity,12.408539772033691,384376000,-0.42%,-4.89%,-18.64%,46,95.11,-1.04%,2021,124.48%
2021-03-10,SPY,Benchmark,360.84527587890625,109899400,0.62%,5.64%,-0.78%,46,105.64,0.0%,2021,30.51%
2021-03-10,TSM,Equity,103.85643768310547,15240300,-2.19%,1.91%,-18.72%,46,101.91,-2.81%,2021,9.43%
2021-03-11,AMD,Equity,81.2300033569336,43583700,4.79%,-11.99%,-16.47%,47,88.01,3.77%,2021,55.9%
2021-03-11,AVGO,Equity,40.590579986572266,26170000,3.68%,6.7%,-7.4%,47,106.7,2.67%,2021,61.13%
2021-03-11,INTC,Equity,57.58124923706055,30701800,1.7%,28.23%,0.0%,47,128.23,0.69%,2021,6.37%
2021-03-11,NVDA,Equity,12.931276321411133,299916000,4.21%,-0.88%,-15.21%,47,99.12,3.2%,2021,124.48%
2021-03-11,SPY,Benchmark,364.5038757324219,86245000,1.01%,6.71%,0.0%,47,106.71,0.0%,2021,30.51%
2021-03-11,TSM,Equity,110.01504516601562,15091600,5.93%,7.95%,-13.9%,47,107.95,4.92%,2021,9.43%
2021-03-12,AMD,Equity,81.05000305175781,32938000,-0.22%,-12.19%,-16.66%,48,87.81,-0.36%,2021,55.9%
2021-03-12,AVGO,Equity,40.3651237487793,18906000,-0.56%,6.1%,-7.92%,48,106.1,-0.69%,2021,61.13%
2021-03-12,INTC,Equity,57.208351135253906,20173000,-0.65%,27.4%,-0.65%,48,127.4,-0.78%,2021,6.37%
2021-03-12,NVDA,Equity,12.79443359375,243964000,-1.06%,-1.93%,-16.11%,48,98.07,-1.19%,2021,124.48%
2021-03-12,SPY,Benchmark,364.9948425292969,64653600,0.13%,6.85%,0.0%,48,106.85,0.0%,2021,30.51%
2021-03-12,TSM,Equity,107.934814453125,8171000,-1.89%,5.91%,-15.53%,48,105.91,-2.03%,2021,9.43%
2021-03-15,AMD,Equity,82.5,39086800,1.79%,-10.62%,-15.17%,49,89.38,1.19%,2021,55.9%
2021-03-15,AVGO,Equity,42.118675231933594,31241000,4.34%,10.71%,-3.92%,49,110.71,3.75%,2021,61.13%
2021-03-15,INTC,Equity,58.01781463623047,21247400,1.41%,29.21%,0.0%,49,129.21,0.82%,2021,6.37%
2021-03-15,NVDA,Equity,13.128082275390625,221988000,2.61%,0.63%,-13.92%,49,100.63,2.01%,2021,124.48%
2021-03-15,SPY,Benchmark,367.1715393066406,73427200,0.6%,7.49%,0.0%,49,107.49,0.0%,2021,30.51%
2021-03-15,TSM,Equity,108.64644622802734,8935000,0.66%,6.61%,-14.97%,49,106.61,0.06%,2021,9.43%
2021-03-16,AMD,Equity,82.75,42971600,0.3%,-10.35%,-14.91%,50,89.65,0.43%,2021,55.9%
2021-03-16,AVGO,Equity,42.78164291381836,31190000,1.57%,12.45%,-2.4%,50,112.45,1.7%,2021,61.13%
2021-03-16,INTC,Equity,58.9182243347168,30186600,1.55%,31.21%,0.0%,50,131.21,1.68%,2021,6.37%
2021-03-16,NVDA,Equity,13.227601051330566,272128000,0.76%,1.39%,-13.27%,50,101.39,0.88%,2021,124.48%
2021-03-16,SPY,Benchmark,366.7084045410156,73722500,-0.13%,7.35%,-0.13%,50,107.35,0.0%,2021,30.51%
2021-03-16,TSM,Equity,108.89279174804688,10793400,0.23%,6.85%,-14.78%,50,106.85,0.35%,2021,9.43%
2021-03-17,AMD,Equity,82.62999725341797,43320600,-0.15%,-10.48%,-15.03%,51,89.52,-0.49%,2021,55.9%
2021-03-17,AVGO,Equity,43.265663146972656,23754000,1.13%,13.73%,-1.3%,51,113.73,0.79%,2021,61.13%
2021-03-17,INTC,Equity,59.82774353027344,32394700,1.54%,33.24%,0.0%,51,133.24,1.2%,2021,6.37%
2021-03-17,NVDA,Equity,13.277360916137695,243864000,0.38%,1.77%,-12.94%,51,101.77,0.04%,2021,124.48%
2021-03-17,SPY,Benchmark,367.9587707519531,97959300,0.34%,7.72%,0.0%,51,107.72,0.0%,2021,30.51%
2021-03-17,TSM,Equity,108.76277160644531,9890400,-0.12%,6.72%,-14.88%,51,106.72,-0.46%,2021,9.43%
2021-03-18,AMD,Equity,78.12000274658203,51036500,-5.46%,-15.36%,-19.67%,52,84.64,-4.0%,2021,55.9%
2021-03-18,AVGO,Equity,41.52640151977539,28728000,-4.02%,9.16%,-5.27%,52,109.16,-2.56%,2021,61.13%
2021-03-18,INTC,Equity,57.9632453918457,30094200,-3.12%,29.09%,-3.12%,52,129.09,-1.66%,2021,6.37%
2021-03-18,NVDA,Equity,12.66157341003418,293896000,-4.64%,-2.95%,-16.98%,52,97.05,-3.18%,2021,124.48%
2021-03-18,SPY,Benchmark,362.6050720214844,115349100,-1.45%,6.15%,-1.45%,52,106.15,0.0%,2021,30.51%
2021-03-18,TSM,Equity,104.86136627197266,10283800,-3.59%,2.89%,-17.94%,52,102.89,-2.13%,2021,9.43%
2021-03-19,AMD,Equity,79.05999755859375,42283400,1.2%,-14.34%,-18.7%,53,85.66,1.39%,2021,55.9%
2021-03-19,AVGO,Equity,42.780635833740234,108602000,3.02%,12.45%,-2.41%,53,112.45,3.21%,2021,61.13%
2021-03-19,INTC,Equity,57.99052429199219,54951700,0.05%,29.15%,-3.07%,53,129.15,0.23%,2021,6.37%
2021-03-19,NVDA,Equity,12.784233093261719,299208000,0.97%,-2.01%,-16.18%,53,97.99,1.15%,2021,124.48%
2021-03-19,SPY,Benchmark,361.93414306640625,113624500,-0.19%,5.96%,-1.64%,53,105.96,0.0%,2021,30.51%
2021-03-19,TSM,Equity,104.0645980834961,11536000,-0.76%,2.11%,-18.56%,53,102.11,-0.57%,2021,9.43%
2021-03-22,AMD,Equity,80.30000305175781,39648600,1.57%,-13.0%,-17.43%,54,87.0,0.77%,2021,55.9%
2021-03-22,AVGO,Equity,42.85457229614258,31805000,0.17%,12.65%,-2.24%,54,112.65,-0.63%,2021,61.13%
2021-03-22,INTC,Equity,59.69131088256836,34380100,2.93%,32.93%,-0.23%,54,132.93,2.13%,2021,6.37%
2021-03-22,NVDA,Equity,13.123102188110352,297804000,2.65%,0.59%,-13.96%,54,100.59,1.85%,2021,124.48%
2021-03-22,SPY,Benchmark,364.82421875,73778600,0.8%,6.8%,-0.85%,54,106.8,0.0%,2021,30.51%
2021-03-22,TSM,Equity,107.31576538085938,9376400,3.12%,5.3%,-16.01%,54,105.3,2.33%,2021,9.43%
2021-03-23,AMD,Equity,78.37999725341797,40466600,-2.39%,-15.08%,-19.4%,55,84.92,-1.6%,2021,55.9%
2021-03-23,AVGO,Equity,41.8429069519043,24712000,-2.36%,9.99%,-4.55%,55,109.99,-1.57%,2021,61.13%
2021-03-23,INTC,Equity,57.73585891723633,35160000,-3.28%,28.58%,-3.5%,55,128.58,-2.49%,2021,6.37%
2021-03-23,NVDA,Equity,13.00815486907959,222048000,-0.88%,-0.29%,-14.71%,55,99.71,-0.09%,2021,124.48%
2021-03-23,SPY,Benchmark,361.9527587890625,90686600,-0.79%,5.96%,-1.63%,55,105.96,0.0%,2021,30.51%
2021-03-23,TSM,Equity,105.21855163574219,8977400,-1.95%,3.24%,-17.66%,55,103.24,-1.17%,2021,9.43%
2021-03-24,AMD,Equity,76.4800033569336,43753600,-2.42%,-17.14%,-21.36%,56,82.86,-1.92%,2021,55.9%
2021-03-24,AVGO,Equity,41.23066711425781,20882000,-1.46%,8.38%,-5.94%,56,108.38,-0.95%,2021,61.13%
2021-03-24,INTC,Equity,56.426170349121094,74584700,-2.27%,25.66%,-5.69%,56,125.66,-1.76%,2021,6.37%
2021-03-24,NVDA,Equity,12.582453727722168,245840000,-3.27%,-3.55%,-17.5%,56,96.45,-2.76%,2021,124.48%
2021-03-24,SPY,Benchmark,360.11285400390625,97588600,-0.51%,5.42%,-2.13%,56,105.42,0.0%,2021,30.51%
2021-03-24,TSM,Equity,99.78773498535156,24196100,-5.16%,-2.09%,-21.91%,56,97.91,-4.65%,2021,9.43%
2021-03-25,AMD,Equity,76.22000122070312,44735100,-0.34%,-17.42%,-21.62%,57,82.58,-0.9%,2021,55.9%
2021-03-25,AVGO,Equity,41.630096435546875,17537000,0.97%,9.43%,-5.03%,57,109.43,0.41%,2021,61.13%
2021-03-25,INTC,Equity,56.407981872558594,35401400,-0.03%,25.62%,-5.72%,57,125.62,-0.59%,2021,6.37%
2021-03-25,NVDA,Equity,12.475220680236816,295144000,-0.85%,-4.38%,-18.2%,57,95.62,-1.41%,2021,124.48%
2021-03-25,SPY,Benchmark,362.1386413574219,116128600,0.56%,6.02%,-1.58%,57,106.02,0.0%,2021,30.51%
2021-03-25,TSM,Equity,101.15228271484375,16772400,1.37%,-0.75%,-20.84%,57,99.25,0.8%,2021,9.43%
2021-03-26,AMD,Equity,77.41000366210938,49148700,1.56%,-16.13%,-20.4%,58,83.87,-0.05%,2021,55.9%
2021-03-26,AVGO,Equity,43.464088439941406,28925000,4.41%,14.25%,-0.85%,58,114.25,2.79%,2021,61.13%
2021-03-26,INTC,Equity,59.000083923339844,34705800,4.6%,31.39%,-1.38%,58,131.39,2.98%,2021,6.37%
2021-03-26,NVDA,Equity,12.777763366699219,363968000,2.43%,-2.06%,-16.22%,58,97.94,0.81%,2021,124.48%
2021-03-26,SPY,Benchmark,367.9745178222656,114409100,1.61%,7.72%,0.0%,58,107.72,0.0%,2021,30.51%
2021-03-26,TSM,Equity,106.74795532226562,12910900,5.53%,4.74%,-16.46%,58,104.74,3.92%,2021,9.43%
2021-03-29,AMD,Equity,77.13999938964844,37144300,-0.35%,-16.42%,-20.68%,59,83.58,-0.3%,2021,55.9%
2021-03-29,AVGO,Equity,42.61473083496094,28410000,-1.95%,12.02%,-2.79%,59,112.02,-1.9%,2021,61.13%
2021-03-29,INTC,Equity,58.6635627746582,26161600,-0.57%,30.65%,-1.95%,59,130.65,-0.52%,2021,6.37%
2021-03-29,NVDA,Equity,12.88624095916748,273520000,0.85%,-1.23%,-15.51%,59,98.77,0.9%,2021,124.48%
2021-03-29,SPY,Benchmark,367.78863525390625,108107600,-0.05%,7.67%,-0.05%,59,107.67,0.0%,2021,30.51%
2021-03-29,TSM,Equity,104.76063537597656,10863600,-1.86%,2.79%,-18.01%,59,102.79,-1.81%,2021,9.43%
2021-03-30,AMD,Equity,76.0,39169300,-1.48%,-17.66%,-21.85%,60,82.34,-1.21%,2021,55.9%
2021-03-30,AVGO,Equity,41.130577087402344,27935000,-3.48%,8.11%,-6.17%,60,108.11,-3.22%,2021,61.13%
2021-03-30,INTC,Equity,57.99962615966797,20709500,-1.13%,29.17%,-3.06%,60,129.17,-0.87%,2021,6.37%
2021-03-30,NVDA,Equity,12.810108184814453,200204000,-0.59%,-1.81%,-16.01%,60,98.19,-0.33%,2021,124.48%
2021-03-30,SPY,Benchmark,366.8128662109375,76262200,-0.27%,7.38%,-0.32%,60,107.38,0.0%,2021,30.51%
2021-03-30,TSM,Equity,105.3833999633789,8206200,0.59%,3.41%,-17.53%,60,103.41,0.86%,2021,9.43%
2021-03-31,AMD,Equity,78.5,43659500,3.29%,-14.95%,-19.28%,61,85.05,2.88%,2021,55.9%
2021-03-31,AVGO,Equity,41.80683517456055,28684000,1.64%,9.89%,-4.63%,61,109.89,1.24%,2021,61.13%
2021-03-31,INTC,Equity,58.20880889892578,33013200,0.36%,29.63%,-2.71%,61,129.63,-0.04%,2021,6.37%
2021-03-31,NVDA,Equity,13.284327507019043,314776000,3.7%,1.83%,-12.9%,61,101.83,3.3%,2021,124.48%
2021-03-31,SPY,Benchmark,368.2997131347656,112734200,0.41%,7.82%,0.0%,61,107.82,0.0%,2021,30.51%
2021-03-31,TSM,Equity,108.32317352294922,9806500,2.79%,6.29%,-15.23%,61,106.29,2.38%,2021,9.43%
2021-04-01,AMD,Equity,81.08999633789062,40182400,3.3%,-12.15%,-16.62%,62,87.85,2.22%,2021,55.9%
2021-04-01,AVGO,Equity,42.914981842041016,23528000,2.65%,12.81%,-2.1%,62,112.81,1.57%,2021,61.13%
2021-04-01,INTC,Equity,58.70905303955078,31416300,0.86%,30.75%,-1.87%,62,130.75,-0.22%,2021,6.37%
2021-04-01,NVDA,Equity,13.745607376098633,308276000,3.47%,5.36%,-9.87%,62,105.36,2.39%,2021,124.48%
2021-04-01,SPY,Benchmark,372.27703857421875,99682900,1.08%,8.98%,0.0%,62,108.98,0.0%,2021,30.51%
2021-04-01,TSM,Equity,114.29431915283203,17904000,5.51%,12.15%,-10.55%,62,112.15,4.43%,2021,9.43%
2021-04-05,AMD,Equity,81.43000030517578,32610600,0.42%,-11.78%,-16.27%,63,88.22,-1.02%,2021,55.9%
2021-04-05,AVGO,Equity,44.04478454589844,22966000,2.63%,15.78%,0.0%,63,115.78,1.2%,2021,61.13%
2021-04-05,INTC,Equity,60.51897430419922,27947500,3.08%,34.78%,0.0%,63,134.78,1.65%,2021,6.37%
2021-04-05,NVDA,Equity,13.920516967773438,255672000,1.27%,6.7%,-8.73%,63,106.7,-0.16%,2021,124.48%
2021-04-05,SPY,Benchmark,377.620361328125,91684800,1.44%,10.55%,0.0%,63,110.55,0.0%,2021,30.51%
2021-04-05,TSM,Equity,114.01957702636719,14113900,-0.24%,11.88%,-10.77%,63,111.88,-1.68%,2021,9.43%
2021-04-06,AMD,Equity,81.44000244140625,29327900,0.01%,-11.77%,-16.26%,64,88.23,0.07%,2021,55.9%
2021-04-06,AVGO,Equity,43.62910461425781,18063000,-0.94%,14.68%,-0.94%,64,114.68,-0.88%,2021,61.13%
2021-04-06,INTC,Equity,59.62765121459961,28771400,-1.47%,32.79%,-1.47%,64,132.79,-1.41%,2021,6.37%
2021-04-06,NVDA,Equity,13.79511833190918,191744000,-0.9%,5.74%,-9.55%,64,105.74,-0.84%,2021,124.48%
2021-04-06,SPY,Benchmark,377.3973083496094,62021000,-0.06%,10.48%,-0.06%,64,110.48,0.0%,2021,30.51%
2021-04-06,TSM,Equity,112.13298034667969,13042300,-1.65%,10.03%,-12.24%,64,110.03,-1.6%,2021,9.43%
2021-04-07,AMD,Equity,82.19999694824219,35590900,0.93%,-10.94%,-15.48%,65,89.06,0.82%,2021,55.9%
2021-04-07,AVGO,Equity,43.501976013183594,12074000,-0.29%,14.35%,-1.23%,65,114.35,-0.41%,2021,61.13%
2021-04-07,INTC,Equity,60.255210876464844,17793300,1.05%,34.19%,-0.44%,65,134.19,0.94%,2021,6.37%
2021-04-07,NVDA,Equity,14.075769424438477,251284000,2.03%,7.89%,-7.71%,65,107.89,1.92%,2021,124.48%
2021-04-07,SPY,Benchmark,377.8341369628906,55836300,0.12%,10.61%,0.0%,65,110.61,0.0%,2021,30.51%
2021-04-07,TSM,Equity,109.79763793945312,11193200,-2.08%,7.74%,-14.07%,65,107.74,-2.2%,2021,9.43%
2021-04-08,AMD,Equity,83.3499984741211,41925300,1.4%,-9.7%,-14.29%,66,90.3,0.92%,2021,55.9%
2021-04-08,AVGO,Equity,43.77427673339844,18121000,0.63%,15.06%,-0.61%,66,115.06,0.15%,2021,61.13%
2021-04-08,INTC,Equity,60.982826232910156,22224200,1.21%,35.81%,0.0%,66,135.81,0.73%,2021,6.37%
2021-04-08,NVDA,Equity,14.24843692779541,244416000,1.23%,9.22%,-6.58%,66,109.22,0.75%,2021,124.48%
2021-04-08,SPY,Benchmark,379.6275634765625,57863100,0.47%,11.14%,0.0%,66,111.14,0.0%,2021,30.51%
2021-04-08,TSM,Equity,113.0396499633789,10226700,2.95%,10.92%,-11.54%,66,110.92,2.48%,2021,9.43%
2021-04-09,AMD,Equity,82.76000213623047,32759900,-0.71%,-10.34%,-14.9%,67,89.66,-1.43%,2021,55.9%
2021-04-09,AVGO,Equity,43.73910140991211,16614000,-0.08%,14.97%,-0.69%,67,114.97,-0.81%,2021,61.13%
2021-04-09,INTC,Equity,62.08332824707031,27177100,1.8%,38.26%,0.0%,67,138.26,1.08%,2021,6.37%
2021-04-09,NVDA,Equity,14.331038475036621,195172000,0.58%,9.85%,-6.04%,67,109.85,-0.15%,2021,124.48%
2021-04-09,SPY,Benchmark,382.3875427246094,61104600,0.73%,11.94%,0.0%,67,111.94,0.0%,2021,30.51%
2021-04-09,TSM,Equity,112.46268463134766,8315200,-0.51%,10.35%,-11.99%,67,110.35,-1.24%,2021,9.43%
2021-04-12,AMD,Equity,78.58000183105469,62098800,-5.05%,-14.86%,-19.2%,68,85.14,-5.09%,2021,55.9%
2021-04-12,AVGO,Equity,43.6110725402832,23247000,-0.29%,14.63%,-0.98%,68,114.63,-0.33%,2021,61.13%
2021-04-12,INTC,Equity,59.49122619628906,51266900,-4.18%,32.49%,-4.18%,68,132.49,-4.21%,2021,6.37%
2021-04-12,NVDA,Equity,15.136168479919434,869324000,5.62%,16.02%,-0.76%,68,116.02,5.58%,2021,124.48%
2021-04-12,SPY,Benchmark,382.5269470214844,56704900,0.04%,11.98%,0.0%,68,111.98,0.0%,2021,30.51%
2021-04-12,TSM,Equity,110.72261047363281,9868400,-1.55%,8.64%,-13.35%,68,108.64,-1.58%,2021,9.43%
2021-04-13,AMD,Equity,80.19000244140625,37767300,2.05%,-13.12%,-17.54%,69,86.88,1.75%,2021,55.9%
2021-04-13,AVGO,Equity,43.727386474609375,15281000,0.27%,14.94%,-0.72%,69,114.94,-0.03%,2021,61.13%
2021-04-13,INTC,Equity,59.31842041015625,26822000,-0.29%,32.1%,-4.45%,69,132.1,-0.59%,2021,6.37%
2021-04-13,NVDA,Equity,15.604410171508789,676212000,3.09%,19.61%,0.0%,69,119.61,2.8%,2021,124.48%
2021-04-13,SPY,Benchmark,383.6606750488281,56551000,0.3%,12.32%,0.0%,69,112.32,0.0%,2021,30.51%
2021-04-13,TSM,Equity,111.06147003173828,8384800,0.31%,8.98%,-13.08%,69,108.98,0.01%,2021,9.43%
2021-04-14,AMD,Equity,78.55000305175781,34263800,-2.05%,-14.9%,-19.23%,70,85.1,-1.7%,2021,55.9%
2021-04-14,AVGO,Equity,43.03670120239258,18220000,-1.58%,13.13%,-2.29%,70,113.13,-1.24%,2021,61.13%
2021-04-14,INTC,Equity,58.381622314453125,25768400,-1.58%,30.02%,-5.96%,70,130.02,-1.24%,2021,6.37%
2021-04-14,NVDA,Equity,15.203840255737305,385500000,-2.57%,16.54%,-2.57%,70,116.54,-2.23%,2021,124.48%
2021-04-14,SPY,Benchmark,382.35040283203125,61659900,-0.34%,11.93%,-0.34%,70,111.93,0.0%,2021,30.51%
2021-04-14,TSM,Equity,110.66765594482422,9521900,-0.35%,8.59%,-13.39%,70,108.59,-0.01%,2021,9.43%
2021-04-15,AMD,Equity,83.01000213623047,68942800,5.68%,-10.07%,-14.64%,71,89.93,4.6%,2021,55.9%
2021-04-15,AVGO,Equity,43.28015899658203,18370000,0.57%,13.77%,-1.74%,71,113.77,-0.51%,2021,61.13%
2021-04-15,INTC,Equity,59.136505126953125,24927700,1.29%,31.7%,-4.75%,71,131.7,0.22%,2021,6.37%
2021-04-15,NVDA,Equity,16.059974670410156,598480000,5.63%,23.1%,0.0%,71,123.1,4.56%,2021,124.48%
2021-04-15,SPY,Benchmark,386.457763671875,60229800,1.07%,13.14%,0.0%,71,113.14,0.0%,2021,30.51%
2021-04-15,TSM,Equity,108.38726806640625,18709100,-2.06%,6.35%,-15.18%,71,106.35,-3.13%,2021,9.43%
2021-04-16,AMD,Equity,82.1500015258789,47280600,-1.04%,-11.0%,-15.53%,72,89.0,-1.37%,2021,55.9%
2021-04-16,AVGO,Equity,43.17105484008789,16263000,-0.25%,13.48%,-1.98%,72,113.48,-0.59%,2021,61.13%
2021-04-16,INTC,Equity,58.89094161987305,24625500,-0.42%,31.15%,-5.14%,72,131.15,-0.75%,2021,6.37%
2021-04-16,NVDA,Equity,15.836297035217285,335208000,-1.39%,21.39%,-1.39%,72,121.39,-1.73%,2021,124.48%
2021-04-16,SPY,Benchmark,387.7494812011719,82037300,0.33%,13.51%,0.0%,72,113.51,0.0%,2021,30.51%
2021-04-16,TSM,Equity,108.83602905273438,9512100,0.41%,6.79%,-14.82%,72,106.79,0.08%,2021,9.43%
2021-04-19,AMD,Equity,81.11000061035156,39115500,-1.27%,-12.12%,-16.6%,73,87.88,-0.77%,2021,55.9%
2021-04-19,AVGO,Equity,41.657161712646484,26319000,-3.51%,9.5%,-5.42%,73,109.5,-3.02%,2021,61.13%
2021-04-19,INTC,Equity,57.87228775024414,23997700,-1.73%,28.88%,-6.78%,73,128.88,-1.24%,2021,6.37%
2021-04-19,NVDA,Equity,15.28818416595459,404420000,-3.46%,17.18%,-4.81%,73,117.18,-2.97%,2021,124.48%
2021-04-19,SPY,Benchmark,385.84442138671875,78498500,-0.49%,12.96%,-0.49%,73,112.96,0.0%,2021,30.51%
2021-04-19,TSM,Equity,105.68560791015625,12630300,-2.89%,3.7%,-17.29%,73,103.7,-2.4%,2021,9.43%
2021-04-20,AMD,Equity,79.2699966430664,34977800,-2.27%,-14.12%,-18.49%,74,85.88,-1.54%,2021,55.9%
2021-04-20,AVGO,Equity,41.22975540161133,19128000,-1.03%,8.38%,-6.39%,74,108.38,-0.29%,2021,61.13%
2021-04-20,INTC,Equity,57.02643966674805,19872100,-1.46%,27.0%,-8.15%,74,127.0,-0.73%,2021,6.37%
2021-04-20,NVDA,Equity,15.098594665527344,334132000,-1.24%,15.73%,-5.99%,74,115.73,-0.51%,2021,124.48%
2021-04-20,SPY,Benchmark,383.0194396972656,81851800,-0.73%,12.13%,-1.22%,74,112.13,0.0%,2021,30.51%
2021-04-20,TSM,Equity,105.27348327636719,9299200,-0.39%,3.3%,-17.61%,74,103.3,0.34%,2021,9.43%
2021-04-21,AMD,Equity,81.61000061035156,35069000,2.95%,-11.58%,-16.08%,75,88.42,2.01%,2021,55.9%
2021-04-21,AVGO,Equity,41.4578857421875,25947000,0.55%,8.98%,-5.87%,75,108.98,-0.39%,2021,61.13%
2021-04-21,INTC,Equity,57.93595504760742,24364200,1.59%,29.02%,-6.68%,75,129.02,0.65%,2021,6.37%
2021-04-21,NVDA,Equity,15.286941528320312,216776000,1.25%,17.18%,-4.81%,75,117.18,0.3%,2021,124.48%
2021-04-21,SPY,Benchmark,386.6436462402344,66793000,0.95%,13.19%,-0.29%,75,113.19,0.0%,2021,30.51%
2021-04-21,TSM,Equity,107.5172348022461,8472200,2.13%,5.5%,-15.86%,75,105.5,1.19%,2021,9.43%
2021-04-22,AMD,Equity,79.05999755859375,38846100,-3.12%,-14.34%,-18.7%,76,85.66,-2.21%,2021,55.9%
2021-04-22,AVGO,Equity,41.03590393066406,27057000,-1.02%,7.87%,-6.83%,76,107.87,-0.1%,2021,61.13%
2021-04-22,INTC,Equity,56.908206939697266,38257600,-1.77%,26.74%,-8.34%,76,126.74,-0.86%,2021,6.37%
2021-04-22,NVDA,Equity,14.779130935668945,277788000,-3.32%,13.28%,-7.98%,76,113.28,-2.41%,2021,124.48%
2021-04-22,SPY,Benchmark,383.1123962402344,97582800,-0.91%,12.16%,-1.2%,76,112.16,0.0%,2021,30.51%
2021-04-22,TSM,Equity,105.61233520507812,7411800,-1.77%,3.63%,-17.35%,76,103.63,-0.86%,2021,9.43%
2021-04-23,AMD,Equity,82.76000213623047,49194000,4.68%,-10.34%,-14.9%,77,89.66,3.6%,2021,55.9%
2021-04-23,AVGO,Equity,42.029544830322266,22890000,2.42%,10.48%,-4.58%,77,110.48,1.34%,2021,61.13%
2021-04-23,INTC,Equity,53.87953567504883,77479500,-5.32%,19.99%,-13.21%,77,119.99,-6.41%,2021,6.37%
2021-04-23,NVDA,Equity,15.192146301269531,227500000,2.79%,16.45%,-5.4%,77,116.45,1.71%,2021,124.48%
2021-04-23,SPY,Benchmark,387.2662048339844,73209200,1.08%,13.37%,-0.12%,77,113.37,0.0%,2021,30.51%
2021-04-23,TSM,Equity,108.65287017822266,8380300,2.88%,6.61%,-14.97%,77,106.61,1.79%,2021,9.43%
2021-04-26,AMD,Equity,85.41000366210938,57594500,3.2%,-7.46%,-12.17%,78,92.54,2.99%,2021,55.9%
2021-04-26,AVGO,Equity,42.54530715942383,18271000,1.23%,11.83%,-3.4%,78,111.83,1.02%,2021,61.13%
2021-04-26,INTC,Equity,53.44295883178711,39645900,-0.81%,19.02%,-13.92%,78,119.02,-1.02%,2021,6.37%
2021-04-26,NVDA,Equity,15.403876304626465,197796000,1.39%,18.07%,-4.09%,78,118.07,1.18%,2021,124.48%
2021-04-26,SPY,Benchmark,388.0745849609375,52182400,0.21%,13.61%,0.0%,78,113.61,0.0%,2021,30.51%
2021-04-26,TSM,Equity,111.2904281616211,8444000,2.43%,9.2%,-12.9%,78,109.2,2.22%,2021,9.43%
2021-04-27,AMD,Equity,85.20999908447266,61909900,-0.23%,-7.68%,-12.38%,79,92.32,-0.21%,2021,55.9%
2021-04-27,AVGO,Equity,42.04937744140625,13267000,-1.17%,10.53%,-4.53%,79,110.53,-1.14%,2021,61.13%
2021-04-27,INTC,Equity,52.724456787109375,38167700,-1.34%,17.42%,-15.07%,79,117.42,-1.32%,2021,6.37%
2021-04-27,NVDA,Equity,15.308087348937988,164572000,-0.62%,17.34%,-4.68%,79,117.34,-0.6%,2021,124.48%
2021-04-27,SPY,Benchmark,387.9910583496094,51303100,-0.02%,13.58%,-0.02%,79,113.58,0.0%,2021,30.51%
2021-04-27,TSM,Equity,111.06147003173828,5491800,-0.21%,8.98%,-13.08%,79,108.98,-0.18%,2021,9.43%
2021-04-28,AMD,Equity,84.0199966430664,108920300,-1.4%,-8.97%,-13.6%,80,91.03,-1.37%,2021,55.9%
2021-04-28,AVGO,Equity,41.40468215942383,15940000,-1.53%,8.84%,-5.99%,80,108.84,-1.5%,2021,61.13%
2021-04-28,INTC,Equity,52.4061164855957,30387400,-0.6%,16.71%,-15.59%,80,116.71,-0.58%,2021,6.37%
2021-04-28,NVDA,Equity,15.203590393066406,209416000,-0.68%,16.54%,-5.33%,80,116.54,-0.65%,2021,124.48%
2021-04-28,SPY,Benchmark,387.8795471191406,51238900,-0.03%,13.55%,-0.05%,80,113.55,0.0%,2021,30.51%
2021-04-28,TSM,Equity,109.58699798583984,6476500,-1.33%,7.53%,-14.24%,80,107.53,-1.3%,2021,9.43%
2021-04-29,AMD,Equity,83.91000366210938,51294500,-0.13%,-9.09%,-13.72%,81,90.91,-0.77%,2021,55.9%
2021-04-29,AVGO,Equity,42.04397201538086,14650000,1.54%,10.52%,-4.54%,81,110.52,0.91%,2021,61.13%
2021-04-29,INTC,Equity,53.00640106201172,23290600,1.15%,18.05%,-14.62%,81,118.05,0.51%,2021,6.37%
2021-04-29,NVDA,Equity,15.251361846923828,173196000,0.31%,16.9%,-5.03%,81,116.9,-0.32%,2021,124.48%
2021-04-29,SPY,Benchmark,390.3514709472656,78544300,0.64%,14.28%,0.0%,81,114.28,0.0%,2021,30.51%
2021-04-29,TSM,Equity,109.07414245605469,8831800,-0.47%,7.03%,-14.64%,81,107.03,-1.11%,2021,9.43%
2021-04-30,AMD,Equity,81.62000274658203,46601900,-2.73%,-11.57%,-16.07%,82,88.43,-2.07%,2021,55.9%
2021-04-30,AVGO,Equity,41.134185791015625,19367000,-2.16%,8.12%,-6.61%,82,108.12,-1.51%,2021,61.13%
2021-04-30,INTC,Equity,52.324256896972656,30731800,-1.29%,16.53%,-15.72%,82,116.53,-0.63%,2021,6.37%
2021-04-30,NVDA,Equity,14.937620162963867,201912000,-2.06%,14.5%,-6.99%,82,114.5,-1.4%,2021,124.48%
2021-04-30,SPY,Benchmark,387.78662109375,85527000,-0.66%,13.52%,-0.66%,82,113.52,0.0%,2021,30.51%
2021-04-30,TSM,Equity,106.91281127929688,7950700,-1.98%,4.91%,-16.33%,82,104.91,-1.32%,2021,9.43%
2021-05-03,AMD,Equity,78.55000305175781,66323300,-3.76%,-14.9%,-19.23%,83,85.1,-3.98%,2021,55.9%
2021-05-03,AVGO,Equity,40.587772369384766,15098000,-1.33%,6.69%,-7.85%,83,106.69,-1.54%,2021,61.13%
2021-05-03,INTC,Equity,52.07869338989258,22281700,-0.47%,15.98%,-16.11%,83,115.98,-0.68%,2021,6.37%
2021-05-03,NVDA,Equity,14.765698432922363,203912000,-1.15%,13.18%,-8.06%,83,113.18,-1.37%,2021,124.48%
2021-05-03,SPY,Benchmark,388.6229553222656,68128300,0.22%,13.77%,-0.44%,83,113.77,0.0%,2021,30.51%
2021-05-03,TSM,Equity,106.1801528930664,10229500,-0.69%,4.19%,-16.9%,83,104.19,-0.9%,2021,9.43%
2021-05-04,AMD,Equity,78.61000061035156,59194300,0.08%,-14.83%,-19.17%,84,85.17,0.69%,2021,55.9%
2021-05-04,AVGO,Equity,40.08283996582031,23497000,-1.24%,5.36%,-9.0%,84,105.36,-0.63%,2021,61.13%
2021-05-04,INTC,Equity,51.75126647949219,35323600,-0.63%,15.25%,-16.64%,84,115.25,-0.01%,2021,6.37%
2021-05-04,NVDA,Equity,14.282523155212402,405324000,-3.27%,9.48%,-11.07%,84,109.48,-2.66%,2021,124.48%
2021-05-04,SPY,Benchmark,386.2254333496094,101591200,-0.62%,13.07%,-1.06%,84,113.07,0.0%,2021,30.51%
2021-05-04,TSM,Equity,105.64897918701172,9638300,-0.5%,3.67%,-17.32%,84,103.67,0.12%,2021,9.43%
2021-05-05,AMD,Equity,77.83000183105469,42310200,-0.99%,-15.68%,-19.97%,85,84.32,-1.02%,2021,55.9%
2021-05-05,AVGO,Equity,40.018821716308594,16388000,-0.16%,5.19%,-9.14%,85,105.19,-0.19%,2021,61.13%
2021-05-05,INTC,Equity,51.70579147338867,21001900,-0.09%,15.15%,-16.72%,85,115.15,-0.12%,2021,6.37%
2021-05-05,NVDA,Equity,14.389259338378906,292024000,0.75%,10.29%,-10.4%,85,110.29,0.72%,2021,124.48%
2021-05-05,SPY,Benchmark,386.3462219238281,60162200,0.03%,13.1%,-1.03%,85,113.1,0.0%,2021,30.51%
2021-05-05,TSM,Equity,105.66729736328125,7059000,0.02%,3.68%,-17.3%,85,103.68,-0.01%,2021,9.43%
2021-05-06,AMD,Equity,77.88999938964844,38661300,0.08%,-15.61%,-19.91%,86,84.39,-0.72%,2021,55.9%
2021-05-06,AVGO,Equity,40.44712448120117,13495000,1.07%,6.32%,-8.17%,86,106.32,0.27%,2021,61.13%
2021-05-06,INTC,Equity,52.33539581298828,25529300,1.22%,16.55%,-15.7%,86,116.55,0.42%,2021,6.37%
2021-05-06,NVDA,Equity,14.453451156616211,193380000,0.45%,10.79%,-10.0%,86,110.79,-0.35%,2021,124.48%
2021-05-06,SPY,Benchmark,389.4314270019531,74321400,0.8%,14.01%,-0.24%,86,114.01,0.0%,2021,30.51%
2021-05-06,TSM,Equity,107.15090942382812,8581700,1.4%,5.14%,-16.14%,86,105.14,0.61%,2021,9.43%
2021-05-07,AMD,Equity,78.80999755859375,36954200,1.18%,-14.62%,-18.96%,87,85.38,0.45%,2021,55.9%
2021-05-07,AVGO,Equity,40.807777404785156,11712000,0.89%,7.27%,-7.35%,87,107.27,0.16%,2021,61.13%
2021-05-07,INTC,Equity,52.77465057373047,19959000,0.84%,17.53%,-14.99%,87,117.53,0.11%,2021,6.37%
2021-05-07,NVDA,Equity,14.741312980651855,229328000,1.99%,12.99%,-8.21%,87,112.99,1.26%,2021,124.48%
2021-05-07,SPY,Benchmark,392.2657775878906,67733800,0.73%,14.84%,0.0%,87,114.84,0.0%,2021,30.51%
2021-05-07,TSM,Equity,106.99523162841797,9614300,-0.15%,4.99%,-16.27%,87,104.99,-0.87%,2021,9.43%
2021-05-10,AMD,Equity,75.98999786376953,45134500,-3.58%,-17.67%,-21.86%,88,82.33,-2.59%,2021,55.9%
2021-05-10,AVGO,Equity,39.32181930541992,25239000,-3.64%,3.36%,-10.72%,88,103.36,-2.65%,2021,61.13%
2021-05-10,INTC,Equity,51.218955993652344,35046500,-2.95%,14.07%,-17.5%,88,114.07,-1.96%,2021,6.37%
2021-05-10,NVDA,Equity,14.197429656982422,268904000,-3.69%,8.82%,-11.6%,88,108.82,-2.7%,2021,124.48%
2021-05-10,SPY,Benchmark,388.3813781738281,81852400,-0.99%,13.7%,-0.99%,88,113.7,0.0%,2021,30.51%
2021-05-10,TSM,Equity,102.85572052001953,12281200,-3.87%,0.92%,-19.51%,88,100.92,-2.88%,2021,9.43%
2021-05-11,AMD,Equity,76.83000183105469,51008200,1.11%,-16.76%,-21.0%,89,83.24,2.0%,2021,55.9%
2021-05-11,AVGO,Equity,39.67979049682617,17887000,0.91%,4.3%,-9.91%,89,104.3,1.8%,2021,61.13%
2021-05-11,INTC,Equity,50.36790084838867,35968100,-1.66%,12.17%,-18.87%,89,112.17,-0.77%,2021,6.37%
2021-05-11,NVDA,Equity,14.237740516662598,285584000,0.28%,9.13%,-11.35%,89,109.13,1.18%,2021,124.48%
2021-05-11,SPY,Benchmark,384.9151916503906,116888000,-0.89%,12.68%,-1.87%,89,112.68,0.0%,2021,30.51%
2021-05-11,TSM,Equity,103.35026550292969,10007700,0.48%,1.41%,-19.12%,89,101.41,1.37%,2021,9.43%
2021-05-12,AMD,Equity,74.63999938964844,42531400,-2.85%,-19.13%,-23.25%,90,80.87,-0.73%,2021,55.9%
2021-05-12,AVGO,Equity,38.08473205566406,29940000,-4.02%,0.11%,-13.53%,90,100.11,-1.9%,2021,61.13%
2021-05-12,INTC,Equity,49.06843948364258,30232300,-2.58%,9.28%,-20.96%,90,109.28,-0.46%,2021,6.37%
2021-05-12,NVDA,Equity,13.692611694335938,303408000,-3.83%,4.95%,-14.74%,90,104.95,-1.7%,2021,124.48%
2021-05-12,SPY,Benchmark,376.7375183105469,134811000,-2.12%,10.29%,-3.96%,90,110.29,0.0%,2021,30.51%
2021-05-12,TSM,Equity,99.10083770751953,15058900,-4.11%,-2.76%,-22.44%,90,97.24,-1.99%,2021,9.43%
2021-05-13,AMD,Equity,73.08999633789062,48646800,-2.08%,-20.81%,-24.84%,91,79.19,-3.28%,2021,55.9%
2021-05-13,AVGO,Equity,38.825904846191406,21841000,1.95%,2.06%,-11.85%,91,102.06,0.74%,2021,61.13%
2021-05-13,INTC,Equity,49.42532730102539,29192500,0.73%,10.07%,-20.39%,91,110.07,-0.47%,2021,6.37%
2021-05-13,NVDA,Equity,13.599809646606445,285404000,-0.68%,4.24%,-15.32%,91,104.24,-1.88%,2021,124.48%
2021-05-13,SPY,Benchmark,381.2630310058594,106394000,1.2%,11.61%,-2.8%,91,111.61,0.0%,2021,30.51%
2021-05-13,TSM,Equity,99.59540557861328,10552000,0.5%,-2.27%,-22.06%,91,97.73,-0.7%,2021,9.43%
2021-05-14,AMD,Equity,74.58999633789062,38355800,2.05%,-19.19%,-23.3%,92,80.81,0.52%,2021,55.9%
2021-05-14,AVGO,Equity,39.81954574584961,16964000,2.56%,4.67%,-9.59%,92,104.67,1.02%,2021,61.13%
2021-05-14,INTC,Equity,50.65158462524414,28158300,2.48%,12.8%,-18.41%,92,112.8,0.95%,2021,6.37%
2021-05-14,NVDA,Equity,14.17479419708252,258616000,4.23%,8.65%,-11.74%,92,108.65,2.69%,2021,124.48%
2021-05-14,SPY,Benchmark,387.1175231933594,82201600,1.54%,13.33%,-1.31%,92,113.33,0.0%,2021,30.51%
2021-05-14,TSM,Equity,102.99311065673828,8425200,3.41%,1.06%,-19.4%,92,101.06,1.88%,2021,9.43%
2021-05-17,AMD,Equity,74.6500015258789,40779200,0.08%,-19.12%,-23.24%,93,80.88,0.33%,2021,55.9%
2021-05-17,AVGO,Equity,39.66807556152344,15725000,-0.38%,4.27%,-9.94%,93,104.27,-0.13%,2021,61.13%
2021-05-17,INTC,Equity,50.633277893066406,20010200,-0.04%,12.76%,-18.44%,93,112.76,0.22%,2021,6.37%
2021-05-17,NVDA,Equity,14.097663879394531,216980000,-0.54%,8.06%,-12.22%,93,108.06,-0.29%,2021,124.48%
2021-05-17,SPY,Benchmark,386.13250732421875,65129200,-0.25%,13.04%,-1.56%,93,113.04,0.0%,2021,30.51%
2021-05-17,TSM,Equity,100.5570068359375,10688600,-2.37%,-1.33%,-21.3%,93,98.67,-2.11%,2021,9.43%
2021-05-18,AMD,Equity,74.44000244140625,31982500,-0.28%,-19.35%,-23.46%,94,80.65,0.58%,2021,55.9%
2021-05-18,AVGO,Equity,39.109031677246094,17824000,-1.41%,2.8%,-11.21%,94,102.8,-0.55%,2021,61.13%
2021-05-18,INTC,Equity,50.184879302978516,18703400,-0.89%,11.76%,-19.17%,94,111.76,-0.02%,2021,6.37%
2021-05-18,NVDA,Equity,13.948628425598145,186256000,-1.06%,6.92%,-13.15%,94,106.92,-0.2%,2021,124.48%
2021-05-18,SPY,Benchmark,382.8056640625,59810200,-0.86%,12.07%,-2.41%,94,112.07,0.0%,2021,30.51%
2021-05-18,TSM,Equity,101.50947570800781,7476600,0.95%,-0.4%,-20.56%,94,99.6,1.81%,2021,9.43%
2021-05-19,AMD,Equity,76.2300033569336,73966200,2.4%,-17.41%,-21.61%,95,82.59,2.67%,2021,55.9%
2021-05-19,AVGO,Equity,39.82856750488281,21369000,1.84%,4.69%,-9.57%,95,104.69,2.1%,2021,61.13%
2021-05-19,INTC,Equity,50.66073226928711,23769700,0.95%,12.82%,-18.4%,95,112.82,1.21%,2021,6.37%
2021-05-19,NVDA,Equity,13.998392105102539,344000000,0.36%,7.3%,-12.84%,95,107.3,0.62%,2021,124.48%
2021-05-19,SPY,Benchmark,381.8020324707031,106467100,-0.26%,11.77%,-2.67%,95,111.77,0.0%,2021,30.51%
2021-05-19,TSM,Equity,102.93815612792969,7280500,1.41%,1.01%,-19.44%,95,101.01,1.67%,2021,9.43%
2021-05-20,AMD,Equity,78.05999755859375,49135000,2.4%,-15.43%,-19.73%,96,84.57,1.32%,2021,55.9%
2021-05-20,AVGO,Equity,41.0259895324707,21886000,3.01%,7.84%,-6.85%,96,107.84,1.93%,2021,61.13%
2021-05-20,INTC,Equity,51.200653076171875,23145200,1.07%,14.03%,-17.53%,96,114.03,-0.01%,2021,6.37%
2021-05-20,NVDA,Equity,14.542524337768555,321592000,3.89%,11.47%,-9.45%,96,111.47,2.81%,2021,124.48%
2021-05-20,SPY,Benchmark,385.90948486328125,78022200,1.08%,12.97%,-1.62%,96,112.97,0.0%,2021,30.51%
2021-05-20,TSM,Equity,103.74407958984375,6442500,0.78%,1.8%,-18.81%,96,101.8,-0.29%,2021,9.43%
2021-05-21,AMD,Equity,77.16999816894531,40201100,-1.14%,-16.39%,-20.65%,97,83.61,-1.06%,2021,55.9%
2021-05-21,AVGO,Equity,40.686946868896484,13216000,-0.83%,6.95%,-7.62%,97,106.95,-0.74%,2021,61.13%
2021-05-21,INTC,Equity,51.319618225097656,17723100,0.23%,14.29%,-17.34%,97,114.29,0.31%,2021,6.37%
2021-05-21,NVDA,Equity,14.919954299926758,672992000,2.6%,14.36%,-7.1%,97,114.36,2.68%,2021,124.48%
2021-05-21,SPY,Benchmark,385.5936279296875,76578700,-0.08%,12.88%,-1.7%,97,112.88,0.0%,2021,30.51%
2021-05-21,TSM,Equity,102.43445587158203,5979400,-1.26%,0.51%,-19.83%,97,100.51,-1.18%,2021,9.43%
2021-05-24,AMD,Equity,77.44000244140625,33194300,0.35%,-16.1%,-20.37%,98,83.9,-0.67%,2021,55.9%
2021-05-24,AVGO,Equity,41.403785705566406,14420000,1.76%,8.83%,-6.0%,98,108.83,0.74%,2021,61.13%
2021-05-24,INTC,Equity,52.12492370605469,19164400,1.57%,16.08%,-16.04%,98,116.08,0.55%,2021,6.37%
2021-05-24,NVDA,Equity,15.537237167358398,554816000,4.14%,19.09%,-3.25%,98,119.09,3.12%,2021,124.48%
2021-05-24,SPY,Benchmark,389.5243835449219,51376700,1.02%,14.03%,-0.7%,98,114.03,0.0%,2021,30.51%
2021-05-24,TSM,Equity,104.0645980834961,6653600,1.59%,2.11%,-18.56%,98,102.11,0.57%,2021,9.43%
2021-05-25,AMD,Equity,77.86000061035156,47353100,0.54%,-15.64%,-19.94%,99,84.36,0.76%,2021,55.9%
2021-05-25,AVGO,Equity,41.43534851074219,9600000,0.08%,8.92%,-5.92%,99,108.92,0.3%,2021,61.13%
2021-05-25,INTC,Equity,52.04256057739258,22309900,-0.16%,15.9%,-16.17%,99,115.9,0.06%,2021,6.37%
2021-05-25,NVDA,Equity,15.572816848754883,435408000,0.23%,19.37%,-3.03%,99,119.37,0.45%,2021,124.48%
2021-05-25,SPY,Benchmark,388.6600646972656,57451400,-0.22%,13.78%,-0.92%,99,113.78,0.0%,2021,30.51%
2021-05-25,TSM,Equity,104.65989685058594,5331700,0.57%,2.7%,-18.09%,99,102.7,0.79%,2021,9.43%
2021-05-26,AMD,Equity,78.33999633789062,30354000,0.62%,-15.12%,-19.44%,100,84.88,0.42%,2021,55.9%
2021-05-26,AVGO,Equity,41.520999908447266,9873000,0.21%,9.14%,-5.73%,100,109.14,0.01%,2021,61.13%
2021-05-26,INTC,Equity,52.08831024169922,15173600,0.09%,16.0%,-16.1%,100,116.0,-0.11%,2021,6.37%
2021-05-26,NVDA,Equity,15.624814987182617,370440000,0.33%,19.77%,-2.71%,100,119.77,0.14%,2021,124.48%
2021-05-26,SPY,Benchmark,389.4314270019531,43088600,0.2%,14.01%,-0.72%,100,114.01,0.0%,2021,30.51%
2021-05-26,TSM,Equity,106.235107421875,6605100,1.51%,4.24%,-16.86%,100,104.24,1.31%,2021,9.43%
2021-05-27,AMD,Equity,78.41999816894531,35883200,0.1%,-15.04%,-19.36%,101,84.96,0.05%,2021,55.9%
2021-05-27,AVGO,Equity,42.16930389404297,19098000,1.56%,10.85%,-4.26%,101,110.85,1.51%,2021,61.13%
2021-05-27,INTC,Equity,52.82956314086914,32387600,1.42%,17.65%,-14.91%,101,117.65,1.37%,2021,6.37%
2021-05-27,NVDA,Equity,15.41382884979248,581476000,-1.35%,18.15%,-4.02%,101,118.15,-1.4%,2021,124.48%
2021-05-27,SPY,Benchmark,389.6358947753906,56707700,0.05%,14.07%,-0.67%,101,114.07,0.0%,2021,30.51%
2021-05-27,TSM,Equity,106.02445983886719,6513700,-0.2%,4.03%,-17.03%,101,104.03,-0.25%,2021,9.43%
2021-05-28,AMD,Equity,80.08000183105469,40952700,2.12%,-13.24%,-17.66%,102,86.76,1.94%,2021,55.9%
2021-05-28,AVGO,Equity,42.58857345581055,19946000,0.99%,11.95%,-3.31%,102,111.95,0.82%,2021,61.13%
2021-05-28,INTC,Equity,52.27133560180664,20303900,-1.06%,16.41%,-15.8%,102,116.41,-1.24%,2021,6.37%
2021-05-28,NVDA,Equity,16.16670799255371,644536000,4.88%,23.92%,0.0%,102,123.92,4.71%,2021,124.48%
2021-05-28,SPY,Benchmark,390.33282470703125,58520200,0.18%,14.27%,-0.49%,102,114.27,0.0%,2021,30.51%
2021-05-28,TSM,Equity,107.48060607910156,5386500,1.37%,5.46%,-15.89%,102,105.46,1.19%,2021,9.43%
2021-06-01,AMD,Equity,80.80999755859375,43433000,0.91%,-12.45%,-16.9%,103,87.55,1.0%,2021,55.9%
2021-06-01,AVGO,Equity,42.22611618041992,16277000,-0.85%,10.99%,-4.13%,103,110.99,-0.76%,2021,61.13%
2021-06-01,INTC,Equity,52.06085968017578,20326400,-0.4%,15.94%,-16.14%,103,115.94,-0.31%,2021,6.37%
2021-06-01,NVDA,Equity,16.18661117553711,472804000,0.12%,24.07%,0.0%,103,124.07,0.21%,2021,124.48%
2021-06-01,SPY,Benchmark,389.989013671875,54216600,-0.09%,14.17%,-0.58%,103,114.17,0.0%,2021,30.51%
2021-06-01,TSM,Equity,108.5338134765625,7596100,0.98%,6.5%,-15.06%,103,106.5,1.07%,2021,9.43%
2021-06-02,AMD,Equity,81.97000122070312,35203200,1.44%,-11.19%,-15.71%,104,88.81,1.28%,2021,55.9%
2021-06-02,AVGO,Equity,42.71481704711914,13286000,1.16%,12.28%,-3.02%,104,112.28,1.0%,2021,61.13%
2021-06-02,INTC,Equity,52.60077667236328,18483600,1.04%,17.14%,-15.27%,104,117.14,0.88%,2021,6.37%
2021-06-02,NVDA,Equity,16.697898864746094,594168000,3.16%,27.99%,0.0%,104,127.99,3.0%,2021,124.48%
2021-06-02,SPY,Benchmark,390.602294921875,49097100,0.16%,14.35%,-0.42%,104,114.35,0.0%,2021,30.51%
2021-06-02,TSM,Equity,108.93675994873047,5383400,0.37%,6.89%,-14.75%,104,106.89,0.21%,2021,9.43%
2021-06-03,AMD,Equity,80.27999877929688,29812000,-2.06%,-13.02%,-17.45%,105,86.98,-1.69%,2021,55.9%
2021-06-03,AVGO,Equity,41.90962219238281,20389000,-1.89%,10.16%,-4.85%,105,110.16,-1.51%,2021,61.13%
2021-06-03,INTC,Equity,51.46603775024414,21831300,-2.16%,14.62%,-17.1%,105,114.62,-1.79%,2021,6.37%
2021-06-03,NVDA,Equity,16.888484954833984,580008000,1.14%,29.45%,0.0%,105,129.45,1.51%,2021,124.48%
2021-06-03,SPY,Benchmark,389.15264892578125,58138800,-0.37%,13.92%,-0.79%,105,113.92,0.0%,2021,30.51%
2021-06-03,TSM,Equity,106.98606872558594,4912200,-1.79%,4.98%,-16.27%,105,104.98,-1.42%,2021,9.43%
2021-06-04,AMD,Equity,81.58000183105469,26387800,1.62%,-11.61%,-16.11%,106,88.39,0.7%,2021,55.9%
2021-06-04,AVGO,Equity,42.82933044433594,23865000,2.19%,12.58%,-2.76%,106,112.58,1.28%,2021,61.13%
2021-06-04,INTC,Equity,52.500118255615234,21493800,2.01%,16.92%,-15.44%,106,116.92,1.09%,2021,6.37%
2021-06-04,NVDA,Equity,17.494068145751953,617120000,3.59%,34.09%,0.0%,106,134.09,2.67%,2021,124.48%
2021-06-04,SPY,Benchmark,392.7117004394531,55938800,0.91%,14.97%,0.0%,106,114.97,0.0%,2021,30.51%
2021-06-04,TSM,Equity,109.44963073730469,5352100,2.3%,7.4%,-14.34%,106,107.4,1.39%,2021,9.43%
2021-06-07,AMD,Equity,81.3499984741211,29006800,-0.28%,-11.86%,-16.35%,107,88.14,-0.18%,2021,55.9%
2021-06-07,AVGO,Equity,41.81764602661133,24142000,-2.36%,9.92%,-5.06%,107,109.92,-2.27%,2021,61.13%
2021-06-07,INTC,Equity,52.24388122558594,17364400,-0.49%,16.35%,-15.85%,107,116.35,-0.39%,2021,6.37%
2021-06-07,NVDA,Equity,17.534624099731445,575756000,0.23%,34.4%,0.0%,107,134.4,0.33%,2021,124.48%
2021-06-07,SPY,Benchmark,392.330810546875,51555000,-0.1%,14.85%,-0.1%,107,114.85,0.0%,2021,30.51%
2021-06-07,TSM,Equity,108.26821899414062,6266000,-1.08%,6.24%,-15.27%,107,106.24,-0.98%,2021,9.43%
2021-06-08,AMD,Equity,80.88999938964844,26956600,-0.57%,-12.36%,-16.82%,108,87.64,-0.59%,2021,55.9%
2021-06-08,AVGO,Equity,41.79512023925781,16615000,-0.05%,9.86%,-5.11%,108,109.86,-0.08%,2021,61.13%
2021-06-08,INTC,Equity,52.161521911621094,33254500,-0.16%,16.17%,-15.98%,108,116.17,-0.18%,2021,6.37%
2021-06-08,NVDA,Equity,17.373401641845703,323848000,-0.92%,33.17%,-0.92%,108,133.17,-0.94%,2021,124.48%
2021-06-08,SPY,Benchmark,392.4144287109375,47134300,0.02%,14.88%,-0.08%,108,114.88,0.0%,2021,30.51%
2021-06-08,TSM,Equity,106.1618423461914,11564800,-1.95%,4.17%,-16.92%,108,104.17,-1.97%,2021,9.43%
2021-06-09,AMD,Equity,79.95999908447266,28454600,-1.15%,-13.37%,-17.78%,109,86.63,-1.0%,2021,55.9%
2021-06-09,AVGO,Equity,41.8311767578125,12126000,0.09%,9.96%,-5.03%,109,109.96,0.24%,2021,61.13%
2021-06-09,INTC,Equity,52.161521911621094,13904800,0.0%,16.17%,-15.98%,109,116.17,0.15%,2021,6.37%
2021-06-09,NVDA,Equity,17.27907943725586,381656000,-0.54%,32.45%,-1.46%,109,132.45,-0.39%,2021,124.48%
2021-06-09,SPY,Benchmark,391.8289794921875,48436300,-0.15%,14.71%,-0.22%,109,114.71,0.0%,2021,30.51%
2021-06-09,TSM,Equity,107.26998138427734,6401600,1.04%,5.26%,-16.05%,109,105.26,1.19%,2021,9.43%
2021-06-10,AMD,Equity,81.55999755859375,28606400,2.0%,-11.64%,-16.13%,110,88.36,1.54%,2021,55.9%
2021-06-10,AVGO,Equity,42.25857162475586,15413000,1.02%,11.08%,-4.06%,110,111.08,0.56%,2021,61.13%
2021-06-10,INTC,Equity,52.50926971435547,26738100,0.67%,16.94%,-15.42%,110,116.94,0.2%,2021,6.37%
2021-06-10,NVDA,Equity,17.34552764892578,287772000,0.38%,32.95%,-1.08%,110,132.95,-0.08%,2021,124.48%
2021-06-10,SPY,Benchmark,393.65032958984375,51020100,0.46%,15.24%,0.0%,110,115.24,0.0%,2021,30.51%
2021-06-10,TSM,Equity,108.28653717041016,8566600,0.95%,6.25%,-15.25%,110,106.25,0.48%,2021,9.43%
2021-06-11,AMD,Equity,81.30999755859375,24310900,-0.31%,-11.91%,-16.39%,111,88.09,-0.47%,2021,55.9%
2021-06-11,AVGO,Equity,42.441612243652344,14508000,0.43%,11.56%,-3.64%,111,111.56,0.27%,2021,61.13%
2021-06-11,INTC,Equity,52.93937301635742,18119700,0.82%,17.9%,-14.73%,111,117.9,0.65%,2021,6.37%
2021-06-11,NVDA,Equity,17.74395179748535,416308000,2.3%,36.01%,0.0%,111,136.01,2.13%,2021,124.48%
2021-06-11,SPY,Benchmark,394.3009338378906,45570800,0.17%,15.43%,0.0%,111,115.43,0.0%,2021,30.51%
2021-06-11,TSM,Equity,108.29570007324219,6036600,0.01%,6.26%,-15.25%,111,106.26,-0.16%,2021,9.43%
2021-06-14,AMD,Equity,81.55000305175781,27830200,0.3%,-11.65%,-16.14%,112,88.35,0.07%,2021,55.9%
2021-06-14,AVGO,Equity,42.9041633605957,14675000,1.09%,12.78%,-2.59%,112,112.78,0.87%,2021,61.13%
2021-06-14,INTC,Equity,53.25050735473633,21784500,0.59%,18.59%,-14.23%,112,118.59,0.36%,2021,6.37%
2021-06-14,NVDA,Equity,17.936569213867188,321376000,1.09%,37.49%,0.0%,112,137.49,0.86%,2021,124.48%
2021-06-14,SPY,Benchmark,395.1837158203125,42358500,0.22%,15.69%,0.0%,112,115.69,0.0%,2021,30.51%
2021-06-14,TSM,Equity,110.80506134033203,7610300,2.32%,8.73%,-13.28%,112,108.73,2.09%,2021,9.43%
2021-06-15,AMD,Equity,80.47000122070312,26194300,-1.32%,-12.82%,-17.25%,113,87.18,-1.14%,2021,55.9%
2021-06-15,AVGO,Equity,42.44522476196289,11131000,-1.07%,11.57%,-3.63%,113,111.57,-0.89%,2021,61.13%
2021-06-15,INTC,Equity,53.06748962402344,20806500,-0.34%,18.18%,-14.52%,113,118.18,-0.16%,2021,6.37%
2021-06-15,NVDA,Equity,17.707366943359375,243032000,-1.28%,35.73%,-1.28%,113,135.73,-1.09%,2021,124.48%
2021-06-15,SPY,Benchmark,394.45880126953125,51508500,-0.18%,15.48%,-0.18%,113,115.48,0.0%,2021,30.51%
2021-06-15,TSM,Equity,109.39466094970703,8196900,-1.27%,7.34%,-14.39%,113,107.34,-1.09%,2021,9.43%
2021-06-16,AMD,Equity,80.11000061035156,29598300,-0.45%,-13.21%,-17.62%,114,86.79,0.11%,2021,55.9%
2021-06-16,AVGO,Equity,41.99528884887695,20437000,-1.06%,10.39%,-4.65%,114,110.39,-0.5%,2021,61.13%
2021-06-16,INTC,Equity,52.36284637451172,21879700,-1.33%,16.61%,-15.66%,114,116.61,-0.77%,2021,6.37%
2021-06-16,NVDA,Equity,17.729022979736328,307124000,0.12%,35.89%,-1.16%,114,135.89,0.68%,2021,124.48%
2021-06-16,SPY,Benchmark,392.2564697265625,80386100,-0.56%,14.83%,-0.74%,114,114.83,0.0%,2021,30.51%
2021-06-16,TSM,Equity,108.08505249023438,8059400,-1.2%,6.06%,-15.41%,114,106.06,-0.64%,2021,9.43%
2021-06-17,AMD,Equity,84.55999755859375,77822800,5.55%,-8.39%,-13.05%,115,91.61,5.59%,2021,55.9%
2021-06-17,AVGO,Equity,42.483985900878906,20881000,1.16%,11.67%,-3.54%,115,111.67,1.2%,2021,61.13%
2021-06-17,INTC,Equity,52.326236724853516,21498800,-0.07%,16.53%,-15.72%,115,116.53,-0.04%,2021,6.37%
2021-06-17,NVDA,Equity,18.572158813476562,809656000,4.76%,42.36%,0.0%,115,142.36,4.79%,2021,124.48%
2021-06-17,SPY,Benchmark,392.1263427734375,90949700,-0.03%,14.79%,-0.77%,115,114.79,0.0%,2021,30.51%
2021-06-17,TSM,Equity,109.51094055175781,7608100,1.32%,7.46%,-14.3%,115,107.46,1.35%,2021,9.43%
2021-06-18,AMD,Equity,84.6500015258789,58736800,0.11%,-8.29%,-12.96%,116,91.71,1.46%,2021,55.9%
2021-06-18,AVGO,Equity,41.79240417480469,28537000,-1.63%,9.85%,-5.11%,116,109.85,-0.28%,2021,61.13%
2021-06-18,INTC,Equity,50.944419860839844,55118300,-2.64%,13.45%,-17.94%,116,113.45,-1.29%,2021,6.37%
2021-06-18,NVDA,Equity,18.553741455078125,968856000,-0.1%,42.22%,-0.1%,116,142.22,1.25%,2021,124.48%
2021-06-18,SPY,Benchmark,386.8364562988281,118676300,-1.35%,13.25%,-2.11%,116,113.25,0.0%,2021,30.51%
2021-06-18,TSM,Equity,106.44956970214844,12532800,-2.8%,4.45%,-16.69%,116,104.45,-1.45%,2021,9.43%
2021-06-21,AMD,Equity,82.58999633789062,44417100,-2.43%,-10.52%,-15.07%,117,89.48,-3.87%,2021,55.9%
2021-06-21,AVGO,Equity,42.220401763916016,18591000,1.02%,10.98%,-4.14%,117,110.98,-0.41%,2021,61.13%
2021-06-21,INTC,Equity,51.12744140625,19254600,0.36%,13.86%,-17.65%,117,113.86,-1.07%,2021,6.37%
2021-06-21,NVDA,Equity,18.343204498291016,672384000,-1.13%,40.6%,-1.23%,117,140.6,-2.57%,2021,124.48%
2021-06-21,SPY,Benchmark,392.3743896484375,72822000,1.43%,14.87%,-0.71%,117,114.87,0.0%,2021,30.51%
2021-06-21,TSM,Equity,104.93267822265625,11116200,-1.42%,2.96%,-17.88%,117,102.96,-2.86%,2021,9.43%
2021-06-22,AMD,Equity,83.58000183105469,32107700,1.2%,-9.45%,-14.06%,118,90.55,0.66%,2021,55.9%
2021-06-22,AVGO,Equity,42.205875396728516,13722000,-0.03%,10.94%,-4.18%,118,110.94,-0.57%,2021,61.13%
2021-06-22,INTC,Equity,51.12744140625,18682800,0.0%,13.86%,-17.65%,118,113.86,-0.53%,2021,6.37%
2021-06-22,NVDA,Equity,18.800609588623047,580144000,2.49%,44.11%,0.0%,118,144.11,1.96%,2021,124.48%
2021-06-22,SPY,Benchmark,394.4720153808594,57700300,0.53%,15.48%,-0.18%,118,115.48,0.0%,2021,30.51%
2021-06-22,TSM,Equity,105.10735321044922,11792400,0.17%,3.13%,-17.74%,118,103.13,-0.37%,2021,9.43%
2021-06-23,AMD,Equity,83.81999969482422,25992400,0.29%,-9.19%,-13.81%,119,90.81,0.41%,2021,55.9%
2021-06-23,AVGO,Equity,42.40669631958008,17674000,0.48%,11.47%,-3.72%,119,111.47,0.6%,2021,61.13%
2021-06-23,INTC,Equity,50.569217681884766,20287900,-1.09%,12.62%,-18.55%,119,112.62,-0.97%,2021,6.37%
2021-06-23,NVDA,Equity,18.9703311920166,332356000,0.9%,45.41%,0.0%,119,145.41,1.02%,2021,124.48%
2021-06-23,SPY,Benchmark,393.99652099609375,49445400,-0.12%,15.34%,-0.3%,119,115.34,0.0%,2021,30.51%
2021-06-23,TSM,Equity,106.68858337402344,8913700,1.5%,4.69%,-16.51%,119,104.69,1.62%,2021,9.43%
2021-06-24,AMD,Equity,86.0999984741211,42217700,2.72%,-6.72%,-11.47%,120,93.28,2.13%,2021,55.9%
2021-06-24,AVGO,Equity,42.715667724609375,12502000,0.73%,12.28%,-3.02%,120,112.28,0.14%,2021,61.13%
2021-06-24,INTC,Equity,51.31046676635742,21209700,1.47%,14.27%,-17.35%,120,114.27,0.87%,2021,6.37%
2021-06-24,NVDA,Equity,19.117902755737305,320924000,0.78%,46.54%,0.0%,120,146.54,0.19%,2021,124.48%
2021-06-24,SPY,Benchmark,396.3274230957031,45110300,0.59%,16.02%,0.0%,120,116.02,0.0%,2021,30.51%
2021-06-24,TSM,Equity,107.78260040283203,6772200,1.03%,5.76%,-15.65%,120,105.76,0.43%,2021,9.43%
2021-06-25,AMD,Equity,85.62000274658203,27804500,-0.56%,-7.24%,-11.96%,121,92.76,-0.91%,2021,55.9%
2021-06-25,AVGO,Equity,42.00141143798828,19100000,-1.67%,10.4%,-4.64%,121,110.4,-2.03%,2021,61.13%
2021-06-25,INTC,Equity,51.16405487060547,21101200,-0.29%,13.94%,-17.59%,121,113.94,-0.64%,2021,6.37%
2021-06-25,NVDA,Equity,18.94420051574707,278364000,-0.91%,45.21%,-0.91%,121,145.21,-1.26%,2021,124.48%
2021-06-25,SPY,Benchmark,397.73516845703125,58129500,0.36%,16.44%,0.0%,121,116.44,0.0%,2021,30.51%
2021-06-25,TSM,Equity,107.12987518310547,6712800,-0.61%,5.12%,-16.16%,121,105.12,-0.96%,2021,9.43%
2021-06-28,AMD,Equity,87.08000183105469,30262000,1.71%,-5.66%,-10.46%,122,94.34,1.5%,2021,55.9%
2021-06-28,AVGO,Equity,42.96466064453125,13987000,2.29%,12.94%,-2.45%,122,112.94,2.09%,2021,61.13%
2021-06-28,INTC,Equity,52.60077667236328,22480900,2.81%,17.14%,-15.27%,122,117.14,2.61%,2021,6.37%
2021-06-28,NVDA,Equity,19.893848419189453,495436000,5.01%,52.49%,0.0%,122,152.49,4.81%,2021,124.48%
2021-06-28,SPY,Benchmark,398.5369873046875,53159600,0.2%,16.67%,0.0%,122,116.67,0.0%,2021,30.51%
2021-06-28,TSM,Equity,109.96141815185547,11026600,2.64%,7.9%,-13.94%,122,107.9,2.44%,2021,9.43%
2021-06-29,AMD,Equity,89.5199966430664,46181000,2.8%,-3.01%,-7.95%,123,96.99,2.75%,2021,55.9%
2021-06-29,AVGO,Equity,43.35995864868164,14184000,0.92%,13.97%,-1.55%,123,113.97,0.87%,2021,61.13%
2021-06-29,INTC,Equity,51.9327507019043,26360000,-1.27%,15.66%,-16.35%,123,115.66,-1.32%,2021,6.37%
2021-06-29,NVDA,Equity,19.935415267944336,367632000,0.21%,52.81%,0.0%,123,152.81,0.16%,2021,124.48%
2021-06-29,SPY,Benchmark,398.7513732910156,35970500,0.05%,16.73%,0.0%,123,116.73,0.0%,2021,30.51%
2021-06-29,TSM,Equity,110.53137969970703,7874900,0.52%,8.46%,-13.5%,123,108.46,0.46%,2021,9.43%
2021-06-30,AMD,Equity,93.93000030517578,70721500,4.93%,1.77%,-3.41%,124,101.77,4.84%,2021,55.9%
2021-06-30,AVGO,Equity,43.331783294677734,15381000,-0.06%,13.9%,-1.62%,124,113.9,-0.15%,2021,61.13%
2021-06-30,INTC,Equity,51.37452697753906,29891600,-1.07%,14.41%,-17.25%,124,114.41,-1.16%,2021,6.37%
2021-06-30,NVDA,Equity,19.911273956298828,326568000,-0.12%,52.62%,-0.12%,124,152.62,-0.21%,2021,124.48%
2021-06-30,SPY,Benchmark,399.08697509765625,64827900,0.08%,16.83%,0.0%,124,116.83,0.0%,2021,30.51%
2021-06-30,TSM,Equity,110.46702575683594,7936400,-0.06%,8.39%,-13.55%,124,108.39,-0.14%,2021,9.43%
2021-07-01,AMD,Equity,93.30999755859375,58059000,-0.66%,1.09%,-4.05%,125,101.09,-1.21%,2021,55.9%
2021-07-01,AVGO,Equity,42.677513122558594,11153000,-1.51%,12.18%,-3.1%,125,112.18,-2.06%,2021,61.13%
2021-07-01,INTC,Equity,51.25556182861328,24871600,-0.23%,14.15%,-17.44%,125,114.15,-0.79%,2021,6.37%
2021-07-01,NVDA,Equity,20.119823455810547,480136000,1.05%,54.22%,0.0%,125,154.22,0.49%,2021,124.48%
2021-07-01,SPY,Benchmark,401.29656982421875,53441000,0.55%,17.48%,0.0%,125,117.48,0.0%,2021,30.51%
2021-07-01,TSM,Equity,108.8674087524414,8295600,-1.45%,6.82%,-14.8%,125,106.82,-2.0%,2021,9.43%
2021-07-02,AMD,Equity,94.69999694824219,51316700,1.49%,2.6%,-2.62%,126,102.6,0.73%,2021,55.9%
2021-07-02,AVGO,Equity,42.54393005371094,37054000,-0.31%,11.83%,-3.41%,126,111.83,-1.08%,2021,61.13%
2021-07-02,INTC,Equity,51.94189453125,17219400,1.34%,15.68%,-16.34%,126,115.68,0.57%,2021,6.37%
2021-07-02,NVDA,Equity,20.39356231689453,342764000,1.36%,56.32%,0.0%,126,156.32,0.6%,2021,124.48%
2021-07-02,SPY,Benchmark,404.364013671875,57697700,0.76%,18.38%,0.0%,126,118.38,0.0%,2021,30.51%
2021-07-02,TSM,Equity,109.31790161132812,5144300,0.41%,7.27%,-14.45%,126,107.27,-0.35%,2021,9.43%
2021-07-06,AMD,Equity,94.47000122070312,44930100,-0.24%,2.35%,-2.86%,127,102.35,-0.06%,2021,55.9%
2021-07-06,AVGO,Equity,43.00827407836914,13870000,1.09%,13.05%,-2.35%,127,113.05,1.27%,2021,61.13%
2021-07-06,INTC,Equity,51.328765869140625,26186600,-1.18%,14.31%,-17.32%,127,114.31,-1.0%,2021,6.37%
2021-07-06,NVDA,Equity,20.604095458984375,446708000,1.03%,57.93%,0.0%,127,157.93,1.21%,2021,124.48%
2021-07-06,SPY,Benchmark,403.62744140625,68710400,-0.18%,18.16%,-0.18%,127,118.16,0.0%,2021,30.51%
2021-07-06,TSM,Equity,110.36592102050781,7181500,0.96%,8.29%,-13.63%,127,108.29,1.14%,2021,9.43%
2021-07-07,AMD,Equity,90.54000091552734,51498500,-4.16%,-1.91%,-6.9%,128,98.09,-4.51%,2021,55.9%
2021-07-07,AVGO,Equity,42.66841506958008,12581000,-0.79%,12.16%,-3.12%,128,112.16,-1.14%,2021,61.13%
2021-07-07,INTC,Equity,51.20980453491211,14857400,-0.23%,14.05%,-17.51%,128,114.05,-0.59%,2021,6.37%
2021-07-07,NVDA,Equity,20.278837203979492,418428000,-1.58%,55.44%,-1.58%,128,155.44,-1.93%,2021,124.48%
2021-07-07,SPY,Benchmark,405.0538024902344,63549500,0.35%,18.58%,0.0%,128,118.58,0.0%,2021,30.51%
2021-07-07,TSM,Equity,108.71112823486328,7391800,-1.5%,6.67%,-14.92%,128,106.67,-1.85%,2021,9.43%
2021-07-08,AMD,Equity,89.73999786376953,45673500,-0.88%,-2.77%,-7.72%,129,97.23,-0.07%,2021,55.9%
2021-07-08,AVGO,Equity,42.75564956665039,16011000,0.2%,12.39%,-2.93%,129,112.39,1.02%,2021,61.13%
2021-07-08,INTC,Equity,50.68818664550781,19162000,-1.02%,12.88%,-18.35%,129,112.88,-0.2%,2021,6.37%
2021-07-08,NVDA,Equity,19.811975479125977,503300000,-2.3%,51.86%,-3.84%,129,151.86,-1.49%,2021,124.48%
2021-07-08,SPY,Benchmark,401.75341796875,97595200,-0.81%,17.61%,-0.81%,129,117.61,0.0%,2021,30.51%
2021-07-08,TSM,Equity,108.36177062988281,7565400,-0.32%,6.33%,-15.2%,129,106.33,0.49%,2021,9.43%
2021-07-09,AMD,Equity,90.9000015258789,35278400,1.29%,-1.52%,-6.53%,130,98.48,0.23%,2021,55.9%
2021-07-09,AVGO,Equity,43.63530349731445,16782000,2.06%,14.7%,-0.93%,130,114.7,0.99%,2021,61.13%
2021-07-09,INTC,Equity,51.23725509643555,18708000,1.08%,14.11%,-17.47%,130,114.11,0.02%,2021,6.37%
2021-07-09,NVDA,Equity,19.958797454833984,296624000,0.74%,52.99%,-3.13%,130,152.99,-0.33%,2021,124.48%
2021-07-09,SPY,Benchmark,406.0420837402344,76238600,1.07%,18.87%,0.0%,130,118.87,0.0%,2021,30.51%
2021-07-09,TSM,Equity,110.83476257324219,8374200,2.28%,8.75%,-13.26%,130,108.75,1.21%,2021,9.43%
2021-07-12,AMD,Equity,90.80999755859375,28526600,-0.1%,-1.61%,-6.62%,131,98.39,-0.46%,2021,55.9%
2021-07-12,AVGO,Equity,44.14146423339844,33142000,1.16%,16.03%,0.0%,131,116.03,0.8%,2021,61.13%
2021-07-12,INTC,Equity,51.9144401550293,15392800,1.32%,15.61%,-16.38%,131,115.61,0.96%,2021,6.37%
2021-07-12,NVDA,Equity,20.4189453125,321984000,2.31%,56.51%,-0.9%,131,156.51,1.95%,2021,124.48%
2021-07-12,SPY,Benchmark,407.4964599609375,52889600,0.36%,19.29%,0.0%,131,119.29,0.0%,2021,30.51%
2021-07-12,TSM,Equity,112.73777770996094,10668700,1.72%,10.62%,-11.77%,131,110.62,1.36%,2021,9.43%
2021-07-13,AMD,Equity,90.26000213623047,30367600,-0.61%,-2.21%,-7.19%,132,97.79,-0.26%,2021,55.9%
2021-07-13,AVGO,Equity,43.98335266113281,11806000,-0.36%,15.61%,-0.36%,132,115.61,-0.02%,2021,61.13%
2021-07-13,INTC,Equity,52.04256057739258,15716000,0.25%,15.9%,-16.17%,132,115.9,0.59%,2021,6.37%
2021-07-13,NVDA,Equity,20.15764808654785,290708000,-1.28%,54.51%,-2.17%,132,154.51,-0.94%,2021,124.48%
2021-07-13,SPY,Benchmark,406.1073303222656,52911300,-0.34%,18.89%,-0.34%,132,118.89,0.0%,2021,30.51%
2021-07-13,TSM,Equity,113.90535736083984,13460200,1.04%,11.77%,-10.86%,132,111.77,1.38%,2021,9.43%
2021-07-14,AMD,Equity,89.05000305175781,28108500,-1.34%,-3.52%,-8.43%,133,96.48,-1.49%,2021,55.9%
2021-07-14,AVGO,Equity,43.763431549072266,14020000,-0.5%,15.04%,-0.86%,133,115.04,-0.65%,2021,61.13%
2021-07-14,INTC,Equity,51.72227478027344,16263600,-0.62%,15.19%,-16.69%,133,115.19,-0.76%,2021,6.37%
2021-07-14,NVDA,Equity,19.751007080078125,380100000,-2.02%,51.39%,-4.14%,133,151.39,-2.17%,2021,124.48%
2021-07-14,SPY,Benchmark,406.71331787109375,64130400,0.15%,19.07%,-0.19%,133,119.07,0.0%,2021,30.51%
2021-07-14,TSM,Equity,114.3558120727539,10587700,0.4%,12.21%,-10.51%,133,112.21,0.25%,2021,9.43%
2021-07-15,AMD,Equity,86.93000030517578,38944700,-2.38%,-5.82%,-10.61%,134,94.18,-2.04%,2021,55.9%
2021-07-15,AVGO,Equity,43.37723159790039,12624000,-0.88%,14.02%,-1.73%,134,114.02,-0.54%,2021,61.13%
2021-07-15,INTC,Equity,51.07254409790039,18917000,-1.26%,13.74%,-17.74%,134,113.74,-0.91%,2021,6.37%
2021-07-15,NVDA,Equity,18.879749298095703,550564000,-4.41%,44.71%,-8.37%,134,144.71,-4.07%,2021,124.48%
2021-07-15,SPY,Benchmark,405.32421875,55126400,-0.34%,18.66%,-0.53%,134,118.66,0.0%,2021,30.51%
2021-07-15,TSM,Equity,108.0491943359375,23734500,-5.51%,6.02%,-15.44%,134,106.02,-5.17%,2021,9.43%
2021-07-16,AMD,Equity,85.88999938964844,35860700,-1.2%,-6.94%,-11.68%,135,93.06,-0.41%,2021,55.9%
2021-07-16,AVGO,Equity,42.53483963012695,13980000,-1.94%,11.81%,-3.64%,135,111.81,-1.16%,2021,61.13%
2021-07-16,INTC,Equity,50.303836822509766,25263800,-1.51%,12.03%,-18.97%,135,112.03,-0.72%,2021,6.37%
2021-07-16,NVDA,Equity,18.078168869018555,688224000,-4.25%,38.57%,-12.26%,135,138.57,-3.46%,2021,124.48%
2021-07-16,SPY,Benchmark,402.1450500488281,75874700,-0.78%,17.73%,-1.31%,135,117.73,0.0%,2021,30.51%
2021-07-16,TSM,Equity,106.40357971191406,12110000,-1.52%,4.41%,-16.73%,135,104.41,-0.74%,2021,9.43%
2021-07-19,AMD,Equity,86.58000183105469,39244800,0.8%,-6.2%,-10.97%,136,93.8,2.28%,2021,55.9%
2021-07-19,AVGO,Equity,42.31673812866211,14938000,-0.51%,11.23%,-4.13%,136,111.23,0.96%,2021,61.13%
2021-07-19,INTC,Equity,50.00184631347656,27007700,-0.6%,11.36%,-19.46%,136,111.36,0.88%,2021,6.37%
2021-07-19,NVDA,Equity,18.69409942626953,749060000,3.41%,43.29%,-9.27%,136,143.29,4.88%,2021,124.48%
2021-07-19,SPY,Benchmark,396.20611572265625,147987000,-1.48%,15.99%,-2.77%,136,115.99,0.0%,2021,30.51%
2021-07-19,TSM,Equity,106.04505920410156,9230200,-0.34%,4.05%,-17.01%,136,104.05,1.14%,2021,9.43%
2021-07-20,AMD,Equity,87.11000061035156,28089000,0.61%,-5.62%,-10.43%,137,94.38,-0.82%,2021,55.9%
2021-07-20,AVGO,Equity,42.58209228515625,20727000,0.63%,11.93%,-3.53%,137,111.93,-0.81%,2021,61.13%
2021-07-20,INTC,Equity,50.5509147644043,19867000,1.1%,12.58%,-18.58%,137,112.58,-0.33%,2021,6.37%
2021-07-20,NVDA,Equity,18.527111053466797,434687000,-0.89%,42.01%,-10.08%,137,142.01,-2.33%,2021,124.48%
2021-07-20,SPY,Benchmark,401.8839416503906,99608200,1.43%,17.65%,-1.38%,137,117.65,0.0%,2021,30.51%
2021-07-20,TSM,Equity,107.0103759765625,7108000,0.91%,5.0%,-16.25%,137,105.0,-0.52%,2021,9.43%
2021-07-21,AMD,Equity,89.41000366210938,29469900,2.64%,-3.13%,-8.06%,138,96.87,1.83%,2021,55.9%
2021-07-21,AVGO,Equity,43.5298957824707,13660000,2.23%,14.42%,-1.39%,138,114.42,1.42%,2021,61.13%
2021-07-21,INTC,Equity,51.45688247680664,18497200,1.79%,14.6%,-17.12%,138,114.6,0.98%,2021,6.37%
2021-07-21,NVDA,Equity,19.321470260620117,371017000,4.29%,48.1%,-6.23%,138,148.1,3.48%,2021,124.48%
2021-07-21,SPY,Benchmark,405.1377258300781,64724400,0.81%,18.6%,-0.58%,138,118.6,0.0%,2021,30.51%
2021-07-21,TSM,Equity,108.36177062988281,5564700,1.26%,6.33%,-15.2%,138,106.33,0.45%,2021,9.43%
2021-07-22,AMD,Equity,91.20999908447266,33730100,2.01%,-1.18%,-6.21%,139,98.82,1.8%,2021,55.9%
2021-07-22,AVGO,Equity,43.28544235229492,12583000,-0.56%,13.78%,-1.94%,139,113.78,-0.77%,2021,61.13%
2021-07-22,INTC,Equity,51.20980453491211,36691000,-0.48%,14.05%,-17.51%,139,114.05,-0.69%,2021,6.37%
2021-07-22,NVDA,Equity,19.5046329498291,323826000,0.95%,49.5%,-5.34%,139,149.5,0.74%,2021,124.48%
2021-07-22,SPY,Benchmark,405.9861755371094,47878500,0.21%,18.85%,-0.37%,139,118.85,0.0%,2021,30.51%
2021-07-22,TSM,Equity,107.15744018554688,5746500,-1.11%,5.15%,-16.14%,139,105.15,-1.32%,2021,9.43%
2021-07-23,AMD,Equity,92.1500015258789,31708900,1.03%,-0.16%,-5.24%,140,99.84,0.0%,2021,55.9%
2021-07-23,AVGO,Equity,43.90519714355469,13489000,1.43%,15.41%,-0.54%,140,115.41,0.4%,2021,61.13%
2021-07-23,INTC,Equity,48.50107192993164,67742300,-5.29%,8.01%,-21.88%,140,108.01,-6.32%,2021,6.37%
2021-07-23,NVDA,Equity,19.468801498413086,195672000,-0.18%,49.23%,-5.51%,140,149.23,-1.21%,2021,124.48%
2021-07-23,SPY,Benchmark,410.162841796875,63766600,1.03%,20.08%,0.0%,140,120.08,0.0%,2021,30.51%
2021-07-23,TSM,Equity,107.368896484375,5773900,0.2%,5.35%,-15.97%,140,105.35,-0.83%,2021,9.43%
2021-07-26,AMD,Equity,91.81999969482422,27668500,-0.36%,-0.52%,-5.58%,141,99.48,-0.6%,2021,55.9%
2021-07-26,AVGO,Equity,43.82250213623047,11160000,-0.19%,15.19%,-0.72%,141,115.19,-0.43%,2021,61.13%
2021-07-26,INTC,Equity,49.69987106323242,32881200,2.47%,10.68%,-19.95%,141,110.68,2.23%,2021,6.37%
2021-07-26,NVDA,Equity,19.20600128173828,203943000,-1.35%,47.22%,-6.79%,141,147.22,-1.6%,2021,124.48%
2021-07-26,SPY,Benchmark,411.1698303222656,43719200,0.25%,20.37%,0.0%,141,120.37,0.0%,2021,30.51%
2021-07-26,TSM,Equity,106.32086944580078,6440600,-0.98%,4.33%,-16.79%,141,104.33,-1.22%,2021,9.43%
2021-07-27,AMD,Equity,91.02999877929688,69427000,-0.86%,-1.38%,-6.4%,142,98.62,-0.4%,2021,55.9%
2021-07-27,AVGO,Equity,43.197296142578125,14715000,-1.43%,13.55%,-2.14%,142,113.55,-0.97%,2021,61.13%
2021-07-27,INTC,Equity,48.66578674316406,39878000,-2.08%,8.38%,-21.61%,142,108.38,-1.62%,2021,6.37%
2021-07-27,NVDA,Equity,19.120393753051758,248863000,-0.45%,46.56%,-7.2%,142,146.56,0.01%,2021,124.48%
2021-07-27,SPY,Benchmark,409.29583740234375,67397100,-0.46%,19.82%,-0.46%,142,119.82,0.0%,2021,30.51%
2021-07-27,TSM,Equity,104.38105010986328,11127500,-1.82%,2.42%,-18.31%,142,102.42,-1.37%,2021,9.43%
2021-07-28,AMD,Equity,97.93000030517578,140561000,7.58%,6.1%,0.0%,143,106.1,7.62%,2021,55.9%
2021-07-28,AVGO,Equity,43.4053955078125,8359000,0.48%,14.09%,-1.67%,143,114.09,0.52%,2021,61.13%
2021-07-28,INTC,Equity,48.56511688232422,28478800,-0.21%,8.16%,-21.77%,143,108.16,-0.17%,2021,6.37%
2021-07-28,NVDA,Equity,19.414047241210938,202191000,1.54%,48.81%,-5.78%,143,148.81,1.58%,2021,124.48%
2021-07-28,SPY,Benchmark,409.1280517578125,52472400,-0.04%,19.77%,-0.5%,143,119.77,0.0%,2021,30.51%
2021-07-28,TSM,Equity,105.78764343261719,6819700,1.35%,3.8%,-17.21%,143,103.8,1.39%,2021,9.43%
2021-07-29,AMD,Equity,102.94999694824219,164091800,5.13%,11.54%,0.0%,144,111.54,4.71%,2021,55.9%
2021-07-29,AVGO,Equity,43.992435455322266,9162000,1.35%,15.64%,-0.34%,144,115.64,0.94%,2021,61.13%
2021-07-29,INTC,Equity,49.14164733886719,16886600,1.19%,9.44%,-20.85%,144,109.44,0.77%,2021,6.37%
2021-07-29,NVDA,Equity,19.572324752807617,190781000,0.82%,50.02%,-5.01%,144,150.02,0.4%,2021,124.48%
2021-07-29,SPY,Benchmark,410.8249206542969,47435300,0.41%,20.27%,-0.08%,144,120.27,0.0%,2021,30.51%
2021-07-29,TSM,Equity,106.78052520751953,7162000,0.94%,4.78%,-16.43%,144,104.78,0.52%,2021,9.43%
2021-07-30,AMD,Equity,106.19000244140625,125632000,3.15%,15.05%,0.0%,145,115.05,3.63%,2021,55.9%
2021-07-30,AVGO,Equity,44.10966491699219,11548000,0.27%,15.95%,-0.07%,145,115.95,0.75%,2021,61.13%
2021-07-30,INTC,Equity,49.15994644165039,16465700,0.04%,9.48%,-20.82%,145,109.48,0.52%,2021,6.37%
2021-07-30,NVDA,Equity,19.410066604614258,183497000,-0.83%,48.78%,-5.8%,145,148.78,-0.34%,2021,124.48%
2021-07-30,SPY,Benchmark,408.8297119140625,68951200,-0.49%,19.68%,-0.57%,145,119.68,0.0%,2021,30.51%
2021-07-30,TSM,Equity,107.23099517822266,6482600,0.42%,5.22%,-16.08%,145,105.22,0.91%,2021,9.43%
2021-08-02,AMD,Equity,108.62999725341797,115581900,2.3%,17.69%,0.0%,146,117.69,2.51%,2021,55.9%
2021-08-02,AVGO,Equity,44.044227600097656,15619000,-0.15%,15.77%,-0.22%,146,115.77,0.06%,2021,61.13%
2021-08-02,INTC,Equity,49.12334060668945,18098100,-0.07%,9.4%,-20.88%,146,109.4,0.14%,2021,6.37%
2021-08-02,NVDA,Equity,19.659927368164062,217444000,1.29%,50.69%,-4.58%,146,150.69,1.5%,2021,124.48%
2021-08-02,SPY,Benchmark,407.97198486328125,58783300,-0.21%,19.43%,-0.78%,146,119.43,0.0%,2021,30.51%
2021-08-02,TSM,Equity,107.43325805664062,6028800,0.19%,5.42%,-15.92%,146,105.42,0.4%,2021,9.43%
2021-08-03,AMD,Equity,112.55999755859375,157723100,3.62%,21.95%,0.0%,147,121.95,2.8%,2021,55.9%
2021-08-03,AVGO,Equity,44.2359733581543,11135000,0.44%,16.28%,0.0%,147,116.28,-0.38%,2021,61.13%
2021-08-03,INTC,Equity,49.47108840942383,16375900,0.71%,10.17%,-20.32%,147,110.17,-0.11%,2021,6.37%
2021-08-03,NVDA,Equity,19.724626541137695,301811000,0.33%,51.19%,-4.27%,147,151.19,-0.48%,2021,124.48%
2021-08-03,SPY,Benchmark,411.2910461425781,58053900,0.81%,20.41%,0.0%,147,120.41,0.0%,2021,30.51%
2021-08-03,TSM,Equity,108.85821533203125,5874700,1.33%,6.81%,-14.81%,147,106.81,0.51%,2021,9.43%
2021-08-04,AMD,Equity,118.7699966430664,225368700,5.52%,28.68%,0.0%,148,128.68,6.01%,2021,55.9%
2021-08-04,AVGO,Equity,44.3277587890625,12123000,0.21%,16.52%,0.0%,148,116.52,0.7%,2021,61.13%
2021-08-04,INTC,Equity,49.32466506958008,17612700,-0.3%,9.85%,-20.55%,148,109.85,0.2%,2021,6.37%
2021-08-04,NVDA,Equity,20.181533813476562,231309000,2.32%,54.69%,-2.05%,148,154.69,2.81%,2021,124.48%
2021-08-04,SPY,Benchmark,409.2679138183594,46732200,-0.49%,19.81%,-0.49%,148,119.81,0.0%,2021,30.51%
2021-08-04,TSM,Equity,109.16159057617188,4254000,0.28%,7.11%,-14.57%,148,107.11,0.77%,2021,9.43%
2021-08-05,AMD,Equity,112.3499984741211,137860900,-5.41%,21.72%,-5.41%,149,121.72,-6.04%,2021,55.9%
2021-08-05,AVGO,Equity,44.31593322753906,8372000,-0.03%,16.49%,-0.03%,149,116.49,-0.66%,2021,61.13%
2021-08-05,INTC,Equity,49.63597869873047,15310000,0.63%,10.54%,-20.05%,149,110.54,-0.0%,2021,6.37%
2021-08-05,NVDA,Equity,20.542877197265625,211435000,1.79%,57.46%,-0.3%,149,157.46,1.16%,2021,124.48%
2021-08-05,SPY,Benchmark,411.8597412109375,38969700,0.63%,20.57%,0.0%,149,120.57,0.0%,2021,30.51%
2021-08-05,TSM,Equity,109.60287475585938,4452300,0.4%,7.55%,-14.22%,149,107.55,-0.23%,2021,9.43%
2021-08-06,AMD,Equity,110.11000061035156,143899000,-1.99%,19.3%,-7.29%,150,119.3,-2.16%,2021,55.9%
2021-08-06,AVGO,Equity,44.11238479614258,9964000,-0.46%,15.95%,-0.49%,150,115.95,-0.62%,2021,61.13%
2021-08-06,INTC,Equity,49.663612365722656,19256000,0.06%,10.6%,-20.0%,150,110.6,-0.11%,2021,6.37%
2021-08-06,NVDA,Equity,20.273109436035156,178497000,-1.31%,55.39%,-1.61%,150,155.39,-1.48%,2021,124.48%
2021-08-06,SPY,Benchmark,412.5403137207031,46930000,0.17%,20.77%,0.0%,150,120.77,0.0%,2021,30.51%
2021-08-06,TSM,Equity,108.67436218261719,4338100,-0.85%,6.63%,-14.95%,150,106.63,-1.01%,2021,9.43%
2021-08-09,AMD,Equity,107.58000183105469,115749900,-2.3%,16.55%,-9.42%,151,116.55,-2.22%,2021,55.9%
2021-08-09,AVGO,Equity,44.044227600097656,5952000,-0.15%,15.77%,-0.64%,151,115.77,-0.07%,2021,61.13%
2021-08-09,INTC,Equity,49.78335189819336,14670100,0.24%,10.87%,-19.81%,151,110.87,0.32%,2021,6.37%
2021-08-09,NVDA,Equity,20.202438354492188,146443000,-0.35%,54.85%,-1.95%,151,154.85,-0.27%,2021,124.48%
2021-08-09,SPY,Benchmark,412.2046813964844,41222600,-0.08%,20.67%,-0.08%,151,120.67,0.0%,2021,30.51%
2021-08-09,TSM,Equity,108.68354034423828,4280200,0.01%,6.64%,-14.94%,151,106.64,0.09%,2021,9.43%
2021-08-10,AMD,Equity,106.4800033569336,113012300,-1.02%,15.36%,-10.35%,152,115.36,-1.15%,2021,55.9%
2021-08-10,AVGO,Equity,43.82432556152344,9319000,-0.5%,15.2%,-1.14%,152,115.2,-0.62%,2021,61.13%
2021-08-10,INTC,Equity,49.682037353515625,16215700,-0.2%,10.64%,-19.98%,152,110.64,-0.33%,2021,6.37%
2021-08-10,NVDA,Equity,19.845081329345703,179238000,-1.77%,52.11%,-3.68%,152,152.11,-1.89%,2021,124.48%
2021-08-10,SPY,Benchmark,412.717529296875,43339300,0.12%,20.82%,0.0%,152,120.82,0.0%,2021,30.51%
2021-08-10,TSM,Equity,106.97357177734375,5132800,-1.57%,4.97%,-16.28%,152,104.97,-1.7%,2021,9.43%
2021-08-11,AMD,Equity,107.68000030517578,91788300,1.13%,16.66%,-9.34%,153,116.66,0.88%,2021,55.9%
2021-08-11,AVGO,Equity,43.94154357910156,9816000,0.27%,15.5%,-0.87%,153,115.5,0.02%,2021,61.13%
2021-08-11,INTC,Equity,49.866249084472656,18590800,0.37%,11.05%,-19.68%,153,111.05,0.12%,2021,6.37%
2021-08-11,NVDA,Equity,19.609159469604492,185925000,-1.19%,50.31%,-4.83%,153,150.31,-1.44%,2021,124.48%
2021-08-11,SPY,Benchmark,413.74298095703125,44034300,0.25%,21.12%,0.0%,153,121.12,0.0%,2021,30.51%
2021-08-11,TSM,Equity,106.63343048095703,4490400,-0.32%,4.63%,-16.55%,153,104.63,-0.57%,2021,9.43%
2021-08-12,AMD,Equity,106.5,60578700,-1.1%,15.38%,-10.33%,154,115.38,-1.4%,2021,55.9%
2021-08-12,AVGO,Equity,44.006065368652344,8702000,0.15%,15.67%,-0.73%,154,115.67,-0.15%,2021,61.13%
2021-08-12,INTC,Equity,49.31361389160156,15070100,-1.11%,9.82%,-20.57%,154,109.82,-1.41%,2021,6.37%
2021-08-12,NVDA,Equity,19.81421661376953,151652000,1.05%,51.88%,-3.83%,154,151.88,0.75%,2021,124.48%
2021-08-12,SPY,Benchmark,414.9830322265625,38909400,0.3%,21.49%,0.0%,154,121.49,0.0%,2021,30.51%
2021-08-12,TSM,Equity,106.3668212890625,6338400,-0.25%,4.37%,-16.76%,154,104.37,-0.55%,2021,9.43%
2021-08-13,AMD,Equity,110.55000305175781,100135700,3.8%,19.77%,-6.92%,155,119.77,3.62%,2021,55.9%
2021-08-13,AVGO,Equity,44.1787223815918,8582000,0.39%,16.13%,-0.34%,155,116.13,0.21%,2021,61.13%
2021-08-13,INTC,Equity,49.26756286621094,15281100,-0.09%,9.72%,-20.64%,155,109.72,-0.28%,2021,6.37%
2021-08-13,NVDA,Equity,20.095928192138672,183063000,1.42%,54.04%,-2.47%,155,154.04,1.24%,2021,124.48%
2021-08-13,SPY,Benchmark,415.73822021484375,39470300,0.18%,21.71%,0.0%,155,121.71,0.0%,2021,30.51%
2021-08-13,TSM,Equity,106.18296813964844,4593200,-0.17%,4.19%,-16.9%,155,104.19,-0.35%,2021,9.43%
2021-08-16,AMD,Equity,107.4800033569336,73325400,-2.78%,16.45%,-9.51%,156,116.45,-3.01%,2021,55.9%
2021-08-16,AVGO,Equity,44.3586540222168,9188000,0.41%,16.6%,0.0%,156,116.6,0.17%,2021,61.13%
2021-08-16,INTC,Equity,49.24913787841797,17690300,-0.04%,9.68%,-20.67%,156,109.68,-0.27%,2021,6.37%
2021-08-16,NVDA,Equity,19.859010696411133,210876000,-1.18%,52.22%,-3.62%,156,152.22,-1.41%,2021,124.48%
2021-08-16,SPY,Benchmark,416.7171630859375,73740000,0.24%,21.99%,0.0%,156,121.99,0.0%,2021,30.51%
2021-08-16,TSM,Equity,105.3831558227539,5435900,-0.75%,3.4%,-17.53%,156,103.4,-0.99%,2021,9.43%
2021-08-17,AMD,Equity,107.55999755859375,74053900,0.07%,16.53%,-9.44%,157,116.53,0.73%,2021,55.9%
2021-08-17,AVGO,Equity,43.499900817871094,16499000,-1.94%,14.34%,-1.94%,157,114.34,-1.28%,2021,61.13%
2021-08-17,INTC,Equity,48.53071594238281,22014900,-1.46%,8.08%,-21.83%,157,108.08,-0.8%,2021,6.37%
2021-08-17,NVDA,Equity,19.36925506591797,204585000,-2.47%,48.47%,-5.99%,157,148.47,-1.81%,2021,124.48%
2021-08-17,SPY,Benchmark,413.9854431152344,92673900,-0.66%,21.19%,-0.66%,157,121.19,0.0%,2021,30.51%
2021-08-17,TSM,Equity,102.14707946777344,13398800,-3.07%,0.23%,-20.06%,157,100.23,-2.42%,2021,9.43%
2021-08-18,AMD,Equity,103.44000244140625,79387900,-3.83%,12.07%,-12.91%,158,112.07,-2.74%,2021,55.9%
2021-08-18,AVGO,Equity,42.61661148071289,15616000,-2.03%,12.02%,-3.93%,158,112.02,-0.94%,2021,61.13%
2021-08-18,INTC,Equity,48.07017517089844,15061700,-0.95%,7.05%,-22.57%,158,107.05,0.15%,2021,6.37%
2021-08-18,NVDA,Equity,18.95315933227539,285913000,-2.15%,45.28%,-8.01%,158,145.28,-1.05%,2021,124.48%
2021-08-18,SPY,Benchmark,409.454345703125,89351900,-1.09%,19.87%,-1.74%,158,119.87,0.0%,2021,30.51%
2021-08-18,TSM,Equity,101.54031372070312,9167300,-0.59%,-0.37%,-20.53%,158,99.63,0.5%,2021,9.43%
2021-08-19,AMD,Equity,103.69999694824219,71117500,0.25%,12.35%,-12.69%,159,112.35,0.1%,2021,55.9%
2021-08-19,AVGO,Equity,43.03099822998047,14044000,0.97%,13.11%,-2.99%,159,113.11,0.82%,2021,61.13%
2021-08-19,INTC,Equity,48.30044937133789,22999400,0.48%,7.57%,-22.2%,159,107.57,0.32%,2021,6.37%
2021-08-19,NVDA,Equity,19.707706451416016,766555000,3.98%,51.06%,-4.35%,159,151.06,3.83%,2021,124.48%
2021-08-19,SPY,Benchmark,410.08831787109375,92812200,0.15%,20.05%,-1.59%,159,120.05,0.0%,2021,30.51%
2021-08-19,TSM,Equity,101.60466003417969,12146900,0.06%,-0.3%,-20.48%,159,99.7,-0.09%,2021,9.43%
2021-08-20,AMD,Equity,104.6500015258789,55227600,0.92%,13.38%,-11.89%,160,113.38,0.12%,2021,55.9%
2021-08-20,AVGO,Equity,43.180023193359375,10007000,0.35%,13.5%,-2.66%,160,113.5,-0.45%,2021,61.13%
2021-08-20,INTC,Equity,47.904388427734375,25728300,-0.82%,6.68%,-22.84%,160,106.68,-1.62%,2021,6.37%
2021-08-20,NVDA,Equity,20.721065521240234,675741000,5.14%,58.83%,0.0%,160,158.83,4.35%,2021,124.48%
2021-08-20,SPY,Benchmark,413.3514404296875,72008700,0.8%,21.01%,-0.81%,160,121.01,0.0%,2021,30.51%
2021-08-20,TSM,Equity,99.39828491210938,13042000,-2.17%,-2.47%,-22.21%,160,97.53,-2.97%,2021,9.43%
2021-08-23,AMD,Equity,108.7699966430664,68835300,3.94%,17.84%,-8.42%,161,117.84,3.06%,2021,55.9%
2021-08-23,AVGO,Equity,43.84157943725586,15707000,1.53%,15.24%,-1.17%,161,115.24,0.65%,2021,61.13%
2021-08-23,INTC,Equity,49.0280876159668,23976300,2.35%,9.19%,-21.03%,161,109.19,1.47%,2021,6.37%
2021-08-23,NVDA,Equity,21.857852935791016,575807000,5.49%,67.54%,0.0%,161,167.54,4.61%,2021,124.48%
2021-08-23,SPY,Benchmark,416.9875793457031,54973000,0.88%,22.07%,0.0%,161,122.07,0.0%,2021,30.51%
2021-08-23,TSM,Equity,102.00918579101562,9533500,2.63%,0.09%,-20.17%,161,100.09,1.75%,2021,9.43%
2021-08-24,AMD,Equity,107.6500015258789,51239300,-1.03%,16.63%,-9.36%,162,116.63,-1.19%,2021,55.9%
2021-08-24,AVGO,Equity,43.7489013671875,9429000,-0.21%,15.0%,-1.37%,162,115.0,-0.37%,2021,61.13%
2021-08-24,INTC,Equity,49.56230545043945,20348800,1.09%,10.38%,-20.17%,162,110.38,0.93%,2021,6.37%
2021-08-24,NVDA,Equity,21.693607330322266,297299000,-0.75%,66.28%,-0.75%,162,166.28,-0.91%,2021,124.48%
2021-08-24,SPY,Benchmark,417.64947509765625,38744700,0.16%,22.27%,0.0%,162,122.27,0.0%,2021,30.51%
2021-08-24,TSM,Equity,103.06642150878906,6719800,1.04%,1.13%,-19.34%,162,101.13,0.88%,2021,9.43%
2021-08-25,AMD,Equity,108.30000305175781,45485500,0.6%,17.33%,-8.82%,163,117.33,0.39%,2021,55.9%
2021-08-25,AVGO,Equity,43.92881774902344,10017000,0.41%,15.47%,-0.97%,163,115.47,0.2%,2021,61.13%
2021-08-25,INTC,Equity,49.56230545043945,15048400,0.0%,10.38%,-20.17%,163,110.38,-0.21%,2021,6.37%
2021-08-25,NVDA,Equity,22.111692428588867,347701000,1.93%,69.49%,0.0%,163,169.49,1.72%,2021,124.48%
2021-08-25,SPY,Benchmark,418.5257873535156,40529700,0.21%,22.52%,0.0%,163,122.52,0.0%,2021,30.51%
2021-08-25,TSM,Equity,107.58953094482422,22106800,4.39%,5.57%,-15.8%,163,105.57,4.18%,2021,9.43%
2021-08-26,AMD,Equity,107.2699966430664,51442500,-0.95%,16.22%,-9.68%,164,116.22,-0.36%,2021,55.9%
2021-08-26,AVGO,Equity,44.14055252075195,10836000,0.48%,16.03%,-0.49%,164,116.03,1.07%,2021,61.13%
2021-08-26,INTC,Equity,48.935977935791016,19570000,-1.26%,8.98%,-21.18%,164,108.98,-0.67%,2021,6.37%
2021-08-26,NVDA,Equity,21.967348098754883,237940000,-0.65%,68.38%,-0.65%,164,168.38,-0.06%,2021,124.48%
2021-08-26,SPY,Benchmark,416.05517578125,57829600,-0.59%,21.8%,-0.59%,164,121.8,0.0%,2021,30.51%
2021-08-26,TSM,Equity,108.57322692871094,9892100,0.91%,6.54%,-15.03%,164,106.54,1.5%,2021,9.43%
2021-08-27,AMD,Equity,111.4000015258789,61030000,3.85%,20.69%,-6.21%,165,120.69,2.96%,2021,55.9%
2021-08-27,AVGO,Equity,45.06745910644531,16459000,2.1%,18.46%,0.0%,165,118.46,1.21%,2021,61.13%
2021-08-27,INTC,Equity,49.63597869873047,16525000,1.43%,10.54%,-20.05%,165,110.54,0.54%,2021,6.37%
2021-08-27,NVDA,Equity,22.532758712768555,304722000,2.57%,72.72%,0.0%,165,172.72,1.68%,2021,124.48%
2021-08-27,SPY,Benchmark,419.7750549316406,77235100,0.89%,22.89%,0.0%,165,122.89,0.0%,2021,30.51%
2021-08-27,TSM,Equity,108.9317626953125,6827700,0.33%,6.89%,-14.75%,165,106.89,-0.56%,2021,9.43%
2021-08-30,AMD,Equity,111.31999969482422,56130500,-0.07%,20.61%,-6.27%,166,120.61,-0.51%,2021,55.9%
2021-08-30,AVGO,Equity,45.335533142089844,19614000,0.59%,19.17%,0.0%,166,119.17,0.16%,2021,61.13%
2021-08-30,INTC,Equity,49.682037353515625,14581300,0.09%,10.64%,-19.98%,166,110.64,-0.35%,2021,6.37%
2021-08-30,NVDA,Equity,22.584524154663086,262580000,0.23%,73.11%,0.0%,166,173.11,-0.21%,2021,124.48%
2021-08-30,SPY,Benchmark,421.6211242675781,48357400,0.44%,23.43%,0.0%,166,123.43,0.0%,2021,30.51%
2021-08-30,TSM,Equity,109.39143371582031,6434200,0.42%,7.34%,-14.39%,166,107.34,-0.02%,2021,9.43%
2021-08-31,AMD,Equity,110.72000122070312,49339000,-0.54%,19.96%,-6.78%,167,119.96,-0.39%,2021,55.9%
2021-08-31,AVGO,Equity,45.18286895751953,17378000,-0.34%,18.77%,-0.34%,167,118.77,-0.19%,2021,61.13%
2021-08-31,INTC,Equity,49.792572021484375,22350100,0.22%,10.89%,-19.8%,167,110.89,0.37%,2021,6.37%
2021-08-31,NVDA,Equity,22.286832809448242,259850000,-1.32%,70.83%,-1.32%,167,170.83,-1.17%,2021,124.48%
2021-08-31,SPY,Benchmark,420.99639892578125,59300200,-0.15%,23.25%,-0.15%,167,123.25,0.0%,2021,30.51%
2021-08-31,TSM,Equity,109.40982818603516,8424900,0.02%,7.36%,-14.38%,167,107.36,0.16%,2021,9.43%
2021-09-01,AMD,Equity,109.98999786376953,38579600,-0.66%,19.17%,-7.39%,168,119.17,-0.71%,2021,55.9%
2021-09-01,AVGO,Equity,44.8148307800293,12586000,-0.81%,17.8%,-1.15%,168,117.8,-0.87%,2021,61.13%
2021-09-01,INTC,Equity,49.433345794677734,18615000,-0.72%,10.09%,-20.38%,168,110.09,-0.77%,2021,6.37%
2021-09-01,NVDA,Equity,22.342592239379883,201767000,0.25%,71.26%,-1.07%,168,171.26,0.2%,2021,124.48%
2021-09-01,SPY,Benchmark,421.22021484375,48721400,0.05%,23.31%,-0.1%,168,123.31,0.0%,2021,30.51%
2021-09-01,TSM,Equity,110.74285125732422,8603900,1.22%,8.66%,-13.33%,168,108.66,1.17%,2021,9.43%
2021-09-02,AMD,Equity,109.19999694824219,40090500,-0.72%,18.31%,-8.06%,169,118.31,-1.03%,2021,55.9%
2021-09-02,AVGO,Equity,44.7003288269043,16991000,-0.26%,17.5%,-1.4%,169,117.5,-0.56%,2021,61.13%
2021-09-02,INTC,Equity,49.48860549926758,15869500,0.11%,10.21%,-20.29%,169,110.21,-0.2%,2021,6.37%
2021-09-02,NVDA,Equity,22.297786712646484,187834000,-0.2%,70.91%,-1.27%,169,170.91,-0.51%,2021,124.48%
2021-09-02,SPY,Benchmark,422.5161437988281,42501000,0.31%,23.69%,0.0%,169,123.69,0.0%,2021,30.51%
2021-09-02,TSM,Equity,111.04621124267578,6866400,0.27%,8.96%,-13.1%,169,108.96,-0.03%,2021,9.43%
2021-09-03,AMD,Equity,109.91999816894531,42605800,0.66%,19.09%,-7.45%,170,119.09,0.68%,2021,55.9%
2021-09-03,AVGO,Equity,45.22557830810547,25191000,1.18%,18.88%,-0.24%,170,118.88,1.2%,2021,61.13%
2021-09-03,INTC,Equity,49.28597640991211,13456200,-0.41%,9.76%,-20.61%,170,109.76,-0.39%,2021,6.37%
2021-09-03,NVDA,Equity,22.742826461791992,280532000,2.0%,74.33%,0.0%,170,174.33,2.02%,2021,124.48%
2021-09-03,SPY,Benchmark,422.41357421875,47170500,-0.02%,23.66%,-0.02%,170,123.66,0.0%,2021,30.51%
2021-09-03,TSM,Equity,113.9697036743164,10361400,2.63%,11.83%,-10.81%,170,111.83,2.66%,2021,9.43%
2021-09-07,AMD,Equity,109.1500015258789,28815200,-0.7%,18.26%,-8.1%,171,118.26,-0.34%,2021,55.9%
2021-09-07,AVGO,Equity,45.126522064208984,12398000,-0.22%,18.62%,-0.46%,171,118.62,0.14%,2021,61.13%
2021-09-07,INTC,Equity,49.41493606567383,13915000,0.26%,10.05%,-20.41%,171,110.05,0.62%,2021,6.37%
2021-09-07,NVDA,Equity,22.562618255615234,198107000,-0.79%,72.94%,-0.79%,171,172.94,-0.43%,2021,124.48%
2021-09-07,SPY,Benchmark,420.90325927734375,51671500,-0.36%,23.22%,-0.38%,171,123.22,0.0%,2021,30.51%
2021-09-07,TSM,Equity,114.64081573486328,9739900,0.59%,12.49%,-10.28%,171,112.49,0.95%,2021,9.43%
2021-09-08,AMD,Equity,106.16999816894531,43067900,-2.73%,15.03%,-10.61%,172,115.03,-2.61%,2021,55.9%
2021-09-08,AVGO,Equity,44.92570114135742,13987000,-0.45%,18.09%,-0.9%,172,118.09,-0.32%,2021,61.13%
2021-09-08,INTC,Equity,49.34124755859375,18235100,-0.15%,9.88%,-20.52%,172,109.88,-0.03%,2021,6.37%
2021-09-08,NVDA,Equity,22.241037368774414,254434000,-1.43%,70.48%,-2.21%,172,170.48,-1.3%,2021,124.48%
2021-09-08,SPY,Benchmark,420.3905029296875,56181900,-0.12%,23.07%,-0.5%,172,123.07,0.0%,2021,30.51%
2021-09-08,TSM,Equity,112.05747985839844,7983300,-2.25%,9.95%,-12.3%,172,109.95,-2.13%,2021,9.43%
2021-09-09,AMD,Equity,106.1500015258789,31857900,-0.02%,15.01%,-10.63%,173,115.01,0.41%,2021,55.9%
2021-09-09,AVGO,Equity,44.844818115234375,13174000,-0.18%,17.88%,-1.08%,173,117.88,0.25%,2021,61.13%
2021-09-09,INTC,Equity,49.184661865234375,13495800,-0.32%,9.54%,-20.78%,173,109.54,0.11%,2021,6.37%
2021-09-09,NVDA,Equity,22.079742431640625,196856000,-0.73%,69.24%,-2.92%,173,169.24,-0.3%,2021,124.48%
2021-09-09,SPY,Benchmark,418.5910949707031,57970400,-0.43%,22.54%,-0.93%,173,122.54,0.0%,2021,30.51%
2021-09-09,TSM,Equity,112.78376007080078,5101300,0.65%,10.67%,-11.74%,173,110.67,1.08%,2021,9.43%
2021-09-10,AMD,Equity,105.19999694824219,32602300,-0.89%,13.98%,-11.43%,174,113.98,-0.11%,2021,55.9%
2021-09-10,AVGO,Equity,45.268287658691406,16110000,0.94%,18.99%,-0.15%,174,118.99,1.73%,2021,61.13%
2021-09-10,INTC,Equity,49.58993148803711,20324700,0.82%,10.44%,-20.12%,174,110.44,1.61%,2021,6.37%
2021-09-10,NVDA,Equity,22.379426956176758,248376000,1.36%,71.54%,-1.6%,174,171.54,2.15%,2021,124.48%
2021-09-10,SPY,Benchmark,415.2906494140625,89948200,-0.79%,21.58%,-1.71%,174,121.58,0.0%,2021,30.51%
2021-09-10,TSM,Equity,113.05038452148438,5163900,0.24%,10.93%,-11.53%,174,110.93,1.02%,2021,9.43%
2021-09-13,AMD,Equity,104.80000305175781,37767800,-0.38%,13.54%,-11.76%,175,113.54,-0.64%,2021,55.9%
2021-09-13,AVGO,Equity,45.341896057128906,14927000,0.16%,19.18%,0.0%,175,119.18,-0.09%,2021,61.13%
2021-09-13,INTC,Equity,50.64915466308594,22639200,2.14%,12.8%,-18.42%,175,112.8,1.88%,2021,6.37%
2021-09-13,NVDA,Equity,22.05485725402832,297500000,-1.45%,69.05%,-3.02%,175,169.05,-1.71%,2021,124.48%
2021-09-13,SPY,Benchmark,416.3534851074219,83738600,0.26%,21.89%,-1.46%,175,121.89,0.0%,2021,30.51%
2021-09-13,TSM,Equity,113.64795684814453,6622800,0.53%,11.51%,-11.06%,175,111.51,0.27%,2021,9.43%
2021-09-14,AMD,Equity,105.7300033569336,40629500,0.89%,14.55%,-10.98%,176,114.55,1.43%,2021,55.9%
2021-09-14,AVGO,Equity,45.60633850097656,14134000,0.58%,19.88%,0.0%,176,119.88,1.12%,2021,61.13%
2021-09-14,INTC,Equity,50.21626281738281,22072700,-0.85%,11.83%,-19.11%,176,111.83,-0.32%,2021,6.37%
2021-09-14,NVDA,Equity,22.14446449279785,199755000,0.41%,69.74%,-2.63%,176,169.74,0.95%,2021,124.48%
2021-09-14,SPY,Benchmark,414.106689453125,78197100,-0.54%,21.23%,-1.99%,176,121.23,0.0%,2021,30.51%
2021-09-14,TSM,Equity,113.16068267822266,5110500,-0.43%,11.04%,-11.44%,176,111.04,0.11%,2021,9.43%
2021-09-15,AMD,Equity,105.5999984741211,37998900,-0.12%,14.41%,-11.09%,177,114.41,-0.96%,2021,55.9%
2021-09-15,AVGO,Equity,46.32149887084961,23346000,1.57%,21.76%,0.0%,177,121.76,0.73%,2021,61.13%
2021-09-15,INTC,Equity,50.768890380859375,18796200,1.1%,13.06%,-18.22%,177,113.06,0.27%,2021,6.37%
2021-09-15,NVDA,Equity,22.243026733398438,166538000,0.45%,70.49%,-2.2%,177,170.49,-0.39%,2021,124.48%
2021-09-15,SPY,Benchmark,417.5655517578125,78792200,0.84%,22.24%,-1.17%,177,122.24,0.0%,2021,30.51%
2021-09-15,TSM,Equity,111.69894409179688,5566500,-1.29%,9.6%,-12.58%,177,109.6,-2.13%,2021,9.43%
2021-09-16,AMD,Equity,106.22000122070312,38150300,0.59%,15.08%,-10.57%,178,115.08,0.75%,2021,55.9%
2021-09-16,AVGO,Equity,46.104312896728516,17569000,-0.47%,21.19%,-0.47%,178,121.19,-0.31%,2021,61.13%
2021-09-16,INTC,Equity,50.50179672241211,19863100,-0.53%,12.47%,-18.65%,178,112.47,-0.37%,2021,6.37%
2021-09-16,NVDA,Equity,22.14446449279785,156033000,-0.44%,69.74%,-2.63%,178,169.74,-0.28%,2021,124.48%
2021-09-16,SPY,Benchmark,416.903564453125,77786700,-0.16%,22.05%,-1.33%,178,122.05,0.0%,2021,30.51%
2021-09-16,TSM,Equity,111.50232696533203,7301400,-0.18%,9.41%,-12.74%,178,109.41,-0.02%,2021,9.43%
2021-09-17,AMD,Equity,103.87999725341797,44528300,-2.2%,12.55%,-12.54%,179,112.55,-1.23%,2021,55.9%
2021-09-17,AVGO,Equity,45.98164749145508,34470000,-0.27%,20.87%,-0.73%,179,120.87,0.71%,2021,61.13%
2021-09-17,INTC,Equity,49.976776123046875,35359200,-1.04%,11.3%,-19.5%,179,111.3,-0.07%,2021,6.37%
2021-09-17,NVDA,Equity,21.80396270751953,294503000,-1.54%,67.13%,-4.13%,179,167.13,-0.56%,2021,124.48%
2021-09-17,SPY,Benchmark,412.842529296875,118425000,-0.97%,20.86%,-2.29%,179,120.86,0.0%,2021,30.51%
2021-09-17,TSM,Equity,108.69609069824219,10722700,-2.52%,6.66%,-14.93%,179,106.66,-1.54%,2021,9.43%
2021-09-20,AMD,Equity,101.55000305175781,45228400,-2.24%,10.02%,-14.5%,180,110.02,-0.58%,2021,55.9%
2021-09-20,AVGO,Equity,44.9656867980957,30105000,-2.21%,18.2%,-2.93%,180,118.2,-0.54%,2021,61.13%
2021-09-20,INTC,Equity,48.79782485961914,35051900,-2.36%,8.67%,-21.4%,180,108.67,-0.69%,2021,6.37%
2021-09-20,NVDA,Equity,21.020408630371094,349440000,-3.59%,61.12%,-7.57%,180,161.12,-1.93%,2021,124.48%
2021-09-20,SPY,Benchmark,405.9586486816406,166445500,-1.67%,18.84%,-3.92%,180,118.84,0.0%,2021,30.51%
2021-09-20,TSM,Equity,105.88059997558594,8991000,-2.59%,3.89%,-17.14%,180,103.89,-0.92%,2021,9.43%
2021-09-21,AMD,Equity,102.81999969482422,35481500,1.25%,11.4%,-13.43%,181,111.4,1.35%,2021,55.9%
2021-09-21,AVGO,Equity,44.94462585449219,16935000,-0.05%,18.14%,-2.97%,181,118.14,0.05%,2021,61.13%
2021-09-21,INTC,Equity,48.696502685546875,17968900,-0.21%,8.45%,-21.56%,181,108.45,-0.11%,2021,6.37%
2021-09-21,NVDA,Equity,21.152828216552734,204688000,0.63%,62.14%,-6.99%,181,162.14,0.72%,2021,124.48%
2021-09-21,SPY,Benchmark,405.5751647949219,92526100,-0.09%,18.73%,-4.01%,181,118.73,0.0%,2021,30.51%
2021-09-21,TSM,Equity,106.1206283569336,8182200,0.23%,4.13%,-16.95%,181,104.13,0.32%,2021,9.43%
2021-09-22,AMD,Equity,104.37999725341797,34126300,1.52%,13.09%,-12.12%,182,113.09,0.54%,2021,55.9%
2021-09-22,AVGO,Equity,45.82339096069336,20610000,1.96%,20.45%,-1.08%,182,120.45,0.98%,2021,61.13%
2021-09-22,INTC,Equity,49.276771545410156,18594100,1.19%,9.74%,-20.63%,182,109.74,0.22%,2021,6.37%
2021-09-22,NVDA,Equity,21.84478187561035,268726000,3.27%,67.44%,-3.95%,182,167.44,2.3%,2021,124.48%
2021-09-22,SPY,Benchmark,409.531494140625,102350100,0.98%,19.89%,-3.07%,182,119.89,0.0%,2021,30.51%
2021-09-22,TSM,Equity,106.96061706542969,5345600,0.79%,4.95%,-16.29%,182,104.95,-0.18%,2021,9.43%
2021-09-23,AMD,Equity,106.1500015258789,32816700,1.7%,15.01%,-10.63%,183,115.01,0.48%,2021,55.9%
2021-09-23,AVGO,Equity,46.16300582885742,18370000,0.74%,21.34%,-0.34%,183,121.34,-0.47%,2021,61.13%
2021-09-23,INTC,Equity,49.76493453979492,16474300,0.99%,10.83%,-19.84%,183,110.83,-0.22%,2021,6.37%
2021-09-23,NVDA,Equity,22.383407592773438,248555000,2.47%,71.57%,-1.58%,183,171.57,1.25%,2021,124.48%
2021-09-23,SPY,Benchmark,414.5073547363281,76396000,1.22%,21.35%,-1.9%,183,121.35,0.0%,2021,30.51%
2021-09-23,TSM,Equity,107.25602722167969,5484700,0.28%,5.24%,-16.06%,183,105.24,-0.94%,2021,9.43%
2021-09-24,AMD,Equity,105.80000305175781,26482600,-0.33%,14.63%,-10.92%,184,114.63,-0.49%,2021,55.9%
2021-09-24,AVGO,Equity,46.21976089477539,10605000,0.12%,21.49%,-0.22%,184,121.49,-0.04%,2021,61.13%
2021-09-24,INTC,Equity,49.93994140625,12976200,0.35%,11.22%,-19.56%,184,111.22,0.19%,2021,6.37%
2021-09-24,NVDA,Equity,21.984167098999023,217655000,-1.78%,68.51%,-3.34%,184,168.51,-1.95%,2021,124.48%
2021-09-24,SPY,Benchmark,415.1901550292969,62094800,0.16%,21.55%,-1.73%,184,121.55,0.0%,2021,30.51%
2021-09-24,TSM,Equity,106.74832153320312,4455900,-0.47%,4.74%,-16.46%,184,104.74,-0.64%,2021,9.43%
2021-09-27,AMD,Equity,108.16000366210938,51944300,2.23%,17.18%,-8.93%,185,117.18,2.52%,2021,55.9%
2021-09-27,AVGO,Equity,46.21335220336914,9831000,-0.01%,21.48%,-0.23%,185,121.48,0.27%,2021,61.13%
2021-09-27,INTC,Equity,50.34519958496094,13899900,0.81%,12.12%,-18.91%,185,112.12,1.1%,2021,6.37%
2021-09-27,NVDA,Equity,21.56501007080078,245215000,-1.91%,65.3%,-5.18%,185,165.3,-1.62%,2021,124.48%
2021-09-27,SPY,Benchmark,414.0022888183594,61371100,-0.29%,21.2%,-2.02%,185,121.2,0.0%,2021,30.51%
2021-09-27,TSM,Equity,107.21910858154297,5198800,0.44%,5.21%,-16.09%,185,105.21,0.73%,2021,9.43%
2021-09-28,AMD,Equity,101.5199966430664,74469000,-6.14%,9.99%,-14.52%,186,109.99,-4.12%,2021,55.9%
2021-09-28,AVGO,Equity,44.9473762512207,20124000,-2.74%,18.15%,-2.97%,186,118.15,-0.72%,2021,61.13%
2021-09-28,INTC,Equity,49.737300872802734,24691300,-1.21%,10.77%,-19.89%,186,110.77,0.81%,2021,6.37%
2021-09-28,NVDA,Equity,20.608224868774414,343069000,-4.44%,57.96%,-9.39%,186,157.96,-2.42%,2021,124.48%
2021-09-28,SPY,Benchmark,405.6593933105469,130436300,-2.02%,18.76%,-3.99%,186,118.76,0.0%,2021,30.51%
2021-09-28,TSM,Equity,103.2958984375,9792300,-3.66%,1.36%,-19.16%,186,101.36,-1.64%,2021,9.43%
2021-09-29,AMD,Equity,100.3499984741211,52224700,-1.15%,8.72%,-15.51%,187,108.72,-1.32%,2021,55.9%
2021-09-29,AVGO,Equity,44.8064079284668,15783000,-0.31%,17.78%,-3.27%,187,117.78,-0.48%,2021,61.13%
2021-09-29,INTC,Equity,49.26756286621094,20514300,-0.94%,9.72%,-20.64%,187,109.72,-1.11%,2021,6.37%
2021-09-29,NVDA,Equity,20.42702865600586,218394000,-0.88%,56.57%,-10.18%,187,156.57,-1.05%,2021,124.48%
2021-09-29,SPY,Benchmark,406.3421630859375,82329200,0.17%,18.96%,-3.83%,187,118.96,0.0%,2021,30.51%
2021-09-29,TSM,Equity,103.03742218017578,6522400,-0.25%,1.1%,-19.36%,187,101.1,-0.42%,2021,9.43%
2021-09-30,AMD,Equity,102.9000015258789,57636700,2.54%,11.48%,-13.36%,188,111.48,3.76%,2021,55.9%
2021-09-30,AVGO,Equity,44.389892578125,15735000,-0.93%,16.68%,-4.17%,188,116.68,0.29%,2021,61.13%
2021-09-30,INTC,Equity,49.07413864135742,20534100,-0.39%,9.29%,-20.95%,188,109.29,0.83%,2021,6.37%
2021-09-30,NVDA,Equity,20.62514877319336,221009000,0.97%,58.09%,-9.31%,188,158.09,2.19%,2021,124.48%
2021-09-30,SPY,Benchmark,401.3756408691406,140506000,-1.22%,17.5%,-5.0%,188,117.5,0.0%,2021,30.51%
2021-09-30,TSM,Equity,103.06511688232422,6433400,0.03%,1.13%,-19.34%,188,101.13,1.25%,2021,9.43%
2021-10-01,AMD,Equity,102.44999694824219,41491600,-0.44%,11.0%,-13.74%,189,111.0,-1.63%,2021,55.9%
2021-10-01,AVGO,Equity,44.61143493652344,16052000,0.5%,17.26%,-3.69%,189,117.26,-0.69%,2021,61.13%
2021-10-01,INTC,Equity,49.60835266113281,19895100,1.09%,10.48%,-20.09%,189,110.48,-0.1%,2021,6.37%
2021-10-01,NVDA,Equity,20.651039123535156,240978000,0.13%,58.29%,-9.2%,189,158.29,-1.06%,2021,124.48%
2021-10-01,SPY,Benchmark,406.14569091796875,129240100,1.19%,18.9%,-3.87%,189,118.9,0.0%,2021,30.51%
2021-10-01,TSM,Equity,102.98202514648438,5315200,-0.08%,1.05%,-19.41%,189,101.05,-1.27%,2021,9.43%
2021-10-04,AMD,Equity,100.33999633789062,41967100,-2.06%,8.71%,-15.52%,190,108.71,-0.77%,2021,55.9%
2021-10-04,AVGO,Equity,43.56788635253906,20093000,-2.34%,14.52%,-5.94%,190,114.52,-1.05%,2021,61.13%
2021-10-04,INTC,Equity,49.24913787841797,27353300,-0.72%,9.68%,-20.67%,190,109.68,0.57%,2021,6.37%
2021-10-04,NVDA,Equity,19.645469665527344,345635000,-4.87%,50.58%,-13.62%,190,150.58,-3.58%,2021,124.48%
2021-10-04,SPY,Benchmark,400.9079895019531,128570000,-1.29%,17.37%,-5.11%,190,117.37,0.0%,2021,30.51%
2021-10-04,TSM,Equity,100.63734436035156,8514500,-2.28%,-1.25%,-21.24%,190,98.75,-0.99%,2021,9.43%
2021-10-05,AMD,Equity,101.80999755859375,31455200,1.47%,10.3%,-14.28%,191,110.3,0.42%,2021,55.9%
2021-10-05,AVGO,Equity,44.43476104736328,16557000,1.99%,16.8%,-4.07%,191,116.8,0.95%,2021,61.13%
2021-10-05,INTC,Equity,49.691253662109375,18129400,0.9%,10.66%,-19.96%,191,110.66,-0.14%,2021,6.37%
2021-10-05,NVDA,Equity,20.361318588256836,279282000,3.64%,56.07%,-10.47%,191,156.07,2.6%,2021,124.48%
2021-10-05,SPY,Benchmark,405.0794677734375,90682500,1.04%,18.59%,-4.13%,191,118.59,0.0%,2021,30.51%
2021-10-05,TSM,Equity,100.85888671875,8039600,0.22%,-1.03%,-21.07%,191,98.97,-0.82%,2021,9.43%
2021-10-06,AMD,Equity,103.63999938964844,39071700,1.8%,12.29%,-12.74%,192,112.29,1.38%,2021,55.9%
2021-10-06,AVGO,Equity,44.74232864379883,12042000,0.69%,17.61%,-3.41%,192,117.61,0.28%,2021,61.13%
2021-10-06,INTC,Equity,49.71887969970703,20059600,0.06%,10.73%,-19.92%,192,110.73,-0.36%,2021,6.37%
2021-10-06,NVDA,Equity,20.609222412109375,297202000,1.22%,57.97%,-9.38%,192,157.97,0.8%,2021,124.48%
2021-10-06,SPY,Benchmark,406.7630615234375,113032200,0.42%,19.08%,-3.73%,192,119.08,0.0%,2021,30.51%
2021-10-06,TSM,Equity,100.93273162841797,7553600,0.07%,-0.96%,-21.01%,192,99.04,-0.34%,2021,9.43%
2021-10-07,AMD,Equity,106.44999694824219,41543100,2.71%,15.33%,-10.37%,193,115.33,1.85%,2021,55.9%
2021-10-07,AVGO,Equity,45.21284103393555,13261000,1.05%,18.85%,-2.39%,193,118.85,0.19%,2021,61.13%
2021-10-07,INTC,Equity,49.90309524536133,20704400,0.37%,11.14%,-19.62%,193,111.14,-0.49%,2021,6.37%
2021-10-07,NVDA,Equity,20.98258399963379,256919000,1.81%,60.83%,-7.74%,193,160.83,0.95%,2021,124.48%
2021-10-07,SPY,Benchmark,410.27978515625,72437500,0.86%,20.11%,-2.9%,193,120.11,0.0%,2021,30.51%
2021-10-07,TSM,Equity,102.30817413330078,7821900,1.36%,0.39%,-19.93%,193,100.39,0.5%,2021,9.43%
2021-10-08,AMD,Equity,105.05999755859375,30623000,-1.31%,13.82%,-11.54%,194,113.82,-1.12%,2021,55.9%
2021-10-08,AVGO,Equity,45.114891052246094,10279000,-0.22%,18.59%,-2.6%,194,118.59,-0.03%,2021,61.13%
2021-10-08,INTC,Equity,49.56230545043945,16068000,-0.68%,10.38%,-20.17%,194,110.38,-0.5%,2021,6.37%
2021-10-08,NVDA,Equity,20.739648818969727,151258000,-1.16%,58.97%,-8.81%,194,158.97,-0.98%,2021,124.48%
2021-10-08,SPY,Benchmark,409.531494140625,74557400,-0.18%,19.89%,-3.07%,194,119.89,0.0%,2021,30.51%
2021-10-08,TSM,Equity,101.57889556884766,5143400,-0.71%,-0.33%,-20.5%,194,99.67,-0.53%,2021,9.43%
2021-10-11,AMD,Equity,104.68000030517578,31284400,-0.36%,13.41%,-11.86%,195,113.41,0.36%,2021,55.9%
2021-10-11,AVGO,Equity,45.068206787109375,11186000,-0.1%,18.47%,-2.71%,195,118.47,0.62%,2021,61.13%
2021-10-11,INTC,Equity,49.22150421142578,14398800,-0.69%,9.62%,-20.72%,195,109.62,0.04%,2021,6.37%
2021-10-11,NVDA,Equity,20.604246139526367,163388000,-0.65%,57.93%,-9.4%,195,157.93,0.07%,2021,124.48%
2021-10-11,SPY,Benchmark,406.5666809082031,65233300,-0.72%,19.02%,-3.77%,195,119.02,0.0%,2021,30.51%
2021-10-11,TSM,Equity,101.7820053100586,5318500,0.2%,-0.13%,-20.35%,195,99.87,0.92%,2021,9.43%
2021-10-12,AMD,Equity,105.04000091552734,34039900,0.34%,13.8%,-11.56%,196,113.8,0.59%,2021,55.9%
2021-10-12,AVGO,Equity,44.421932220458984,20991000,-1.43%,16.77%,-4.1%,196,116.77,-1.19%,2021,61.13%
2021-10-12,INTC,Equity,48.0517578125,32784300,-2.38%,7.01%,-22.6%,196,107.01,-2.13%,2021,6.37%
2021-10-12,NVDA,Equity,20.580350875854492,162134000,-0.12%,57.75%,-9.51%,196,157.75,0.13%,2021,124.48%
2021-10-12,SPY,Benchmark,405.56585693359375,71181200,-0.25%,18.73%,-4.01%,196,118.73,0.0%,2021,30.51%
2021-10-12,TSM,Equity,100.80349731445312,9294600,-0.96%,-1.09%,-21.11%,196,98.91,-0.72%,2021,9.43%
2021-10-13,AMD,Equity,109.16000366210938,55631900,3.92%,18.27%,-8.09%,197,118.27,3.56%,2021,55.9%
2021-10-13,AVGO,Equity,44.3972282409668,16424000,-0.06%,16.7%,-4.15%,197,116.7,-0.42%,2021,61.13%
2021-10-13,INTC,Equity,48.13465118408203,18534000,0.17%,7.2%,-22.47%,197,107.2,-0.19%,2021,6.37%
2021-10-13,NVDA,Equity,20.847179412841797,180652000,1.3%,59.8%,-8.34%,197,159.8,0.94%,2021,124.48%
2021-10-13,SPY,Benchmark,407.0249328613281,72974000,0.36%,19.16%,-3.67%,197,119.16,0.0%,2021,30.51%
2021-10-13,TSM,Equity,101.52352142333984,7845100,0.71%,-0.38%,-20.55%,197,99.62,0.35%,2021,9.43%
2021-10-14,AMD,Equity,111.98999786376953,46900200,2.59%,21.33%,-5.71%,198,121.33,0.91%,2021,55.9%
2021-10-14,AVGO,Equity,45.5496940612793,19233000,2.6%,19.73%,-1.67%,198,119.73,0.91%,2021,61.13%
2021-10-14,INTC,Equity,49.645198822021484,26586700,3.14%,10.56%,-20.03%,198,110.56,1.46%,2021,6.37%
2021-10-14,NVDA,Equity,21.650636672973633,243589000,3.85%,65.95%,-4.8%,198,165.95,2.17%,2021,124.48%
2021-10-14,SPY,Benchmark,413.8713684082031,70236800,1.68%,21.16%,-2.05%,198,121.16,0.0%,2021,30.51%
2021-10-14,TSM,Equity,103.90512084960938,16930500,2.35%,1.95%,-18.68%,198,101.95,0.66%,2021,9.43%
2021-10-15,AMD,Equity,112.12000274658203,34203000,0.12%,21.47%,-5.6%,199,121.47,-0.65%,2021,55.9%
2021-10-15,AVGO,Equity,46.06688690185547,25103000,1.14%,21.09%,-0.55%,199,121.09,0.37%,2021,61.13%
2021-10-15,INTC,Equity,50.16099166870117,25231100,1.04%,11.71%,-19.2%,199,111.71,0.28%,2021,6.37%
2021-10-15,NVDA,Equity,21.766128540039062,226994000,0.53%,66.84%,-4.29%,199,166.84,-0.23%,2021,124.48%
2021-10-15,SPY,Benchmark,417.0232849121094,66260200,0.76%,22.08%,-1.3%,199,122.08,0.0%,2021,30.51%
2021-10-15,TSM,Equity,106.0282974243164,11558800,2.04%,4.04%,-17.02%,199,104.04,1.28%,2021,9.43%
2021-10-18,AMD,Equity,116.43000030517578,47537800,3.84%,26.14%,-1.97%,200,126.14,3.55%,2021,55.9%
2021-10-18,AVGO,Equity,46.07696533203125,16042000,0.02%,21.12%,-0.53%,200,121.12,-0.27%,2021,61.13%
2021-10-18,INTC,Equity,50.17020797729492,22407600,0.02%,11.73%,-19.19%,200,111.73,-0.28%,2021,6.37%
2021-10-18,NVDA,Equity,22.124547958374023,189494000,1.65%,69.59%,-2.72%,200,169.59,1.35%,2021,124.48%
2021-10-18,SPY,Benchmark,418.2578430175781,62213200,0.3%,22.44%,-1.01%,200,122.44,0.0%,2021,30.51%
2021-10-18,TSM,Equity,106.47138214111328,6773800,0.42%,4.47%,-16.68%,200,104.47,0.12%,2021,9.43%
2021-10-19,AMD,Equity,116.33000183105469,39593900,-0.09%,26.03%,-2.05%,201,126.03,-0.86%,2021,55.9%
2021-10-19,AVGO,Equity,46.720489501953125,16383000,1.4%,22.81%,0.0%,201,122.81,0.63%,2021,61.13%
2021-10-19,INTC,Equity,50.85178756713867,18392900,1.36%,13.25%,-18.09%,201,113.25,0.59%,2021,6.37%
2021-10-19,NVDA,Equity,22.192249298095703,161473000,0.31%,70.11%,-2.42%,201,170.11,-0.47%,2021,124.48%
2021-10-19,SPY,Benchmark,421.4847106933594,46996800,0.77%,23.39%,-0.24%,201,123.39,0.0%,2021,30.51%
2021-10-19,TSM,Equity,107.96682739257812,5406100,1.4%,5.94%,-15.51%,201,105.94,0.63%,2021,9.43%
2021-10-20,AMD,Equity,116.38999938964844,34244800,0.05%,26.1%,-2.0%,202,126.1,-0.34%,2021,55.9%
2021-10-20,AVGO,Equity,46.62893295288086,13458000,-0.2%,22.57%,-0.2%,202,122.57,-0.59%,2021,61.13%
2021-10-20,INTC,Equity,50.99916076660156,16850300,0.29%,13.58%,-17.85%,202,113.58,-0.1%,2021,6.37%
2021-10-20,NVDA,Equity,22.00606918334961,146276000,-0.84%,68.68%,-3.24%,202,168.68,-1.23%,2021,124.48%
2021-10-20,SPY,Benchmark,423.1401672363281,49571600,0.39%,23.87%,0.0%,202,123.87,0.0%,2021,30.51%
2021-10-20,TSM,Equity,106.70215606689453,8205800,-1.17%,4.7%,-16.49%,202,104.7,-1.56%,2021,9.43%
2021-10-21,AMD,Equity,119.33000183105469,34794900,2.53%,29.28%,0.0%,203,129.28,2.27%,2021,55.9%
2021-10-21,AVGO,Equity,47.064666748046875,11787000,0.93%,23.71%,0.0%,203,123.71,0.67%,2021,61.13%
2021-10-21,INTC,Equity,51.57942581176758,38390900,1.14%,14.87%,-16.92%,203,114.87,0.88%,2021,6.37%
2021-10-21,NVDA,Equity,22.592487335205078,187590000,2.66%,73.17%,-0.66%,203,173.17,2.4%,2021,124.48%
2021-10-21,SPY,Benchmark,424.24383544921875,41305400,0.26%,24.2%,0.0%,203,124.2,0.0%,2021,30.51%
2021-10-21,TSM,Equity,107.34834289550781,4640300,0.61%,5.33%,-15.99%,203,105.33,0.34%,2021,9.43%
2021-10-22,AMD,Equity,119.81999969482422,38992700,0.41%,29.82%,0.0%,204,129.82,0.51%,2021,55.9%
2021-10-22,AVGO,Equity,47.179996490478516,15367000,0.25%,24.02%,0.0%,204,124.02,0.35%,2021,61.13%
2021-10-22,INTC,Equity,45.555686950683594,109971900,-11.68%,1.45%,-26.62%,204,101.45,-11.57%,2021,6.37%
2021-10-22,NVDA,Equity,22.626340866088867,249384000,0.15%,73.43%,-0.51%,204,173.43,0.25%,2021,124.48%
2021-10-22,SPY,Benchmark,423.80426025390625,58845100,-0.1%,24.07%,-0.1%,204,124.07,0.0%,2021,30.51%
2021-10-22,TSM,Equity,105.44672393798828,6283000,-1.77%,3.47%,-17.48%,204,103.47,-1.67%,2021,9.43%
2021-10-25,AMD,Equity,122.36000061035156,47834100,2.12%,32.57%,0.0%,205,132.57,1.58%,2021,55.9%
2021-10-25,AVGO,Equity,47.78965759277344,12416000,1.29%,25.62%,0.0%,205,125.62,0.76%,2021,61.13%
2021-10-25,INTC,Equity,45.50962829589844,43178800,-0.1%,1.35%,-26.7%,205,101.35,-0.64%,2021,6.37%
2021-10-25,NVDA,Equity,23.064414978027344,230235000,1.94%,76.79%,0.0%,205,176.79,1.4%,2021,124.48%
2021-10-25,SPY,Benchmark,426.0770263671875,45214500,0.54%,24.73%,0.0%,205,124.73,0.0%,2021,30.51%
2021-10-25,TSM,Equity,104.90210723876953,6667700,-0.52%,2.93%,-17.9%,205,102.93,-1.05%,2021,9.43%
2021-10-26,AMD,Equity,122.93000030517578,59458900,0.47%,33.19%,0.0%,206,133.19,0.38%,2021,55.9%
2021-10-26,AVGO,Equity,48.86981964111328,24043000,2.26%,28.46%,0.0%,206,128.46,2.17%,2021,61.13%
2021-10-26,INTC,Equity,44.46883010864258,68405400,-2.29%,-0.97%,-28.37%,206,99.03,-2.38%,2021,6.37%
2021-10-26,NVDA,Equity,24.608604431152344,485898000,6.7%,88.63%,0.0%,206,188.63,6.61%,2021,124.48%
2021-10-26,SPY,Benchmark,426.4604797363281,56075100,0.09%,24.85%,0.0%,206,124.85,0.0%,2021,30.51%
2021-10-26,TSM,Equity,105.40058135986328,4852300,0.48%,3.42%,-17.51%,206,103.42,0.39%,2021,9.43%
2021-10-27,AMD,Equity,122.27999877929688,98245300,-0.53%,32.48%,-0.53%,207,132.48,-0.09%,2021,55.9%
2021-10-27,AVGO,Equity,47.88485336303711,23500000,-2.02%,25.87%,-2.02%,207,125.87,-1.57%,2021,61.13%
2021-10-27,INTC,Equity,44.109622955322266,41081500,-0.81%,-1.77%,-28.95%,207,98.23,-0.36%,2021,6.37%
2021-10-27,NVDA,Equity,24.343778610229492,245990000,-1.08%,86.6%,-1.08%,207,186.6,-0.63%,2021,124.48%
2021-10-27,SPY,Benchmark,424.5712585449219,72438000,-0.44%,24.29%,-0.44%,207,124.29,0.0%,2021,30.51%
2021-10-27,TSM,Equity,105.00364685058594,5394500,-0.38%,3.03%,-17.82%,207,103.03,0.07%,2021,9.43%
2021-10-28,AMD,Equity,121.16000366210938,58002500,-0.92%,31.27%,-1.44%,208,131.27,-1.88%,2021,55.9%
2021-10-28,AVGO,Equity,48.4761962890625,11872000,1.23%,27.42%,-0.81%,208,127.42,0.27%,2021,61.13%
2021-10-28,INTC,Equity,44.28462219238281,31317200,0.4%,-1.38%,-28.67%,208,98.62,-0.57%,2021,6.37%
2021-10-28,NVDA,Equity,24.83162498474121,234204000,2.0%,90.34%,0.0%,208,190.34,1.04%,2021,124.48%
2021-10-28,SPY,Benchmark,428.6678466796875,51437900,0.96%,25.49%,0.0%,208,125.49,0.0%,2021,30.51%
2021-10-28,TSM,Equity,107.08987426757812,5714300,1.99%,5.08%,-16.19%,208,105.08,1.02%,2021,9.43%
2021-10-29,AMD,Equity,120.2300033569336,43320100,-0.77%,30.26%,-2.2%,209,130.26,-0.97%,2021,55.9%
2021-10-29,AVGO,Equity,48.66843032836914,15564000,0.4%,27.93%,-0.41%,209,127.93,0.19%,2021,61.13%
2021-10-29,INTC,Equity,45.131996154785156,42301000,1.91%,0.51%,-27.3%,209,100.51,1.71%,2021,6.37%
2021-10-29,NVDA,Equity,25.45488166809082,292503000,2.51%,95.11%,0.0%,209,195.11,2.31%,2021,124.48%
2021-10-29,SPY,Benchmark,429.5376892089844,70162400,0.2%,25.75%,0.0%,209,125.75,0.0%,2021,30.51%
2021-10-29,TSM,Equity,104.95748138427734,7118900,-1.99%,2.99%,-17.86%,209,102.99,-2.19%,2021,9.43%
2021-11-01,AMD,Equity,125.2300033569336,54559800,4.16%,35.68%,0.0%,210,135.68,3.99%,2021,55.9%
2021-11-01,AVGO,Equity,48.337059020996094,16896000,-0.68%,27.06%,-1.09%,210,127.06,-0.85%,2021,61.13%
2021-11-01,INTC,Equity,45.63858413696289,28013700,1.12%,1.64%,-26.49%,210,101.64,0.95%,2021,6.37%
2021-11-01,NVDA,Equity,25.713735580444336,265740000,1.02%,97.1%,0.0%,210,197.1,0.84%,2021,124.48%
2021-11-01,SPY,Benchmark,430.2764587402344,48433600,0.17%,25.96%,0.0%,210,125.96,0.0%,2021,30.51%
2021-11-01,TSM,Equity,105.3451919555664,4955700,0.37%,3.37%,-17.56%,210,103.37,0.2%,2021,9.43%
2021-11-02,AMD,Equity,127.62999725341797,53491900,1.92%,38.28%,0.0%,211,138.28,1.51%,2021,55.9%
2021-11-02,AVGO,Equity,49.16273880004883,16262000,1.71%,29.23%,0.0%,211,129.23,1.3%,2021,61.13%
2021-11-02,INTC,Equity,45.92411422729492,27193300,0.63%,2.27%,-26.03%,211,102.27,0.22%,2021,6.37%
2021-11-02,NVDA,Equity,26.28522300720215,294112000,2.22%,101.48%,0.0%,211,201.48,1.82%,2021,124.48%
2021-11-02,SPY,Benchmark,432.0162353515625,48908400,0.4%,26.47%,0.0%,211,126.47,0.0%,2021,30.51%
2021-11-02,TSM,Equity,105.3359603881836,4479700,-0.01%,3.36%,-17.56%,211,103.36,-0.41%,2021,9.43%
2021-11-03,AMD,Equity,130.52999877929688,59537800,2.27%,41.42%,0.0%,212,141.42,1.66%,2021,55.9%
2021-11-03,AVGO,Equity,49.647891998291016,14038000,0.99%,30.5%,0.0%,212,130.5,0.38%,2021,61.13%
2021-11-03,INTC,Equity,46.412269592285156,23962100,1.06%,3.36%,-25.24%,212,103.36,0.45%,2021,6.37%
2021-11-03,NVDA,Equity,26.481355667114258,239910000,0.75%,102.98%,0.0%,212,202.98,0.14%,2021,124.48%
2021-11-03,SPY,Benchmark,434.65380859375,52509800,0.61%,27.24%,0.0%,212,127.24,0.0%,2021,30.51%
2021-11-03,TSM,Equity,105.24363708496094,6073000,-0.09%,3.27%,-17.64%,212,103.27,-0.7%,2021,9.43%
2021-11-04,AMD,Equity,137.5,84825200,5.34%,48.97%,0.0%,213,148.97,4.87%,2021,55.9%
2021-11-04,AVGO,Equity,50.22000503540039,15956000,1.15%,32.01%,0.0%,213,132.01,0.68%,2021,61.13%
2021-11-04,INTC,Equity,46.66083526611328,24806000,0.54%,3.91%,-24.84%,213,103.91,0.06%,2021,6.37%
2021-11-04,NVDA,Equity,29.67031478881836,1153631000,12.04%,127.43%,0.0%,213,227.43,11.57%,2021,124.48%
2021-11-04,SPY,Benchmark,436.70208740234375,52847100,0.47%,27.84%,0.0%,213,127.84,0.0%,2021,30.51%
2021-11-04,TSM,Equity,108.73299407958984,14682800,3.32%,6.69%,-14.91%,213,106.69,2.84%,2021,9.43%
2021-11-05,AMD,Equity,136.33999633789062,64920600,-0.84%,47.71%,-0.84%,214,147.71,-1.19%,2021,55.9%
2021-11-05,AVGO,Equity,51.16285705566406,18674000,1.88%,34.49%,0.0%,214,134.49,1.53%,2021,61.13%
2021-11-05,INTC,Equity,47.226585388183594,36816200,1.21%,5.17%,-23.93%,214,105.17,0.87%,2021,6.37%
2021-11-05,NVDA,Equity,29.621530532836914,851260000,-0.16%,127.05%,-0.16%,214,227.05,-0.51%,2021,124.48%
2021-11-05,SPY,Benchmark,438.2172546386719,66390600,0.35%,28.29%,0.0%,214,128.29,0.0%,2021,30.51%
2021-11-05,TSM,Equity,108.74225616455078,8668100,0.01%,6.7%,-14.9%,214,106.7,-0.34%,2021,9.43%
2021-11-08,AMD,Equity,150.16000366210938,141493800,10.14%,62.69%,0.0%,215,162.69,10.05%,2021,55.9%
2021-11-08,AVGO,Equity,51.16560363769531,17231000,0.01%,34.49%,0.0%,215,134.49,-0.08%,2021,61.13%
2021-11-08,INTC,Equity,47.810890197753906,31647800,1.24%,6.48%,-22.99%,215,106.48,1.15%,2021,6.37%
2021-11-08,NVDA,Equity,30.668920516967773,503101000,3.54%,135.08%,0.0%,215,235.08,3.45%,2021,124.48%
2021-11-08,SPY,Benchmark,438.5913391113281,50405200,0.09%,28.4%,0.0%,215,128.4,0.0%,2021,30.51%
2021-11-08,TSM,Equity,111.61311340332031,15776300,2.64%,9.52%,-12.65%,215,109.52,2.55%,2021,9.43%
2021-11-09,AMD,Equity,148.9199981689453,98442600,-0.83%,61.34%,-0.83%,216,161.34,-0.5%,2021,55.9%
2021-11-09,AVGO,Equity,51.060333251953125,15838000,-0.21%,34.22%,-0.21%,216,134.22,0.12%,2021,61.13%
2021-11-09,INTC,Equity,47.48627853393555,22508400,-0.68%,5.75%,-23.51%,216,105.75,-0.35%,2021,6.37%
2021-11-09,NVDA,Equity,30.522560119628906,646746000,-0.48%,133.96%,-0.48%,216,233.96,-0.15%,2021,124.48%
2021-11-09,SPY,Benchmark,437.1416320800781,51149100,-0.33%,27.97%,-0.33%,216,127.97,0.0%,2021,30.51%
2021-11-09,TSM,Equity,112.41620635986328,10874100,0.72%,10.31%,-12.02%,216,110.31,1.05%,2021,9.43%
2021-11-10,AMD,Equity,139.8699951171875,82989200,-6.08%,51.54%,-6.85%,217,151.54,-5.27%,2021,55.9%
2021-11-10,AVGO,Equity,50.23374938964844,18450000,-1.62%,32.04%,-1.82%,217,132.04,-0.81%,2021,61.13%
2021-11-10,INTC,Equity,47.07819366455078,25040700,-0.86%,4.84%,-24.17%,217,104.84,-0.05%,2021,6.37%
2021-11-10,NVDA,Equity,29.32981300354004,636206000,-3.91%,124.82%,-4.37%,217,224.82,-3.1%,2021,124.48%
2021-11-10,SPY,Benchmark,433.6249084472656,69429700,-0.8%,26.94%,-1.13%,217,126.94,0.0%,2021,30.51%
2021-11-10,TSM,Equity,109.1114730834961,9046100,-2.94%,7.06%,-14.61%,217,107.06,-2.14%,2021,9.43%
2021-11-11,AMD,Equity,146.00999450683594,67934800,4.39%,58.19%,-2.76%,218,158.19,4.36%,2021,55.9%
2021-11-11,AVGO,Equity,50.84064483642578,14157000,1.21%,33.64%,-0.64%,218,133.64,1.18%,2021,61.13%
2021-11-11,INTC,Equity,46.86487579345703,25420000,-0.45%,4.37%,-24.51%,218,104.37,-0.49%,2021,6.37%
2021-11-11,NVDA,Equity,30.256729125976562,332172000,3.16%,131.92%,-1.34%,218,231.92,3.13%,2021,124.48%
2021-11-11,SPY,Benchmark,433.7652282714844,34848500,0.03%,26.98%,-1.1%,218,126.98,0.0%,2021,30.51%
2021-11-11,TSM,Equity,109.10224914550781,6994000,-0.01%,7.05%,-14.62%,218,107.05,-0.04%,2021,9.43%
2021-11-12,AMD,Equity,147.88999938964844,52162100,1.29%,60.23%,-1.51%,219,160.23,0.53%,2021,55.9%
2021-11-12,AVGO,Equity,51.55647277832031,13592000,1.41%,35.52%,0.0%,219,135.52,0.65%,2021,61.13%
2021-11-12,INTC,Equity,46.66083526611328,23884800,-0.44%,3.91%,-24.84%,219,103.91,-1.19%,2021,6.37%
2021-11-12,NVDA,Equity,30.256729125976562,413054000,0.0%,131.92%,-1.34%,219,231.92,-0.75%,2021,124.48%
2021-11-12,SPY,Benchmark,437.0387878417969,53466700,0.75%,27.94%,-0.35%,219,127.94,0.0%,2021,30.51%
2021-11-12,TSM,Equity,109.5638198852539,6947200,0.42%,7.51%,-14.26%,219,107.51,-0.33%,2021,9.43%
2021-11-15,AMD,Equity,146.49000549316406,52271300,-0.95%,58.71%,-2.44%,220,158.71,-0.98%,2021,55.9%
2021-11-15,AVGO,Equity,51.78989791870117,13972000,0.45%,36.13%,0.0%,220,136.13,0.42%,2021,61.13%
2021-11-15,INTC,Equity,46.67010498046875,24695800,0.02%,3.94%,-24.83%,220,103.94,-0.01%,2021,6.37%
2021-11-15,NVDA,Equity,29.89333152770996,384909000,-1.2%,129.13%,-2.53%,220,229.13,-1.24%,2021,124.48%
2021-11-15,SPY,Benchmark,437.1883544921875,46980500,0.03%,27.99%,-0.32%,220,127.99,0.0%,2021,30.51%
2021-11-15,TSM,Equity,109.03763580322266,5157000,-0.48%,6.99%,-14.67%,220,106.99,-0.51%,2021,9.43%
2021-11-16,AMD,Equity,152.4499969482422,53100800,4.07%,65.17%,0.0%,221,165.17,3.67%,2021,55.9%
2021-11-16,AVGO,Equity,52.064517974853516,13194000,0.53%,36.86%,0.0%,221,136.86,0.13%,2021,61.13%
2021-11-16,INTC,Equity,46.9390754699707,30927800,0.58%,4.53%,-24.39%,221,104.53,0.18%,2021,6.37%
2021-11-16,NVDA,Equity,30.070545196533203,264484000,0.59%,130.49%,-1.95%,221,230.49,0.2%,2021,124.48%
2021-11-16,SPY,Benchmark,438.9186706542969,48857500,0.4%,28.49%,0.0%,221,128.49,0.0%,2021,30.51%
2021-11-16,TSM,Equity,109.00071716308594,5555100,-0.03%,6.95%,-14.7%,221,106.95,-0.43%,2021,9.43%
2021-11-17,AMD,Equity,151.33999633789062,54527500,-0.73%,63.97%,-0.73%,222,163.97,-0.49%,2021,55.9%
2021-11-17,AVGO,Equity,52.144161224365234,12532000,0.15%,37.06%,0.0%,222,137.06,0.4%,2021,61.13%
2021-11-17,INTC,Equity,46.58663558959961,23546900,-0.75%,3.75%,-24.96%,222,103.75,-0.51%,2021,6.37%
2021-11-17,NVDA,Equity,29.132686614990234,428508000,-3.12%,123.3%,-5.01%,222,223.3,-2.88%,2021,124.48%
2021-11-17,SPY,Benchmark,437.8525695800781,47858300,-0.24%,28.18%,-0.24%,222,128.18,0.0%,2021,30.51%
2021-11-17,TSM,Equity,109.90535736083984,6391400,0.83%,7.84%,-13.99%,222,107.84,1.07%,2021,9.43%
2021-11-18,AMD,Equity,155.02000427246094,60612700,2.43%,67.95%,0.0%,223,167.95,2.09%,2021,55.9%
2021-11-18,AVGO,Equity,52.617408752441406,12712000,0.91%,38.31%,0.0%,223,138.31,0.57%,2021,61.13%
2021-11-18,INTC,Equity,46.0765266418457,30658200,-1.09%,2.61%,-25.78%,223,102.61,-1.43%,2021,6.37%
2021-11-18,NVDA,Equity,31.536096572875977,781711000,8.25%,141.73%,0.0%,223,241.73,7.91%,2021,124.48%
2021-11-18,SPY,Benchmark,439.3395690917969,50625600,0.34%,28.62%,0.0%,223,128.62,0.0%,2021,30.51%
2021-11-18,TSM,Equity,113.90241241455078,13229700,3.64%,11.76%,-10.86%,223,111.76,3.3%,2021,9.43%
2021-11-19,AMD,Equity,155.41000366210938,41668900,0.25%,68.37%,0.0%,224,168.37,0.43%,2021,55.9%
2021-11-19,AVGO,Equity,52.059940338134766,19612000,-1.06%,36.84%,-1.06%,224,136.84,-0.88%,2021,61.13%
2021-11-19,INTC,Equity,45.928131103515625,27607600,-0.32%,2.28%,-26.02%,224,102.28,-0.14%,2021,6.37%
2021-11-19,NVDA,Equity,32.840354919433594,533867000,4.14%,151.72%,0.0%,224,251.72,4.31%,2021,124.48%
2021-11-19,SPY,Benchmark,438.55401611328125,57315600,-0.18%,28.39%,-0.18%,224,128.39,0.0%,2021,30.51%
2021-11-19,TSM,Equity,114.70553588867188,9071800,0.71%,12.55%,-10.23%,224,112.55,0.88%,2021,9.43%
2021-11-22,AMD,Equity,152.52000427246094,58674100,-1.86%,65.24%,-1.86%,225,165.24,-1.58%,2021,55.9%
2021-11-22,AVGO,Equity,50.64657974243164,25898000,-2.71%,33.13%,-3.75%,225,133.13,-2.43%,2021,61.13%
2021-11-22,INTC,Equity,46.21565246582031,33389600,0.63%,2.92%,-25.56%,225,102.92,0.91%,2021,6.37%
2021-11-22,NVDA,Equity,31.815860748291016,754335000,-3.12%,143.87%,-3.12%,225,243.87,-2.84%,2021,124.48%
2021-11-22,SPY,Benchmark,437.3193664550781,72762000,-0.28%,28.03%,-0.46%,225,128.03,0.0%,2021,30.51%
2021-11-22,TSM,Equity,115.1578598022461,16076100,0.39%,13.0%,-9.88%,225,113.0,0.68%,2021,9.43%
2021-11-23,AMD,Equity,149.9199981689453,62852700,-1.7%,62.43%,-3.53%,226,162.43,-1.84%,2021,55.9%
2021-11-23,AVGO,Equity,50.81501007080078,17109000,0.33%,33.57%,-3.43%,226,133.57,0.2%,2021,61.13%
2021-11-23,INTC,Equity,45.538597106933594,44713300,-1.46%,1.42%,-26.65%,226,101.42,-1.6%,2021,6.37%
2021-11-23,NVDA,Equity,31.606782913208008,532163000,-0.66%,142.27%,-3.76%,226,242.27,-0.79%,2021,124.48%
2021-11-23,SPY,Benchmark,437.8992614746094,73206500,0.13%,28.19%,-0.33%,226,128.19,0.0%,2021,30.51%
2021-11-23,TSM,Equity,112.02849578857422,10984000,-2.72%,9.93%,-12.33%,226,109.93,-2.85%,2021,9.43%
2021-11-24,AMD,Equity,157.8000030517578,60677100,5.26%,70.96%,0.0%,227,170.96,4.99%,2021,55.9%
2021-11-24,AVGO,Equity,51.14546203613281,12084000,0.65%,34.44%,-2.8%,227,134.44,0.38%,2021,61.13%
2021-11-24,INTC,Equity,46.15073013305664,26035800,1.34%,2.78%,-25.66%,227,102.78,1.08%,2021,6.37%
2021-11-24,NVDA,Equity,32.53071212768555,435162000,2.92%,149.35%,-0.94%,227,249.35,2.66%,2021,124.48%
2021-11-24,SPY,Benchmark,439.06842041015625,61858800,0.27%,28.54%,-0.06%,227,128.54,0.0%,2021,30.51%
2021-11-24,TSM,Equity,111.42847442626953,6992600,-0.54%,9.34%,-12.8%,227,109.34,-0.8%,2021,9.43%
2021-11-26,AMD,Equity,154.80999755859375,36245100,-1.89%,67.72%,-1.89%,228,167.72,0.34%,2021,55.9%
2021-11-26,AVGO,Equity,50.03418731689453,14219000,-2.17%,31.52%,-4.91%,228,131.52,0.06%,2021,61.13%
2021-11-26,INTC,Equity,45.24180603027344,25269000,-1.97%,0.75%,-27.13%,228,100.75,0.26%,2021,6.37%
2021-11-26,NVDA,Equity,31.364850997924805,283069000,-3.58%,140.41%,-4.49%,228,240.41,-1.35%,2021,124.48%
2021-11-26,SPY,Benchmark,429.2757263183594,112669600,-2.23%,25.67%,-2.29%,228,125.67,0.0%,2021,30.51%
2021-11-26,TSM,Equity,108.08682250976562,6766900,-3.0%,6.06%,-15.41%,228,106.06,-0.77%,2021,9.43%
2021-11-29,AMD,Equity,161.91000366210938,57438900,4.59%,75.42%,0.0%,229,175.42,3.36%,2021,55.9%
2021-11-29,AVGO,Equity,51.65899658203125,18703000,3.25%,35.79%,-1.82%,229,135.79,2.02%,2021,61.13%
2021-11-29,INTC,Equity,46.373313903808594,31478900,2.5%,3.27%,-25.3%,229,103.27,1.27%,2021,6.37%
2021-11-29,NVDA,Equity,33.22964096069336,454964000,5.95%,154.71%,0.0%,229,254.71,4.72%,2021,124.48%
2021-11-29,SPY,Benchmark,434.54150390625,86268800,1.23%,27.21%,-1.09%,229,127.21,0.0%,2021,30.51%
2021-11-29,TSM,Equity,110.10842895507812,7634000,1.87%,8.04%,-13.83%,229,108.04,0.64%,2021,9.43%
2021-11-30,AMD,Equity,158.3699951171875,75182500,-2.19%,71.58%,-2.19%,230,171.58,-0.24%,2021,55.9%
2021-11-30,AVGO,Equity,50.68320083618164,22574000,-1.89%,33.22%,-3.68%,230,133.22,0.06%,2021,61.13%
2021-11-30,INTC,Equity,45.631351470947266,49460800,-1.6%,1.62%,-26.5%,230,101.62,0.35%,2021,6.37%
2021-11-30,NVDA,Equity,32.5327033996582,622066000,-2.1%,149.37%,-2.1%,230,249.37,-0.15%,2021,124.48%
2021-11-30,SPY,Benchmark,426.0863952636719,148559600,-1.95%,24.74%,-3.02%,230,124.74,0.0%,2021,30.51%
2021-11-30,TSM,Equity,108.14220428466797,10561800,-1.79%,6.11%,-15.37%,230,106.11,0.16%,2021,9.43%
2021-12-01,AMD,Equity,149.11000061035156,64039100,-5.85%,61.55%,-7.91%,231,161.55,-4.74%,2021,55.9%
2021-12-01,AVGO,Equity,50.78206253051758,21980000,0.2%,33.48%,-3.49%,231,133.48,1.31%,2021,61.13%
2021-12-01,INTC,Equity,45.07486343383789,35093500,-1.22%,0.38%,-27.4%,231,100.38,-0.11%,2021,6.37%
2021-12-01,NVDA,Equity,31.300981521606445,484368000,-3.79%,139.92%,-5.8%,231,239.92,-2.68%,2021,124.48%
2021-12-01,SPY,Benchmark,421.35369873046875,131939200,-1.11%,23.35%,-4.09%,231,123.35,0.0%,2021,30.51%
2021-12-01,TSM,Equity,111.35462951660156,12924400,2.97%,9.26%,-12.85%,231,109.26,4.08%,2021,9.43%
2021-12-02,AMD,Equity,150.67999267578125,56161200,1.05%,63.25%,-6.94%,232,163.25,-0.48%,2021,55.9%
2021-12-02,AVGO,Equity,50.57060241699219,22619000,-0.42%,32.93%,-3.89%,232,132.93,-1.95%,2021,61.13%
2021-12-02,INTC,Equity,45.90958786010742,37240800,1.85%,2.24%,-26.05%,232,102.24,0.32%,2021,6.37%
2021-12-02,NVDA,Equity,31.989028930664062,472890000,2.2%,145.2%,-3.73%,232,245.2,0.67%,2021,124.48%
2021-12-02,SPY,Benchmark,427.80731201171875,127637800,1.53%,25.24%,-2.62%,232,125.24,0.0%,2021,30.51%
2021-12-02,TSM,Equity,112.34234619140625,8425500,0.89%,10.23%,-12.08%,232,110.23,-0.64%,2021,9.43%
2021-12-03,AMD,Equity,144.00999450683594,65910000,-4.43%,56.02%,-11.06%,233,156.02,-3.56%,2021,55.9%
2021-12-03,AVGO,Equity,51.089630126953125,20305000,1.03%,34.29%,-2.9%,233,134.29,1.9%,2021,61.13%
2021-12-03,INTC,Equity,45.67771911621094,32224900,-0.51%,1.73%,-26.43%,233,101.73,0.37%,2021,6.37%
2021-12-03,NVDA,Equity,30.56214714050293,544325000,-4.46%,134.26%,-8.03%,233,234.26,-3.59%,2021,124.48%
2021-12-03,SPY,Benchmark,424.0848083496094,137331600,-0.87%,24.15%,-3.47%,233,124.15,0.0%,2021,30.51%
2021-12-03,TSM,Equity,110.15460968017578,7809000,-1.95%,8.09%,-13.79%,233,108.09,-1.08%,2021,9.43%
2021-12-06,AMD,Equity,139.05999755859375,66776500,-3.44%,50.66%,-14.11%,234,150.66,-4.62%,2021,55.9%
2021-12-06,AVGO,Equity,51.71758270263672,22482000,1.23%,35.94%,-1.71%,234,135.94,0.04%,2021,61.13%
2021-12-06,INTC,Equity,47.291507720947266,40336000,3.53%,5.32%,-23.83%,234,105.32,2.35%,2021,6.37%
2021-12-06,NVDA,Equity,29.908939361572266,658938000,-2.14%,129.25%,-9.99%,234,229.25,-3.32%,2021,124.48%
2021-12-06,SPY,Benchmark,429.10736083984375,98977500,1.18%,25.62%,-2.33%,234,125.62,0.0%,2021,30.51%
2021-12-06,TSM,Equity,109.97919464111328,5681200,-0.16%,7.91%,-13.93%,234,107.91,-1.34%,2021,9.43%
2021-12-07,AMD,Equity,144.85000610351562,53359400,4.16%,56.93%,-10.54%,235,156.93,2.1%,2021,55.9%
2021-12-07,AVGO,Equity,54.04449462890625,29562000,4.5%,42.06%,0.0%,235,142.06,2.43%,2021,61.13%
2021-12-07,INTC,Equity,48.75690460205078,91731500,3.1%,8.58%,-21.47%,235,108.58,1.03%,2021,6.37%
2021-12-07,NVDA,Equity,32.28874969482422,593053000,7.96%,147.5%,-2.83%,235,247.5,5.89%,2021,124.48%
2021-12-07,SPY,Benchmark,437.9834899902344,95484700,2.07%,28.22%,-0.31%,235,128.22,0.0%,2021,30.51%
2021-12-07,TSM,Equity,112.9146957397461,7459200,2.67%,10.8%,-11.63%,235,110.8,0.6%,2021,9.43%
2021-12-08,AMD,Equity,145.24000549316406,40977500,0.27%,57.36%,-10.3%,236,157.36,0.0%,2021,55.9%
2021-12-08,AVGO,Equity,53.876068115234375,17998000,-0.31%,41.62%,-0.31%,236,141.62,-0.58%,2021,61.13%
2021-12-08,INTC,Equity,47.99638366699219,37143400,-1.56%,6.89%,-22.69%,236,106.89,-1.82%,2021,6.37%
2021-12-08,NVDA,Equity,31.690317153930664,475551000,-1.85%,142.91%,-4.63%,236,242.91,-2.12%,2021,124.48%
2021-12-08,SPY,Benchmark,439.1431884765625,72238800,0.26%,28.56%,-0.04%,236,128.56,0.0%,2021,30.51%
2021-12-08,TSM,Equity,112.4346694946289,5795700,-0.43%,10.32%,-12.01%,236,110.32,-0.69%,2021,9.43%
2021-12-09,AMD,Equity,138.10000610351562,53019900,-4.92%,49.62%,-14.71%,237,149.62,-4.24%,2021,55.9%
2021-12-09,AVGO,Equity,53.40555191040039,29080000,-0.87%,40.38%,-1.18%,237,140.38,-0.2%,2021,61.13%
2021-12-09,INTC,Equity,46.81849670410156,31694200,-2.45%,4.27%,-24.59%,237,104.27,-1.78%,2021,6.37%
2021-12-09,NVDA,Equity,30.360010147094727,488507000,-4.2%,132.71%,-8.64%,237,232.71,-3.52%,2021,124.48%
2021-12-09,SPY,Benchmark,436.17828369140625,61272600,-0.68%,27.69%,-0.72%,237,127.69,0.0%,2021,30.51%
2021-12-09,TSM,Equity,110.3115234375,6103900,-1.89%,8.24%,-13.67%,237,108.24,-1.21%,2021,9.43%
2021-12-10,AMD,Equity,138.5500030517578,42224300,0.33%,50.11%,-14.43%,238,150.11,-0.62%,2021,55.9%
2021-12-10,AVGO,Equity,57.823219299316406,57087000,8.27%,51.99%,0.0%,238,151.99,7.33%,2021,61.13%
2021-12-10,INTC,Equity,46.92052459716797,23783600,0.22%,4.49%,-24.42%,238,104.49,-0.72%,2021,6.37%
2021-12-10,NVDA,Equity,30.069255828857422,488825000,-0.96%,130.48%,-9.51%,238,230.48,-1.9%,2021,124.48%
2021-12-10,SPY,Benchmark,440.2842712402344,77159800,0.94%,28.89%,0.0%,238,128.89,0.0%,2021,30.51%
2021-12-10,TSM,Equity,109.96996307373047,5973900,-0.31%,7.91%,-13.94%,238,107.91,-1.25%,2021,9.43%
2021-12-13,AMD,Equity,133.8000030517578,42174000,-3.43%,44.96%,-17.36%,239,144.96,-2.54%,2021,55.9%
2021-12-13,AVGO,Equity,56.906002044677734,26898000,-1.59%,49.58%,-1.59%,239,149.58,-0.7%,2021,61.13%
2021-12-13,INTC,Equity,46.373313903808594,35726900,-1.17%,3.27%,-25.3%,239,103.27,-0.28%,2021,6.37%
2021-12-13,NVDA,Equity,28.040937423706055,598344000,-6.75%,114.94%,-15.61%,239,214.94,-5.86%,2021,124.48%
2021-12-13,SPY,Benchmark,436.3840637207031,87724700,-0.89%,27.75%,-0.89%,239,127.75,0.0%,2021,30.51%
2021-12-13,TSM,Equity,107.46833801269531,5854300,-2.27%,5.45%,-15.9%,239,105.45,-1.39%,2021,9.43%
2021-12-14,AMD,Equity,135.60000610351562,50754600,1.35%,46.91%,-16.25%,240,146.91,2.03%,2021,55.9%
2021-12-14,AVGO,Equity,56.28812026977539,35956000,-1.09%,47.96%,-2.65%,240,147.96,-0.4%,2021,61.13%
2021-12-14,INTC,Equity,46.0950813293457,34120400,-0.6%,2.65%,-25.75%,240,102.65,0.09%,2021,6.37%
2021-12-14,NVDA,Equity,28.216188430786133,667035000,0.62%,116.28%,-15.09%,240,216.28,1.31%,2021,124.48%
2021-12-14,SPY,Benchmark,433.3817138671875,97264100,-0.69%,26.87%,-1.57%,240,126.87,0.0%,2021,30.51%
2021-12-14,TSM,Equity,107.34834289550781,6267300,-0.11%,5.33%,-15.99%,240,105.33,0.58%,2021,9.43%
2021-12-15,AMD,Equity,146.5,72425800,8.04%,58.72%,-9.52%,241,158.72,6.48%,2021,55.9%
2021-12-15,AVGO,Equity,58.57200622558594,29092000,4.06%,53.96%,0.0%,241,153.96,2.49%,2021,61.13%
2021-12-15,INTC,Equity,46.99472427368164,32590300,1.95%,4.66%,-24.3%,241,104.66,0.39%,2021,6.37%
2021-12-15,NVDA,Equity,30.329143524169922,698297000,7.49%,132.47%,-8.73%,241,232.47,5.93%,2021,124.48%
2021-12-15,SPY,Benchmark,440.1534118652344,116899300,1.56%,28.85%,-0.03%,241,128.85,0.0%,2021,30.51%
2021-12-15,TSM,Equity,111.14232635498047,6700700,3.53%,9.06%,-13.02%,241,109.06,1.97%,2021,9.43%
2021-12-16,AMD,Equity,138.63999938964844,63369600,-5.37%,50.21%,-14.37%,242,150.21,-4.48%,2021,55.9%
2021-12-16,AVGO,Equity,56.81629180908203,42748000,-3.0%,49.35%,-3.0%,242,149.35,-2.12%,2021,61.13%
2021-12-16,INTC,Equity,47.14311599731445,33132300,0.32%,4.99%,-24.06%,242,104.99,1.2%,2021,6.37%
2021-12-16,NVDA,Equity,28.26597023010254,707366000,-6.8%,116.66%,-14.94%,242,216.66,-5.92%,2021,124.48%
2021-12-16,SPY,Benchmark,436.27191162109375,116568600,-0.88%,27.72%,-0.91%,242,127.72,0.0%,2021,30.51%
2021-12-16,TSM,Equity,108.05193328857422,9116100,-2.78%,6.02%,-15.44%,242,106.02,-1.9%,2021,9.43%
2021-12-17,AMD,Equity,137.75,55642100,-0.64%,49.24%,-14.92%,243,149.24,0.42%,2021,55.9%
2021-12-17,AVGO,Equity,58.12346649169922,50661000,2.3%,52.78%,-0.77%,243,152.78,3.37%,2021,61.13%
2021-12-17,INTC,Equity,46.94834899902344,50102300,-0.41%,4.56%,-24.38%,243,104.56,0.65%,2021,6.37%
2021-12-17,NVDA,Equity,27.68247413635254,713758000,-2.06%,112.19%,-16.69%,243,212.19,-1.0%,2021,124.48%
2021-12-17,SPY,Benchmark,431.6286315917969,135511600,-1.06%,26.36%,-1.97%,243,126.36,0.0%,2021,30.51%
2021-12-17,TSM,Equity,107.82019805908203,11725600,-0.21%,5.8%,-15.62%,243,105.8,0.85%,2021,9.43%
2021-12-20,AMD,Equity,135.8000030517578,38195400,-1.42%,47.13%,-16.13%,244,147.13,-0.35%,2021,55.9%
2021-12-20,AVGO,Equity,59.04526901245117,32770000,1.59%,55.2%,0.0%,244,155.2,2.65%,2021,61.13%
2021-12-20,INTC,Equity,46.0023307800293,30140300,-2.02%,2.45%,-25.9%,244,102.45,-0.95%,2021,6.37%
2021-12-20,NVDA,Equity,27.600820541381836,461847000,-0.29%,111.56%,-16.94%,244,211.56,0.77%,2021,124.48%
2021-12-20,SPY,Benchmark,427.0389404296875,107134800,-1.06%,25.02%,-3.01%,244,125.02,0.0%,2021,30.51%
2021-12-20,TSM,Equity,106.54104614257812,6980800,-1.19%,4.54%,-16.62%,244,104.54,-0.12%,2021,9.43%
2021-12-21,AMD,Equity,144.25,57785200,6.22%,56.28%,-10.91%,245,156.28,4.45%,2021,55.9%
2021-12-21,AVGO,Equity,59.534446716308594,36534000,0.83%,56.49%,0.0%,245,156.49,-0.95%,2021,61.13%
2021-12-21,INTC,Equity,47.087467193603516,31956300,2.36%,4.87%,-24.15%,245,104.87,0.58%,2021,6.37%
2021-12-21,NVDA,Equity,28.951045989990234,524385000,4.89%,121.91%,-12.88%,245,221.91,3.12%,2021,124.48%
2021-12-21,SPY,Benchmark,434.6227111816406,69806300,1.78%,27.24%,-1.29%,245,127.24,0.0%,2021,30.51%
2021-12-21,TSM,Equity,108.85836791992188,6122900,2.18%,6.81%,-14.81%,245,106.81,0.4%,2021,9.43%
2021-12-22,AMD,Equity,143.8800048828125,46923700,-0.26%,55.88%,-11.14%,246,155.88,-1.26%,2021,55.9%
2021-12-22,AVGO,Equity,60.35987091064453,28383000,1.39%,58.66%,0.0%,246,158.66,0.39%,2021,61.13%
2021-12-22,INTC,Equity,47.272972106933594,23307900,0.39%,5.28%,-23.86%,246,105.28,-0.61%,2021,6.37%
2021-12-22,NVDA,Equity,29.274658203125,395184000,1.12%,124.39%,-11.9%,246,224.39,0.12%,2021,124.48%
2021-12-22,SPY,Benchmark,438.9683837890625,58890200,1.0%,28.51%,-0.3%,246,128.51,0.0%,2021,30.51%
2021-12-22,TSM,Equity,112.43632507324219,9300100,3.29%,10.33%,-12.01%,246,110.33,2.29%,2021,9.43%
2021-12-23,AMD,Equity,146.13999938964844,48653800,1.57%,58.33%,-9.74%,247,158.33,0.95%,2021,55.9%
2021-12-23,AVGO,Equity,61.24427795410156,23596000,1.47%,60.99%,0.0%,247,160.99,0.84%,2021,61.13%
2021-12-23,INTC,Equity,47.588294982910156,25198200,0.67%,5.98%,-23.35%,247,105.98,0.04%,2021,6.37%
2021-12-23,NVDA,Equity,29.513635635375977,343022000,0.82%,126.22%,-11.18%,247,226.22,0.19%,2021,124.48%
2021-12-23,SPY,Benchmark,441.69976806640625,56439700,0.62%,29.31%,0.0%,247,129.31,0.0%,2021,30.51%
2021-12-23,TSM,Equity,111.86162567138672,6512500,-0.51%,9.76%,-12.46%,247,109.76,-1.13%,2021,9.43%
2021-12-27,AMD,Equity,154.36000061035156,53296400,5.62%,67.24%,-4.66%,248,167.24,4.21%,2021,55.9%
2021-12-27,AVGO,Equity,62.11760330200195,19442000,1.43%,63.28%,0.0%,248,163.28,0.01%,2021,61.13%
2021-12-27,INTC,Equity,48.17259979248047,20985400,1.23%,7.28%,-22.41%,248,107.28,-0.19%,2021,6.37%
2021-12-27,NVDA,Equity,30.813072204589844,403686000,4.4%,136.18%,-7.27%,248,236.18,2.99%,2021,124.48%
2021-12-27,SPY,Benchmark,447.9507751464844,56808600,1.42%,31.14%,0.0%,248,131.14,0.0%,2021,30.51%
2021-12-27,TSM,Equity,113.7340087890625,6309900,1.67%,11.6%,-10.99%,248,111.6,0.26%,2021,9.43%
2021-12-28,AMD,Equity,153.14999389648438,58699100,-0.78%,65.93%,-5.41%,249,165.93,-0.7%,2021,55.9%
2021-12-28,AVGO,Equity,61.63120651245117,17247000,-0.78%,62.0%,-0.78%,249,162.0,-0.7%,2021,61.13%
2021-12-28,INTC,Equity,48.00565719604492,19290400,-0.35%,6.91%,-22.68%,249,106.91,-0.26%,2021,6.37%
2021-12-28,NVDA,Equity,30.19272804260254,420591000,-2.01%,131.43%,-9.14%,249,231.43,-1.93%,2021,124.48%
2021-12-28,SPY,Benchmark,447.58453369140625,47274600,-0.08%,31.03%,-0.08%,249,131.03,0.0%,2021,30.51%
2021-12-28,TSM,Equity,113.14077758789062,6321000,-0.52%,11.02%,-11.46%,249,111.02,-0.44%,2021,9.43%
2021-12-29,AMD,Equity,148.25999450683594,51300200,-3.19%,60.63%,-8.43%,250,160.63,-3.32%,2021,55.9%
2021-12-29,AVGO,Equity,61.9637565612793,14797000,0.54%,62.88%,-0.25%,250,162.88,0.41%,2021,61.13%
2021-12-29,INTC,Equity,48.07058334350586,14174800,0.14%,7.05%,-22.57%,250,107.05,0.01%,2021,6.37%
2021-12-29,NVDA,Equity,29.873098373413086,343139000,-1.06%,128.98%,-10.1%,250,228.98,-1.19%,2021,124.48%
2021-12-29,SPY,Benchmark,448.1571960449219,54503000,0.13%,31.2%,0.0%,250,131.2,0.0%,2021,30.51%
2021-12-29,TSM,Equity,112.53826904296875,5847700,-0.53%,10.43%,-11.93%,250,110.43,-0.66%,2021,9.43%
2021-12-30,AMD,Equity,145.14999389648438,44358000,-2.1%,57.26%,-10.35%,251,157.26,-1.82%,2021,55.9%
2021-12-30,AVGO,Equity,61.27007293701172,11473000,-1.12%,61.05%,-1.36%,251,161.05,-0.84%,2021,61.13%
2021-12-30,INTC,Equity,47.98711395263672,18359400,-0.17%,6.87%,-22.71%,251,106.87,0.1%,2021,6.37%
2021-12-30,NVDA,Equity,29.45986557006836,308864000,-1.38%,125.81%,-11.34%,251,225.81,-1.11%,2021,124.48%
2021-12-30,SPY,Benchmark,446.91827392578125,55329000,-0.28%,30.84%,-0.28%,251,130.84,0.0%,2021,30.51%
2021-12-30,TSM,Equity,111.62060546875,4187800,-0.82%,9.53%,-12.65%,251,109.53,-0.54%,2021,9.43%
2021-12-31,AMD,Equity,143.89999389648438,49448100,-0.86%,55.9%,-11.12%,252,155.9,-0.61%,2021,55.9%
2021-12-31,AVGO,Equity,61.30046463012695,12046000,0.05%,61.13%,-1.32%,252,161.13,0.3%,2021,61.13%
2021-12-31,INTC,Equity,47.76451873779297,16319000,-0.46%,6.37%,-23.06%,252,106.37,-0.21%,2021,6.37%
2021-12-31,NVDA,Equity,29.285602569580078,266530000,-0.59%,124.48%,-11.87%,252,224.48,-0.34%,2021,124.48%
2021-12-31,SPY,Benchmark,445.7919006347656,65237400,-0.25%,30.51%,-0.53%,252,130.51,0.0%,2021,30.51%
2021-12-31,TSM,Equity,111.51864624023438,3888200,-0.09%,9.43%,-12.73%,252,109.43,0.16%,2021,9.43%
2022-01-03,AMD,Equity,150.24000549316406,59396600,4.41%,62.77%,-7.21%,253,162.77,3.83%,2022,-56.89%
2022-01-03,AVGO,Equity,61.1079216003418,22591000,-0.31%,60.63%,-1.63%,253,160.63,-0.89%,2022,-13.0%
2022-01-03,INTC,Equity,49.350486755371094,33857600,3.32%,9.9%,-20.51%,253,109.9,2.74%,2022,-48.36%
2022-01-03,NVDA,Equity,29.992578506469727,391547000,2.41%,129.9%,-9.74%,253,229.9,1.84%,2022,-51.44%
2022-01-03,SPY,Benchmark,448.3730773925781,72668200,0.58%,31.26%,0.0%,253,131.26,0.0%,2022,-18.65%
2022-01-03,TSM,Equity,119.38827514648438,18592000,7.06%,17.15%,-6.57%,253,117.15,6.48%,2022,-40.92%
2022-01-04,AMD,Equity,144.4199981689453,80200500,-3.87%,56.47%,-10.8%,254,156.47,-3.84%,2022,-56.89%
2022-01-04,AVGO,Equity,61.808082580566406,21103000,1.15%,62.47%,-0.5%,254,162.47,1.18%,2022,-13.0%
2022-01-04,INTC,Equity,49.28556823730469,45681400,-0.13%,9.76%,-20.61%,254,109.76,-0.1%,2022,-48.36%
2022-01-04,NVDA,Equity,29.165124893188477,527154000,-2.76%,123.55%,-12.23%,254,223.55,-2.73%,2022,-51.44%
2022-01-04,SPY,Benchmark,448.22283935546875,71178700,-0.03%,31.22%,-0.03%,254,131.22,0.0%,2022,-18.65%
2022-01-04,TSM,Equity,123.652099609375,25554900,3.57%,21.33%,-3.23%,254,121.33,3.6%,2022,-40.92%
2022-01-05,AMD,Equity,136.14999389648438,65403200,-5.73%,47.51%,-15.91%,255,147.51,-3.81%,2022,-56.89%
2022-01-05,AVGO,Equity,59.235965728759766,34961000,-4.16%,55.71%,-4.64%,255,155.71,-2.24%,2022,-13.0%
2022-01-05,INTC,Equity,49.96261215209961,59109300,1.37%,11.27%,-19.52%,255,111.27,3.29%,2022,-48.36%
2022-01-05,NVDA,Equity,27.486316680908203,498064000,-5.76%,110.68%,-17.28%,255,210.68,-3.84%,2022,-51.44%
2022-01-05,SPY,Benchmark,439.6160888671875,104538900,-1.92%,28.7%,-1.95%,255,128.7,0.0%,2022,-18.65%
2022-01-05,TSM,Equity,117.77542114257812,17891200,-4.75%,15.56%,-7.83%,255,115.56,-2.83%,2022,-40.92%
2022-01-06,AMD,Equity,136.22999572753906,64802900,0.06%,47.59%,-15.86%,256,147.59,0.15%,2022,-56.89%
2022-01-06,AVGO,Equity,58.68597412109375,28581000,-0.93%,54.26%,-5.52%,256,154.26,-0.83%,2022,-13.0%
2022-01-06,INTC,Equity,50.09245681762695,35757900,0.26%,11.56%,-19.31%,256,111.56,0.35%,2022,-48.36%
2022-01-06,NVDA,Equity,28.057865142822266,454186000,2.08%,115.07%,-15.56%,256,215.07,2.17%,2022,-51.44%
2022-01-06,SPY,Benchmark,439.20306396484375,86858900,-0.09%,28.58%,-2.05%,256,128.58,0.0%,2022,-18.65%
2022-01-06,TSM,Equity,119.08238220214844,16249000,1.11%,16.85%,-6.81%,256,116.85,1.2%,2022,-40.92%
2022-01-07,AMD,Equity,132.0,58441100,-3.11%,43.01%,-18.47%,257,143.01,-2.71%,2022,-56.89%
2022-01-07,AVGO,Equity,57.03879928588867,27832000,-2.81%,49.93%,-8.18%,257,149.93,-2.41%,2022,-13.0%
2022-01-07,INTC,Equity,49.56379318237305,30717200,-1.06%,10.38%,-20.17%,257,110.38,-0.66%,2022,-48.36%
2022-01-07,NVDA,Equity,27.130834579467773,409939000,-3.3%,107.96%,-18.35%,257,207.96,-2.91%,2022,-51.44%
2022-01-07,SPY,Benchmark,437.4666442871094,85111600,-0.4%,28.07%,-2.43%,257,128.07,0.0%,2022,-18.65%
2022-01-07,TSM,Equity,114.47554016113281,21248100,-3.87%,12.33%,-10.41%,257,112.33,-3.47%,2022,-40.92%
2022-01-10,AMD,Equity,132.0,84671300,0.0%,43.01%,-18.47%,258,143.01,0.12%,2022,-56.89%
2022-01-10,AVGO,Equity,57.22397232055664,29793000,0.32%,50.42%,-7.88%,258,150.42,0.45%,2022,-13.0%
2022-01-10,INTC,Equity,51.20541763305664,49260800,3.31%,14.04%,-17.52%,258,114.04,3.44%,2022,-48.36%
2022-01-10,NVDA,Equity,27.283187866210938,594681000,0.56%,109.13%,-17.9%,258,209.13,0.69%,2022,-51.44%
2022-01-10,SPY,Benchmark,436.92230224609375,119362000,-0.12%,27.91%,-2.55%,258,127.91,0.0%,2022,-18.65%
2022-01-10,TSM,Equity,115.87519073486328,11857700,1.22%,13.7%,-9.32%,258,113.7,1.35%,2022,-40.92%
2022-01-11,AMD,Equity,137.30999755859375,77153900,4.02%,48.76%,-15.19%,259,148.76,3.11%,2022,-56.89%
2022-01-11,AVGO,Equity,57.305946350097656,19037000,0.14%,50.63%,-7.75%,259,150.63,-0.77%,2022,-13.0%
2022-01-11,INTC,Equity,51.85464859008789,39795200,1.27%,15.48%,-16.48%,259,115.48,0.36%,2022,-48.36%
2022-01-11,NVDA,Equity,27.69840431213379,404089000,1.52%,112.31%,-16.65%,259,212.31,0.61%,2022,-51.44%
2022-01-11,SPY,Benchmark,440.90191650390625,74303100,0.91%,29.07%,-1.67%,259,129.07,0.0%,2022,-18.65%
2022-01-11,TSM,Equity,119.7312240600586,12113100,3.33%,17.48%,-6.3%,259,117.48,2.42%,2022,-40.92%
2022-01-12,AMD,Equity,137.47000122070312,69669600,0.12%,48.94%,-15.09%,260,148.94,-0.15%,2022,-56.89%
2022-01-12,AVGO,Equity,57.30134963989258,18806000,-0.01%,50.62%,-7.75%,260,150.62,-0.28%,2022,-13.0%
2022-01-12,INTC,Equity,51.69697952270508,29136800,-0.3%,15.13%,-16.73%,260,115.13,-0.57%,2022,-48.36%
2022-01-12,NVDA,Equity,27.87962532043457,383413000,0.65%,113.7%,-16.1%,260,213.7,0.38%,2022,-51.44%
2022-01-12,SPY,Benchmark,442.0939025878906,67605400,0.27%,29.42%,-1.4%,260,129.42,0.0%,2022,-18.65%
2022-01-12,TSM,Equity,122.56764221191406,16389200,2.37%,20.27%,-4.08%,260,120.27,2.1%,2022,-40.92%
2022-01-13,AMD,Equity,132.74000549316406,76618100,-3.44%,43.81%,-18.02%,261,143.81,-2.06%,2022,-56.89%
2022-01-13,AVGO,Equity,55.015750885009766,30048000,-3.99%,44.61%,-11.43%,261,144.61,-2.61%,2022,-13.0%
2022-01-13,INTC,Equity,50.95500183105469,29605400,-1.44%,13.48%,-17.92%,261,113.48,-0.06%,2022,-48.36%
2022-01-13,NVDA,Equity,26.461702346801758,540171000,-5.09%,102.83%,-20.37%,261,202.83,-3.71%,2022,-51.44%
2022-01-13,SPY,Benchmark,436.00244140625,91173100,-1.38%,27.64%,-2.76%,261,127.64,0.0%,2022,-18.65%
2022-01-13,TSM,Equity,129.01904296875,52020000,5.26%,26.6%,0.0%,261,126.6,6.64%,2022,-40.92%
2022-01-14,AMD,Equity,136.8800048828125,71078400,3.12%,48.3%,-15.46%,262,148.3,3.08%,2022,-56.89%
2022-01-14,AVGO,Equity,54.94020080566406,25661000,-0.14%,44.41%,-11.55%,262,144.41,-0.18%,2022,-13.0%
2022-01-14,INTC,Equity,51.659881591796875,30151500,1.38%,15.05%,-16.79%,262,115.05,1.34%,2022,-48.36%
2022-01-14,NVDA,Equity,26.827138900756836,395832000,1.38%,105.63%,-19.27%,262,205.63,1.34%,2022,-51.44%
2022-01-14,SPY,Benchmark,436.18084716796875,95890900,0.04%,27.69%,-2.72%,262,127.69,0.0%,2022,-18.65%
2022-01-14,TSM,Equity,130.38157653808594,28255300,1.06%,27.93%,0.0%,262,127.93,1.02%,2022,-40.92%
2022-01-18,AMD,Equity,131.92999267578125,56527400,-3.62%,42.94%,-18.52%,263,142.94,-1.85%,2022,-56.89%
2022-01-18,AVGO,Equity,53.228538513183594,35825000,-3.12%,39.92%,-14.31%,263,139.92,-1.34%,2022,-13.0%
2022-01-18,INTC,Equity,50.78805923461914,35313800,-1.69%,13.11%,-18.19%,263,113.11,0.08%,2022,-48.36%
2022-01-18,NVDA,Equity,25.792566299438477,424270000,-3.86%,97.7%,-22.38%,263,197.7,-2.09%,2022,-51.44%
2022-01-18,SPY,Benchmark,428.45623779296875,109709100,-1.77%,25.43%,-4.44%,263,125.43,0.0%,2022,-18.65%
2022-01-18,TSM,Equity,124.05073547363281,15191400,-4.86%,21.72%,-4.86%,263,121.72,-3.08%,2022,-40.92%
2022-01-19,AMD,Equity,128.27000427246094,69831800,-2.77%,38.97%,-20.78%,264,138.97,-1.74%,2022,-56.89%
2022-01-19,AVGO,Equity,51.95537185668945,22692000,-2.39%,36.57%,-16.36%,264,136.57,-1.35%,2022,-13.0%
2022-01-19,INTC,Equity,49.730751037597656,30595100,-2.08%,10.75%,-19.9%,264,110.75,-1.04%,2022,-48.36%
2022-01-19,NVDA,Equity,24.960128784179688,488315000,-3.23%,91.32%,-24.89%,264,191.32,-2.19%,2022,-51.44%
2022-01-19,SPY,Benchmark,424.0072937011719,109357600,-1.04%,24.13%,-5.43%,264,124.13,0.0%,2022,-18.65%
2022-01-19,TSM,Equity,121.4367446899414,11155100,-2.11%,19.16%,-6.86%,264,119.16,-1.07%,2022,-40.92%
2022-01-20,AMD,Equity,121.88999938964844,91157300,-4.97%,32.06%,-24.72%,265,132.06,-3.87%,2022,-56.89%
2022-01-20,AVGO,Equity,50.458351135253906,25225000,-2.88%,32.63%,-18.77%,265,132.63,-1.77%,2022,-13.0%
2022-01-20,INTC,Equity,48.26534652709961,28582600,-2.95%,7.49%,-22.26%,265,107.49,-1.84%,2022,-48.36%
2022-01-20,NVDA,Equity,24.04703712463379,435181000,-3.66%,84.32%,-27.63%,265,184.32,-2.55%,2022,-51.44%
2022-01-20,SPY,Benchmark,419.3143615722656,122379700,-1.11%,22.75%,-6.48%,265,122.75,0.0%,2022,-18.65%
2022-01-20,TSM,Equity,118.9526138305664,11421900,-2.05%,16.72%,-8.77%,265,116.72,-0.94%,2022,-40.92%
2022-01-21,AMD,Equity,118.80999755859375,95685300,-2.53%,28.72%,-26.62%,266,128.72,-0.56%,2022,-56.89%
2022-01-21,AVGO,Equity,49.12346267700195,38010000,-2.65%,29.12%,-20.92%,266,129.12,-0.68%,2022,-13.0%
2022-01-21,INTC,Equity,48.26534652709961,46372400,0.0%,7.49%,-22.26%,266,107.49,1.96%,2022,-48.36%
2022-01-21,NVDA,Equity,23.27434730529785,718958000,-3.21%,78.4%,-29.96%,266,178.4,-1.25%,2022,-51.44%
2022-01-21,SPY,Benchmark,411.0830078125,202271200,-1.96%,20.34%,-8.32%,266,120.34,0.0%,2022,-18.65%
2022-01-21,TSM,Equity,115.43028259277344,15573700,-2.96%,13.26%,-11.47%,266,113.26,-1.0%,2022,-40.92%
2022-01-24,AMD,Equity,116.52999877929688,116210100,-1.92%,26.25%,-28.03%,267,126.25,-2.34%,2022,-56.89%
2022-01-24,AVGO,Equity,49.89270782470703,54256000,1.57%,31.15%,-19.68%,267,131.15,1.14%,2022,-13.0%
2022-01-24,INTC,Equity,48.17259979248047,64198400,-0.19%,7.28%,-22.41%,267,107.28,-0.62%,2022,-48.36%
2022-01-24,NVDA,Equity,23.272357940673828,913982000,-0.01%,78.38%,-29.97%,267,178.38,-0.43%,2022,-51.44%
2022-01-24,SPY,Benchmark,412.8287048339844,251783900,0.42%,20.86%,-7.93%,267,120.86,0.0%,2022,-18.65%
2022-01-24,TSM,Equity,116.75578308105469,17083400,1.15%,14.56%,-10.45%,267,114.56,0.72%,2022,-40.92%
2022-01-25,AMD,Equity,111.12999725341797,85102900,-4.63%,20.4%,-31.36%,268,120.4,-3.41%,2022,-56.89%
2022-01-25,AVGO,Equity,49.207305908203125,38158000,-1.37%,29.35%,-20.78%,268,129.35,-0.15%,2022,-13.0%
2022-01-25,INTC,Equity,47.300785064697266,44095400,-1.81%,5.34%,-23.81%,268,105.34,-0.59%,2022,-48.36%
2022-01-25,NVDA,Equity,22.22882652282715,664616000,-4.48%,70.39%,-33.11%,268,170.39,-3.26%,2022,-51.44%
2022-01-25,SPY,Benchmark,407.78851318359375,167997300,-1.22%,19.38%,-9.05%,268,119.38,0.0%,2022,-18.65%
2022-01-25,TSM,Equity,113.53008270263672,11370500,-2.76%,11.4%,-12.92%,268,111.4,-1.54%,2022,-40.92%
2022-01-26,AMD,Equity,110.70999908447266,94752600,-0.38%,19.95%,-31.62%,269,119.95,-0.13%,2022,-56.89%
2022-01-26,AVGO,Equity,51.32432174682617,49715000,4.3%,34.91%,-17.38%,269,134.91,4.55%,2022,-13.0%
2022-01-26,INTC,Equity,47.940731048583984,54895400,1.35%,6.77%,-22.78%,269,106.77,1.6%,2022,-48.36%
2022-01-26,NVDA,Equity,22.674911499023438,755959000,2.01%,73.8%,-31.76%,269,173.8,2.26%,2022,-51.44%
2022-01-26,SPY,Benchmark,406.7654724121094,186391100,-0.25%,19.08%,-9.28%,269,119.08,0.0%,2022,-18.65%
2022-01-26,TSM,Equity,114.08625793457031,13592100,0.49%,11.94%,-12.5%,269,111.94,0.74%,2022,-40.92%
2022-01-27,AMD,Equity,102.5999984741211,125954100,-7.33%,11.16%,-36.63%,270,111.16,-6.83%,2022,-56.89%
2022-01-27,AVGO,Equity,49.95995330810547,34183000,-2.66%,31.32%,-19.57%,270,131.32,-2.16%,2022,-13.0%
2022-01-27,INTC,Equity,44.56475830078125,89642800,-7.04%,-0.75%,-28.22%,270,99.25,-6.55%,2022,-48.36%
2022-01-27,NVDA,Equity,21.85044288635254,573353000,-3.64%,67.49%,-34.24%,270,167.49,-3.14%,2022,-51.44%
2022-01-27,SPY,Benchmark,404.7568359375,149878300,-0.49%,18.49%,-9.73%,270,118.49,0.0%,2022,-18.65%
2022-01-27,TSM,Equity,107.87581634521484,18599800,-5.44%,5.85%,-17.26%,270,105.85,-4.95%,2022,-40.92%
2022-01-28,AMD,Equity,105.23999786376953,98749500,2.57%,14.02%,-35.0%,271,114.02,0.09%,2022,-56.89%
2022-01-28,AVGO,Equity,51.59884262084961,30254000,3.28%,35.63%,-16.93%,271,135.63,0.8%,2022,-13.0%
2022-01-28,INTC,Equity,44.26797103881836,61945400,-0.67%,-1.41%,-28.7%,271,98.59,-3.15%,2022,-48.36%
2022-01-28,NVDA,Equity,22.74262237548828,543774000,4.08%,74.32%,-31.56%,271,174.32,1.6%,2022,-51.44%
2022-01-28,SPY,Benchmark,414.8091125488281,164457400,2.48%,21.44%,-7.49%,271,121.44,0.0%,2022,-18.65%
2022-01-28,TSM,Equity,109.01593780517578,14005900,1.06%,6.97%,-16.39%,271,106.97,-1.43%,2022,-40.92%
2022-01-31,AMD,Equity,114.25,97206000,8.56%,23.78%,-29.44%,272,123.78,6.76%,2022,-56.89%
2022-01-31,AVGO,Equity,53.973812103271484,40288000,4.6%,41.87%,-13.11%,272,141.87,2.8%,2022,-13.0%
2022-01-31,INTC,Equity,45.278900146484375,51828400,2.28%,0.84%,-27.07%,272,100.84,0.48%,2022,-48.36%
2022-01-31,NVDA,Equity,24.381607055664062,564680000,7.21%,86.89%,-26.63%,272,186.89,5.41%,2022,-51.44%
2022-01-31,SPY,Benchmark,422.2802429199219,152251400,1.8%,23.62%,-5.82%,272,123.62,0.0%,2022,-18.65%
2022-01-31,TSM,Equity,113.66912078857422,10189100,4.27%,11.54%,-12.82%,272,111.54,2.47%,2022,-40.92%
2022-02-01,AMD,Equity,116.77999877929688,122467900,2.21%,26.52%,-27.87%,273,126.52,1.54%,2022,-56.89%
2022-02-01,AVGO,Equity,54.60395050048828,25719000,1.17%,43.53%,-12.1%,273,143.53,0.49%,2022,-13.0%
2022-02-01,INTC,Equity,45.399478912353516,35386100,0.27%,1.11%,-26.87%,273,101.11,-0.41%,2022,-48.36%
2022-02-01,NVDA,Equity,24.532960891723633,518925000,0.62%,88.05%,-26.17%,273,188.05,-0.05%,2022,-51.44%
2022-02-01,SPY,Benchmark,425.1336669921875,123155400,0.68%,24.46%,-5.18%,273,124.46,0.0%,2022,-18.65%
2022-02-01,TSM,Equity,114.05844116210938,6956300,0.34%,11.92%,-12.52%,273,111.92,-0.33%,2022,-40.92%
2022-02-02,AMD,Equity,122.76000213623047,180065000,5.12%,33.0%,-24.18%,274,133.0,4.15%,2022,-56.89%
2022-02-02,AVGO,Equity,55.59060287475586,24443000,1.81%,46.12%,-10.51%,274,146.12,0.84%,2022,-13.0%
2022-02-02,INTC,Equity,45.91885757446289,37962700,1.14%,2.26%,-26.04%,274,102.26,0.17%,2022,-48.36%
2022-02-02,NVDA,Equity,25.13438606262207,543419000,2.45%,92.66%,-24.36%,274,192.66,1.48%,2022,-51.44%
2022-02-02,SPY,Benchmark,429.263427734375,117361000,0.97%,25.67%,-4.26%,274,125.67,0.0%,2022,-18.65%
2022-02-02,TSM,Equity,115.07806396484375,8562900,0.89%,12.92%,-11.74%,274,112.92,-0.08%,2022,-40.92%
2022-02-03,AMD,Equity,120.08000183105469,103599500,-2.18%,30.1%,-25.84%,275,130.1,0.17%,2022,-56.89%
2022-02-03,AVGO,Equity,53.51043701171875,30602000,-3.74%,40.66%,-13.86%,275,140.66,-1.39%,2022,-13.0%
2022-02-03,INTC,Equity,44.778072357177734,42145800,-2.48%,-0.28%,-27.87%,275,99.72,-0.13%,2022,-48.36%
2022-02-03,NVDA,Equity,23.84589958190918,410178000,-5.13%,82.78%,-28.24%,275,182.78,-2.78%,2022,-51.44%
2022-02-03,SPY,Benchmark,419.17352294921875,118024400,-2.35%,22.71%,-6.51%,275,122.71,0.0%,2022,-18.65%
2022-02-03,TSM,Equity,111.08297729492188,9926800,-3.47%,9.0%,-14.8%,275,109.0,-1.12%,2022,-40.92%
2022-02-04,AMD,Equity,123.5999984741211,86212000,2.93%,33.91%,-23.66%,276,133.91,2.46%,2022,-56.89%
2022-02-04,AVGO,Equity,54.36810302734375,20548000,1.6%,42.91%,-12.48%,276,142.91,1.13%,2022,-13.0%
2022-02-04,INTC,Equity,44.86685562133789,32431500,0.2%,-0.08%,-27.73%,276,99.92,-0.27%,2022,-48.36%
2022-02-04,NVDA,Equity,24.21531867980957,354829000,1.55%,85.61%,-27.13%,276,185.61,1.08%,2022,-51.44%
2022-02-04,SPY,Benchmark,421.1446228027344,118454400,0.47%,23.29%,-6.07%,276,123.29,0.0%,2022,-18.65%
2022-02-04,TSM,Equity,112.17676544189453,5743200,0.98%,10.07%,-13.96%,276,110.07,0.51%,2022,-40.92%
2022-02-07,AMD,Equity,123.66999816894531,81672500,0.06%,33.99%,-23.62%,277,133.99,0.38%,2022,-56.89%
2022-02-07,AVGO,Equity,54.135032653808594,18671000,-0.43%,42.3%,-12.85%,277,142.3,-0.11%,2022,-13.0%
2022-02-07,INTC,Equity,45.02573013305664,27558500,0.35%,0.27%,-27.48%,277,100.27,0.68%,2022,-48.36%
2022-02-07,NVDA,Equity,24.622577667236328,376868000,1.68%,88.73%,-25.9%,277,188.73,2.0%,2022,-51.44%
2022-02-07,SPY,Benchmark,419.7930908203125,84472900,-0.32%,22.89%,-6.37%,277,122.89,0.0%,2022,-18.65%
2022-02-07,TSM,Equity,113.37250518798828,6562900,1.07%,11.24%,-13.05%,277,111.24,1.39%,2022,-40.92%
2022-02-08,AMD,Equity,128.22999572753906,84902800,3.69%,38.93%,-20.8%,278,138.93,2.86%,2022,-56.89%
2022-02-08,AVGO,Equity,55.29487609863281,14570000,2.14%,45.35%,-10.98%,278,145.35,1.32%,2022,-13.0%
2022-02-08,INTC,Equity,45.61448669433594,28051200,1.31%,1.58%,-26.53%,278,101.58,0.48%,2022,-48.36%
2022-02-08,NVDA,Equity,25.000953674316406,410359000,1.54%,91.63%,-24.76%,278,191.63,0.71%,2022,-51.44%
2022-02-08,SPY,Benchmark,423.2470397949219,81012000,0.82%,23.91%,-5.6%,278,123.91,0.0%,2022,-18.65%
2022-02-08,TSM,Equity,114.67019653320312,7036200,1.14%,12.52%,-12.05%,278,112.52,0.32%,2022,-40.92%
2022-02-09,AMD,Equity,132.85000610351562,92948900,3.6%,43.93%,-17.95%,279,143.93,2.14%,2022,-56.89%
2022-02-09,AVGO,Equity,56.31930160522461,22004000,1.85%,48.04%,-9.33%,279,148.04,0.39%,2022,-13.0%
2022-02-09,INTC,Equity,46.6424674987793,35217300,2.25%,3.87%,-24.87%,279,103.87,0.79%,2022,-48.36%
2022-02-09,NVDA,Equity,26.591148376464844,524282000,6.36%,103.82%,-19.98%,279,203.82,4.9%,2022,-51.44%
2022-02-09,SPY,Benchmark,429.4417724609375,92589900,1.46%,25.72%,-4.22%,279,125.72,0.0%,2022,-18.65%
2022-02-09,TSM,Equity,116.34793853759766,10979700,1.46%,14.16%,-10.76%,279,114.16,-0.0%,2022,-40.92%
2022-02-10,AMD,Equity,125.7699966430664,108939900,-5.33%,36.26%,-22.32%,280,136.26,-3.53%,2022,-56.89%
2022-02-10,AVGO,Equity,54.47865295410156,24920000,-3.27%,43.2%,-12.3%,280,143.2,-1.47%,2022,-13.0%
2022-02-10,INTC,Equity,45.66120529174805,32762700,-2.1%,1.69%,-26.45%,280,101.69,-0.31%,2022,-48.36%
2022-02-10,NVDA,Equity,25.713899612426758,513200000,-3.3%,97.1%,-22.62%,280,197.1,-1.5%,2022,-51.44%
2022-02-10,SPY,Benchmark,421.7265319824219,140103700,-1.8%,23.46%,-5.94%,280,123.46,0.0%,2022,-18.65%
2022-02-10,TSM,Equity,115.59712219238281,10474900,-0.65%,13.43%,-11.34%,280,113.43,1.15%,2022,-40.92%
2022-02-11,AMD,Equity,113.18000030517578,164723200,-10.01%,22.62%,-30.1%,281,122.62,-8.04%,2022,-56.89%
2022-02-11,AVGO,Equity,52.825950622558594,27281000,-3.03%,38.86%,-14.96%,281,138.86,-1.06%,2022,-13.0%
2022-02-11,INTC,Equity,44.51173782348633,37208200,-2.52%,-0.87%,-28.3%,281,99.13,-0.55%,2022,-48.36%
2022-02-11,NVDA,Equity,23.846895217895508,605472000,-7.26%,82.79%,-28.24%,281,182.79,-5.29%,2022,-51.44%
2022-02-11,SPY,Benchmark,413.41058349609375,153214600,-1.97%,21.03%,-7.8%,281,121.03,0.0%,2022,-18.65%
2022-02-11,TSM,Equity,112.16749572753906,9845700,-2.97%,10.06%,-13.97%,281,110.06,-0.99%,2022,-40.92%
2022-02-14,AMD,Equity,114.2699966430664,135146400,0.96%,23.8%,-29.42%,282,123.8,1.29%,2022,-56.89%
2022-02-14,AVGO,Equity,53.301307678222656,19291000,0.9%,40.11%,-14.19%,282,140.11,1.23%,2022,-13.0%
2022-02-14,INTC,Equity,44.46501159667969,28456900,-0.1%,-0.98%,-28.38%,282,99.02,0.22%,2022,-48.36%
2022-02-14,NVDA,Equity,24.163536071777344,440424000,1.33%,85.22%,-27.28%,282,185.22,1.65%,2022,-51.44%
2022-02-14,SPY,Benchmark,412.0589904785156,123006300,-0.33%,20.63%,-8.1%,282,120.63,0.0%,2022,-18.65%
2022-02-14,TSM,Equity,111.01810455322266,8081800,-1.02%,8.93%,-14.85%,282,108.93,-0.7%,2022,-40.92%
2022-02-15,AMD,Equity,121.47000122070312,143975900,6.3%,31.6%,-24.98%,283,131.6,4.69%,2022,-56.89%
2022-02-15,AVGO,Equity,55.5297966003418,34284000,4.18%,45.96%,-10.61%,283,145.96,2.57%,2022,-13.0%
2022-02-15,INTC,Equity,45.26870346069336,35837900,1.81%,0.81%,-27.08%,283,100.81,0.19%,2022,-48.36%
2022-02-15,NVDA,Equity,26.382047653198242,699869000,9.18%,102.22%,-20.61%,283,202.22,7.57%,2022,-51.44%
2022-02-15,SPY,Benchmark,418.7042541503906,88482700,1.61%,22.58%,-6.62%,283,122.58,0.0%,2022,-18.65%
2022-02-15,TSM,Equity,115.42100524902344,9248700,3.97%,13.25%,-11.47%,283,113.25,2.35%,2022,-40.92%
2022-02-16,AMD,Equity,117.69000244140625,119109600,-3.11%,27.51%,-27.31%,284,127.51,-3.22%,2022,-56.89%
2022-02-16,AVGO,Equity,55.01758575439453,22931000,-0.92%,44.62%,-11.43%,284,144.62,-1.03%,2022,-13.0%
2022-02-16,INTC,Equity,45.072452545166016,26022900,-0.43%,0.38%,-27.4%,284,100.38,-0.55%,2022,-48.36%
2022-02-16,NVDA,Equity,26.397972106933594,732676000,0.06%,102.34%,-20.56%,284,202.34,-0.05%,2022,-51.44%
2022-02-16,SPY,Benchmark,419.17352294921875,84863600,0.11%,22.71%,-6.51%,284,122.71,0.0%,2022,-18.65%
2022-02-16,TSM,Equity,114.56825256347656,5749500,-0.74%,12.42%,-12.13%,284,112.42,-0.85%,2022,-40.92%
2022-02-17,AMD,Equity,112.37000274658203,98179600,-4.52%,21.74%,-30.6%,285,121.74,-2.38%,2022,-56.89%
2022-02-17,AVGO,Equity,53.34000778198242,21424000,-3.05%,40.21%,-14.13%,285,140.21,-0.91%,2022,-13.0%
2022-02-17,INTC,Equity,44.455665588378906,32030600,-1.37%,-1.0%,-28.39%,285,99.0,0.77%,2022,-48.36%
2022-02-17,NVDA,Equity,24.402515411376953,810595000,-7.56%,87.05%,-26.56%,285,187.05,-5.42%,2022,-51.44%
2022-02-17,SPY,Benchmark,410.21942138671875,102259100,-2.14%,20.09%,-8.51%,285,120.09,0.0%,2022,-18.65%
2022-02-17,TSM,Equity,111.00882720947266,7976700,-3.11%,8.92%,-14.86%,285,108.92,-0.97%,2022,-40.92%
2022-02-18,AMD,Equity,113.83000183105469,114321200,1.3%,23.33%,-29.7%,286,123.33,1.95%,2022,-56.89%
2022-02-18,AVGO,Equity,53.431209564208984,19708000,0.17%,40.45%,-13.98%,286,140.45,0.82%,2022,-13.0%
2022-02-18,INTC,Equity,42.091304779052734,76520100,-5.32%,-6.26%,-32.2%,286,93.74,-4.67%,2022,-48.36%
2022-02-18,NVDA,Equity,23.54120635986328,761255000,-3.53%,80.44%,-29.16%,286,180.44,-2.88%,2022,-51.44%
2022-02-18,SPY,Benchmark,407.563232421875,132642900,-0.65%,19.31%,-9.1%,286,119.31,0.0%,2022,-18.65%
2022-02-18,TSM,Equity,110.59172821044922,8389000,-0.38%,8.52%,-15.18%,286,108.52,0.27%,2022,-40.92%
2022-02-22,AMD,Equity,115.6500015258789,141648500,1.6%,25.3%,-28.57%,287,125.3,2.67%,2022,-56.89%
2022-02-22,AVGO,Equity,53.1981315612793,20204000,-0.44%,39.84%,-14.36%,287,139.84,0.64%,2022,-13.0%
2022-02-22,INTC,Equity,41.76421356201172,57093300,-0.78%,-6.99%,-32.73%,287,93.01,0.3%,2022,-48.36%
2022-02-22,NVDA,Equity,23.29027557373047,633422000,-1.07%,78.52%,-29.91%,287,178.52,0.01%,2022,-51.44%
2022-02-22,SPY,Benchmark,403.1894226074219,124391800,-1.07%,18.03%,-10.08%,287,118.03,0.0%,2022,-18.65%
2022-02-22,TSM,Equity,108.36709594726562,9793500,-2.01%,6.33%,-16.88%,287,106.33,-0.94%,2022,-40.92%
2022-02-23,AMD,Equity,109.76000213623047,120299400,-5.09%,18.92%,-32.21%,288,118.92,-3.32%,2022,-56.89%
2022-02-23,AVGO,Equity,52.06776809692383,22416000,-2.12%,36.86%,-16.18%,288,136.86,-0.35%,2022,-13.0%
2022-02-23,INTC,Equity,41.72683334350586,38176700,-0.09%,-7.07%,-32.79%,288,92.93,1.68%,2022,-48.36%
2022-02-23,NVDA,Equity,22.291555404663086,566511000,-4.29%,70.87%,-32.92%,288,170.87,-2.51%,2022,-51.44%
2022-02-23,SPY,Benchmark,396.0373840332031,132578000,-1.77%,15.94%,-11.67%,288,115.94,0.0%,2022,-18.65%
2022-02-23,TSM,Equity,107.4308853149414,8114700,-0.86%,5.41%,-17.6%,288,105.41,0.91%,2022,-40.92%
2022-02-24,AMD,Equity,116.61000061035156,142956600,6.24%,26.34%,-27.98%,289,126.34,4.74%,2022,-56.89%
2022-02-24,AVGO,Equity,53.43212127685547,35316000,2.62%,40.45%,-13.98%,289,140.45,1.12%,2022,-13.0%
2022-02-24,INTC,Equity,43.661312103271484,72740100,4.64%,-2.77%,-29.67%,289,97.23,3.13%,2022,-48.36%
2022-02-24,NVDA,Equity,23.646759033203125,735801000,6.08%,81.25%,-28.84%,289,181.25,4.57%,2022,-51.44%
2022-02-24,SPY,Benchmark,401.9974060058594,213942900,1.5%,17.68%,-10.34%,289,117.68,0.0%,2022,-18.65%
2022-02-24,TSM,Equity,103.70463562011719,27539100,-3.47%,1.76%,-20.46%,289,101.76,-4.97%,2022,-40.92%
2022-02-25,AMD,Equity,121.05999755859375,127821000,3.82%,31.16%,-25.23%,290,131.16,1.61%,2022,-56.89%
2022-02-25,AVGO,Equity,54.1700439453125,22380000,1.38%,42.39%,-12.79%,290,142.39,-0.83%,2022,-13.0%
2022-02-25,INTC,Equity,44.58649444580078,39266300,2.12%,-0.7%,-28.18%,290,99.3,-0.09%,2022,-48.36%
2022-02-25,NVDA,Equity,24.05400848388672,528866000,1.72%,84.38%,-27.61%,290,184.38,-0.48%,2022,-51.44%
2022-02-25,SPY,Benchmark,410.8670959472656,121804500,2.21%,20.28%,-8.36%,290,120.28,0.0%,2022,-18.65%
2022-02-25,TSM,Equity,103.10215759277344,14258900,-0.58%,1.17%,-20.92%,290,101.17,-2.79%,2022,-40.92%
2022-02-28,AMD,Equity,123.33999633789062,124666100,1.88%,33.63%,-23.82%,291,133.63,2.14%,2022,-56.89%
2022-02-28,AVGO,Equity,54.117530822753906,25005000,-0.1%,42.25%,-12.88%,291,142.25,0.16%,2022,-13.0%
2022-02-28,INTC,Equity,44.577152252197266,41946100,-0.02%,-0.73%,-28.2%,291,99.27,0.23%,2022,-48.36%
2022-02-28,NVDA,Equity,24.281034469604492,477319000,0.94%,86.12%,-26.93%,291,186.12,1.2%,2022,-51.44%
2022-02-28,SPY,Benchmark,409.8158264160156,145615000,-0.26%,19.97%,-8.6%,291,119.97,0.0%,2022,-18.65%
2022-02-28,TSM,Equity,99.1905288696289,26390800,-3.79%,-2.67%,-23.92%,291,97.33,-3.54%,2022,-40.92%
2022-03-01,AMD,Equity,113.83000183105469,126552200,-7.71%,23.33%,-29.7%,292,123.33,-6.19%,2022,-56.89%
2022-03-01,AVGO,Equity,52.52194595336914,24898000,-2.95%,38.06%,-15.45%,292,138.06,-1.43%,2022,-13.0%
2022-03-01,INTC,Equity,43.754764556884766,53853000,-1.84%,-2.56%,-29.52%,292,97.44,-0.32%,2022,-48.36%
2022-03-01,NVDA,Equity,23.37690544128418,412056000,-3.72%,79.19%,-29.65%,292,179.19,-2.2%,2022,-51.44%
2022-03-01,SPY,Benchmark,403.5742492675781,137785900,-1.52%,18.15%,-9.99%,292,118.15,0.0%,2022,-18.65%
2022-03-01,TSM,Equity,100.15452575683594,20377900,0.97%,-1.73%,-23.18%,292,98.27,2.49%,2022,-40.92%
2022-03-02,AMD,Equity,118.27999877929688,118354500,3.91%,28.15%,-26.95%,293,128.15,2.07%,2022,-56.89%
2022-03-02,AVGO,Equity,53.964603424072266,21771000,2.75%,41.85%,-13.13%,293,141.85,0.91%,2022,-13.0%
2022-03-02,INTC,Equity,45.670555114746094,46936500,4.38%,1.71%,-26.44%,293,101.71,2.54%,2022,-48.36%
2022-03-02,NVDA,Equity,24.120845794677734,389642000,3.18%,84.89%,-27.41%,293,184.89,1.34%,2022,-51.44%
2022-03-02,SPY,Benchmark,410.99847412109375,117726500,1.84%,20.32%,-8.34%,293,120.32,0.0%,2022,-18.65%
2022-03-02,TSM,Equity,101.60052490234375,13342400,1.44%,-0.31%,-22.07%,293,99.69,-0.4%,2022,-40.92%
2022-03-03,AMD,Equity,111.9800033569336,123916700,-5.33%,21.32%,-30.84%,294,121.32,-4.83%,2022,-56.89%
2022-03-03,AVGO,Equity,53.303157806396484,26454000,-1.23%,40.11%,-14.19%,294,140.11,-0.73%,2022,-13.0%
2022-03-03,INTC,Equity,44.79209899902344,36389900,-1.92%,-0.25%,-27.85%,294,99.75,-1.43%,2022,-48.36%
2022-03-03,NVDA,Equity,23.616924285888672,365095000,-2.09%,81.03%,-28.93%,294,181.03,-1.59%,2022,-51.44%
2022-03-03,SPY,Benchmark,408.95233154296875,105501700,-0.5%,19.72%,-8.79%,294,119.72,0.0%,2022,-18.65%
2022-03-03,TSM,Equity,100.84044647216797,10841700,-0.75%,-1.05%,-22.66%,294,98.95,-0.25%,2022,-40.92%
2022-03-04,AMD,Equity,108.41000366210938,100609400,-3.19%,17.45%,-33.04%,295,117.45,-2.38%,2022,-56.89%
2022-03-04,AVGO,Equity,54.90519332885742,44757000,3.01%,44.32%,-11.61%,295,144.32,3.82%,2022,-13.0%
2022-03-04,INTC,Equity,44.92293167114258,38310700,0.29%,0.04%,-27.64%,295,100.04,1.1%,2022,-48.36%
2022-03-04,NVDA,Equity,22.84210777282715,431415000,-3.28%,75.09%,-31.26%,295,175.09,-2.47%,2022,-51.44%
2022-03-04,SPY,Benchmark,405.6297302246094,113978200,-0.81%,18.75%,-9.53%,295,118.75,0.0%,2022,-18.65%
2022-03-04,TSM,Equity,97.38299560546875,22372100,-3.43%,-4.45%,-25.31%,295,95.55,-2.62%,2022,-40.92%
2022-03-07,AMD,Equity,102.94999694824219,92600000,-5.04%,11.54%,-36.42%,296,111.54,-2.09%,2022,-56.89%
2022-03-07,AVGO,Equity,52.57536315917969,26494000,-4.24%,38.2%,-15.36%,296,138.2,-1.3%,2022,-13.0%
2022-03-07,INTC,Equity,44.5584602355957,43813700,-0.81%,-0.77%,-28.23%,296,99.23,2.14%,2022,-48.36%
2022-03-07,NVDA,Equity,21.264591217041016,450821000,-6.91%,62.99%,-36.01%,296,162.99,-3.96%,2022,-51.44%
2022-03-07,SPY,Benchmark,393.6721496582031,137896600,-2.95%,15.25%,-12.2%,296,115.25,0.0%,2022,-18.65%
2022-03-07,TSM,Equity,92.03465270996094,29422900,-5.49%,-9.69%,-29.41%,296,90.31,-2.54%,2022,-40.92%
2022-03-08,AMD,Equity,105.52999877929688,135348300,2.51%,14.33%,-34.82%,297,114.33,3.26%,2022,-56.89%
2022-03-08,AVGO,Equity,53.059024810791016,26993000,0.92%,39.47%,-14.58%,297,139.47,1.68%,2022,-13.0%
2022-03-08,INTC,Equity,44.3902473449707,44813900,-0.38%,-1.14%,-28.5%,297,98.86,0.38%,2022,-48.36%
2022-03-08,NVDA,Equity,21.425933837890625,557467000,0.76%,64.23%,-35.52%,297,164.23,1.52%,2022,-51.44%
2022-03-08,SPY,Benchmark,390.6873474121094,164772700,-0.76%,14.37%,-12.87%,297,114.37,0.0%,2022,-18.65%
2022-03-08,TSM,Equity,92.69277954101562,25650000,0.72%,-9.05%,-28.91%,297,90.95,1.47%,2022,-40.92%
2022-03-09,AMD,Equity,111.05000305175781,102310300,5.23%,20.31%,-31.41%,298,120.31,2.55%,2022,-56.89%
2022-03-09,AVGO,Equity,55.00008010864258,22560000,3.66%,44.57%,-11.46%,298,144.57,0.98%,2022,-13.0%
2022-03-09,INTC,Equity,44.51173782348633,36076500,0.27%,-0.87%,-28.3%,298,99.13,-2.41%,2022,-48.36%
2022-03-09,NVDA,Equity,22.91978645324707,492742000,6.97%,75.68%,-31.03%,298,175.68,4.29%,2022,-51.44%
2022-03-09,SPY,Benchmark,401.1619873046875,116990800,2.68%,17.44%,-10.53%,298,117.44,0.0%,2022,-18.65%
2022-03-09,TSM,Equity,97.2810287475586,14348400,4.95%,-4.55%,-25.39%,298,95.45,2.27%,2022,-40.92%
2022-03-10,AMD,Equity,106.45999908447266,102557400,-4.13%,15.34%,-34.25%,299,115.34,-3.68%,2022,-56.89%
2022-03-10,AVGO,Equity,54.14425277709961,19323000,-1.56%,42.32%,-12.84%,299,142.32,-1.1%,2022,-13.0%
2022-03-10,INTC,Equity,43.60524368286133,36456000,-2.04%,-2.89%,-29.76%,299,97.11,-1.58%,2022,-48.36%
2022-03-10,NVDA,Equity,22.565242767333984,428066000,-1.55%,72.96%,-32.09%,299,172.96,-1.1%,2022,-51.44%
2022-03-10,SPY,Benchmark,399.3505859375,93972700,-0.45%,16.91%,-10.93%,299,116.91,0.0%,2022,-18.65%
2022-03-10,TSM,Equity,96.3633804321289,11811000,-0.94%,-5.45%,-26.09%,299,94.55,-0.49%,2022,-40.92%
2022-03-11,AMD,Equity,104.29000091552734,87584400,-2.04%,12.99%,-35.59%,300,112.99,-0.77%,2022,-56.89%
2022-03-11,AVGO,Equity,53.23405838012695,19813000,-1.68%,39.93%,-14.3%,300,139.93,-0.41%,2022,-13.0%
2022-03-11,INTC,Equity,42.8295783996582,27082100,-1.78%,-4.62%,-31.01%,300,95.38,-0.51%,2022,-48.36%
2022-03-11,NVDA,Equity,22.009525299072266,367209000,-2.46%,68.7%,-33.77%,300,168.7,-1.19%,2022,-51.44%
2022-03-11,SPY,Benchmark,394.2728271484375,95636300,-1.27%,15.42%,-12.07%,300,115.42,0.0%,2022,-18.65%
2022-03-11,TSM,Equity,93.99972534179688,18116400,-2.45%,-7.76%,-27.9%,300,92.24,-1.18%,2022,-40.92%
2022-03-14,AMD,Equity,102.25,89731700,-1.96%,10.78%,-36.85%,301,110.78,-1.23%,2022,-56.89%
2022-03-14,AVGO,Equity,52.30821228027344,25234000,-1.74%,37.5%,-15.79%,301,137.5,-1.01%,2022,-13.0%
2022-03-14,INTC,Equity,41.493202209472656,35993900,-3.12%,-7.59%,-33.17%,301,92.41,-2.39%,2022,-48.36%
2022-03-14,NVDA,Equity,21.242679595947266,385354000,-3.48%,62.83%,-36.07%,301,162.83,-2.75%,2022,-51.44%
2022-03-14,SPY,Benchmark,391.3913269042969,95729200,-0.73%,14.58%,-12.71%,301,114.58,0.0%,2022,-18.65%
2022-03-14,TSM,Equity,92.04389953613281,17959400,-2.08%,-9.68%,-29.4%,301,90.32,-1.35%,2022,-40.92%
2022-03-15,AMD,Equity,109.33000183105469,112425500,6.92%,18.45%,-32.47%,302,118.45,4.73%,2022,-56.89%
2022-03-15,AVGO,Equity,54.607635498046875,28260000,4.4%,43.54%,-12.09%,302,143.54,2.2%,2022,-13.0%
2022-03-15,INTC,Equity,41.8763542175293,34448900,0.92%,-6.74%,-32.55%,302,93.26,-1.28%,2022,-48.36%
2022-03-15,NVDA,Equity,22.878952026367188,491996000,7.7%,75.37%,-31.15%,302,175.37,5.5%,2022,-51.44%
2022-03-15,SPY,Benchmark,399.9981994628906,106219100,2.2%,17.1%,-10.79%,302,117.1,0.0%,2022,-18.65%
2022-03-15,TSM,Equity,94.6300277709961,13415600,2.81%,-7.15%,-27.42%,302,92.85,0.61%,2022,-40.92%
2022-03-16,AMD,Equity,115.37000274658203,113689800,5.52%,24.99%,-28.74%,303,124.99,3.31%,2022,-56.89%
2022-03-16,AVGO,Equity,55.9305305480957,29454000,2.42%,47.02%,-9.96%,303,147.02,0.21%,2022,-13.0%
2022-03-16,INTC,Equity,43.57719802856445,38885500,4.06%,-2.95%,-29.81%,303,97.05,1.84%,2022,-48.36%
2022-03-16,NVDA,Equity,24.39571762084961,671422000,6.63%,86.99%,-26.58%,303,186.99,4.41%,2022,-51.44%
2022-03-16,SPY,Benchmark,408.8678283691406,144954800,2.22%,19.7%,-8.81%,303,119.7,0.0%,2022,-18.65%
2022-03-16,TSM,Equity,98.43943786621094,20347100,4.03%,-3.41%,-24.5%,303,96.59,1.81%,2022,-40.92%
2022-03-17,AMD,Equity,111.69000244140625,103201700,-3.19%,21.01%,-31.02%,304,121.01,-4.44%,2022,-56.89%
2022-03-17,AVGO,Equity,55.52056884765625,18174000,-0.73%,45.94%,-10.62%,304,145.94,-1.98%,2022,-13.0%
2022-03-17,INTC,Equity,44.05381393432617,28555000,1.09%,-1.89%,-29.04%,304,98.11,-0.16%,2022,-48.36%
2022-03-17,NVDA,Equity,24.664615631103516,471941000,1.1%,89.06%,-25.78%,304,189.06,-0.15%,2022,-51.44%
2022-03-17,SPY,Benchmark,413.9831848144531,102676900,1.25%,21.19%,-7.67%,304,121.19,0.0%,2022,-18.65%
2022-03-17,TSM,Equity,99.1845474243164,8042000,0.76%,-2.68%,-23.93%,304,97.32,-0.49%,2022,-40.92%
2022-03-18,AMD,Equity,113.45999908447266,105834800,1.58%,22.93%,-29.92%,305,122.93,0.49%,2022,-56.89%
2022-03-18,AVGO,Equity,56.23363494873047,41538000,1.28%,47.81%,-9.47%,305,147.81,0.19%,2022,-13.0%
2022-03-18,INTC,Equity,44.34352111816406,46237100,0.66%,-1.25%,-28.57%,305,98.75,-0.44%,2022,-48.36%
2022-03-18,NVDA,Equity,26.34470558166504,730719000,6.81%,101.93%,-20.72%,305,201.93,5.72%,2022,-51.44%
2022-03-18,SPY,Benchmark,418.5174560546875,106345500,1.1%,22.52%,-6.66%,305,122.52,0.0%,2022,-18.65%
2022-03-18,TSM,Equity,99.39878845214844,10218200,0.22%,-2.47%,-23.76%,305,97.53,-0.88%,2022,-40.92%
2022-03-21,AMD,Equity,115.91999816894531,101905900,2.17%,25.59%,-28.4%,306,125.59,2.2%,2022,-56.89%
2022-03-21,AVGO,Equity,55.76803970336914,25789000,-0.83%,46.59%,-10.22%,306,146.59,-0.8%,2022,-13.0%
2022-03-21,INTC,Equity,44.287445068359375,32910900,-0.13%,-1.37%,-28.66%,306,98.63,-0.1%,2022,-48.36%
2022-03-21,NVDA,Equity,26.62455940246582,591727000,1.06%,104.08%,-19.88%,306,204.08,1.09%,2022,-51.44%
2022-03-21,SPY,Benchmark,418.3950500488281,88349800,-0.03%,22.49%,-6.69%,306,122.49,0.0%,2022,-18.65%
2022-03-21,TSM,Equity,99.58506774902344,10366100,0.19%,-2.28%,-23.62%,306,97.72,0.22%,2022,-40.92%
2022-03-22,AMD,Equity,114.77999877929688,101672600,-0.98%,24.36%,-29.11%,307,124.36,-2.15%,2022,-56.89%
2022-03-22,AVGO,Equity,56.70014572143555,19262000,1.67%,49.04%,-8.72%,307,149.04,0.5%,2022,-13.0%
2022-03-22,INTC,Equity,45.22197723388672,27923300,2.11%,0.71%,-27.16%,307,100.71,0.94%,2022,-48.36%
2022-03-22,NVDA,Equity,26.415420532226562,547007000,-0.79%,102.48%,-20.51%,307,202.48,-1.96%,2022,-51.44%
2022-03-22,SPY,Benchmark,423.29083251953125,74650400,1.17%,23.92%,-5.59%,307,123.92,0.0%,2022,-18.65%
2022-03-22,TSM,Equity,99.69683837890625,10401200,0.11%,-2.17%,-23.53%,307,97.83,-1.06%,2022,-40.92%
2022-03-23,AMD,Equity,113.91999816894531,90579200,-0.75%,23.42%,-29.64%,308,123.42,0.54%,2022,-56.89%
2022-03-23,AVGO,Equity,55.59088134765625,13839000,-1.96%,46.12%,-10.51%,308,146.12,-0.67%,2022,-13.0%
2022-03-23,INTC,Equity,45.10983657836914,37126400,-0.25%,0.46%,-27.34%,308,100.46,1.04%,2022,-48.36%
2022-03-23,NVDA,Equity,25.52906608581543,502120000,-3.36%,95.68%,-23.17%,308,195.68,-2.07%,2022,-51.44%
2022-03-23,SPY,Benchmark,417.8395080566406,79426100,-1.29%,22.32%,-6.81%,308,122.32,0.0%,2022,-18.65%
2022-03-23,TSM,Equity,98.12276458740234,12905300,-1.58%,-3.72%,-24.74%,308,96.28,-0.29%,2022,-40.92%
2022-03-24,AMD,Equity,120.52999877929688,121961300,5.8%,30.59%,-25.56%,309,130.59,4.29%,2022,-56.89%
2022-03-24,AVGO,Equity,58.099700927734375,26016000,4.51%,52.72%,-6.47%,309,152.72,3.01%,2022,-13.0%
2022-03-24,INTC,Equity,48.240516662597656,51677900,6.94%,7.43%,-22.3%,309,107.43,5.43%,2022,-48.36%
2022-03-24,NVDA,Equity,28.034761428833008,877379000,9.82%,114.89%,-15.63%,309,214.89,8.31%,2022,-51.44%
2022-03-24,SPY,Benchmark,424.13824462890625,64736900,1.51%,24.17%,-5.41%,309,124.17,0.0%,2022,-18.65%
2022-03-24,TSM,Equity,100.51646423339844,10834000,2.44%,-1.37%,-22.91%,309,98.63,0.93%,2022,-40.92%
2022-03-25,AMD,Equity,119.66999816894531,95852400,-0.71%,29.65%,-26.09%,310,129.65,-1.2%,2022,-56.89%
2022-03-25,AVGO,Equity,58.32600784301758,14538000,0.39%,53.31%,-6.1%,310,153.31,-0.1%,2022,-13.0%
2022-03-25,INTC,Equity,48.436767578125,33239800,0.41%,7.87%,-21.98%,310,107.87,-0.08%,2022,-48.36%
2022-03-25,NVDA,Equity,27.578636169433594,579016000,-1.63%,111.39%,-17.01%,310,211.39,-2.12%,2022,-51.44%
2022-03-25,SPY,Benchmark,426.2095642089844,77101300,0.49%,24.77%,-4.94%,310,124.77,0.0%,2022,-18.65%
2022-03-25,TSM,Equity,99.40809631347656,7432100,-1.1%,-2.46%,-23.76%,310,97.54,-1.59%,2022,-40.92%
2022-03-28,AMD,Equity,120.23999786376953,92966100,0.48%,30.27%,-25.74%,311,130.27,-0.23%,2022,-56.89%
2022-03-28,AVGO,Equity,58.69791793823242,14427000,0.64%,54.29%,-5.51%,311,154.29,-0.07%,2022,-13.0%
2022-03-28,INTC,Equity,48.13771438598633,22932400,-0.62%,7.2%,-22.46%,311,107.2,-1.33%,2022,-48.36%
2022-03-28,NVDA,Equity,28.103473663330078,425494000,1.9%,115.42%,-15.43%,311,215.42,1.19%,2022,-51.44%
2022-03-28,SPY,Benchmark,429.24114990234375,68529800,0.71%,25.66%,-4.27%,311,125.66,0.0%,2022,-18.65%
2022-03-28,TSM,Equity,99.03553771972656,8151200,-0.37%,-2.82%,-24.04%,311,97.18,-1.09%,2022,-40.92%
2022-03-29,AMD,Equity,123.2300033569336,94143000,2.49%,33.51%,-23.89%,312,133.51,1.25%,2022,-56.89%
2022-03-29,AVGO,Equity,59.494625091552734,23001000,1.36%,56.39%,-4.22%,312,156.39,0.12%,2022,-13.0%
2022-03-29,INTC,Equity,48.82926940917969,27303700,1.44%,8.74%,-21.35%,312,108.74,0.2%,2022,-48.36%
2022-03-29,NVDA,Equity,28.538692474365234,488984000,1.55%,118.75%,-14.12%,312,218.75,0.31%,2022,-51.44%
2022-03-29,SPY,Benchmark,434.5512390136719,86581500,1.24%,27.21%,-3.08%,312,127.21,0.0%,2022,-18.65%
2022-03-29,TSM,Equity,101.7552261352539,14076200,2.75%,-0.15%,-21.96%,312,99.85,1.51%,2022,-40.92%
2022-03-30,AMD,Equity,119.22000122070312,99476900,-3.25%,29.17%,-26.37%,313,129.17,-2.64%,2022,-56.89%
2022-03-30,AVGO,Equity,58.53190994262695,18626000,-1.62%,53.86%,-5.77%,313,153.86,-1.0%,2022,-13.0%
2022-03-30,INTC,Equity,48.06295394897461,24623300,-1.57%,7.04%,-22.58%,313,107.04,-0.95%,2022,-48.36%
2022-03-30,NVDA,Equity,27.57664680480957,463487000,-3.37%,111.38%,-17.01%,313,211.38,-2.75%,2022,-51.44%
2022-03-30,SPY,Benchmark,431.8680114746094,79666900,-0.62%,26.43%,-3.68%,313,126.43,0.0%,2022,-18.65%
2022-03-30,TSM,Equity,99.40809631347656,15456300,-2.31%,-2.46%,-23.76%,313,97.54,-1.69%,2022,-40.92%
2022-03-31,AMD,Equity,109.33999633789062,147004800,-8.29%,18.46%,-32.47%,314,118.46,-6.75%,2022,-56.89%
2022-03-31,AVGO,Equity,58.401126861572266,21731000,-0.22%,53.51%,-5.98%,314,153.51,1.32%,2022,-13.0%
2022-03-31,INTC,Equity,46.31538009643555,43698300,-3.64%,3.15%,-25.4%,314,103.15,-2.1%,2022,-48.36%
2022-03-31,NVDA,Equity,27.174297332763672,523440000,-1.46%,108.29%,-18.22%,314,208.29,0.08%,2022,-51.44%
2022-03-31,SPY,Benchmark,425.220947265625,121699900,-1.54%,24.48%,-5.16%,314,124.48,0.0%,2022,-18.65%
2022-03-31,TSM,Equity,97.10755157470703,13021600,-2.31%,-4.72%,-25.52%,314,95.28,-0.78%,2022,-40.92%
2022-04-01,AMD,Equity,108.19000244140625,111867100,-1.05%,17.22%,-33.18%,315,117.22,-1.34%,2022,-56.89%
2022-04-01,AVGO,Equity,58.15071487426758,16267000,-0.43%,52.85%,-6.39%,315,152.85,-0.71%,2022,-13.0%
2022-04-01,INTC,Equity,44.96031188964844,46598600,-2.93%,0.13%,-27.58%,315,100.13,-3.21%,2022,-48.36%
2022-04-01,NVDA,Equity,26.60264778137207,517235000,-2.1%,103.91%,-19.94%,315,203.91,-2.39%,2022,-51.44%
2022-04-01,SPY,Benchmark,426.42608642578125,89048800,0.28%,24.84%,-4.89%,315,124.84,0.0%,2022,-18.65%
2022-04-01,TSM,Equity,95.7384033203125,12085100,-1.41%,-6.06%,-26.57%,315,93.94,-1.69%,2022,-40.92%
2022-04-04,AMD,Equity,110.52999877929688,90123900,2.16%,19.75%,-31.73%,316,119.75,1.31%,2022,-56.89%
2022-04-04,AVGO,Equity,58.88063430786133,16484000,1.26%,54.77%,-5.21%,316,154.77,0.4%,2022,-13.0%
2022-04-04,INTC,Equity,45.978946685791016,23784900,2.27%,2.4%,-25.94%,316,102.4,1.41%,2022,-48.36%
2022-04-04,NVDA,Equity,27.247995376586914,397120000,2.43%,108.86%,-18.0%,316,208.86,1.57%,2022,-51.44%
2022-04-04,SPY,Benchmark,430.0791320800781,59601000,0.86%,25.91%,-4.08%,316,125.91,0.0%,2022,-18.65%
2022-04-04,TSM,Equity,97.6011962890625,9077200,1.95%,-4.23%,-25.14%,316,95.77,1.09%,2022,-40.92%
2022-04-05,AMD,Equity,106.81999969482422,79532000,-3.36%,15.73%,-34.03%,317,115.73,-2.09%,2022,-56.89%
2022-04-05,AVGO,Equity,56.957984924316406,19778000,-3.27%,49.72%,-8.31%,317,149.72,-2.0%,2022,-13.0%
2022-04-05,INTC,Equity,44.97900390625,25779200,-2.17%,0.17%,-27.55%,317,100.17,-0.91%,2022,-48.36%
2022-04-05,NVDA,Equity,25.824844360351562,436615000,-5.22%,97.95%,-22.28%,317,197.95,-3.96%,2022,-51.44%
2022-04-05,SPY,Benchmark,424.6466369628906,74214500,-1.26%,24.32%,-5.29%,317,124.32,0.0%,2022,-18.65%
2022-04-05,TSM,Equity,95.4682846069336,12291000,-2.19%,-6.32%,-26.78%,317,93.68,-0.92%,2022,-40.92%
2022-04-06,AMD,Equity,103.66999816894531,105256600,-2.95%,12.32%,-35.97%,318,112.32,-1.95%,2022,-56.89%
2022-04-06,AVGO,Equity,55.83390426635742,23742000,-1.97%,46.76%,-10.12%,318,146.76,-0.97%,2022,-13.0%
2022-04-06,INTC,Equity,44.42762756347656,31518700,-1.23%,-1.06%,-28.44%,318,98.94,-0.23%,2022,-48.36%
2022-04-06,NVDA,Equity,24.307083129882812,703833000,-5.88%,86.32%,-26.85%,318,186.32,-4.88%,2022,-51.44%
2022-04-06,SPY,Benchmark,420.40045166015625,106898000,-1.0%,23.07%,-6.24%,318,123.07,0.0%,2022,-18.65%
2022-04-06,TSM,Equity,94.23884582519531,14902600,-1.29%,-7.53%,-27.72%,318,92.47,-0.29%,2022,-40.92%
2022-04-07,AMD,Equity,103.72000122070312,91895500,0.05%,12.37%,-35.94%,319,112.37,-0.46%,2022,-56.89%
2022-04-07,AVGO,Equity,55.9312744140625,16583000,0.17%,47.02%,-9.96%,319,147.02,-0.33%,2022,-13.0%
2022-04-07,INTC,Equity,44.446319580078125,24117000,0.04%,-1.02%,-28.41%,319,98.98,-0.46%,2022,-48.36%
2022-04-07,NVDA,Equity,24.108901977539062,557992000,-0.82%,84.8%,-27.45%,319,184.8,-1.32%,2022,-51.44%
2022-04-07,SPY,Benchmark,422.51885986328125,78097200,0.5%,23.69%,-5.77%,319,123.69,0.0%,2022,-18.65%
2022-04-07,TSM,Equity,93.62410736083984,12431000,-0.65%,-8.13%,-28.19%,319,91.87,-1.16%,2022,-40.92%
2022-04-08,AMD,Equity,101.0,92746700,-2.62%,9.43%,-37.62%,320,109.43,-2.36%,2022,-56.89%
2022-04-08,AVGO,Equity,54.44268035888672,20464000,-2.66%,43.11%,-12.36%,320,143.11,-2.39%,2022,-13.0%
2022-04-08,INTC,Equity,43.941673278808594,22167300,-1.14%,-2.14%,-29.22%,320,97.86,-0.87%,2022,-48.36%
2022-04-08,NVDA,Equity,23.02436065673828,524781000,-4.5%,76.48%,-30.71%,320,176.48,-4.23%,2022,-51.44%
2022-04-08,SPY,Benchmark,421.3890075683594,79272700,-0.27%,23.36%,-6.02%,320,123.36,0.0%,2022,-18.65%
2022-04-08,TSM,Equity,92.478515625,11796200,-1.22%,-9.26%,-29.07%,320,90.74,-0.96%,2022,-40.92%
2022-04-11,AMD,Equity,97.37000274658203,95527700,-3.59%,5.49%,-39.86%,321,105.49,-1.88%,2022,-56.89%
2022-04-11,AVGO,Equity,53.85002136230469,23512000,-1.09%,41.55%,-13.31%,321,141.55,0.62%,2022,-13.0%
2022-04-11,INTC,Equity,43.5211296081543,30352500,-0.96%,-3.08%,-29.9%,321,96.92,0.75%,2022,-48.36%
2022-04-11,NVDA,Equity,21.82727813720703,575207000,-5.2%,67.31%,-34.31%,321,167.31,-3.49%,2022,-51.44%
2022-04-11,SPY,Benchmark,414.1865539550781,89770500,-1.71%,21.25%,-7.62%,321,121.25,0.0%,2022,-18.65%
2022-04-11,TSM,Equity,90.8764877319336,12480500,-1.73%,-10.83%,-30.3%,321,89.17,-0.02%,2022,-40.92%
2022-04-12,AMD,Equity,95.0999984741211,89246400,-2.33%,3.03%,-41.26%,322,103.03,-1.96%,2022,-56.89%
2022-04-12,AVGO,Equity,54.263675689697266,17350000,0.77%,42.64%,-12.64%,322,142.64,1.14%,2022,-13.0%
2022-04-12,INTC,Equity,43.455711364746094,29861400,-0.15%,-3.22%,-30.0%,322,96.78,0.22%,2022,-48.36%
2022-04-12,NVDA,Equity,21.415966033935547,662258000,-1.88%,64.15%,-35.55%,322,164.15,-1.51%,2022,-51.44%
2022-04-12,SPY,Benchmark,412.65191650390625,84363600,-0.37%,20.8%,-7.97%,322,120.8,0.0%,2022,-18.65%
2022-04-12,TSM,Equity,90.75541687011719,13291500,-0.13%,-10.95%,-30.39%,322,89.05,0.24%,2022,-40.92%
2022-04-13,AMD,Equity,97.73999786376953,77728400,2.78%,5.89%,-39.63%,323,105.89,1.63%,2022,-56.89%
2022-04-13,AVGO,Equity,54.956504821777344,20266000,1.28%,44.46%,-11.53%,323,144.46,0.13%,2022,-13.0%
2022-04-13,INTC,Equity,43.93232345581055,22171300,1.1%,-2.16%,-29.24%,323,97.84,-0.05%,2022,-48.36%
2022-04-13,NVDA,Equity,22.112106323242188,516943000,3.25%,69.49%,-33.46%,323,169.49,2.11%,2022,-51.44%
2022-04-13,SPY,Benchmark,417.3782653808594,74070400,1.15%,22.19%,-6.91%,323,122.19,0.0%,2022,-18.65%
2022-04-13,TSM,Equity,94.5368881225586,15776800,4.17%,-7.24%,-27.49%,323,92.76,3.02%,2022,-40.92%
2022-04-14,AMD,Equity,93.05999755859375,73354400,-4.79%,0.82%,-42.52%,324,100.82,-3.54%,2022,-56.89%
2022-04-14,AVGO,Equity,53.22304916381836,27385000,-3.15%,39.9%,-14.32%,324,139.9,-1.91%,2022,-13.0%
2022-04-14,INTC,Equity,42.680049896240234,36181800,-2.85%,-4.95%,-31.25%,324,95.05,-1.61%,2022,-48.36%
2022-04-14,NVDA,Equity,21.170976638793945,569097000,-4.26%,62.28%,-36.29%,324,162.28,-3.01%,2022,-51.44%
2022-04-14,SPY,Benchmark,412.18109130859375,97869500,-1.25%,20.67%,-8.07%,324,120.67,0.0%,2022,-18.65%
2022-04-14,TSM,Equity,91.61229705810547,17828500,-3.09%,-10.11%,-29.74%,324,89.89,-1.85%,2022,-40.92%
2022-04-18,AMD,Equity,93.88999938964844,80605800,0.89%,1.72%,-42.01%,325,101.72,0.85%,2022,-56.89%
2022-04-18,AVGO,Equity,54.396305084228516,21375000,2.2%,42.98%,-12.43%,325,142.98,2.16%,2022,-13.0%
2022-04-18,INTC,Equity,43.58655548095703,25593100,2.12%,-2.93%,-29.79%,325,97.07,2.08%,2022,-48.36%
2022-04-18,NVDA,Equity,21.693828582763672,525701000,2.47%,66.28%,-34.72%,325,166.28,2.43%,2022,-51.44%
2022-04-18,SPY,Benchmark,412.3505859375,66002500,0.04%,20.72%,-8.03%,325,120.72,0.0%,2022,-18.65%
2022-04-18,TSM,Equity,91.9941635131836,10277400,0.42%,-9.73%,-29.44%,325,90.27,0.38%,2022,-40.92%
2022-04-19,AMD,Equity,96.93000030517578,77069500,3.24%,5.02%,-40.13%,326,105.02,1.62%,2022,-56.89%
2022-04-19,AVGO,Equity,55.427650451660156,16581000,1.9%,45.7%,-10.77%,326,145.7,0.28%,2022,-13.0%
2022-04-19,INTC,Equity,44.79209899902344,31483100,2.77%,-0.25%,-27.85%,326,99.75,1.15%,2022,-48.36%
2022-04-19,NVDA,Equity,22.107128143310547,512781000,1.91%,69.45%,-33.47%,326,169.45,0.29%,2022,-51.44%
2022-04-19,SPY,Benchmark,419.00701904296875,77821000,1.61%,22.66%,-6.55%,326,122.66,0.0%,2022,-18.65%
2022-04-19,TSM,Equity,92.62751770019531,10103000,0.69%,-9.11%,-28.96%,326,90.89,-0.93%,2022,-40.92%
2022-04-20,AMD,Equity,94.0199966430664,62489000,-3.0%,1.86%,-41.93%,327,101.86,-2.93%,2022,-56.89%
2022-04-20,AVGO,Equity,55.43693161010742,13920000,0.02%,45.72%,-10.75%,327,145.72,0.09%,2022,-13.0%
2022-04-20,INTC,Equity,44.96031188964844,22787100,0.38%,0.13%,-27.58%,327,100.13,0.45%,2022,-48.36%
2022-04-20,NVDA,Equity,21.394058227539062,468974000,-3.23%,63.99%,-35.62%,327,163.99,-3.15%,2022,-51.44%
2022-04-20,SPY,Benchmark,418.6962585449219,65224400,-0.07%,22.57%,-6.62%,327,122.57,0.0%,2022,-18.65%
2022-04-20,TSM,Equity,92.21770477294922,8596900,-0.44%,-9.51%,-29.27%,327,90.49,-0.37%,2022,-40.92%
2022-04-21,AMD,Equity,89.8499984741211,76680600,-4.44%,-2.65%,-44.51%,328,97.35,-2.94%,2022,-56.89%
2022-04-21,AVGO,Equity,54.97412109375,20352000,-0.83%,44.5%,-11.5%,328,144.5,0.66%,2022,-13.0%
2022-04-21,INTC,Equity,44.3902473449707,27316900,-1.27%,-1.14%,-28.5%,328,98.86,0.23%,2022,-48.36%
2022-04-21,NVDA,Equity,20.10037612915039,656209000,-6.05%,54.07%,-39.51%,328,154.07,-4.55%,2022,-51.44%
2022-04-21,SPY,Benchmark,412.435302734375,85417300,-1.5%,20.74%,-8.02%,328,120.74,0.0%,2022,-18.65%
2022-04-21,TSM,Equity,90.96033477783203,13038500,-1.36%,-10.75%,-30.24%,328,89.25,0.13%,2022,-40.92%
2022-04-22,AMD,Equity,88.13999938964844,75017700,-1.9%,-4.51%,-45.56%,329,95.49,0.84%,2022,-56.89%
2022-04-22,AVGO,Equity,54.43804168701172,21064000,-0.98%,43.09%,-12.36%,329,143.09,1.77%,2022,-13.0%
2022-04-22,INTC,Equity,43.493099212646484,28219900,-2.02%,-3.14%,-29.94%,329,96.86,0.72%,2022,-48.36%
2022-04-22,NVDA,Equity,19.43511199951172,624713000,-3.31%,48.97%,-41.51%,329,148.97,-0.57%,2022,-51.44%
2022-04-22,SPY,Benchmark,401.11846923828125,132471800,-2.74%,17.43%,-10.54%,329,117.43,0.0%,2022,-18.65%
2022-04-22,TSM,Equity,89.11613464355469,11650100,-2.03%,-12.56%,-31.65%,329,87.44,0.72%,2022,-40.92%
2022-04-25,AMD,Equity,90.69000244140625,93481000,2.89%,-1.74%,-43.99%,330,98.26,2.31%,2022,-56.89%
2022-04-25,AVGO,Equity,54.5242919921875,26959000,0.16%,43.32%,-12.22%,330,143.32,-0.42%,2022,-13.0%
2022-04-25,INTC,Equity,43.97905349731445,35999300,1.12%,-2.06%,-29.16%,330,97.94,0.54%,2022,-48.36%
2022-04-25,NVDA,Equity,19.820526123046875,641566000,1.98%,51.93%,-40.35%,330,151.93,1.4%,2022,-51.44%
2022-04-25,SPY,Benchmark,403.4439392089844,119647700,0.58%,18.11%,-10.02%,330,118.11,0.0%,2022,-18.65%
2022-04-25,TSM,Equity,89.63774871826172,10654400,0.59%,-12.04%,-31.25%,330,87.96,0.01%,2022,-40.92%
2022-04-26,AMD,Equity,85.16000366210938,89127400,-6.1%,-7.74%,-47.4%,331,92.26,-3.2%,2022,-56.89%
2022-04-26,AVGO,Equity,51.94498062133789,35809000,-4.73%,36.54%,-16.38%,331,136.54,-1.83%,2022,-13.0%
2022-04-26,INTC,Equity,42.539878845214844,35356600,-3.27%,-5.26%,-31.48%,331,94.74,-0.38%,2022,-48.36%
2022-04-26,NVDA,Equity,18.711088180541992,653143000,-5.6%,43.42%,-43.69%,331,143.42,-2.7%,2022,-51.44%
2022-04-26,SPY,Benchmark,391.7599792480469,103996300,-2.9%,14.69%,-12.63%,331,114.69,0.0%,2022,-18.65%
2022-04-26,TSM,Equity,86.40579223632812,14176000,-3.61%,-15.22%,-33.73%,331,84.78,-0.71%,2022,-40.92%
2022-04-27,AMD,Equity,84.91000366210938,83125100,-0.29%,-8.01%,-47.56%,332,91.99,-0.57%,2022,-56.89%
2022-04-27,AVGO,Equity,51.895835876464844,19313000,-0.09%,36.41%,-16.46%,332,136.41,-0.38%,2022,-13.0%
2022-04-27,INTC,Equity,42.25951385498047,28320900,-0.66%,-5.89%,-31.93%,332,94.11,-0.94%,2022,-48.36%
2022-04-27,NVDA,Equity,18.339616775512695,499460000,-1.99%,40.57%,-44.81%,332,140.57,-2.27%,2022,-51.44%
2022-04-27,SPY,Benchmark,392.8614807128906,122030000,0.28%,15.01%,-12.38%,332,115.01,0.0%,2022,-18.65%
2022-04-27,TSM,Equity,84.0679702758789,15846300,-2.71%,-17.51%,-35.52%,332,82.49,-2.99%,2022,-40.92%
2022-04-28,AMD,Equity,89.63999938964844,91495400,5.57%,-2.88%,-44.64%,333,97.12,3.04%,2022,-56.89%
2022-04-28,AVGO,Equity,53.695133209228516,22334000,3.47%,41.14%,-13.56%,333,141.14,0.94%,2022,-13.0%
2022-04-28,INTC,Equity,43.773460388183594,41097000,3.58%,-2.52%,-29.49%,333,97.48,1.06%,2022,-48.36%
2022-04-28,NVDA,Equity,19.701017379760742,570327000,7.42%,51.01%,-40.71%,333,151.01,4.9%,2022,-51.44%
2022-04-28,SPY,Benchmark,402.7849426269531,105449100,2.53%,17.92%,-10.17%,333,117.92,0.0%,2022,-18.65%
2022-04-28,TSM,Equity,88.6877212524414,15176200,5.5%,-12.98%,-31.98%,333,87.02,2.97%,2022,-40.92%
2022-04-29,AMD,Equity,85.5199966430664,82647700,-4.6%,-7.35%,-47.18%,334,92.65,-0.9%,2022,-56.89%
2022-04-29,AVGO,Equity,51.418182373046875,26108000,-4.24%,35.16%,-17.22%,334,135.16,-0.54%,2022,-13.0%
2022-04-29,INTC,Equity,40.73623275756836,70765900,-6.94%,-9.28%,-34.38%,334,90.72,-3.24%,2022,-48.36%
2022-04-29,NVDA,Equity,18.4710750579834,500435000,-6.24%,41.58%,-44.41%,334,141.58,-2.55%,2022,-51.44%
2022-04-29,SPY,Benchmark,387.8997802734375,145491100,-3.7%,13.56%,-13.49%,334,113.56,0.0%,2022,-18.65%
2022-04-29,TSM,Equity,86.5548095703125,10629300,-2.4%,-15.07%,-33.61%,334,84.93,1.29%,2022,-40.92%
2022-05-02,AMD,Equity,89.83999633789062,98304100,5.05%,-2.67%,-44.51%,335,97.33,4.45%,2022,-56.89%
2022-05-02,AVGO,Equity,53.45491409301758,26725000,3.96%,40.51%,-13.95%,335,140.51,3.36%,2022,-13.0%
2022-05-02,INTC,Equity,42.01653289794922,45446500,3.14%,-6.43%,-32.32%,335,93.57,2.54%,2022,-48.36%
2022-05-02,NVDA,Equity,19.453035354614258,572049000,5.32%,49.11%,-41.46%,335,149.11,4.71%,2022,-51.44%
2022-05-02,SPY,Benchmark,390.2347717285156,158312500,0.6%,14.24%,-12.97%,335,114.24,0.0%,2022,-18.65%
2022-05-02,TSM,Equity,87.3278579711914,8251900,0.89%,-14.31%,-33.02%,335,85.69,0.29%,2022,-40.92%
2022-05-03,AMD,Equity,91.12999725341797,126381800,1.44%,-1.27%,-43.72%,336,98.73,0.98%,2022,-56.89%
2022-05-03,AVGO,Equity,53.90195846557617,17064000,0.84%,41.69%,-13.23%,336,141.69,0.38%,2022,-13.0%
2022-05-03,INTC,Equity,42.109989166259766,40158400,0.22%,-6.22%,-32.17%,336,93.78,-0.24%,2022,-48.36%
2022-05-03,NVDA,Equity,19.521757125854492,475751000,0.35%,49.64%,-41.25%,336,149.64,-0.11%,2022,-51.44%
2022-05-03,SPY,Benchmark,392.0235595703125,100028200,0.46%,14.76%,-12.57%,336,114.76,0.0%,2022,-18.65%
2022-05-03,TSM,Equity,87.20677947998047,9511900,-0.14%,-14.43%,-33.11%,336,85.57,-0.6%,2022,-40.92%
2022-05-04,AMD,Equity,99.41999816894531,225394100,9.1%,7.71%,-38.6%,337,107.71,6.05%,2022,-56.89%
2022-05-04,AVGO,Equity,55.987850189208984,23896000,3.87%,47.17%,-9.87%,337,147.17,0.82%,2022,-13.0%
2022-05-04,INTC,Equity,43.493099212646484,44625600,3.28%,-3.14%,-29.94%,337,96.86,0.24%,2022,-48.36%
2022-05-04,NVDA,Equity,20.250755310058594,648855000,3.73%,55.22%,-39.06%,337,155.22,0.69%,2022,-51.44%
2022-05-04,SPY,Benchmark,403.9617614746094,144247900,3.05%,18.26%,-9.9%,337,118.26,0.0%,2022,-18.65%
2022-05-04,TSM,Equity,89.40487670898438,9082500,2.52%,-12.27%,-31.43%,337,87.73,-0.52%,2022,-40.92%
2022-05-05,AMD,Equity,93.87000274658203,153129800,-5.58%,1.7%,-42.02%,338,101.7,-2.03%,2022,-56.89%
2022-05-05,AVGO,Equity,53.79252243041992,32806000,-3.92%,41.4%,-13.4%,338,141.4,-0.37%,2022,-13.0%
2022-05-05,INTC,Equity,42.00957107543945,52996700,-3.41%,-6.44%,-32.33%,338,93.56,0.14%,2022,-48.36%
2022-05-05,NVDA,Equity,18.766855239868164,626331000,-7.33%,43.85%,-43.52%,338,143.85,-3.77%,2022,-51.44%
2022-05-05,SPY,Benchmark,389.6038818359375,172929100,-3.55%,14.06%,-13.11%,338,114.06,0.0%,2022,-18.65%
2022-05-05,TSM,Equity,85.82831573486328,11517200,-4.0%,-15.78%,-34.17%,338,84.22,-0.45%,2022,-40.92%
2022-05-06,AMD,Equity,95.33999633789062,144286600,1.57%,3.29%,-41.12%,339,103.29,2.16%,2022,-56.89%
2022-05-06,AVGO,Equity,53.8027229309082,20745000,0.02%,41.42%,-13.39%,339,141.42,0.62%,2022,-13.0%
2022-05-06,INTC,Equity,41.72699737548828,40916600,-0.67%,-7.07%,-32.79%,339,92.93,-0.08%,2022,-48.36%
2022-05-06,NVDA,Equity,18.598546981811523,633297000,-0.9%,42.56%,-44.03%,339,142.56,-0.3%,2022,-51.44%
2022-05-06,SPY,Benchmark,387.2783508300781,151770800,-0.6%,13.38%,-13.63%,339,113.38,0.0%,2022,-18.65%
2022-05-06,TSM,Equity,85.343994140625,7944900,-0.56%,-16.26%,-34.54%,339,83.74,0.03%,2022,-40.92%
2022-05-09,AMD,Equity,86.36000061035156,144523700,-9.42%,-6.44%,-46.66%,340,93.56,-6.22%,2022,-56.89%
2022-05-09,AVGO,Equity,52.20932388305664,30074000,-2.96%,37.24%,-15.95%,340,137.24,0.24%,2022,-13.0%
2022-05-09,INTC,Equity,40.56843566894531,44925800,-2.78%,-9.65%,-34.65%,340,90.35,0.43%,2022,-48.36%
2022-05-09,NVDA,Equity,16.8806095123291,644455000,-9.24%,29.39%,-49.2%,340,129.39,-6.04%,2022,-51.44%
2022-05-09,SPY,Benchmark,374.87872314453125,155586100,-3.2%,9.75%,-16.39%,340,109.75,0.0%,2022,-18.65%
2022-05-09,TSM,Equity,81.31103515625,11428600,-4.73%,-20.22%,-37.64%,340,79.78,-1.52%,2022,-40.92%
2022-05-10,AMD,Equity,88.7300033569336,137235500,2.74%,-3.87%,-45.2%,341,96.13,2.51%,2022,-56.89%
2022-05-10,AVGO,Equity,53.922367095947266,29271000,3.28%,41.74%,-13.19%,341,141.74,3.05%,2022,-13.0%
2022-05-10,INTC,Equity,41.45383834838867,42770000,2.18%,-7.68%,-33.23%,341,92.32,1.95%,2022,-48.36%
2022-05-10,NVDA,Equity,17.522968292236328,761474000,3.81%,34.31%,-47.27%,341,134.31,3.57%,2022,-51.44%
2022-05-10,SPY,Benchmark,375.7449951171875,132497200,0.23%,10.0%,-16.2%,341,110.0,0.0%,2022,-18.65%
2022-05-10,TSM,Equity,82.72676849365234,11690400,1.74%,-18.83%,-36.55%,341,81.17,1.51%,2022,-40.92%
2022-05-11,AMD,Equity,87.91999816894531,136137900,-0.91%,-4.75%,-45.7%,342,95.25,0.68%,2022,-56.89%
2022-05-11,AVGO,Equity,52.59793472290039,26660000,-2.46%,38.26%,-15.33%,342,138.26,-0.87%,2022,-13.0%
2022-05-11,INTC,Equity,40.34238052368164,40351700,-2.68%,-10.16%,-35.02%,342,89.84,-1.09%,2022,-48.36%
2022-05-11,NVDA,Equity,16.56192398071289,670167000,-5.48%,26.95%,-50.16%,342,126.95,-3.9%,2022,-51.44%
2022-05-11,SPY,Benchmark,369.7758483886719,142361000,-1.59%,8.25%,-17.53%,342,108.25,0.0%,2022,-18.65%
2022-05-11,TSM,Equity,81.8046875,11531300,-1.11%,-19.73%,-37.26%,342,80.27,0.47%,2022,-40.92%
2022-05-12,AMD,Equity,87.05999755859375,129214200,-0.98%,-5.68%,-46.23%,343,94.32,-0.87%,2022,-56.89%
2022-05-12,AVGO,Equity,53.01158905029297,25518000,0.79%,39.34%,-14.66%,343,139.34,0.89%,2022,-13.0%
2022-05-12,INTC,Equity,40.35179901123047,42329600,0.02%,-10.14%,-35.0%,343,89.86,0.13%,2022,-48.36%
2022-05-12,NVDA,Equity,16.108783721923828,708728000,-2.74%,23.47%,-51.52%,343,123.47,-2.63%,2022,-51.44%
2022-05-12,SPY,Benchmark,369.3898010253906,125090800,-0.1%,8.14%,-17.62%,343,108.14,0.0%,2022,-18.65%
2022-05-12,TSM,Equity,81.6742935180664,11592900,-0.16%,-19.86%,-37.36%,343,80.14,-0.05%,2022,-40.92%
2022-05-13,AMD,Equity,95.12000274658203,138068100,9.26%,3.06%,-41.25%,344,103.06,6.87%,2022,-56.89%
2022-05-13,AVGO,Equity,54.55768966674805,19449000,2.92%,43.41%,-12.17%,344,143.41,0.53%,2022,-13.0%
2022-05-13,INTC,Equity,41.06765365600586,32034100,1.77%,-8.54%,-33.85%,344,91.46,-0.62%,2022,-48.36%
2022-05-13,NVDA,Equity,17.633514404296875,670437000,9.47%,35.16%,-46.93%,344,135.16,7.07%,2022,-51.44%
2022-05-13,SPY,Benchmark,378.2210693359375,104174400,2.39%,10.72%,-15.65%,344,110.72,0.0%,2022,-18.65%
2022-05-13,TSM,Equity,84.71996307373047,11180600,3.73%,-16.87%,-35.02%,344,83.13,1.34%,2022,-40.92%
2022-05-16,AMD,Equity,94.23999786376953,131065700,-0.93%,2.1%,-41.79%,345,102.1,-0.52%,2022,-56.89%
2022-05-16,AVGO,Equity,54.041080474853516,14189000,-0.95%,42.05%,-13.0%,345,142.05,-0.54%,2022,-13.0%
2022-05-16,INTC,Equity,40.57786178588867,25071900,-1.19%,-9.63%,-34.64%,345,90.37,-0.79%,2022,-48.36%
2022-05-16,NVDA,Equity,17.193321228027344,521446000,-2.5%,31.79%,-48.26%,345,131.79,-2.09%,2022,-51.44%
2022-05-16,SPY,Benchmark,376.6864013671875,78622400,-0.41%,10.27%,-15.99%,345,110.27,0.0%,2022,-18.65%
2022-05-16,TSM,Equity,84.20768737792969,6729100,-0.6%,-17.37%,-35.41%,345,82.63,-0.2%,2022,-40.92%
2022-05-17,AMD,Equity,102.47000122070312,164227200,8.73%,11.02%,-36.71%,346,111.02,6.68%,2022,-56.89%
2022-05-17,AVGO,Equity,56.404273986816406,24676000,4.37%,48.26%,-9.2%,346,148.26,2.32%,2022,-13.0%
2022-05-17,INTC,Equity,41.82118606567383,28596600,3.06%,-6.86%,-32.64%,346,93.14,1.01%,2022,-48.36%
2022-05-17,NVDA,Equity,18.10258674621582,585830000,5.29%,38.76%,-45.52%,346,138.76,3.23%,2022,-51.44%
2022-05-17,SPY,Benchmark,384.4349670410156,83029700,2.06%,12.54%,-14.26%,346,112.54,0.0%,2022,-18.65%
2022-05-17,TSM,Equity,86.91805267333984,7668800,3.22%,-14.71%,-33.34%,346,85.29,1.16%,2022,-40.92%
2022-05-18,AMD,Equity,96.27999877929688,142603200,-6.04%,4.31%,-40.53%,347,104.31,-2.01%,2022,-56.89%
2022-05-18,AVGO,Equity,52.918846130371094,35024000,-6.18%,39.1%,-14.81%,347,139.1,-2.15%,2022,-13.0%
2022-05-18,INTC,Equity,39.890254974365234,35218400,-4.62%,-11.16%,-35.75%,347,88.84,-0.59%,2022,-48.36%
2022-05-18,NVDA,Equity,16.8686580657959,545161000,-6.82%,29.3%,-49.24%,347,129.3,-2.79%,2022,-51.44%
2022-05-18,SPY,Benchmark,368.93780517578125,117674500,-4.03%,8.01%,-17.72%,347,108.01,0.0%,2022,-18.65%
2022-05-18,TSM,Equity,84.31944274902344,9610900,-2.99%,-17.26%,-35.33%,347,82.74,1.04%,2022,-40.92%
2022-05-19,AMD,Equity,96.66999816894531,141506200,0.41%,4.73%,-40.29%,348,104.73,1.02%,2022,-56.89%
2022-05-19,AVGO,Equity,50.65951156616211,34884000,-4.27%,33.16%,-18.45%,348,133.16,-3.66%,2022,-13.0%
2022-05-19,INTC,Equity,39.57000732421875,29181000,-0.8%,-11.88%,-36.26%,348,88.12,-0.19%,2022,-48.36%
2022-05-19,NVDA,Equity,17.053895950317383,621310000,1.1%,30.72%,-48.68%,348,130.72,1.71%,2022,-51.44%
2022-05-19,SPY,Benchmark,366.6781921386719,98510700,-0.61%,7.34%,-18.22%,348,107.34,0.0%,2022,-18.65%
2022-05-19,TSM,Equity,84.02139282226562,7739000,-0.35%,-17.56%,-35.56%,348,82.44,0.26%,2022,-40.92%
2022-05-20,AMD,Equity,93.5,164126800,-3.28%,1.3%,-42.25%,349,101.3,-3.32%,2022,-56.89%
2022-05-20,AVGO,Equity,50.379417419433594,40281000,-0.55%,32.43%,-18.9%,349,132.43,-0.6%,2022,-13.0%
2022-05-20,INTC,Equity,39.23091125488281,44802300,-0.86%,-12.63%,-36.81%,349,87.37,-0.9%,2022,-48.36%
2022-05-20,NVDA,Equity,16.625661849975586,739105000,-2.51%,27.44%,-49.97%,349,127.44,-2.55%,2022,-51.44%
2022-05-20,SPY,Benchmark,366.83831787109375,131432200,0.04%,7.39%,-18.18%,349,107.39,0.0%,2022,-18.65%
2022-05-20,TSM,Equity,84.55229187011719,10469900,0.63%,-17.03%,-35.15%,349,82.97,0.59%,2022,-40.92%
2022-05-23,AMD,Equity,95.06999969482422,128773000,1.68%,3.0%,-41.28%,350,103.0,-0.19%,2022,-56.89%
2022-05-23,AVGO,Equity,48.8184700012207,58586000,-3.1%,28.32%,-21.41%,350,128.32,-4.97%,2022,-13.0%
2022-05-23,INTC,Equity,39.560585021972656,27199500,0.84%,-11.9%,-36.28%,350,88.1,-1.03%,2022,-48.36%
2022-05-23,NVDA,Equity,16.828824996948242,639889000,1.22%,28.99%,-49.36%,350,128.99,-0.65%,2022,-51.44%
2022-05-23,SPY,Benchmark,373.701904296875,76414900,1.87%,9.4%,-16.65%,350,109.4,0.0%,2022,-18.65%
2022-05-23,TSM,Equity,85.22290802001953,6920500,0.79%,-16.38%,-34.64%,350,83.62,-1.08%,2022,-40.92%
2022-05-24,AMD,Equity,91.16000366210938,123341400,-4.11%,-1.24%,-43.7%,351,98.76,-3.35%,2022,-56.89%
2022-05-24,AVGO,Equity,48.61814880371094,25060000,-0.41%,27.8%,-21.73%,351,127.8,0.35%,2022,-13.0%
2022-05-24,INTC,Equity,39.249755859375,29837500,-0.79%,-12.59%,-36.78%,351,87.41,-0.02%,2022,-48.36%
2022-05-24,NVDA,Equity,16.087871551513672,588550000,-4.4%,23.31%,-51.59%,351,123.31,-3.64%,2022,-51.44%
2022-05-24,SPY,Benchmark,370.8491516113281,91448800,-0.76%,8.57%,-17.29%,351,108.57,0.0%,2022,-18.65%
2022-05-24,TSM,Equity,82.63362884521484,8788600,-3.04%,-18.92%,-36.62%,351,81.08,-2.27%,2022,-40.92%
2022-05-25,AMD,Equity,92.6500015258789,111771100,1.63%,0.38%,-42.78%,352,100.38,0.75%,2022,-56.89%
2022-05-25,AVGO,Equity,49.307254791259766,17842000,1.42%,29.61%,-20.62%,352,129.61,0.53%,2022,-13.0%
2022-05-25,INTC,Equity,39.74897003173828,26283100,1.27%,-11.48%,-35.97%,352,88.52,0.39%,2022,-48.36%
2022-05-25,NVDA,Equity,16.90550994873047,781132000,5.08%,29.58%,-49.13%,352,129.58,4.2%,2022,-51.44%
2022-05-25,SPY,Benchmark,374.1255798339844,91472900,0.88%,9.53%,-16.56%,352,109.53,0.0%,2022,-18.65%
2022-05-25,TSM,Equity,84.20768737792969,9113500,1.9%,-17.37%,-35.41%,352,82.63,1.02%,2022,-40.92%
2022-05-26,AMD,Equity,98.75,128792700,6.58%,6.99%,-39.01%,353,106.99,4.59%,2022,-56.89%
2022-05-26,AVGO,Equity,51.072235107421875,39743000,3.58%,34.25%,-17.78%,353,134.25,1.58%,2022,-13.0%
2022-05-26,INTC,Equity,40.954627990722656,28826700,3.03%,-8.79%,-34.03%,353,91.21,1.04%,2022,-48.36%
2022-05-26,NVDA,Equity,17.777923583984375,996575000,5.16%,36.27%,-46.5%,353,136.27,3.16%,2022,-51.44%
2022-05-26,SPY,Benchmark,381.6010437011719,82168300,2.0%,11.71%,-14.89%,353,111.71,0.0%,2022,-18.65%
2022-05-26,TSM,Equity,84.75720977783203,9762700,0.65%,-16.83%,-34.99%,353,83.17,-1.35%,2022,-40.92%
2022-05-27,AMD,Equity,102.26000213623047,104348400,3.55%,10.79%,-36.84%,354,110.79,1.1%,2022,-56.89%
2022-05-27,AVGO,Equity,54.097652435302734,37301000,5.92%,42.2%,-12.91%,354,142.2,3.47%,2022,-13.0%
2022-05-27,INTC,Equity,41.96247482299805,30553300,2.46%,-6.55%,-32.41%,354,93.45,0.01%,2022,-48.36%
2022-05-27,NVDA,Equity,18.733991622924805,738379000,5.38%,43.6%,-43.62%,354,143.6,2.92%,2022,-51.44%
2022-05-27,SPY,Benchmark,390.968994140625,84768700,2.45%,14.46%,-12.8%,354,114.46,0.0%,2022,-18.65%
2022-05-27,TSM,Equity,87.33716583251953,6279000,3.04%,-14.3%,-33.01%,354,85.7,0.59%,2022,-40.92%
2022-05-31,AMD,Equity,101.86000061035156,125102900,-0.39%,10.36%,-37.09%,355,110.36,0.17%,2022,-56.89%
2022-05-31,AVGO,Equity,53.805503845214844,30009000,-0.54%,41.43%,-13.38%,355,141.43,0.02%,2022,-13.0%
2022-05-31,INTC,Equity,41.840030670166016,41111500,-0.29%,-6.82%,-32.61%,355,93.18,0.27%,2022,-48.36%
2022-05-31,NVDA,Equity,18.595563888549805,664100000,-0.74%,42.54%,-44.04%,355,142.54,-0.18%,2022,-51.44%
2022-05-31,SPY,Benchmark,388.775390625,95937000,-0.56%,13.81%,-13.29%,355,113.81,0.0%,2022,-18.65%
2022-05-31,TSM,Equity,88.76222229003906,9621700,1.63%,-12.9%,-31.92%,355,87.1,2.19%,2022,-40.92%
2022-06-01,AMD,Equity,101.22000122070312,99351400,-0.63%,9.66%,-37.48%,356,109.66,0.18%,2022,-56.89%
2022-06-01,AVGO,Equity,53.201717376708984,18345000,-1.12%,39.84%,-14.35%,356,139.84,-0.31%,2022,-13.0%
2022-06-01,INTC,Equity,41.548038482666016,29885500,-0.7%,-7.47%,-33.08%,356,92.53,0.11%,2022,-48.36%
2022-06-01,NVDA,Equity,18.2450008392334,544514000,-1.89%,39.85%,-45.09%,356,139.85,-1.08%,2022,-51.44%
2022-06-01,SPY,Benchmark,385.6307373046875,86585800,-0.81%,12.89%,-13.99%,356,112.89,0.0%,2022,-18.65%
2022-06-01,TSM,Equity,88.24996185302734,6152400,-0.58%,-13.41%,-32.31%,356,86.59,0.23%,2022,-40.92%
2022-06-02,AMD,Equity,108.58999633789062,120953800,7.28%,17.65%,-32.93%,357,117.65,5.38%,2022,-56.89%
2022-06-02,AVGO,Equity,53.4910888671875,29488000,0.54%,40.61%,-13.89%,357,140.61,-1.36%,2022,-13.0%
2022-06-02,INTC,Equity,42.23563766479492,28727600,1.65%,-5.94%,-31.97%,357,94.06,-0.25%,2022,-48.36%
2022-06-02,NVDA,Equity,19.511791229248047,648656000,6.94%,49.56%,-41.28%,357,149.56,5.04%,2022,-51.44%
2022-06-02,SPY,Benchmark,392.9744567871094,79609600,1.9%,15.04%,-12.36%,357,115.04,0.0%,2022,-18.65%
2022-06-02,TSM,Equity,89.73086547851562,6335000,1.68%,-11.95%,-31.18%,357,88.05,-0.23%,2022,-40.92%
2022-06-03,AMD,Equity,106.30000305175781,110844700,-2.11%,15.17%,-34.35%,358,115.17,-0.47%,2022,-56.89%
2022-06-03,AVGO,Equity,52.24641799926758,20562000,-2.33%,37.33%,-15.89%,358,137.33,-0.69%,2022,-13.0%
2022-06-03,INTC,Equity,40.86985397338867,33174700,-3.23%,-8.98%,-34.17%,358,91.02,-1.59%,2022,-48.36%
2022-06-03,NVDA,Equity,18.643362045288086,598779000,-4.45%,42.9%,-43.9%,358,142.9,-2.81%,2022,-51.44%
2022-06-03,SPY,Benchmark,386.5251159667969,71874300,-1.64%,13.16%,-13.79%,358,113.16,0.0%,2022,-18.65%
2022-06-03,TSM,Equity,87.33716583251953,9137100,-2.67%,-14.3%,-33.01%,358,85.7,-1.03%,2022,-40.92%
2022-06-06,AMD,Equity,105.6500015258789,96726900,-0.61%,14.46%,-34.75%,359,114.46,-0.92%,2022,-56.89%
2022-06-06,AVGO,Equity,52.05257797241211,14557000,-0.37%,36.82%,-16.2%,359,136.82,-0.68%,2022,-13.0%
2022-06-06,INTC,Equity,40.82275390625,25437100,-0.12%,-9.09%,-34.25%,359,90.91,-0.42%,2022,-48.36%
2022-06-06,NVDA,Equity,18.709091186523438,422406000,0.35%,43.41%,-43.7%,359,143.41,0.05%,2022,-51.44%
2022-06-06,SPY,Benchmark,387.7020568847656,57508900,0.3%,13.5%,-13.53%,359,113.5,0.0%,2022,-18.65%
2022-06-06,TSM,Equity,86.72246551513672,9440200,-0.7%,-14.91%,-33.49%,359,85.09,-1.01%,2022,-40.92%
2022-06-07,AMD,Equity,105.27999877929688,79022900,-0.35%,14.06%,-34.98%,360,114.06,-1.31%,2022,-56.89%
2022-06-07,AVGO,Equity,53.143287658691406,15895000,2.1%,39.69%,-14.45%,360,139.69,1.14%,2022,-13.0%
2022-06-07,INTC,Equity,41.0017204284668,25168700,0.44%,-8.69%,-33.96%,360,91.31,-0.52%,2022,-48.36%
2022-06-07,NVDA,Equity,18.84852409362793,388914000,0.75%,44.48%,-43.28%,360,144.48,-0.21%,2022,-51.44%
2022-06-07,SPY,Benchmark,391.4209289550781,59272400,0.96%,14.59%,-12.7%,360,114.59,0.0%,2022,-18.65%
2022-06-07,TSM,Equity,87.40235900878906,7360200,0.78%,-14.24%,-32.96%,360,85.76,-0.18%,2022,-40.92%
2022-06-08,AMD,Equity,101.9000015258789,97641900,-3.21%,10.4%,-37.06%,361,110.4,-2.12%,2022,-56.89%
2022-06-08,AVGO,Equity,52.435630798339844,24004000,-1.33%,37.83%,-15.59%,361,137.83,-0.24%,2022,-13.0%
2022-06-08,INTC,Equity,38.83530044555664,59649900,-5.28%,-13.51%,-37.45%,361,86.49,-4.2%,2022,-48.36%
2022-06-08,NVDA,Equity,18.57558822631836,363252000,-1.45%,42.38%,-44.1%,361,142.38,-0.36%,2022,-51.44%
2022-06-08,SPY,Benchmark,387.1653747558594,64350000,-1.09%,13.34%,-13.65%,361,113.34,0.0%,2022,-18.65%
2022-06-08,TSM,Equity,87.05775451660156,6446300,-0.39%,-14.58%,-33.23%,361,85.42,0.69%,2022,-40.92%
2022-06-09,AMD,Equity,98.80000305175781,95299000,-3.04%,7.04%,-38.98%,362,107.04,-0.66%,2022,-56.89%
2022-06-09,AVGO,Equity,51.587913513183594,18787000,-1.62%,35.6%,-16.95%,362,135.6,0.76%,2022,-13.0%
2022-06-09,INTC,Equity,37.6861686706543,39047200,-2.96%,-16.07%,-39.3%,362,83.93,-0.58%,2022,-48.36%
2022-06-09,NVDA,Equity,17.977916717529297,395574000,-3.22%,37.8%,-45.9%,362,137.8,-0.84%,2022,-51.44%
2022-06-09,SPY,Benchmark,377.9574279785156,86289800,-2.38%,10.65%,-15.7%,362,110.65,0.0%,2022,-18.65%
2022-06-09,TSM,Equity,84.61750030517578,8086700,-2.8%,-16.97%,-35.1%,362,83.03,-0.42%,2022,-40.92%
2022-06-10,AMD,Equity,94.81999969482422,102135400,-4.03%,2.73%,-41.44%,363,102.73,-1.13%,2022,-56.89%
2022-06-10,AVGO,Equity,50.20133972167969,24018000,-2.69%,31.96%,-19.18%,363,131.96,0.21%,2022,-13.0%
2022-06-10,INTC,Equity,36.90437698364258,43066200,-2.07%,-17.81%,-40.56%,363,82.19,0.83%,2022,-48.36%
2022-06-10,NVDA,Equity,16.9080867767334,465248000,-5.95%,29.6%,-49.12%,363,129.6,-3.05%,2022,-51.44%
2022-06-10,SPY,Benchmark,366.998291015625,132893900,-2.9%,7.44%,-18.15%,363,107.44,0.0%,2022,-18.65%
2022-06-10,TSM,Equity,82.59636688232422,10460400,-2.39%,-18.95%,-36.65%,363,81.05,0.51%,2022,-40.92%
2022-06-13,AMD,Equity,86.98999786376953,98148800,-8.26%,-5.75%,-46.27%,364,94.25,-4.46%,2022,-56.89%
2022-06-13,AVGO,Equity,48.00787353515625,31619000,-4.37%,26.19%,-22.71%,364,126.19,-0.57%,2022,-13.0%
2022-06-13,INTC,Equity,35.57627487182617,50335900,-3.6%,-20.77%,-42.7%,364,79.23,0.2%,2022,-48.36%
2022-06-13,NVDA,Equity,15.5862398147583,604153000,-7.82%,19.47%,-53.1%,364,119.47,-4.02%,2022,-51.44%
2022-06-13,SPY,Benchmark,353.0640563964844,170004900,-3.8%,3.36%,-21.26%,364,103.36,0.0%,2022,-18.65%
2022-06-13,TSM,Equity,79.68109130859375,14603700,-3.53%,-21.81%,-38.89%,364,78.19,0.27%,2022,-40.92%
2022-06-14,AMD,Equity,86.98999786376953,84066600,0.0%,-5.75%,-46.27%,365,94.25,0.3%,2022,-56.89%
2022-06-14,AVGO,Equity,48.24436950683594,24380000,0.49%,26.81%,-22.33%,365,126.81,0.79%,2022,-13.0%
2022-06-14,INTC,Equity,35.72697448730469,31351700,0.42%,-20.44%,-42.45%,365,79.56,0.72%,2022,-48.36%
2022-06-14,NVDA,Equity,15.774504661560059,469680000,1.21%,20.91%,-52.53%,365,120.91,1.51%,2022,-51.44%
2022-06-14,SPY,Benchmark,352.0001220703125,104011800,-0.3%,3.05%,-21.49%,365,103.05,0.0%,2022,-18.65%
2022-06-14,TSM,Equity,81.20858764648438,10449600,1.92%,-20.32%,-37.71%,365,79.68,2.22%,2022,-40.92%
2022-06-15,AMD,Equity,89.30000305175781,95774800,2.66%,-3.25%,-44.85%,366,96.75,1.23%,2022,-56.89%
2022-06-15,AVGO,Equity,48.8509407043457,19141000,1.26%,28.41%,-21.36%,366,128.41,-0.17%,2022,-13.0%
2022-06-15,INTC,Equity,36.4051628112793,37652300,1.9%,-18.92%,-41.36%,366,81.08,0.47%,2022,-48.36%
2022-06-15,NVDA,Equity,16.46282196044922,563936000,4.36%,26.19%,-50.46%,366,126.19,2.94%,2022,-51.44%
2022-06-15,SPY,Benchmark,357.0184631347656,125666800,1.43%,4.52%,-20.37%,366,104.52,0.0%,2022,-18.65%
2022-06-15,TSM,Equity,83.01548767089844,11742500,2.23%,-18.54%,-36.33%,366,81.46,0.8%,2022,-40.92%
2022-06-16,AMD,Equity,82.05000305175781,102433300,-8.12%,-11.11%,-49.32%,367,88.89,-4.81%,2022,-56.89%
2022-06-16,AVGO,Equity,46.112117767333984,37244000,-5.61%,21.21%,-25.77%,367,121.21,-2.3%,2022,-13.0%
2022-06-16,INTC,Equity,35.17124557495117,45576500,-3.39%,-21.67%,-43.35%,367,78.33,-0.08%,2022,-48.36%
2022-06-16,NVDA,Equity,15.540416717529297,545749000,-5.6%,19.12%,-53.23%,367,119.12,-2.29%,2022,-51.44%
2022-06-16,SPY,Benchmark,345.2025451660156,134473300,-3.31%,1.06%,-23.01%,367,101.06,0.0%,2022,-18.65%
2022-06-16,TSM,Equity,79.1363754272461,10505200,-4.67%,-22.35%,-39.3%,367,77.65,-1.36%,2022,-40.92%
2022-06-17,AMD,Equity,81.56999969482422,105212300,-0.59%,-11.63%,-49.62%,368,88.37,-0.8%,2022,-56.89%
2022-06-17,AVGO,Equity,46.248451232910156,43504000,0.3%,21.57%,-25.55%,368,121.57,0.08%,2022,-13.0%
2022-06-17,INTC,Equity,34.8227424621582,71393200,-0.99%,-22.45%,-43.91%,368,77.55,-1.21%,2022,-48.36%
2022-06-17,NVDA,Equity,15.818336486816406,630334000,1.79%,21.25%,-52.4%,368,121.25,1.57%,2022,-51.44%
2022-06-17,SPY,Benchmark,345.9466552734375,111113900,0.22%,1.28%,-22.84%,368,101.28,0.0%,2022,-18.65%
2022-06-17,TSM,Equity,79.58580017089844,9735500,0.57%,-21.91%,-38.96%,368,78.09,0.35%,2022,-40.92%
2022-06-21,AMD,Equity,83.79000091552734,87780600,2.72%,-9.22%,-48.25%,369,90.78,0.2%,2022,-56.89%
2022-06-21,AVGO,Equity,47.11067199707031,21901000,1.86%,23.83%,-24.16%,369,123.83,-0.65%,2022,-13.0%
2022-06-21,INTC,Equity,35.53859329223633,34004900,2.06%,-20.85%,-42.76%,369,79.15,-0.46%,2022,-48.36%
2022-06-21,NVDA,Equity,16.50166893005371,483089000,4.32%,26.49%,-50.34%,369,126.49,1.8%,2022,-51.44%
2022-06-21,SPY,Benchmark,354.6554260253906,76811900,2.52%,3.83%,-20.9%,369,103.83,0.0%,2022,-18.65%
2022-06-21,TSM,Equity,81.41160583496094,9604000,2.29%,-20.12%,-37.56%,369,79.88,-0.22%,2022,-40.92%
2022-06-22,AMD,Equity,83.75,86634700,-0.05%,-9.26%,-48.27%,370,90.74,0.13%,2022,-56.89%
2022-06-22,AVGO,Equity,46.393402099609375,24721000,-1.52%,21.95%,-25.31%,370,121.95,-1.34%,2022,-13.0%
2022-06-22,INTC,Equity,35.20892333984375,32571000,-0.93%,-21.59%,-43.29%,370,78.41,-0.75%,2022,-48.36%
2022-06-22,NVDA,Equity,16.296470642089844,437135000,-1.24%,24.91%,-50.96%,370,124.91,-1.06%,2022,-51.44%
2022-06-22,SPY,Benchmark,354.0124206542969,90059400,-0.18%,3.64%,-21.05%,370,103.64,0.0%,2022,-18.65%
2022-06-22,TSM,Equity,79.50154876708984,7868700,-2.35%,-21.99%,-39.02%,370,78.01,-2.16%,2022,-40.92%
2022-06-23,AMD,Equity,82.43000030517578,100614600,-1.58%,-10.69%,-49.09%,371,89.31,-2.56%,2022,-56.89%
2022-06-23,AVGO,Equity,46.43829345703125,16707000,0.1%,22.07%,-25.24%,371,122.07,-0.88%,2022,-13.0%
2022-06-23,INTC,Equity,35.2371826171875,30163000,0.08%,-21.53%,-43.24%,371,78.47,-0.9%,2022,-48.36%
2022-06-23,NVDA,Equity,16.161996841430664,463680000,-0.83%,23.88%,-51.36%,371,123.88,-1.81%,2022,-51.44%
2022-06-23,SPY,Benchmark,357.48260498046875,79292100,0.98%,4.65%,-20.27%,371,104.65,0.0%,2022,-18.65%
2022-06-23,TSM,Equity,78.7618637084961,10370300,-0.93%,-22.72%,-39.59%,371,77.28,-1.91%,2022,-40.92%
2022-06-24,AMD,Equity,87.08000183105469,88553900,5.64%,-5.66%,-46.22%,372,94.34,2.46%,2022,-56.89%
2022-06-24,AVGO,Equity,47.60817337036133,21201000,2.52%,25.14%,-23.36%,372,125.14,-0.66%,2022,-13.0%
2022-06-24,INTC,Equity,36.36747741699219,38159900,3.21%,-19.01%,-41.42%,372,80.99,0.03%,2022,-48.36%
2022-06-24,NVDA,Equity,17.059497833251953,472153000,5.55%,30.76%,-48.66%,372,130.76,2.37%,2022,-51.44%
2022-06-24,SPY,Benchmark,368.848388671875,98050300,3.18%,7.98%,-17.74%,372,107.98,0.0%,2022,-18.65%
2022-06-24,TSM,Equity,80.44721221923828,10670100,2.14%,-21.06%,-38.3%,372,78.94,-1.04%,2022,-40.92%
2022-06-27,AMD,Equity,86.16000366210938,74663500,-1.06%,-6.65%,-46.79%,373,93.35,-0.67%,2022,-56.89%
2022-06-27,AVGO,Equity,47.29209518432617,13207000,-0.66%,24.31%,-23.87%,373,124.31,-0.28%,2022,-13.0%
2022-06-27,INTC,Equity,36.386322021484375,29585300,0.05%,-18.97%,-41.39%,373,81.03,0.43%,2022,-48.36%
2022-06-27,NVDA,Equity,16.803491592407227,427968000,-1.5%,28.8%,-49.43%,373,128.8,-1.12%,2022,-51.44%
2022-06-27,SPY,Benchmark,367.4395446777344,66009600,-0.38%,7.57%,-18.05%,373,107.57,0.0%,2022,-18.65%
2022-06-27,TSM,Equity,80.39103698730469,7358000,-0.07%,-21.12%,-38.34%,373,78.88,0.31%,2022,-40.92%
2022-06-28,AMD,Equity,80.77999877929688,95618600,-6.24%,-12.48%,-50.11%,374,87.52,-4.2%,2022,-56.89%
2022-06-28,AVGO,Equity,46.61316680908203,15667000,-1.44%,22.53%,-24.96%,374,122.53,0.61%,2022,-13.0%
2022-06-28,INTC,Equity,35.585689544677734,37824200,-2.2%,-20.75%,-42.68%,374,79.25,-0.16%,2022,-48.36%
2022-06-28,NVDA,Equity,15.919939994812012,461149000,-5.26%,22.03%,-52.09%,374,122.03,-3.21%,2022,-51.44%
2022-06-28,SPY,Benchmark,359.93170166015625,86548900,-2.04%,5.37%,-19.72%,374,105.37,0.0%,2022,-18.65%
2022-06-28,TSM,Equity,78.96783447265625,8289200,-1.77%,-22.51%,-39.43%,374,77.49,0.27%,2022,-40.92%
2022-06-29,AMD,Equity,77.98999786376953,104140900,-3.45%,-15.5%,-51.83%,375,84.5,-3.37%,2022,-56.89%
2022-06-29,AVGO,Equity,45.861297607421875,14444000,-1.61%,20.55%,-26.17%,375,120.55,-1.53%,2022,-13.0%
2022-06-29,INTC,Equity,35.12415313720703,25437200,-1.3%,-21.78%,-43.42%,375,78.22,-1.22%,2022,-48.36%
2022-06-29,NVDA,Equity,15.481646537780762,482352000,-2.75%,18.67%,-53.41%,375,118.67,-2.67%,2022,-51.44%
2022-06-29,SPY,Benchmark,359.6386413574219,65676000,-0.08%,5.28%,-19.79%,375,105.28,0.0%,2022,-18.65%
2022-06-29,TSM,Equity,78.32180786132812,7981300,-0.82%,-23.15%,-39.93%,375,76.85,-0.74%,2022,-40.92%
2022-06-30,AMD,Equity,76.47000122070312,105368600,-1.95%,-17.15%,-52.77%,376,82.85,-1.14%,2022,-56.89%
2022-06-30,AVGO,Equity,45.431121826171875,18890000,-0.94%,19.42%,-26.86%,376,119.42,-0.13%,2022,-13.0%
2022-06-30,INTC,Equity,35.2371826171875,35141000,0.32%,-21.53%,-43.24%,376,78.47,1.13%,2022,-48.36%
2022-06-30,NVDA,Equity,15.100132942199707,686070000,-2.46%,15.74%,-54.56%,376,115.74,-1.65%,2022,-51.44%
2022-06-30,SPY,Benchmark,356.7166748046875,112508300,-0.81%,4.43%,-20.44%,376,104.43,0.0%,2022,-18.65%
2022-06-30,TSM,Equity,76.5428237915039,14201600,-2.27%,-24.89%,-41.29%,376,75.11,-1.46%,2022,-40.92%
2022-07-01,AMD,Equity,73.66999816894531,87734200,-3.66%,-20.18%,-54.5%,377,79.82,-4.72%,2022,-56.89%
2022-07-01,AVGO,Equity,44.685794830322266,21315000,-1.64%,17.46%,-28.06%,377,117.46,-2.7%,2022,-13.0%
2022-07-01,INTC,Equity,34.22932815551758,40596300,-2.86%,-23.77%,-44.87%,377,76.23,-3.92%,2022,-48.36%
2022-07-01,NVDA,Equity,14.466604232788086,577610000,-4.2%,10.89%,-56.46%,377,110.89,-5.25%,2022,-51.44%
2022-07-01,SPY,Benchmark,360.4896240234375,74839700,1.06%,5.53%,-19.6%,377,105.53,0.0%,2022,-18.65%
2022-07-01,TSM,Equity,72.09537506103516,19531700,-5.81%,-29.26%,-44.7%,377,70.74,-6.87%,2022,-40.92%
2022-07-05,AMD,Equity,75.19999694824219,95589000,2.08%,-18.53%,-53.55%,378,81.47,1.89%,2022,-56.89%
2022-07-05,AVGO,Equity,44.54178237915039,20711000,-0.32%,17.08%,-28.29%,378,117.08,-0.51%,2022,-13.0%
2022-07-05,INTC,Equity,34.55899429321289,33215000,0.96%,-23.04%,-44.33%,378,76.96,0.77%,2022,-48.36%
2022-07-05,NVDA,Equity,14.905892372131348,651397000,3.04%,14.25%,-55.14%,378,114.25,2.85%,2022,-51.44%
2022-07-05,SPY,Benchmark,361.17041015625,81438000,0.19%,5.73%,-19.45%,378,105.73,0.0%,2022,-18.65%
2022-07-05,TSM,Equity,71.26206970214844,22253100,-1.16%,-30.08%,-45.34%,378,69.92,-1.34%,2022,-40.92%
2022-07-06,AMD,Equity,75.3499984741211,85458900,0.2%,-18.36%,-53.46%,379,81.64,-0.14%,2022,-56.89%
2022-07-06,AVGO,Equity,45.13186264038086,22975000,1.32%,18.63%,-27.34%,379,118.63,0.99%,2022,-13.0%
2022-07-06,INTC,Equity,34.841575622558594,26258300,0.82%,-22.41%,-43.88%,379,77.59,0.48%,2022,-48.36%
2022-07-06,NVDA,Equity,15.071246147155762,529066000,1.11%,15.52%,-54.65%,379,115.52,0.77%,2022,-51.44%
2022-07-06,SPY,Benchmark,362.39019775390625,70426200,0.34%,6.09%,-19.18%,379,106.09,0.0%,2022,-18.65%
2022-07-06,TSM,Equity,70.74710845947266,11530500,-0.72%,-30.58%,-45.74%,379,69.42,-1.06%,2022,-40.92%
2022-07-07,AMD,Equity,79.30000305175781,83640900,5.24%,-14.08%,-51.02%,380,85.92,3.74%,2022,-56.89%
2022-07-07,AVGO,Equity,46.62158203125,21319000,3.3%,22.55%,-24.95%,380,122.55,1.8%,2022,-13.0%
2022-07-07,INTC,Equity,35.924774169921875,33165400,3.11%,-19.99%,-42.13%,380,80.01,1.61%,2022,-48.36%
2022-07-07,NVDA,Equity,15.796419143676758,492903000,4.81%,21.08%,-52.46%,380,121.08,3.31%,2022,-51.44%
2022-07-07,SPY,Benchmark,367.81768798828125,64525900,1.5%,7.68%,-17.97%,380,107.68,0.0%,2022,-18.65%
2022-07-07,TSM,Equity,75.51289367675781,15847800,6.74%,-25.9%,-42.08%,380,74.1,5.24%,2022,-40.92%
2022-07-08,AMD,Equity,79.3499984741211,83405900,0.06%,-14.03%,-50.99%,381,85.97,0.15%,2022,-56.89%
2022-07-08,AVGO,Equity,46.63561248779297,12713000,0.03%,22.59%,-24.92%,381,122.59,0.11%,2022,-13.0%
2022-07-08,INTC,Equity,35.78349685668945,22566300,-0.39%,-20.31%,-42.36%,381,79.69,-0.31%,2022,-48.36%
2022-07-08,NVDA,Equity,15.77649974822998,467972000,-0.13%,20.93%,-52.52%,381,120.93,-0.04%,2022,-51.44%
2022-07-08,SPY,Benchmark,367.51519775390625,72397800,-0.08%,7.59%,-18.03%,381,107.59,0.0%,2022,-18.65%
2022-07-08,TSM,Equity,76.31809997558594,10004200,1.07%,-25.11%,-41.47%,381,74.89,1.15%,2022,-40.92%
2022-07-11,AMD,Equity,76.94999694824219,76150300,-3.02%,-16.63%,-52.47%,382,83.37,-1.88%,2022,-56.89%
2022-07-11,AVGO,Equity,45.155250549316406,21449000,-3.17%,18.69%,-27.31%,382,118.69,-2.03%,2022,-13.0%
2022-07-11,INTC,Equity,35.03937530517578,25904300,-2.08%,-21.97%,-43.56%,382,78.03,-0.94%,2022,-48.36%
2022-07-11,NVDA,Equity,15.093162536621094,437321000,-4.33%,15.69%,-54.58%,382,115.69,-3.19%,2022,-51.44%
2022-07-11,SPY,Benchmark,363.31683349609375,58366900,-1.14%,6.36%,-18.97%,382,106.36,0.0%,2022,-18.65%
2022-07-11,TSM,Equity,74.07098388671875,9519600,-2.94%,-27.32%,-43.19%,382,72.68,-1.8%,2022,-40.92%
2022-07-12,AMD,Equity,76.36000061035156,77873200,-0.77%,-17.27%,-52.84%,383,82.73,0.12%,2022,-56.89%
2022-07-12,AVGO,Equity,45.01591110229492,21159000,-0.31%,18.33%,-27.53%,383,118.33,0.58%,2022,-13.0%
2022-07-12,INTC,Equity,35.048797607421875,30546300,0.03%,-21.95%,-43.55%,383,78.05,0.91%,2022,-48.36%
2022-07-12,NVDA,Equity,15.02343463897705,458483000,-0.46%,15.16%,-54.79%,383,115.16,0.42%,2022,-51.44%
2022-07-12,SPY,Benchmark,360.1018371582031,62219200,-0.88%,5.42%,-19.69%,383,105.42,0.0%,2022,-18.65%
2022-07-12,TSM,Equity,74.06160736083984,10363700,-0.01%,-27.33%,-43.2%,383,72.67,0.87%,2022,-40.92%
2022-07-13,AMD,Equity,77.5199966430664,79355000,1.52%,-16.01%,-52.12%,384,83.99,2.04%,2022,-56.89%
2022-07-13,AVGO,Equity,45.0495719909668,17665000,0.07%,18.42%,-27.48%,384,118.42,0.6%,2022,-13.0%
2022-07-13,INTC,Equity,35.048797607421875,27059200,0.0%,-21.95%,-43.55%,384,78.05,0.53%,2022,-48.36%
2022-07-13,NVDA,Equity,15.10511589050293,521918000,0.54%,15.78%,-54.54%,384,115.78,1.07%,2022,-51.44%
2022-07-13,SPY,Benchmark,358.21075439453125,84224600,-0.53%,4.87%,-20.11%,384,104.87,0.0%,2022,-18.65%
2022-07-13,TSM,Equity,76.11212921142578,14706500,2.77%,-25.32%,-41.62%,384,74.68,3.29%,2022,-40.92%
2022-07-14,AMD,Equity,78.5999984741211,83493600,1.39%,-14.84%,-51.45%,385,85.16,1.64%,2022,-56.89%
2022-07-14,AVGO,Equity,45.32170104980469,19957000,0.6%,19.13%,-27.04%,385,119.13,0.85%,2022,-13.0%
2022-07-14,INTC,Equity,35.519752502441406,36690700,1.34%,-20.9%,-42.79%,385,79.1,1.59%,2022,-48.36%
2022-07-14,NVDA,Equity,15.31230640411377,456235000,1.37%,17.37%,-53.92%,385,117.37,1.61%,2022,-51.44%
2022-07-14,SPY,Benchmark,357.3408203125,89704800,-0.24%,4.61%,-20.3%,385,104.61,0.0%,2022,-18.65%
2022-07-14,TSM,Equity,78.34052276611328,23377000,2.93%,-23.13%,-39.91%,385,76.87,3.17%,2022,-40.92%
2022-07-15,AMD,Equity,81.11000061035156,76050600,3.19%,-12.12%,-49.9%,386,87.88,1.28%,2022,-56.89%
2022-07-15,AVGO,Equity,46.24004364013672,18714000,2.03%,21.55%,-25.56%,386,121.55,0.12%,2022,-13.0%
2022-07-15,INTC,Equity,36.37689971923828,32892300,2.41%,-18.99%,-41.41%,386,81.01,0.5%,2022,-48.36%
2022-07-15,NVDA,Equity,15.70079231262207,385935000,2.54%,20.35%,-52.75%,386,120.35,0.63%,2022,-51.44%
2022-07-15,SPY,Benchmark,364.1678771972656,79060400,1.91%,6.61%,-18.78%,386,106.61,0.0%,2022,-18.65%
2022-07-15,TSM,Equity,80.17566680908203,14061000,2.34%,-21.33%,-38.51%,386,78.67,0.43%,2022,-40.92%
2022-07-18,AMD,Equity,81.43000030517578,90464300,0.39%,-11.78%,-49.71%,387,88.22,1.22%,2022,-56.89%
2022-07-18,AVGO,Equity,45.92207717895508,18042000,-0.69%,20.71%,-26.07%,387,120.71,0.14%,2022,-13.0%
2022-07-18,INTC,Equity,36.461669921875,30814400,0.23%,-18.8%,-41.27%,387,81.2,1.06%,2022,-48.36%
2022-07-18,NVDA,Equity,16.038475036621094,670517000,2.15%,22.94%,-51.73%,387,122.94,2.98%,2022,-51.44%
2022-07-18,SPY,Benchmark,361.16094970703125,63203600,-0.83%,5.73%,-19.45%,387,105.73,0.0%,2022,-18.65%
2022-07-18,TSM,Equity,78.25626373291016,11352500,-2.39%,-23.21%,-39.98%,387,76.79,-1.57%,2022,-40.92%
2022-07-19,AMD,Equity,85.87999725341797,85047500,5.46%,-6.96%,-46.96%,388,93.04,2.76%,2022,-56.89%
2022-07-19,AVGO,Equity,47.59976577758789,27257000,3.65%,25.12%,-23.37%,388,125.12,0.95%,2022,-13.0%
2022-07-19,INTC,Equity,37.883968353271484,53095300,3.9%,-15.63%,-38.98%,388,84.37,1.2%,2022,-48.36%
2022-07-19,NVDA,Equity,16.926013946533203,702366000,5.53%,29.74%,-49.06%,388,129.74,2.83%,2022,-51.44%
2022-07-19,SPY,Benchmark,370.9191589355469,78506000,2.7%,8.59%,-17.27%,388,108.59,0.0%,2022,-18.65%
2022-07-19,TSM,Equity,80.6625747680664,10673100,3.07%,-20.85%,-38.13%,388,79.15,0.37%,2022,-40.92%
2022-07-20,AMD,Equity,89.43000030517578,88348600,4.13%,-3.11%,-44.77%,389,96.89,3.5%,2022,-56.89%
2022-07-20,AVGO,Equity,47.85879898071289,27412000,0.54%,25.8%,-22.95%,389,125.8,-0.09%,2022,-13.0%
2022-07-20,INTC,Equity,38.204219818115234,36387900,0.85%,-14.92%,-38.46%,389,85.08,0.21%,2022,-48.36%
2022-07-20,NVDA,Equity,17.73785400390625,760538000,4.8%,35.96%,-46.62%,389,135.96,4.16%,2022,-51.44%
2022-07-20,SPY,Benchmark,373.28314208984375,71843800,0.64%,9.28%,-16.75%,389,109.28,0.0%,2022,-18.65%
2022-07-20,TSM,Equity,81.04644775390625,11664800,0.48%,-20.47%,-37.84%,389,79.53,-0.16%,2022,-40.92%
2022-07-21,AMD,Equity,91.08999633789062,90449300,1.86%,-1.31%,-43.74%,390,98.69,0.84%,2022,-56.89%
2022-07-21,AVGO,Equity,48.41147994995117,13912000,1.15%,27.25%,-22.06%,390,127.25,0.14%,2022,-13.0%
2022-07-21,INTC,Equity,38.25131607055664,29661200,0.12%,-14.81%,-38.39%,390,85.19,-0.9%,2022,-48.36%
2022-07-21,NVDA,Equity,17.97990608215332,557049000,1.36%,37.82%,-45.89%,390,137.82,0.35%,2022,-51.44%
2022-07-21,SPY,Benchmark,377.0843811035156,64903900,1.02%,10.39%,-15.9%,390,110.39,0.0%,2022,-18.65%
2022-07-21,TSM,Equity,82.19810485839844,7135000,1.42%,-19.34%,-36.96%,390,80.66,0.4%,2022,-40.92%
2022-07-22,AMD,Equity,88.0999984741211,76989700,-3.28%,-4.55%,-45.59%,391,95.45,-2.35%,2022,-56.89%
2022-07-22,AVGO,Equity,47.928932189941406,17867000,-1.0%,25.98%,-22.84%,391,125.98,-0.07%,2022,-13.0%
2022-07-22,INTC,Equity,36.92321014404297,41350000,-3.47%,-17.77%,-40.53%,391,82.23,-2.54%,2022,-48.36%
2022-07-22,NVDA,Equity,17.25174903869629,536671000,-4.05%,32.24%,-48.08%,391,132.24,-3.12%,2022,-51.44%
2022-07-22,SPY,Benchmark,373.58575439453125,72197300,-0.93%,9.37%,-16.68%,391,109.37,0.0%,2022,-18.65%
2022-07-22,TSM,Equity,80.82174682617188,8612100,-1.67%,-20.7%,-38.01%,391,79.3,-0.75%,2022,-40.92%
2022-07-25,AMD,Equity,87.54000091552734,70083000,-0.64%,-5.16%,-45.93%,392,94.84,-0.76%,2022,-56.89%
2022-07-25,AVGO,Equity,47.98411178588867,15061000,0.12%,26.13%,-22.75%,392,126.13,-0.01%,2022,-13.0%
2022-07-25,INTC,Equity,36.885536193847656,32263400,-0.1%,-17.85%,-40.59%,392,82.15,-0.22%,2022,-48.36%
2022-07-25,NVDA,Equity,16.957895278930664,480748000,-1.7%,29.98%,-48.97%,392,129.98,-1.82%,2022,-51.44%
2022-07-25,SPY,Benchmark,374.03961181640625,53631500,0.12%,9.5%,-16.58%,392,109.5,0.0%,2022,-18.65%
2022-07-25,TSM,Equity,80.80300903320312,5960900,-0.02%,-20.71%,-38.03%,392,79.29,-0.14%,2022,-40.92%
2022-07-26,AMD,Equity,85.25,69180400,-2.62%,-7.64%,-47.35%,393,92.36,-1.43%,2022,-56.89%
2022-07-26,AVGO,Equity,47.79520797729492,17958000,-0.39%,25.63%,-23.06%,393,125.63,0.79%,2022,-13.0%
2022-07-26,INTC,Equity,36.69715118408203,35925500,-0.51%,-18.27%,-40.89%,393,81.73,0.67%,2022,-48.36%
2022-07-26,NVDA,Equity,16.468799591064453,397865000,-2.88%,26.23%,-50.44%,393,126.23,-1.7%,2022,-51.44%
2022-07-26,SPY,Benchmark,369.6143493652344,52946400,-1.18%,8.2%,-17.57%,393,108.2,0.0%,2022,-18.65%
2022-07-26,TSM,Equity,79.04276275634766,6977700,-2.18%,-22.44%,-39.38%,393,77.56,-1.0%,2022,-40.92%
2022-07-27,AMD,Equity,89.81999969482422,78301600,5.36%,-2.69%,-44.52%,394,97.31,2.76%,2022,-56.89%
2022-07-27,AVGO,Equity,49.356929779052734,25699000,3.27%,29.74%,-20.54%,394,129.74,0.67%,2022,-13.0%
2022-07-27,INTC,Equity,37.84629440307617,42571600,3.13%,-15.72%,-39.04%,394,84.28,0.53%,2022,-48.36%
2022-07-27,NVDA,Equity,17.720924377441406,569776000,7.6%,35.83%,-46.67%,394,135.83,5.01%,2022,-51.44%
2022-07-27,SPY,Benchmark,379.2118835449219,82342100,2.6%,11.01%,-15.42%,394,111.01,0.0%,2022,-18.65%
2022-07-27,TSM,Equity,82.04828643798828,9399500,3.8%,-19.49%,-37.07%,394,80.51,1.21%,2022,-40.92%
2022-07-28,AMD,Equity,91.66999816894531,79009200,2.06%,-0.68%,-43.38%,395,99.32,0.81%,2022,-56.89%
2022-07-28,AVGO,Equity,49.90119934082031,14867000,1.1%,31.17%,-19.67%,395,131.17,-0.15%,2022,-13.0%
2022-07-28,INTC,Equity,37.403594970703125,56662300,-1.17%,-16.7%,-39.75%,395,83.3,-2.42%,2022,-48.36%
2022-07-28,NVDA,Equity,17.914159774780273,474646000,1.09%,37.31%,-46.09%,395,137.31,-0.16%,2022,-51.44%
2022-07-28,SPY,Benchmark,383.9681396484375,73966600,1.25%,12.41%,-14.36%,395,112.41,0.0%,2022,-18.65%
2022-07-28,TSM,Equity,82.96587371826172,10668200,1.12%,-18.59%,-36.37%,395,81.41,-0.14%,2022,-40.92%
2022-07-29,AMD,Equity,94.47000122070312,76630700,3.05%,2.35%,-41.65%,396,102.35,1.6%,2022,-56.89%
2022-07-29,AVGO,Equity,50.07608413696289,18482000,0.35%,31.63%,-19.39%,396,131.63,-1.11%,2022,-13.0%
2022-07-29,INTC,Equity,34.2010612487793,125292400,-8.56%,-23.83%,-44.91%,396,76.17,-10.02%,2022,-48.36%
2022-07-29,NVDA,Equity,18.09247398376465,435460000,1.0%,38.68%,-45.55%,396,138.68,-0.46%,2022,-51.44%
2022-07-29,SPY,Benchmark,389.56591796875,87003700,1.46%,14.05%,-13.12%,396,114.05,0.0%,2022,-18.65%
2022-07-29,TSM,Equity,82.84414672851562,10366200,-0.15%,-18.71%,-36.46%,396,81.29,-1.6%,2022,-40.92%
2022-08-01,AMD,Equity,96.77999877929688,96477500,2.45%,4.85%,-40.23%,397,104.85,2.74%,2022,-56.89%
2022-08-01,AVGO,Equity,50.159297943115234,11485000,0.17%,31.85%,-19.25%,397,131.85,0.46%,2022,-13.0%
2022-08-01,INTC,Equity,34.81331253051758,52513400,1.79%,-22.47%,-43.92%,397,77.53,2.09%,2022,-48.36%
2022-08-01,NVDA,Equity,18.36939239501953,476469000,1.53%,40.8%,-44.72%,397,140.8,1.83%,2022,-51.44%
2022-08-01,SPY,Benchmark,388.412353515625,69997500,-0.3%,13.71%,-13.37%,397,113.71,0.0%,2022,-18.65%
2022-08-01,TSM,Equity,80.8123550415039,20102600,-2.45%,-20.7%,-38.02%,397,79.3,-2.16%,2022,-40.92%
2022-08-02,AMD,Equity,99.29000091552734,116734100,2.59%,7.57%,-38.68%,398,107.57,3.25%,2022,-56.89%
2022-08-02,AVGO,Equity,49.67676544189453,13072000,-0.96%,30.58%,-20.03%,398,130.58,-0.3%,2022,-13.0%
2022-08-02,INTC,Equity,33.918487548828125,53929400,-2.57%,-24.46%,-45.37%,398,75.54,-1.91%,2022,-48.36%
2022-08-02,NVDA,Equity,18.454057693481445,489527000,0.46%,41.45%,-44.47%,398,141.45,1.12%,2022,-51.44%
2022-08-02,SPY,Benchmark,385.8497619628906,63435400,-0.66%,12.96%,-13.94%,398,112.96,0.0%,2022,-18.65%
2022-08-02,TSM,Equity,80.56893920898438,15541600,-0.3%,-20.94%,-38.21%,398,79.06,0.36%,2022,-40.92%
2022-08-03,AMD,Equity,98.08999633789062,131142000,-1.21%,6.27%,-39.42%,399,106.27,-2.77%,2022,-56.89%
2022-08-03,AVGO,Equity,51.12905502319336,19228000,2.92%,34.4%,-17.69%,399,134.4,1.36%,2022,-13.0%
2022-08-03,INTC,Equity,34.398868560791016,59513900,1.42%,-23.39%,-44.59%,399,76.61,-0.15%,2022,-48.36%
2022-08-03,NVDA,Equity,18.81963539123535,418146000,1.98%,44.25%,-43.36%,399,144.25,0.42%,2022,-51.44%
2022-08-03,SPY,Benchmark,391.89202880859375,67820600,1.57%,14.73%,-12.6%,399,114.73,0.0%,2022,-18.65%
2022-08-03,TSM,Equity,80.99964141845703,20779400,0.53%,-20.52%,-37.87%,399,79.48,-1.03%,2022,-40.92%
2022-08-04,AMD,Equity,103.91000366210938,125855800,5.93%,12.58%,-35.82%,400,112.58,6.0%,2022,-56.89%
2022-08-04,AVGO,Equity,51.69577407836914,16293000,1.11%,35.89%,-16.78%,400,135.89,1.18%,2022,-13.0%
2022-08-04,INTC,Equity,33.927913665771484,54046300,-1.37%,-24.44%,-45.35%,400,75.56,-1.3%,2022,-48.36%
2022-08-04,NVDA,Equity,19.140384674072266,409652000,1.7%,46.71%,-42.4%,400,146.71,1.77%,2022,-51.44%
2022-08-04,SPY,Benchmark,391.627197265625,45656600,-0.07%,14.65%,-12.66%,400,114.65,0.0%,2022,-18.65%
2022-08-04,TSM,Equity,82.78797149658203,13472500,2.21%,-18.77%,-36.5%,400,81.23,2.28%,2022,-40.92%
2022-08-05,AMD,Equity,102.30999755859375,93859900,-1.54%,10.85%,-36.81%,401,110.85,-1.37%,2022,-56.89%
2022-08-05,AVGO,Equity,51.56859588623047,14357000,-0.25%,35.55%,-16.98%,401,135.55,-0.08%,2022,-13.0%
2022-08-05,INTC,Equity,33.67102813720703,40205100,-0.76%,-25.01%,-45.76%,401,74.99,-0.59%,2022,-48.36%
2022-08-05,NVDA,Equity,18.91526222229004,386068000,-1.18%,44.99%,-43.08%,401,144.99,-1.01%,2022,-51.44%
2022-08-05,SPY,Benchmark,390.96533203125,56814900,-0.17%,14.45%,-12.8%,401,114.45,0.0%,2022,-18.65%
2022-08-05,TSM,Equity,84.05197143554688,13293500,1.53%,-17.53%,-35.53%,401,82.47,1.7%,2022,-40.92%
2022-08-08,AMD,Equity,100.06999969482422,92606800,-2.19%,8.42%,-38.19%,402,108.42,-2.07%,2022,-56.89%
2022-08-08,AVGO,Equity,51.01591491699219,13722000,-1.07%,34.1%,-17.87%,402,134.1,-0.96%,2022,-13.0%
2022-08-08,INTC,Equity,33.66151809692383,41534600,-0.03%,-25.03%,-45.78%,402,74.97,0.09%,2022,-48.36%
2022-08-08,NVDA,Equity,17.723901748657227,981859000,-6.3%,35.85%,-46.66%,402,135.85,-6.18%,2022,-51.44%
2022-08-08,SPY,Benchmark,390.5115051269531,53886100,-0.12%,14.32%,-12.9%,402,114.32,0.0%,2022,-18.65%
2022-08-08,TSM,Equity,82.33854675292969,12120300,-2.04%,-19.21%,-36.85%,402,80.79,-1.92%,2022,-40.92%
2022-08-09,AMD,Equity,95.54000091552734,89473700,-4.53%,3.51%,-40.99%,403,103.51,-4.13%,2022,-56.89%
2022-08-09,AVGO,Equity,49.82545471191406,20072000,-2.33%,30.97%,-19.79%,403,130.97,-1.94%,2022,-13.0%
2022-08-09,INTC,Equity,32.84328842163086,48202300,-2.43%,-26.86%,-47.1%,403,73.14,-2.03%,2022,-48.36%
2022-08-09,NVDA,Equity,17.019649505615234,668263000,-3.97%,30.46%,-48.78%,403,130.46,-3.58%,2022,-51.44%
2022-08-09,SPY,Benchmark,388.96075439453125,44931800,-0.4%,13.87%,-13.25%,403,113.87,0.0%,2022,-18.65%
2022-08-09,TSM,Equity,79.7824478149414,13075000,-3.1%,-21.72%,-38.81%,403,78.28,-2.71%,2022,-40.92%
2022-08-10,AMD,Equity,99.05000305175781,83416100,3.67%,7.31%,-38.82%,404,107.31,1.57%,2022,-56.89%
2022-08-10,AVGO,Equity,51.472267150878906,19519000,3.31%,35.3%,-17.14%,404,135.3,1.2%,2022,-13.0%
2022-08-10,INTC,Equity,33.65200424194336,42243300,2.46%,-25.06%,-45.8%,404,74.94,0.36%,2022,-48.36%
2022-08-10,NVDA,Equity,18.026721954345703,597422000,5.92%,38.18%,-45.75%,404,138.18,3.82%,2022,-51.44%
2022-08-10,SPY,Benchmark,397.13043212890625,68665700,2.1%,16.26%,-11.43%,404,116.26,0.0%,2022,-18.65%
2022-08-10,TSM,Equity,83.02204895019531,10704600,4.06%,-18.54%,-36.32%,404,81.46,1.96%,2022,-40.92%
2022-08-11,AMD,Equity,98.12000274658203,77516900,-0.94%,6.31%,-39.4%,405,106.31,-0.94%,2022,-56.89%
2022-08-11,AVGO,Equity,51.006561279296875,14268000,-0.9%,34.07%,-17.89%,405,134.07,-0.9%,2022,-13.0%
2022-08-11,INTC,Equity,33.86130905151367,35569700,0.62%,-24.59%,-45.46%,405,75.41,0.62%,2022,-48.36%
2022-08-11,NVDA,Equity,17.872325897216797,509327000,-0.86%,36.99%,-46.22%,405,136.99,-0.86%,2022,-51.44%
2022-08-11,SPY,Benchmark,397.13043212890625,59489700,0.0%,16.26%,-11.43%,405,116.26,0.0%,2022,-18.65%
2022-08-11,TSM,Equity,83.81790924072266,11158800,0.96%,-17.76%,-35.71%,405,82.24,0.96%,2022,-40.92%
2022-08-12,AMD,Equity,100.83000183105469,72316300,2.76%,9.24%,-37.72%,406,109.24,1.07%,2022,-56.89%
2022-08-12,AVGO,Equity,52.203575134277344,18399000,2.35%,37.22%,-15.96%,406,137.22,0.65%,2022,-13.0%
2022-08-12,INTC,Equity,34.35606002807617,37675200,1.46%,-23.49%,-44.66%,406,76.51,-0.23%,2022,-48.36%
2022-08-12,NVDA,Equity,18.63634490966797,478094000,4.27%,42.85%,-43.92%,406,142.85,2.58%,2022,-51.44%
2022-08-12,SPY,Benchmark,403.8534851074219,61694500,1.69%,18.23%,-9.93%,406,118.23,0.0%,2022,-18.65%
2022-08-12,TSM,Equity,85.07256317138672,12098800,1.5%,-16.52%,-34.75%,406,83.48,-0.2%,2022,-40.92%
2022-08-15,AMD,Equity,101.01000213623047,61327100,0.18%,9.44%,-37.61%,407,109.44,-0.23%,2022,-56.89%
2022-08-15,AVGO,Equity,52.27183532714844,14329000,0.13%,37.4%,-15.85%,407,137.4,-0.28%,2022,-13.0%
2022-08-15,INTC,Equity,34.574886322021484,25400600,0.64%,-23.0%,-44.31%,407,77.0,0.22%,2022,-48.36%
2022-08-15,NVDA,Equity,18.95809555053711,457666000,1.73%,45.32%,-42.95%,407,145.32,1.31%,2022,-51.44%
2022-08-15,SPY,Benchmark,405.5176696777344,54048300,0.41%,18.72%,-9.56%,407,118.72,0.0%,2022,-18.65%
2022-08-15,TSM,Equity,85.73733520507812,15949500,0.78%,-15.87%,-34.24%,407,84.13,0.37%,2022,-40.92%
2022-08-16,AMD,Equity,100.19999694824219,60220700,-0.8%,8.56%,-38.11%,408,108.56,-1.0%,2022,-56.89%
2022-08-16,AVGO,Equity,51.588226318359375,14782000,-1.31%,35.6%,-16.95%,408,135.6,-1.5%,2022,-13.0%
2022-08-16,INTC,Equity,34.432167053222656,25000200,-0.41%,-23.32%,-44.54%,408,76.68,-0.61%,2022,-48.36%
2022-08-16,NVDA,Equity,18.80569076538086,451240000,-0.8%,44.15%,-43.41%,408,144.15,-1.0%,2022,-51.44%
2022-08-16,SPY,Benchmark,406.31195068359375,59289000,0.2%,18.95%,-9.38%,408,118.95,0.0%,2022,-18.65%
2022-08-16,TSM,Equity,84.22051239013672,10566100,-1.77%,-17.36%,-35.4%,408,82.64,-1.97%,2022,-40.92%
2022-08-17,AMD,Equity,98.2699966430664,63735600,-1.93%,6.47%,-39.31%,409,106.47,-1.22%,2022,-56.89%
2022-08-17,AVGO,Equity,50.366905212402344,19022000,-2.37%,32.39%,-18.92%,409,132.39,-1.66%,2022,-13.0%
2022-08-17,INTC,Equity,34.042083740234375,29176100,-1.13%,-24.19%,-45.17%,409,75.81,-0.42%,2022,-48.36%
2022-08-17,NVDA,Equity,18.2637996673584,446799000,-2.88%,39.99%,-45.04%,409,139.99,-2.17%,2022,-51.44%
2022-08-17,SPY,Benchmark,403.42791748046875,63563400,-0.71%,18.1%,-10.02%,409,118.1,0.0%,2022,-18.65%
2022-08-17,TSM,Equity,83.5182876586914,9093100,-0.83%,-18.05%,-35.94%,409,81.95,-0.12%,2022,-40.92%
2022-08-18,AMD,Equity,100.44000244140625,76059500,2.21%,8.82%,-37.97%,410,108.82,1.92%,2022,-56.89%
2022-08-18,AVGO,Equity,52.22414779663086,23459000,3.69%,37.28%,-15.93%,410,137.28,3.4%,2022,-13.0%
2022-08-18,INTC,Equity,34.44169235229492,24598200,1.17%,-23.3%,-44.52%,410,76.7,0.88%,2022,-48.36%
2022-08-18,NVDA,Equity,18.700098037719727,415447000,2.39%,43.34%,-43.72%,410,143.34,2.1%,2022,-51.44%
2022-08-18,SPY,Benchmark,404.6004943847656,49023200,0.29%,18.45%,-9.76%,410,118.45,0.0%,2022,-18.65%
2022-08-18,TSM,Equity,83.5838394165039,10947700,0.08%,-17.99%,-35.89%,410,82.01,-0.21%,2022,-40.92%
2022-08-19,AMD,Equity,95.94999694824219,67221700,-4.47%,3.95%,-40.74%,411,103.95,-3.13%,2022,-56.89%
2022-08-19,AVGO,Equity,51.28710174560547,16923000,-1.79%,34.81%,-17.44%,411,134.81,-0.45%,2022,-13.0%
2022-08-19,INTC,Equity,33.66151809692383,31425500,-2.27%,-25.03%,-45.78%,411,74.97,-0.92%,2022,-48.36%
2022-08-19,NVDA,Equity,17.779691696166992,441588000,-4.92%,36.28%,-46.49%,411,136.28,-3.58%,2022,-51.44%
2022-08-19,SPY,Benchmark,399.1634826660156,68016900,-1.34%,16.85%,-10.98%,411,116.85,0.0%,2022,-18.65%
2022-08-19,TSM,Equity,81.64569091796875,9602800,-2.32%,-19.89%,-37.38%,411,80.11,-0.98%,2022,-40.92%
2022-08-22,AMD,Equity,92.83999633789062,61837300,-3.24%,0.59%,-42.66%,412,100.59,-1.16%,2022,-56.89%
2022-08-22,AVGO,Equity,49.44670867919922,18555000,-3.59%,29.97%,-20.4%,412,129.97,-1.51%,2022,-13.0%
2022-08-22,INTC,Equity,32.196319580078125,51006100,-4.35%,-28.3%,-48.14%,412,71.7,-2.27%,2022,-48.36%
2022-08-22,NVDA,Equity,16.967857360839844,409593000,-4.57%,30.06%,-48.94%,412,130.06,-2.48%,2022,-51.44%
2022-08-22,SPY,Benchmark,390.8519287109375,77695600,-2.08%,14.42%,-12.83%,412,114.42,0.0%,2022,-18.65%
2022-08-22,TSM,Equity,79.8105239868164,8054000,-2.25%,-21.69%,-38.79%,412,78.31,-0.17%,2022,-40.92%
2022-08-23,AMD,Equity,92.48999786376953,52927000,-0.38%,0.21%,-42.88%,413,100.21,-0.14%,2022,-56.89%
2022-08-23,AVGO,Equity,49.543033599853516,9003000,0.19%,30.23%,-20.24%,413,130.23,0.44%,2022,-13.0%
2022-08-23,INTC,Equity,32.30097579956055,30687100,0.33%,-28.06%,-47.97%,413,71.94,0.57%,2022,-48.36%
2022-08-23,NVDA,Equity,17.114282608032227,369986000,0.86%,31.18%,-48.5%,413,131.18,1.1%,2022,-51.44%
2022-08-23,SPY,Benchmark,389.9062805175781,49105200,-0.24%,14.14%,-13.04%,413,114.14,0.0%,2022,-18.65%
2022-08-23,TSM,Equity,80.55020141601562,8462500,0.93%,-20.96%,-38.22%,413,79.04,1.17%,2022,-40.92%
2022-08-24,AMD,Equity,92.7300033569336,56520400,0.26%,0.47%,-42.73%,414,100.47,-0.06%,2022,-56.89%
2022-08-24,AVGO,Equity,49.642154693603516,11883000,0.2%,30.49%,-20.08%,414,130.49,-0.12%,2022,-13.0%
2022-08-24,INTC,Equity,32.2153434753418,25105700,-0.27%,-28.26%,-48.11%,414,71.74,-0.59%,2022,-48.36%
2022-08-24,NVDA,Equity,17.155120849609375,522661000,0.24%,31.5%,-48.37%,414,131.5,-0.08%,2022,-51.44%
2022-08-24,SPY,Benchmark,391.1544189453125,49177800,0.32%,14.51%,-12.76%,414,114.51,0.0%,2022,-18.65%
2022-08-24,TSM,Equity,80.11014556884766,7085800,-0.55%,-21.39%,-38.56%,414,78.61,-0.87%,2022,-40.92%
2022-08-25,AMD,Equity,97.18000030517578,61016200,4.8%,5.29%,-39.98%,415,105.29,3.39%,2022,-56.89%
2022-08-25,AVGO,Equity,51.446083068847656,17345000,3.63%,35.23%,-17.18%,415,135.23,2.22%,2022,-13.0%
2022-08-25,INTC,Equity,33.195316314697266,29799100,3.04%,-26.07%,-46.53%,415,73.93,1.63%,2022,-48.36%
2022-08-25,NVDA,Equity,17.84343910217285,770691000,4.01%,36.77%,-46.3%,415,136.77,2.6%,2022,-51.44%
2022-08-25,SPY,Benchmark,396.6766357421875,50942300,1.41%,16.13%,-11.53%,415,116.13,0.0%,2022,-18.65%
2022-08-25,TSM,Equity,81.99212646484375,6602100,2.35%,-19.55%,-37.11%,415,80.45,0.94%,2022,-40.92%
2022-08-26,AMD,Equity,91.18000030517578,65552500,-6.17%,-1.21%,-43.68%,416,98.79,-2.79%,2022,-56.89%
2022-08-26,AVGO,Equity,48.7088623046875,25682000,-5.32%,28.03%,-21.59%,416,128.03,-1.94%,2022,-13.0%
2022-08-26,INTC,Equity,31.739635467529297,44851500,-4.39%,-29.32%,-48.88%,416,70.68,-1.0%,2022,-48.36%
2022-08-26,NVDA,Equity,16.19685935974121,769127000,-9.23%,24.15%,-51.26%,416,124.15,-5.84%,2022,-51.44%
2022-08-26,SPY,Benchmark,383.24945068359375,103087000,-3.38%,12.2%,-14.52%,416,112.2,0.0%,2022,-18.65%
2022-08-26,TSM,Equity,79.34237670898438,9381500,-3.23%,-22.15%,-39.15%,416,77.85,0.15%,2022,-40.92%
2022-08-29,AMD,Equity,88.48999786376953,61142500,-2.95%,-4.13%,-45.35%,417,95.87,-2.29%,2022,-56.89%
2022-08-29,AVGO,Equity,48.084171295166016,16580000,-1.28%,26.39%,-22.59%,417,126.39,-0.62%,2022,-13.0%
2022-08-29,INTC,Equity,31.340030670166016,32976800,-1.26%,-30.2%,-49.52%,417,69.8,-0.6%,2022,-48.36%
2022-08-29,NVDA,Equity,15.739640235900879,496132000,-2.82%,20.65%,-52.63%,417,120.65,-2.16%,2022,-51.44%
2022-08-29,SPY,Benchmark,380.7153015136719,65370800,-0.66%,11.45%,-15.09%,417,111.45,0.0%,2022,-18.65%
2022-08-29,TSM,Equity,77.57276153564453,9639700,-2.23%,-23.88%,-40.5%,417,76.12,-1.57%,2022,-40.92%
2022-08-30,AMD,Equity,86.94000244140625,69087100,-1.75%,-5.81%,-46.3%,418,94.19,-0.65%,2022,-56.89%
2022-08-30,AVGO,Equity,47.35567855834961,18282000,-1.52%,24.48%,-23.76%,418,124.48,-0.42%,2022,-13.0%
2022-08-30,INTC,Equity,30.693058013916016,40182500,-2.06%,-31.65%,-50.56%,418,68.35,-0.97%,2022,-48.36%
2022-08-30,NVDA,Equity,15.40793514251709,530181000,-2.11%,18.1%,-53.63%,418,118.1,-1.01%,2022,-51.44%
2022-08-30,SPY,Benchmark,376.5359191894531,85652400,-1.1%,10.23%,-16.02%,418,110.23,0.0%,2022,-18.65%
2022-08-30,TSM,Equity,77.51659393310547,8392300,-0.07%,-23.94%,-40.55%,418,76.06,1.03%,2022,-40.92%
2022-08-31,AMD,Equity,84.87000274658203,64991700,-2.38%,-8.05%,-47.58%,419,91.95,-1.62%,2022,-56.89%
2022-08-31,AVGO,Equity,46.67487716674805,32445000,-1.44%,22.69%,-24.86%,419,122.69,-0.68%,2022,-13.0%
2022-08-31,INTC,Equity,30.36957550048828,44074500,-1.05%,-32.37%,-51.08%,419,67.63,-0.29%,2022,-48.36%
2022-08-31,NVDA,Equity,15.035385131835938,573710000,-2.42%,15.25%,-54.75%,419,115.25,-1.66%,2022,-51.44%
2022-08-31,SPY,Benchmark,373.67083740234375,76029700,-0.76%,9.39%,-16.66%,419,109.39,0.0%,2022,-18.65%
2022-08-31,TSM,Equity,78.04090881347656,8887100,0.68%,-23.42%,-40.14%,419,76.58,1.44%,2022,-40.92%
2022-09-01,AMD,Equity,82.33000183105469,94854700,-2.99%,-10.8%,-49.15%,420,89.2,-3.31%,2022,-56.89%
2022-09-01,AVGO,Equity,46.010929107666016,31930000,-1.42%,20.94%,-25.93%,420,120.94,-1.74%,2022,-13.0%
2022-09-01,INTC,Equity,30.21734619140625,36440700,-0.5%,-32.71%,-51.33%,420,67.29,-0.82%,2022,-48.36%
2022-09-01,NVDA,Equity,13.882881164550781,1178865000,-7.67%,6.41%,-58.22%,420,106.41,-7.98%,2022,-51.44%
2022-09-01,SPY,Benchmark,374.84332275390625,78740100,0.31%,9.74%,-16.4%,420,109.74,0.0%,2022,-18.65%
2022-09-01,TSM,Equity,76.43982696533203,11566000,-2.05%,-25.0%,-41.37%,420,75.0,-2.37%,2022,-40.92%
2022-09-02,AMD,Equity,80.23999786376953,84924400,-2.54%,-13.07%,-50.44%,421,86.93,-1.48%,2022,-56.89%
2022-09-02,AVGO,Equity,46.7786865234375,40426000,1.67%,22.96%,-24.69%,421,122.96,2.72%,2022,-13.0%
2022-09-02,INTC,Equity,29.703575134277344,34893300,-1.7%,-33.85%,-52.16%,421,66.15,-0.65%,2022,-48.36%
2022-09-02,NVDA,Equity,13.594006538391113,743157000,-2.08%,4.2%,-59.09%,421,104.2,-1.03%,2022,-51.44%
2022-09-02,SPY,Benchmark,370.89093017578125,99632100,-1.05%,8.58%,-17.28%,421,108.58,0.0%,2022,-18.65%
2022-09-02,TSM,Equity,75.74697875976562,8850100,-0.91%,-25.67%,-41.9%,421,74.33,0.15%,2022,-40.92%
2022-09-06,AMD,Equity,78.72000122070312,68727300,-1.89%,-14.71%,-51.38%,422,85.29,-1.52%,2022,-56.89%
2022-09-06,AVGO,Equity,46.589786529541016,24738000,-0.4%,22.46%,-25.0%,422,122.46,-0.03%,2022,-13.0%
2022-09-06,INTC,Equity,28.885345458984375,46989600,-2.75%,-35.67%,-53.47%,422,64.33,-2.38%,2022,-48.36%
2022-09-06,NVDA,Equity,13.412713050842285,535751000,-1.33%,2.81%,-59.64%,422,102.81,-0.96%,2022,-51.44%
2022-09-06,SPY,Benchmark,369.4914245605469,76637400,-0.38%,8.17%,-17.59%,422,108.17,0.0%,2022,-18.65%
2022-09-06,TSM,Equity,74.9323959350586,12704400,-1.08%,-26.47%,-42.53%,422,73.53,-0.7%,2022,-40.92%
2022-09-07,AMD,Equity,79.61000061035156,67891200,1.13%,-13.75%,-50.83%,423,86.25,-0.67%,2022,-56.89%
2022-09-07,AVGO,Equity,47.237857818603516,20440000,1.39%,24.17%,-23.95%,423,124.17,-0.41%,2022,-13.0%
2022-09-07,INTC,Equity,29.1612606048584,37329500,0.96%,-35.06%,-53.03%,423,64.94,-0.84%,2022,-48.36%
2022-09-07,NVDA,Equity,13.664806365966797,512657000,1.88%,4.74%,-58.88%,423,104.74,0.08%,2022,-51.44%
2022-09-07,SPY,Benchmark,376.12933349609375,70964200,1.8%,10.11%,-16.11%,423,110.11,0.0%,2022,-18.65%
2022-09-07,TSM,Equity,74.85749053955078,9843500,-0.1%,-26.55%,-42.59%,423,73.45,-1.9%,2022,-40.92%
2022-09-08,AMD,Equity,82.77999877929688,89089300,3.98%,-10.31%,-48.87%,424,89.69,3.33%,2022,-56.89%
2022-09-08,AVGO,Equity,47.87376022338867,22535000,1.35%,25.84%,-22.93%,424,125.84,0.69%,2022,-13.0%
2022-09-08,INTC,Equity,29.25640296936035,37359500,0.33%,-34.85%,-52.88%,424,65.15,-0.33%,2022,-48.36%
2022-09-08,NVDA,Equity,13.939814567565918,624873000,2.01%,6.85%,-58.05%,424,106.85,1.36%,2022,-51.44%
2022-09-08,SPY,Benchmark,378.5877990722656,80821700,0.65%,10.83%,-15.56%,424,110.83,0.0%,2022,-18.65%
2022-09-08,TSM,Equity,75.12899780273438,8181700,0.36%,-26.28%,-42.38%,424,73.72,-0.29%,2022,-40.92%
2022-09-09,AMD,Equity,85.44999694824219,68907700,3.23%,-7.42%,-47.22%,425,92.58,1.67%,2022,-56.89%
2022-09-09,AVGO,Equity,48.85288619995117,23019000,2.05%,28.41%,-21.35%,425,128.41,0.49%,2022,-13.0%
2022-09-09,INTC,Equity,29.931915283203125,34069500,2.31%,-33.34%,-51.79%,425,66.66,0.76%,2022,-48.36%
2022-09-09,NVDA,Equity,14.335391998291016,486612000,2.84%,9.88%,-56.86%,425,109.88,1.28%,2022,-51.44%
2022-09-09,SPY,Benchmark,384.4692687988281,76706900,1.55%,12.55%,-14.25%,425,112.55,0.0%,2022,-18.65%
2022-09-09,TSM,Equity,76.33684539794922,7084700,1.61%,-25.1%,-41.45%,425,74.9,0.05%,2022,-40.92%
2022-09-12,AMD,Equity,84.63999938964844,71922500,-0.95%,-8.3%,-47.72%,426,91.7,-2.02%,2022,-56.89%
2022-09-12,AVGO,Equity,49.47569274902344,18157000,1.27%,30.05%,-20.35%,426,130.05,0.2%,2022,-13.0%
2022-09-12,INTC,Equity,30.02705955505371,38305500,0.32%,-33.13%,-51.63%,426,66.87,-0.76%,2022,-48.36%
2022-09-12,NVDA,Equity,14.452967643737793,484159000,0.82%,10.78%,-56.51%,426,110.78,-0.25%,2022,-51.44%
2022-09-12,SPY,Benchmark,388.6014099121094,69256300,1.07%,13.76%,-13.33%,426,113.76,0.0%,2022,-18.65%
2022-09-12,TSM,Equity,76.91735076904297,7903000,0.76%,-24.53%,-41.01%,426,75.47,-0.31%,2022,-40.92%
2022-09-13,AMD,Equity,77.02999877929688,80921200,-8.99%,-16.54%,-52.42%,427,83.46,-4.64%,2022,-56.89%
2022-09-13,AVGO,Equity,47.09945297241211,35136000,-4.8%,23.8%,-24.18%,427,123.8,-0.45%,2022,-13.0%
2022-09-13,INTC,Equity,27.867321014404297,71417900,-7.19%,-37.94%,-55.11%,427,62.06,-2.84%,2022,-48.36%
2022-09-13,NVDA,Equity,13.083895683288574,714956000,-9.47%,0.29%,-60.63%,427,100.29,-5.12%,2022,-51.44%
2022-09-13,SPY,Benchmark,371.70404052734375,122947100,-4.35%,8.82%,-17.1%,427,108.82,0.0%,2022,-18.65%
2022-09-13,TSM,Equity,73.79010009765625,12835100,-4.07%,-27.6%,-43.4%,427,72.4,0.28%,2022,-40.92%
2022-09-14,AMD,Equity,77.44999694824219,71483000,0.55%,-16.09%,-52.16%,428,83.91,0.16%,2022,-56.89%
2022-09-14,AVGO,Equity,47.76341247558594,20605000,1.41%,25.55%,-23.11%,428,125.55,1.03%,2022,-13.0%
2022-09-14,INTC,Equity,27.76266098022461,40767200,-0.38%,-38.17%,-55.28%,428,61.83,-0.76%,2022,-48.36%
2022-09-14,NVDA,Equity,13.08090591430664,588507000,-0.02%,0.27%,-60.63%,428,100.27,-0.4%,2022,-51.44%
2022-09-14,SPY,Benchmark,373.12249755859375,85023700,0.38%,9.23%,-16.78%,428,109.23,0.0%,2022,-18.65%
2022-09-14,TSM,Equity,74.58597564697266,8849600,1.08%,-26.81%,-42.79%,428,73.19,0.7%,2022,-40.92%
2022-09-15,AMD,Equity,76.66000366210938,81818000,-1.02%,-16.94%,-52.65%,429,83.06,0.12%,2022,-56.89%
2022-09-15,AVGO,Equity,46.771209716796875,36574000,-2.08%,22.94%,-24.71%,429,122.94,-0.94%,2022,-13.0%
2022-09-15,INTC,Equity,27.439178466796875,39919100,-1.17%,-38.89%,-55.8%,429,61.11,-0.03%,2022,-48.36%
2022-09-15,NVDA,Equity,12.882621765136719,523625000,-1.52%,-1.25%,-61.23%,429,98.75,-0.38%,2022,-51.44%
2022-09-15,SPY,Benchmark,368.88623046875,87633800,-1.14%,7.99%,-17.73%,429,107.99,0.0%,2022,-18.65%
2022-09-15,TSM,Equity,73.4259033203125,10533100,-1.56%,-27.95%,-43.68%,429,72.05,-0.42%,2022,-40.92%
2022-09-16,AMD,Equity,76.51000213623047,75300200,-0.2%,-17.11%,-52.75%,430,82.89,0.57%,2022,-56.89%
2022-09-16,AVGO,Equity,46.991905212402344,59012000,0.47%,23.52%,-24.35%,430,123.52,1.23%,2022,-13.0%
2022-09-16,INTC,Equity,27.819746017456055,72748000,1.39%,-38.04%,-55.19%,430,61.96,2.15%,2022,-48.36%
2022-09-16,NVDA,Equity,13.150655746459961,670751000,2.08%,0.8%,-60.42%,430,100.8,2.84%,2022,-51.44%
2022-09-16,SPY,Benchmark,366.0719909667969,103084800,-0.76%,7.17%,-18.36%,430,107.17,0.0%,2022,-18.65%
2022-09-16,TSM,Equity,73.34114837646484,10604500,-0.12%,-28.04%,-43.75%,430,71.96,0.65%,2022,-40.92%
2022-09-19,AMD,Equity,76.7699966430664,64966900,0.34%,-16.83%,-52.58%,431,83.17,-0.44%,2022,-56.89%
2022-09-19,AVGO,Equity,46.9301872253418,17948000,-0.13%,23.36%,-24.45%,431,123.36,-0.91%,2022,-13.0%
2022-09-19,INTC,Equity,28.010034561157227,33151900,0.68%,-37.62%,-54.88%,431,62.38,-0.09%,2022,-48.36%
2022-09-19,NVDA,Equity,13.333995819091797,569685000,1.39%,2.21%,-59.87%,431,102.21,0.62%,2022,-51.44%
2022-09-19,SPY,Benchmark,368.910888671875,73278500,0.78%,8.0%,-17.72%,431,108.0,0.0%,2022,-18.65%
2022-09-19,TSM,Equity,73.66130828857422,10378600,0.44%,-27.72%,-43.5%,431,72.28,-0.34%,2022,-40.92%
2022-09-20,AMD,Equity,75.25,51129100,-1.98%,-18.47%,-53.52%,432,81.53,-0.83%,2022,-56.89%
2022-09-20,AVGO,Equity,46.109107971191406,17132000,-1.75%,21.2%,-25.77%,432,121.2,-0.6%,2022,-13.0%
2022-09-20,INTC,Equity,27.553346633911133,31129000,-1.63%,-38.64%,-55.62%,432,61.36,-0.48%,2022,-48.36%
2022-09-20,NVDA,Equity,13.128734588623047,524818000,-1.54%,0.63%,-60.49%,432,100.63,-0.39%,2022,-51.44%
2022-09-20,SPY,Benchmark,364.6763000488281,77274900,-1.15%,6.76%,-18.67%,432,106.76,0.0%,2022,-18.65%
2022-09-20,TSM,Equity,73.58598327636719,8202800,-0.1%,-27.8%,-43.56%,432,72.2,1.05%,2022,-40.92%
2022-09-21,AMD,Equity,74.4800033569336,82069700,-1.02%,-19.31%,-54.0%,433,80.69,0.72%,2022,-56.89%
2022-09-21,AVGO,Equity,45.46598434448242,20669000,-1.39%,19.51%,-26.81%,433,119.51,0.35%,2022,-13.0%
2022-09-21,INTC,Equity,27.087146759033203,39977300,-1.69%,-39.68%,-56.37%,433,60.32,0.05%,2022,-48.36%
2022-09-21,NVDA,Equity,13.213430404663086,807679000,0.65%,1.28%,-60.24%,433,101.28,2.39%,2022,-51.44%
2022-09-21,SPY,Benchmark,358.3150329589844,106746600,-1.74%,4.9%,-20.09%,433,104.9,0.0%,2022,-18.65%
2022-09-21,TSM,Equity,72.63496398925781,10869000,-1.29%,-28.73%,-44.29%,433,71.27,0.45%,2022,-40.92%
2022-09-22,AMD,Equity,69.5,101436900,-6.69%,-24.7%,-57.07%,434,75.3,-5.85%,2022,-56.89%
2022-09-22,AVGO,Equity,45.03881072998047,23540000,-0.94%,18.39%,-27.49%,434,118.39,-0.1%,2022,-13.0%
2022-09-22,INTC,Equity,26.70657730102539,36092700,-1.4%,-40.52%,-56.98%,434,59.48,-0.56%,2022,-48.36%
2022-09-22,NVDA,Equity,12.515941619873047,759162000,-5.28%,-4.06%,-62.34%,434,95.94,-4.44%,2022,-51.44%
2022-09-22,SPY,Benchmark,355.30523681640625,89472600,-0.84%,4.02%,-20.76%,434,104.02,0.0%,2022,-18.65%
2022-09-22,TSM,Equity,71.213134765625,10817900,-1.96%,-30.12%,-45.38%,434,69.88,-1.12%,2022,-40.92%
2022-09-23,AMD,Equity,67.95999908447266,87690000,-2.22%,-26.37%,-58.03%,435,73.63,-0.54%,2022,-56.89%
2022-09-23,AVGO,Equity,44.19670486450195,29649000,-1.87%,16.17%,-28.85%,435,116.17,-0.19%,2022,-13.0%
2022-09-23,INTC,Equity,26.183292388916016,43491100,-1.96%,-41.69%,-57.83%,435,58.31,-0.28%,2022,-48.36%
2022-09-23,NVDA,Equity,12.471102714538574,663309000,-0.36%,-4.41%,-62.47%,435,95.59,1.32%,2022,-51.44%
2022-09-23,SPY,Benchmark,349.3521728515625,122346900,-1.68%,2.27%,-22.08%,435,102.27,0.0%,2022,-18.65%
2022-09-23,TSM,Equity,69.555908203125,12685500,-2.33%,-31.75%,-46.65%,435,68.25,-0.65%,2022,-40.92%
2022-09-26,AMD,Equity,66.30000305175781,82898700,-2.44%,-28.17%,-59.05%,436,71.83,-1.45%,2022,-56.89%
2022-09-26,AVGO,Equity,43.59129333496094,19361000,-1.37%,14.58%,-29.82%,436,114.58,-0.38%,2022,-13.0%
2022-09-26,INTC,Equity,25.660005569458008,44786400,-2.0%,-42.85%,-58.67%,436,57.15,-1.01%,2022,-48.36%
2022-09-26,NVDA,Equity,12.184136390686035,547343000,-2.3%,-6.61%,-63.33%,436,93.39,-1.31%,2022,-51.44%
2022-09-26,SPY,Benchmark,345.8961486816406,92581200,-0.99%,1.26%,-22.86%,436,101.26,0.0%,2022,-18.65%
2022-09-26,TSM,Equity,68.74616241455078,13441500,-1.16%,-32.54%,-47.27%,436,67.46,-0.17%,2022,-40.92%
2022-09-27,AMD,Equity,67.16999816894531,94871800,1.31%,-27.23%,-58.51%,437,72.77,1.57%,2022,-56.89%
2022-09-27,AVGO,Equity,43.82609176635742,17850000,0.54%,15.2%,-29.45%,437,115.2,0.79%,2022,-13.0%
2022-09-27,INTC,Equity,25.583890914916992,44121400,-0.3%,-43.02%,-58.79%,437,56.98,-0.04%,2022,-48.36%
2022-09-27,NVDA,Equity,12.368473052978516,553854000,1.51%,-5.19%,-62.78%,437,94.81,1.77%,2022,-51.44%
2022-09-27,SPY,Benchmark,345.0131530761719,108294100,-0.26%,1.0%,-23.05%,437,101.0,0.0%,2022,-18.65%
2022-09-27,TSM,Equity,68.76496124267578,12430600,0.03%,-32.53%,-47.26%,437,67.47,0.28%,2022,-40.92%
2022-09-28,AMD,Equity,68.36000061035156,72389500,1.77%,-25.94%,-57.78%,438,74.06,-0.2%,2022,-56.89%
2022-09-28,AVGO,Equity,43.9401969909668,27605000,0.26%,15.5%,-29.26%,438,115.5,-1.71%,2022,-13.0%
2022-09-28,INTC,Equity,25.81223487854004,40433400,0.89%,-42.52%,-58.42%,438,57.48,-1.08%,2022,-48.36%
2022-09-28,NVDA,Equity,12.690312385559082,542414000,2.6%,-2.73%,-61.81%,438,97.27,0.63%,2022,-51.44%
2022-09-28,SPY,Benchmark,351.8017272949219,110802200,1.97%,2.99%,-21.54%,438,102.99,0.0%,2022,-18.65%
2022-09-28,TSM,Equity,67.91754150390625,12943600,-1.23%,-33.36%,-47.91%,438,66.64,-3.2%,2022,-40.92%
2022-09-29,AMD,Equity,64.13999938964844,102552400,-6.17%,-30.51%,-60.39%,439,69.49,-4.08%,2022,-56.89%
2022-09-29,AVGO,Equity,42.44742965698242,39997000,-3.4%,11.58%,-31.67%,439,111.58,-1.31%,2022,-13.0%
2022-09-29,INTC,Equity,25.098661422729492,41831300,-2.76%,-44.1%,-59.57%,439,55.9,-0.68%,2022,-48.36%
2022-09-29,NVDA,Equity,12.176166534423828,532763000,-4.05%,-6.67%,-63.36%,439,93.33,-1.96%,2022,-51.44%
2022-09-29,SPY,Benchmark,344.4529724121094,112952300,-2.09%,0.84%,-23.18%,439,100.84,0.0%,2022,-18.65%
2022-09-29,TSM,Equity,65.2339859008789,16120300,-3.95%,-35.99%,-49.97%,439,64.01,-1.86%,2022,-40.92%
2022-09-30,AMD,Equity,63.36000061035156,81664100,-1.22%,-31.35%,-60.87%,440,68.65,0.33%,2022,-56.89%
2022-09-30,AVGO,Equity,41.87031173706055,27202000,-1.36%,10.06%,-32.6%,440,110.06,0.19%,2022,-13.0%
2022-09-30,INTC,Equity,24.518293380737305,43821000,-2.31%,-45.4%,-60.51%,440,54.6,-0.77%,2022,-48.36%
2022-09-30,NVDA,Equity,12.095454216003418,565638000,-0.66%,-7.29%,-63.6%,440,92.71,0.88%,2022,-51.44%
2022-09-30,SPY,Benchmark,339.1265563964844,153711200,-1.55%,-0.72%,-24.37%,440,99.28,0.0%,2022,-18.65%
2022-09-30,TSM,Equity,64.5560302734375,10472400,-1.04%,-36.66%,-50.49%,440,63.34,0.51%,2022,-40.92%
2022-10-03,AMD,Equity,66.11000061035156,83841600,4.34%,-28.37%,-59.17%,441,71.63,1.7%,2022,-56.89%
2022-10-03,AVGO,Equity,43.074527740478516,21479000,2.88%,13.22%,-30.66%,441,113.22,0.24%,2022,-13.0%
2022-10-03,INTC,Equity,25.660005569458008,44096200,4.66%,-42.85%,-58.67%,441,57.15,2.02%,2022,-48.36%
2022-10-03,NVDA,Equity,12.467117309570312,547478000,3.07%,-4.44%,-62.48%,441,95.56,0.43%,2022,-51.44%
2022-10-03,SPY,Benchmark,348.07989501953125,89756500,2.64%,1.9%,-22.37%,441,101.9,0.0%,2022,-18.65%
2022-10-03,TSM,Equity,65.20573425292969,11945100,1.01%,-36.02%,-49.99%,441,63.98,-1.63%,2022,-40.92%
2022-10-04,AMD,Equity,67.9000015258789,77160500,2.71%,-26.44%,-58.06%,442,73.56,-0.39%,2022,-56.89%
2022-10-04,AVGO,Equity,45.2509765625,27277000,5.05%,18.95%,-27.15%,442,118.95,1.95%,2022,-13.0%
2022-10-04,INTC,Equity,26.354549407958984,42427500,2.71%,-41.31%,-57.55%,442,58.69,-0.39%,2022,-48.36%
2022-10-04,NVDA,Equity,13.119767189025879,584182000,5.23%,0.56%,-60.52%,442,100.56,2.14%,2022,-51.44%
2022-10-04,SPY,Benchmark,358.86566162109375,103602800,3.1%,5.06%,-19.96%,442,105.06,0.0%,2022,-18.65%
2022-10-04,TSM,Equity,68.55783081054688,14900700,5.14%,-32.73%,-47.42%,442,67.27,2.04%,2022,-40.92%
2022-10-05,AMD,Equity,67.94000244140625,87127400,0.06%,-26.39%,-58.04%,443,73.61,0.29%,2022,-56.89%
2022-10-05,AVGO,Equity,45.71683120727539,18493000,1.03%,20.17%,-26.4%,443,120.17,1.26%,2022,-13.0%
2022-10-05,INTC,Equity,26.297462463378906,30120000,-0.22%,-41.43%,-57.64%,443,58.57,0.02%,2022,-48.36%
2022-10-05,NVDA,Equity,13.161616325378418,507131000,0.32%,0.88%,-60.39%,443,100.88,0.55%,2022,-51.44%
2022-10-05,SPY,Benchmark,358.0301818847656,88065700,-0.23%,4.81%,-20.15%,443,104.81,0.0%,2022,-18.65%
2022-10-05,TSM,Equity,70.13030242919922,14037100,2.29%,-31.19%,-46.21%,443,68.81,2.53%,2022,-40.92%
2022-10-06,AMD,Equity,67.8499984741211,98325900,-0.13%,-26.49%,-58.09%,444,73.51,0.9%,2022,-56.89%
2022-10-06,AVGO,Equity,45.2170295715332,17250000,-1.09%,18.86%,-27.21%,444,118.86,-0.06%,2022,-13.0%
2022-10-06,INTC,Equity,25.859806060791016,33985100,-1.66%,-42.41%,-58.35%,444,57.59,-0.63%,2022,-48.36%
2022-10-06,NVDA,Equity,13.082901000976562,644157000,-0.6%,0.28%,-60.63%,444,100.28,0.43%,2022,-51.44%
2022-10-06,SPY,Benchmark,354.3368225097656,82333500,-1.03%,3.73%,-20.97%,444,103.73,0.0%,2022,-18.65%
2022-10-06,TSM,Equity,70.0079116821289,11796800,-0.17%,-31.31%,-46.31%,444,68.69,0.86%,2022,-40.92%
2022-10-07,AMD,Equity,58.439998626708984,163786300,-13.87%,-36.68%,-63.91%,445,63.32,-11.08%,2022,-56.89%
2022-10-07,AVGO,Equity,43.423439025878906,28425000,-3.97%,14.14%,-30.09%,445,114.14,-1.18%,2022,-13.0%
2022-10-07,INTC,Equity,24.470722198486328,57215500,-5.37%,-45.5%,-60.58%,445,54.5,-2.58%,2022,-48.36%
2022-10-07,NVDA,Equity,12.032681465148926,672478000,-8.03%,-7.77%,-63.79%,445,92.23,-5.24%,2022,-51.44%
2022-10-07,SPY,Benchmark,344.4529724121094,107789500,-2.79%,0.84%,-23.18%,445,100.84,0.0%,2022,-18.65%
2022-10-07,TSM,Equity,65.67652893066406,14758600,-6.19%,-35.56%,-49.63%,445,64.44,-3.4%,2022,-40.92%
2022-10-10,AMD,Equity,57.810001373291016,112241800,-1.08%,-37.37%,-64.29%,446,62.63,-0.31%,2022,-56.89%
2022-10-10,AVGO,Equity,41.27527618408203,33454000,-4.95%,8.5%,-33.55%,446,108.5,-4.18%,2022,-13.0%
2022-10-10,INTC,Equity,23.975984573364258,43409300,-2.02%,-46.6%,-61.38%,446,53.4,-1.26%,2022,-48.36%
2022-10-10,NVDA,Equity,11.62813949584961,698699000,-3.36%,-10.87%,-65.01%,446,89.13,-2.6%,2022,-51.44%
2022-10-10,SPY,Benchmark,341.8229675292969,76042800,-0.76%,0.07%,-23.76%,446,100.07,0.0%,2022,-18.65%
2022-10-10,TSM,Equity,63.50146484375,16042200,-3.31%,-37.69%,-51.3%,446,62.31,-2.55%,2022,-40.92%
2022-10-11,AMD,Equity,57.630001068115234,114054800,-0.31%,-37.56%,-64.41%,447,62.44,0.32%,2022,-56.89%
2022-10-11,AVGO,Equity,40.62082290649414,28046000,-1.59%,6.77%,-34.61%,447,106.77,-0.95%,2022,-13.0%
2022-10-11,INTC,Equity,23.823753356933594,48134900,-0.63%,-46.94%,-61.63%,447,53.06,-0.0%,2022,-48.36%
2022-10-11,NVDA,Equity,11.544440269470215,667482000,-0.72%,-11.51%,-65.26%,447,88.49,-0.09%,2022,-51.44%
2022-10-11,SPY,Benchmark,339.6581726074219,92482800,-0.63%,-0.57%,-24.25%,447,99.43,0.0%,2022,-18.65%
2022-10-11,TSM,Equity,59.74446487426758,28699300,-5.92%,-41.38%,-54.18%,447,58.62,-5.28%,2022,-40.92%
2022-10-12,AMD,Equity,57.849998474121094,89264200,0.38%,-37.32%,-64.27%,448,62.68,0.71%,2022,-56.89%
2022-10-12,AVGO,Equity,40.60292053222656,15046000,-0.04%,6.73%,-34.64%,448,106.73,0.29%,2022,-13.0%
2022-10-12,INTC,Equity,24.09966278076172,39634100,1.16%,-46.33%,-61.18%,448,53.67,1.49%,2022,-48.36%
2022-10-12,NVDA,Equity,11.458746910095215,492590000,-0.74%,-12.17%,-65.52%,448,87.83,-0.41%,2022,-51.44%
2022-10-12,SPY,Benchmark,338.53790283203125,76991800,-0.33%,-0.89%,-24.5%,448,99.11,0.0%,2022,-18.65%
2022-10-12,TSM,Equity,60.36591720581055,16468700,1.04%,-40.77%,-53.7%,448,59.23,1.37%,2022,-40.92%
2022-10-13,AMD,Equity,58.939998626708984,131159800,1.88%,-36.14%,-63.6%,449,63.86,-0.75%,2022,-56.89%
2022-10-13,AVGO,Equity,41.300743103027344,27980000,1.72%,8.56%,-33.51%,449,108.56,-0.92%,2022,-13.0%
2022-10-13,INTC,Equity,25.136720657348633,62447000,4.3%,-44.02%,-59.51%,449,55.98,1.66%,2022,-48.36%
2022-10-13,NVDA,Equity,11.917098045349121,850103000,4.0%,-8.65%,-64.14%,449,91.35,1.36%,2022,-51.44%
2022-10-13,SPY,Benchmark,347.4721984863281,147254500,2.64%,1.72%,-22.5%,449,101.72,0.0%,2022,-18.65%
2022-10-13,TSM,Equity,62.72934341430664,36639300,3.92%,-38.45%,-51.89%,449,61.55,1.28%,2022,-40.92%
2022-10-14,AMD,Equity,55.939998626708984,96959300,-5.09%,-39.39%,-65.45%,450,60.61,-2.81%,2022,-56.89%
2022-10-14,AVGO,Equity,40.275691986083984,22816000,-2.48%,5.87%,-35.16%,450,105.87,-0.2%,2022,-13.0%
2022-10-14,INTC,Equity,24.651493072509766,48185400,-1.93%,-45.1%,-60.29%,450,54.9,0.35%,2022,-48.36%
2022-10-14,NVDA,Equity,11.186727523803711,713432000,-6.13%,-14.25%,-66.34%,450,85.75,-3.85%,2022,-51.44%
2022-10-14,SPY,Benchmark,339.5538330078125,123737000,-2.28%,-0.6%,-24.27%,450,99.4,0.0%,2022,-18.65%
2022-10-14,TSM,Equity,60.18701934814453,19440900,-4.05%,-40.94%,-53.84%,450,59.06,-1.77%,2022,-40.92%
2022-10-17,AMD,Equity,57.959999084472656,76977600,3.61%,-37.2%,-64.2%,451,62.8,1.04%,2022,-56.89%
2022-10-17,AVGO,Equity,41.0555534362793,24120000,1.94%,7.92%,-33.91%,451,107.92,-0.63%,2022,-13.0%
2022-10-17,INTC,Equity,25.136720657348633,39416500,1.97%,-44.02%,-59.51%,451,55.98,-0.6%,2022,-48.36%
2022-10-17,NVDA,Equity,11.845355033874512,580774000,5.89%,-9.2%,-64.35%,451,90.8,3.32%,2022,-51.44%
2022-10-17,SPY,Benchmark,348.2792663574219,93168200,2.57%,1.96%,-22.32%,451,101.96,0.0%,2022,-18.65%
2022-10-17,TSM,Equity,61.100372314453125,11280100,1.52%,-40.05%,-53.14%,451,59.95,-1.05%,2022,-40.92%
2022-10-18,AMD,Equity,57.91999816894531,103064500,-0.07%,-37.25%,-64.23%,452,62.75,-1.24%,2022,-56.89%
2022-10-18,AVGO,Equity,41.004634857177734,20341000,-0.12%,7.78%,-33.99%,452,107.78,-1.3%,2022,-13.0%
2022-10-18,INTC,Equity,24.61343765258789,51126900,-2.08%,-45.19%,-60.35%,452,54.81,-3.26%,2022,-48.36%
2022-10-18,NVDA,Equity,11.924071311950684,659362000,0.66%,-8.6%,-64.12%,452,91.4,-0.51%,2022,-51.44%
2022-10-18,SPY,Benchmark,352.3714599609375,97162900,1.17%,3.16%,-21.41%,452,103.16,0.0%,2022,-18.65%
2022-10-18,TSM,Equity,59.98927688598633,16656100,-1.82%,-41.14%,-53.99%,452,58.86,-2.99%,2022,-40.92%
2022-10-19,AMD,Equity,57.22999954223633,75704800,-1.19%,-38.0%,-64.65%,453,62.0,-0.48%,2022,-56.89%
2022-10-19,AVGO,Equity,41.0489501953125,12702000,0.11%,7.9%,-33.92%,453,107.9,0.82%,2022,-13.0%
2022-10-19,INTC,Equity,24.737123489379883,33882300,0.5%,-44.91%,-60.15%,453,55.09,1.21%,2022,-48.36%
2022-10-19,NVDA,Equity,12.007768630981445,523131000,0.7%,-7.96%,-63.86%,453,92.04,1.41%,2022,-51.44%
2022-10-19,SPY,Benchmark,349.8743591308594,79746900,-0.71%,2.43%,-21.97%,453,102.43,0.0%,2022,-18.65%
2022-10-19,TSM,Equity,59.94219970703125,12385200,-0.08%,-41.18%,-54.03%,453,58.82,0.63%,2022,-40.92%
2022-10-20,AMD,Equity,57.77000045776367,79552600,0.94%,-37.41%,-64.32%,454,62.59,1.78%,2022,-56.89%
2022-10-20,AVGO,Equity,40.57745361328125,23402000,-1.15%,6.66%,-34.68%,454,106.66,-0.31%,2022,-13.0%
2022-10-20,INTC,Equity,24.813234329223633,33247700,0.31%,-44.74%,-60.03%,454,55.26,1.15%,2022,-48.36%
2022-10-20,NVDA,Equity,12.150259017944336,652398000,1.19%,-6.87%,-63.44%,454,93.13,2.03%,2022,-51.44%
2022-10-20,SPY,Benchmark,346.9405212402344,88283100,-0.84%,1.57%,-22.62%,454,101.57,0.0%,2022,-18.65%
2022-10-20,TSM,Equity,59.866878509521484,11300900,-0.13%,-41.26%,-54.08%,454,58.74,0.71%,2022,-40.92%
2022-10-21,AMD,Equity,58.81999969482422,95366400,1.82%,-36.27%,-63.67%,455,63.73,-0.61%,2022,-56.89%
2022-10-21,AVGO,Equity,42.409706115722656,26980000,4.52%,11.48%,-31.73%,455,111.48,2.09%,2022,-13.0%
2022-10-21,INTC,Equity,25.660005569458008,53058700,3.41%,-42.85%,-58.67%,455,57.15,0.98%,2022,-48.36%
2022-10-21,NVDA,Equity,12.421280860900879,609494000,2.23%,-4.79%,-62.62%,455,95.21,-0.2%,2022,-51.44%
2022-10-21,SPY,Benchmark,355.3717346191406,131038400,2.43%,4.03%,-20.74%,455,104.03,0.0%,2022,-18.65%
2022-10-21,TSM,Equity,60.02694320678711,13699000,0.27%,-41.1%,-53.96%,455,58.9,-2.16%,2022,-40.92%
2022-10-24,AMD,Equity,58.70000076293945,76305400,-0.2%,-36.4%,-63.75%,456,63.6,-1.43%,2022,-56.89%
2022-10-24,AVGO,Equity,43.050010681152344,25287000,1.51%,13.16%,-30.7%,456,113.16,0.29%,2022,-13.0%
2022-10-24,INTC,Equity,25.859806060791016,43831600,0.78%,-42.41%,-58.35%,456,57.59,-0.45%,2022,-48.36%
2022-10-24,NVDA,Equity,12.553804397583008,517457000,1.07%,-3.77%,-62.22%,456,96.23,-0.16%,2022,-51.44%
2022-10-24,SPY,Benchmark,359.7202453613281,85436900,1.22%,5.31%,-19.77%,456,105.31,0.0%,2022,-18.65%
2022-10-24,TSM,Equity,57.71061325073242,25010800,-3.86%,-43.37%,-55.74%,456,56.63,-5.08%,2022,-40.92%
2022-10-25,AMD,Equity,61.470001220703125,85501900,4.72%,-33.4%,-62.03%,457,66.6,3.12%,2022,-56.89%
2022-10-25,AVGO,Equity,43.3847770690918,18246000,0.78%,14.04%,-30.16%,457,114.04,-0.82%,2022,-13.0%
2022-10-25,INTC,Equity,26.078636169433594,32205300,0.85%,-41.92%,-57.99%,457,58.08,-0.75%,2022,-48.36%
2022-10-25,NVDA,Equity,13.213430404663086,505482000,5.25%,1.28%,-60.24%,457,101.28,3.66%,2022,-51.44%
2022-10-25,SPY,Benchmark,365.4643859863281,78846300,1.6%,6.99%,-18.49%,457,106.99,0.0%,2022,-18.65%
2022-10-25,TSM,Equity,57.569374084472656,21700600,-0.24%,-43.51%,-55.85%,457,56.49,-1.84%,2022,-40.92%
2022-10-26,AMD,Equity,59.72999954223633,79761600,-2.83%,-35.29%,-63.11%,458,64.71,-2.08%,2022,-56.89%
2022-10-26,AVGO,Equity,43.48944854736328,29291000,0.24%,14.32%,-29.99%,458,114.32,0.99%,2022,-13.0%
2022-10-26,INTC,Equity,25.888351440429688,37111100,-0.73%,-42.35%,-58.3%,458,57.65,0.02%,2022,-48.36%
2022-10-26,NVDA,Equity,12.849739074707031,532953000,-2.75%,-1.51%,-61.33%,458,98.49,-2.0%,2022,-51.44%
2022-10-26,SPY,Benchmark,362.71099853515625,104087300,-0.75%,6.18%,-19.11%,458,106.18,0.0%,2022,-18.65%
2022-10-26,TSM,Equity,57.28688430786133,14006000,-0.49%,-43.79%,-56.06%,458,56.21,0.26%,2022,-40.92%
2022-10-27,AMD,Equity,58.599998474121094,83871400,-1.89%,-36.51%,-63.81%,459,63.49,-1.36%,2022,-56.89%
2022-10-27,AVGO,Equity,42.94439697265625,18512000,-1.25%,12.88%,-30.87%,459,112.88,-0.72%,2022,-13.0%
2022-10-27,INTC,Equity,24.994007110595703,56305100,-3.45%,-44.34%,-59.74%,459,55.66,-2.92%,2022,-48.36%
2022-10-27,NVDA,Equity,13.128734588623047,583113000,2.17%,0.63%,-60.49%,459,100.63,2.71%,2022,-51.44%
2022-10-27,SPY,Benchmark,360.7742004394531,81971800,-0.53%,5.62%,-19.54%,459,105.62,0.0%,2022,-18.65%
2022-10-27,TSM,Equity,57.390464782714844,12937600,0.18%,-43.69%,-55.98%,459,56.31,0.71%,2022,-40.92%
2022-10-28,AMD,Equity,62.0099983215332,78198600,5.82%,-32.82%,-61.7%,460,67.18,3.44%,2022,-56.89%
2022-10-28,AVGO,Equity,44.59465026855469,23094000,3.84%,17.22%,-28.21%,460,117.22,1.46%,2022,-13.0%
2022-10-28,INTC,Equity,27.65800666809082,91695700,10.66%,-38.4%,-55.45%,460,61.6,8.28%,2022,-48.36%
2022-10-28,NVDA,Equity,13.78437614440918,521040000,4.99%,5.66%,-58.52%,460,105.66,2.61%,2022,-51.44%
2022-10-28,SPY,Benchmark,369.3572082519531,100302000,2.38%,8.13%,-17.62%,460,108.13,0.0%,2022,-18.65%
2022-10-28,TSM,Equity,58.3885612487793,11972300,1.74%,-42.71%,-55.22%,460,57.29,-0.64%,2022,-40.92%
2022-10-31,AMD,Equity,60.060001373291016,73274100,-3.14%,-34.93%,-62.91%,461,65.07,-2.42%,2022,-56.89%
2022-10-31,AVGO,Equity,44.33250045776367,19259000,-0.59%,16.53%,-28.63%,461,116.53,0.13%,2022,-13.0%
2022-10-31,INTC,Equity,27.04909324645996,59507700,-2.2%,-39.76%,-56.43%,461,60.24,-1.48%,2022,-48.36%
2022-10-31,NVDA,Equity,13.448582649230957,486341000,-2.44%,3.08%,-59.53%,461,103.08,-1.71%,2022,-51.44%
2022-10-31,SPY,Benchmark,366.6891784667969,96631300,-0.72%,7.35%,-18.22%,461,107.35,0.0%,2022,-18.65%
2022-10-31,TSM,Equity,57.955421447753906,10802800,-0.74%,-43.13%,-55.55%,461,56.87,-0.02%,2022,-40.92%
2022-11-01,AMD,Equity,59.65999984741211,83806700,-0.67%,-35.36%,-63.15%,462,64.64,-0.23%,2022,-56.89%
2022-11-01,AVGO,Equity,44.12315368652344,16324000,-0.47%,15.98%,-28.97%,462,115.98,-0.03%,2022,-13.0%
2022-11-01,INTC,Equity,26.925403594970703,44418700,-0.46%,-40.04%,-56.63%,462,59.96,-0.02%,2022,-48.36%
2022-11-01,NVDA,Equity,13.494420051574707,432817000,0.34%,3.44%,-59.39%,462,103.44,0.78%,2022,-51.44%
2022-11-01,SPY,Benchmark,365.08465576171875,85407600,-0.44%,6.88%,-18.58%,462,106.88,0.0%,2022,-18.65%
2022-11-01,TSM,Equity,57.98368453979492,11561900,0.05%,-43.1%,-55.53%,462,56.9,0.49%,2022,-40.92%
2022-11-02,AMD,Equity,58.630001068115234,142669400,-1.73%,-36.48%,-63.79%,463,63.52,0.78%,2022,-56.89%
2022-11-02,AVGO,Equity,43.003807067871094,21070000,-2.54%,13.04%,-30.77%,463,113.04,-0.03%,2022,-13.0%
2022-11-02,INTC,Equity,26.088150024414062,51956100,-3.11%,-41.9%,-57.98%,463,58.1,-0.6%,2022,-48.36%
2022-11-02,NVDA,Equity,13.17158031463623,672628000,-2.39%,0.96%,-60.36%,463,100.96,0.12%,2022,-51.44%
2022-11-02,SPY,Benchmark,355.9223327636719,126990400,-2.51%,4.2%,-20.62%,463,104.2,0.0%,2022,-18.65%
2022-11-02,TSM,Equity,56.985572814941406,16547200,-1.72%,-44.08%,-56.29%,463,55.92,0.79%,2022,-40.92%
2022-11-03,AMD,Equity,60.11000061035156,95279900,2.52%,-34.88%,-62.87%,464,65.12,3.55%,2022,-56.89%
2022-11-03,AVGO,Equity,41.88068771362305,23887000,-2.61%,10.09%,-32.58%,464,110.09,-1.58%,2022,-13.0%
2022-11-03,INTC,Equity,26.059606552124023,39678200,-0.11%,-41.96%,-58.02%,464,58.04,0.92%,2022,-48.36%
2022-11-03,NVDA,Equity,13.372858047485352,500065000,1.53%,2.5%,-59.76%,464,102.5,2.56%,2022,-51.44%
2022-11-03,SPY,Benchmark,352.25750732421875,87100100,-1.03%,3.12%,-21.44%,464,103.12,0.0%,2022,-18.65%
2022-11-03,TSM,Equity,56.75959396362305,11040900,-0.4%,-44.31%,-56.47%,464,55.69,0.63%,2022,-40.92%
2022-11-04,AMD,Equity,62.189998626708984,84791300,3.46%,-32.62%,-61.59%,465,67.38,2.02%,2022,-56.89%
2022-11-04,AVGO,Equity,43.877967834472656,28891000,4.77%,15.34%,-29.36%,465,115.34,3.33%,2022,-13.0%
2022-11-04,INTC,Equity,27.19263458251953,43051900,4.35%,-39.44%,-56.2%,465,60.56,2.91%,2022,-48.36%
2022-11-04,NVDA,Equity,14.105218887329102,612576000,5.48%,8.12%,-57.55%,465,108.12,4.04%,2022,-51.44%
2022-11-04,SPY,Benchmark,357.32757568359375,103505200,1.44%,4.61%,-20.31%,465,104.61,0.0%,2022,-18.65%
2022-11-04,TSM,Equity,58.83110809326172,14662800,3.65%,-42.27%,-54.88%,465,57.73,2.21%,2022,-40.92%
2022-11-07,AMD,Equity,63.08000183105469,62722500,1.43%,-31.66%,-61.04%,466,68.34,0.47%,2022,-56.89%
2022-11-07,AVGO,Equity,44.81342315673828,17687000,2.13%,17.8%,-27.86%,466,117.8,1.18%,2022,-13.0%
2022-11-07,INTC,Equity,27.395132064819336,34389800,0.74%,-38.99%,-55.87%,466,61.01,-0.21%,2022,-48.36%
2022-11-07,NVDA,Equity,14.249699592590332,410061000,1.02%,9.22%,-57.12%,466,109.22,0.07%,2022,-51.44%
2022-11-07,SPY,Benchmark,360.7456359863281,68286900,0.96%,5.61%,-19.54%,466,105.61,0.0%,2022,-18.65%
2022-11-07,TSM,Equity,59.094757080078125,8507100,0.45%,-42.01%,-54.68%,466,57.99,-0.51%,2022,-40.92%
2022-11-08,AMD,Equity,63.849998474121094,75938000,1.22%,-30.82%,-60.56%,467,69.18,0.68%,2022,-56.89%
2022-11-08,AVGO,Equity,45.463157653808594,20743000,1.45%,19.5%,-26.81%,467,119.5,0.91%,2022,-13.0%
2022-11-08,INTC,Equity,27.462631225585938,36258000,0.25%,-38.84%,-55.76%,467,61.16,-0.29%,2022,-48.36%
2022-11-08,NVDA,Equity,14.549620628356934,595292000,2.1%,11.52%,-56.21%,467,111.52,1.57%,2022,-51.44%
2022-11-08,SPY,Benchmark,362.69195556640625,84641100,0.54%,6.18%,-19.11%,467,106.18,0.0%,2022,-18.65%
2022-11-08,TSM,Equity,61.22276306152344,14102800,3.6%,-39.93%,-53.04%,467,60.07,3.06%,2022,-40.92%
2022-11-09,AMD,Equity,59.91999816894531,62940300,-6.16%,-35.08%,-62.99%,468,64.92,-4.09%,2022,-56.89%
2022-11-09,AVGO,Equity,44.271202087402344,23695000,-2.62%,16.37%,-28.73%,468,116.37,-0.56%,2022,-13.0%
2022-11-09,INTC,Equity,26.53692626953125,30544800,-3.37%,-40.9%,-57.26%,468,59.1,-1.31%,2022,-48.36%
2022-11-09,NVDA,Equity,13.726583480834961,454414000,-5.66%,5.22%,-58.69%,468,105.22,-3.6%,2022,-51.44%
2022-11-09,SPY,Benchmark,355.21978759765625,78495500,-2.06%,3.99%,-20.78%,468,103.99,0.0%,2022,-18.65%
2022-11-09,TSM,Equity,61.20394515991211,15086800,-0.03%,-39.94%,-53.06%,468,60.06,2.03%,2022,-40.92%
2022-11-10,AMD,Equity,68.47000122070312,107996300,14.27%,-25.82%,-57.71%,469,74.18,8.77%,2022,-56.89%
2022-11-10,AVGO,Equity,47.76974868774414,33970000,7.9%,25.57%,-23.1%,469,125.57,2.41%,2022,-13.0%
2022-11-10,INTC,Equity,28.6969051361084,62943900,8.14%,-36.09%,-53.78%,469,63.91,2.64%,2022,-48.36%
2022-11-10,NVDA,Equity,15.693502426147461,700819000,14.33%,20.29%,-52.77%,469,120.29,8.83%,2022,-51.44%
2022-11-10,SPY,Benchmark,374.7406005859375,141455800,5.5%,9.71%,-16.42%,469,109.71,0.0%,2022,-18.65%
2022-11-10,TSM,Equity,66.702880859375,21367900,8.98%,-34.55%,-48.84%,469,65.45,3.49%,2022,-40.92%
2022-11-11,AMD,Equity,72.37000274658203,111709500,5.7%,-21.59%,-55.3%,470,78.41,4.73%,2022,-56.89%
2022-11-11,AVGO,Equity,48.856082916259766,26728000,2.27%,28.42%,-21.35%,470,128.42,1.31%,2022,-13.0%
2022-11-11,INTC,Equity,29.342973709106445,49826500,2.25%,-34.65%,-52.74%,470,65.35,1.28%,2022,-48.36%
2022-11-11,NVDA,Equity,16.268430709838867,655487000,3.66%,24.7%,-51.04%,470,124.7,2.7%,2022,-51.44%
2022-11-11,SPY,Benchmark,378.3675537109375,93839900,0.97%,10.77%,-15.61%,470,110.77,0.0%,2022,-18.65%
2022-11-11,TSM,Equity,69.51827239990234,15524700,4.22%,-31.79%,-46.68%,470,68.21,3.25%,2022,-40.92%
2022-11-14,AMD,Equity,73.52999877929688,108892800,1.6%,-20.34%,-54.59%,471,79.66,2.45%,2022,-56.89%
2022-11-14,AVGO,Equity,48.39683532714844,21608000,-0.94%,27.21%,-22.09%,471,127.21,-0.09%,2022,-13.0%
2022-11-14,INTC,Equity,29.26582908630371,39395300,-0.26%,-34.82%,-52.86%,471,65.18,0.59%,2022,-48.36%
2022-11-14,NVDA,Equity,16.236549377441406,527852000,-0.2%,24.45%,-51.14%,471,124.45,0.65%,2022,-51.44%
2022-11-14,SPY,Benchmark,375.14886474609375,71903500,-0.85%,9.82%,-16.33%,471,109.82,0.0%,2022,-18.65%
2022-11-14,TSM,Equity,68.54843139648438,11575300,-1.4%,-32.74%,-47.42%,471,67.26,-0.54%,2022,-40.92%
2022-11-15,AMD,Equity,76.37000274658203,108946300,3.86%,-17.26%,-52.83%,472,82.74,3.01%,2022,-56.89%
2022-11-15,AVGO,Equity,49.45301055908203,23315000,2.18%,29.99%,-20.39%,472,129.99,1.33%,2022,-13.0%
2022-11-15,INTC,Equity,29.61297035217285,40933200,1.19%,-34.05%,-52.3%,472,65.95,0.33%,2022,-48.36%
2022-11-15,NVDA,Equity,16.606218338012695,545876000,2.28%,27.29%,-50.03%,472,127.29,1.42%,2022,-51.44%
2022-11-15,SPY,Benchmark,378.3485107421875,93194500,0.85%,10.76%,-15.62%,472,110.76,0.0%,2022,-18.65%
2022-11-15,TSM,Equity,75.76107788085938,48742400,10.52%,-25.66%,-41.89%,472,74.34,9.67%,2022,-40.92%
2022-11-16,AMD,Equity,72.69999694824219,79968000,-4.81%,-21.24%,-55.1%,473,78.76,-4.04%,2022,-56.89%
2022-11-16,AVGO,Equity,48.25632858276367,25405000,-2.42%,26.85%,-22.31%,473,126.85,-1.66%,2022,-13.0%
2022-11-16,INTC,Equity,28.47512435913086,35582800,-3.84%,-36.59%,-54.13%,473,63.41,-3.08%,2022,-48.36%
2022-11-16,NVDA,Equity,15.852925300598145,649547000,-4.54%,21.51%,-52.29%,473,121.51,-3.77%,2022,-51.44%
2022-11-16,SPY,Benchmark,375.4621887207031,68508500,-0.76%,9.92%,-16.26%,473,109.92,0.0%,2022,-18.65%
2022-11-16,TSM,Equity,74.8100357055664,24006600,-1.26%,-26.59%,-42.62%,473,73.41,-0.49%,2022,-40.92%
2022-11-17,AMD,Equity,73.9000015258789,82320800,1.65%,-19.93%,-54.36%,474,80.07,1.96%,2022,-56.89%
2022-11-17,AVGO,Equity,48.292171478271484,20375000,0.07%,26.94%,-22.26%,474,126.94,0.38%,2022,-13.0%
2022-11-17,INTC,Equity,28.822261810302734,31983300,1.22%,-35.81%,-53.57%,474,64.19,1.53%,2022,-48.36%
2022-11-17,NVDA,Equity,15.620763778686523,710894000,-1.46%,19.73%,-52.99%,474,119.73,-1.16%,2022,-51.44%
2022-11-17,SPY,Benchmark,374.3133544921875,74496300,-0.31%,9.58%,-16.52%,474,109.58,0.0%,2022,-18.65%
2022-11-17,TSM,Equity,76.72148895263672,24278400,2.56%,-24.72%,-41.16%,474,75.28,2.86%,2022,-40.92%
2022-11-18,AMD,Equity,73.56999969482422,73223200,-0.45%,-20.29%,-54.56%,475,79.71,-0.9%,2022,-56.89%
2022-11-18,AVGO,Equity,48.57978439331055,14536000,0.6%,27.7%,-21.79%,475,127.7,0.14%,2022,-13.0%
2022-11-18,INTC,Equity,28.802978515625,27122200,-0.07%,-35.86%,-53.61%,475,64.14,-0.52%,2022,-48.36%
2022-11-18,NVDA,Equity,15.35372543334961,492072000,-1.71%,17.69%,-53.8%,475,117.69,-2.16%,2022,-51.44%
2022-11-18,SPY,Benchmark,376.0128479003906,92922500,0.45%,10.08%,-16.14%,475,110.08,0.0%,2022,-18.65%
2022-11-18,TSM,Equity,77.46536254882812,18578400,0.97%,-23.99%,-40.59%,475,76.01,0.52%,2022,-40.92%
2022-11-21,AMD,Equity,72.45999908447266,51536300,-1.51%,-21.5%,-55.25%,476,78.5,-1.15%,2022,-56.89%
2022-11-21,AVGO,Equity,48.7947883605957,18622000,0.44%,28.26%,-21.45%,476,128.26,0.81%,2022,-13.0%
2022-11-21,INTC,Equity,27.90619659423828,36086800,-3.11%,-37.85%,-55.05%,476,62.15,-2.75%,2022,-48.36%
2022-11-21,NVDA,Equity,15.262055397033691,404739000,-0.6%,16.98%,-54.07%,476,116.98,-0.23%,2022,-51.44%
2022-11-21,SPY,Benchmark,374.6456604003906,51243200,-0.36%,9.68%,-16.44%,476,109.68,0.0%,2022,-18.65%
2022-11-21,TSM,Equity,75.26201629638672,18659700,-2.84%,-26.15%,-42.28%,476,73.85,-2.48%,2022,-40.92%
2022-11-22,AMD,Equity,75.25,55450200,3.85%,-18.47%,-53.52%,477,81.53,2.5%,2022,-56.89%
2022-11-22,AVGO,Equity,49.98392105102539,18920000,2.44%,31.39%,-19.53%,477,131.39,1.09%,2022,-13.0%
2022-11-22,INTC,Equity,28.754764556884766,25584100,3.04%,-35.96%,-53.68%,477,64.04,1.7%,2022,-48.36%
2022-11-22,NVDA,Equity,15.980470657348633,472866000,4.71%,22.49%,-51.91%,477,122.49,3.36%,2022,-51.44%
2022-11-22,SPY,Benchmark,379.6872253417969,60429000,1.35%,11.15%,-15.32%,477,111.15,0.0%,2022,-18.65%
2022-11-22,TSM,Equity,77.71959686279297,16504700,3.27%,-23.74%,-40.39%,477,76.26,1.92%,2022,-40.92%
2022-11-23,AMD,Equity,76.4000015258789,81623600,1.53%,-17.23%,-52.81%,478,82.77,0.9%,2022,-56.89%
2022-11-23,AVGO,Equity,50.32246017456055,13964000,0.68%,32.28%,-18.99%,478,132.28,0.05%,2022,-13.0%
2022-11-23,INTC,Equity,28.610122680664062,23143900,-0.5%,-36.28%,-53.92%,478,63.72,-1.13%,2022,-48.36%
2022-11-23,NVDA,Equity,16.45974349975586,427241000,3.0%,26.17%,-50.47%,478,126.17,2.37%,2022,-51.44%
2022-11-23,SPY,Benchmark,382.079833984375,68261600,0.63%,11.85%,-14.79%,478,111.85,0.0%,2022,-18.65%
2022-11-23,TSM,Equity,77.1828842163086,14683800,-0.69%,-24.27%,-40.8%,478,75.73,-1.32%,2022,-40.92%
2022-11-25,AMD,Equity,75.13999938964844,26018900,-1.65%,-18.59%,-53.59%,479,81.41,-1.63%,2022,-56.89%
2022-11-25,AVGO,Equity,49.9707145690918,7455000,-0.7%,31.35%,-19.55%,479,131.35,-0.68%,2022,-13.0%
2022-11-25,INTC,Equity,28.29191017150879,11314900,-1.11%,-36.99%,-54.43%,479,63.01,-1.09%,2022,-48.36%
2022-11-25,NVDA,Equity,16.211639404296875,167934000,-1.51%,24.26%,-51.21%,479,124.26,-1.48%,2022,-51.44%
2022-11-25,SPY,Benchmark,381.994384765625,30545400,-0.02%,11.83%,-14.8%,479,111.83,0.0%,2022,-18.65%
2022-11-25,TSM,Equity,76.64619445800781,5908300,-0.7%,-24.79%,-41.21%,479,75.21,-0.67%,2022,-40.92%
2022-11-28,AMD,Equity,73.19000244140625,45383800,-2.6%,-20.7%,-54.8%,480,79.3,-1.0%,2022,-56.89%
2022-11-28,AVGO,Equity,49.244606018066406,23505000,-1.45%,29.44%,-20.72%,480,129.44,0.14%,2022,-13.0%
2022-11-28,INTC,Equity,27.703699111938477,28267900,-2.08%,-38.3%,-55.38%,480,61.7,-0.48%,2022,-48.36%
2022-11-28,NVDA,Equity,15.770224571228027,303741000,-2.72%,20.88%,-52.54%,480,120.88,-1.13%,2022,-51.44%
2022-11-28,SPY,Benchmark,375.89892578125,67881600,-1.6%,10.04%,-16.16%,480,110.04,0.0%,2022,-18.65%
2022-11-28,TSM,Equity,74.59346008300781,13214200,-2.68%,-26.81%,-42.79%,480,73.19,-1.08%,2022,-40.92%
2022-11-29,AMD,Equity,73.38999938964844,51846400,0.27%,-20.49%,-54.67%,481,79.51,0.44%,2022,-56.89%
2022-11-29,AVGO,Equity,49.16727066040039,12694000,-0.16%,29.24%,-20.85%,481,129.24,0.01%,2022,-13.0%
2022-11-29,INTC,Equity,27.867626190185547,24361500,0.59%,-37.94%,-55.11%,481,62.06,0.76%,2022,-48.36%
2022-11-29,NVDA,Equity,15.582900047302246,298384000,-1.19%,19.44%,-53.11%,481,119.44,-1.02%,2022,-51.44%
2022-11-29,SPY,Benchmark,375.25335693359375,52310000,-0.17%,9.86%,-16.31%,481,109.86,0.0%,2022,-18.65%
2022-11-29,TSM,Equity,74.69705200195312,11502300,0.14%,-26.71%,-42.71%,481,73.29,0.31%,2022,-40.92%
2022-11-30,AMD,Equity,77.62999725341797,88468400,5.78%,-15.89%,-52.05%,482,84.11,2.63%,2022,-56.89%
2022-11-30,AVGO,Equity,51.96233367919922,47349000,5.68%,36.59%,-16.35%,482,136.59,2.53%,2022,-13.0%
2022-11-30,INTC,Equity,28.995830535888672,72072500,4.05%,-35.43%,-53.3%,482,64.57,0.9%,2022,-48.36%
2022-11-30,NVDA,Equity,16.86661148071289,565298000,8.24%,29.28%,-49.24%,482,129.28,5.09%,2022,-51.44%
2022-11-30,SPY,Benchmark,387.073974609375,144566700,3.15%,13.32%,-13.67%,482,113.32,0.0%,2022,-18.65%
2022-11-30,TSM,Equity,78.1338882446289,21667300,4.6%,-23.33%,-40.07%,482,76.67,1.45%,2022,-40.92%
2022-12-01,AMD,Equity,77.4800033569336,59833400,-0.19%,-16.06%,-52.15%,483,83.94,-0.12%,2022,-56.89%
2022-12-01,AVGO,Equity,51.93593215942383,23006000,-0.05%,36.52%,-16.39%,483,136.52,0.02%,2022,-13.0%
2022-12-01,INTC,Equity,28.764406204223633,38896300,-0.8%,-35.94%,-53.67%,483,64.06,-0.72%,2022,-48.36%
2022-12-01,NVDA,Equity,17.077899932861328,470977000,1.25%,30.9%,-48.61%,483,130.9,1.33%,2022,-51.44%
2022-12-01,SPY,Benchmark,386.78924560546875,76398200,-0.07%,13.23%,-13.73%,483,113.23,0.0%,2022,-18.65%
2022-12-01,TSM,Equity,77.85142517089844,15975100,-0.36%,-23.61%,-40.29%,483,76.39,-0.29%,2022,-40.92%
2022-12-02,AMD,Equity,74.9800033569336,64377200,-3.23%,-18.76%,-53.69%,484,81.24,-3.11%,2022,-56.89%
2022-12-02,AVGO,Equity,50.997650146484375,19320000,-1.81%,34.05%,-17.9%,484,134.05,-1.69%,2022,-13.0%
2022-12-02,INTC,Equity,28.359411239624023,31546000,-1.41%,-36.84%,-54.32%,484,63.16,-1.29%,2022,-48.36%
2022-12-02,NVDA,Equity,16.819761276245117,371389000,-1.51%,28.92%,-49.38%,484,128.92,-1.4%,2022,-51.44%
2022-12-02,SPY,Benchmark,386.34295654296875,85342700,-0.12%,13.1%,-13.83%,484,113.1,0.0%,2022,-18.65%
2022-12-02,TSM,Equity,76.74034118652344,10519800,-1.43%,-24.7%,-41.14%,484,75.3,-1.31%,2022,-40.92%
2022-12-05,AMD,Equity,73.62000274658203,47022200,-1.81%,-20.24%,-54.53%,485,79.76,-0.01%,2022,-56.89%
2022-12-05,AVGO,Equity,50.03955841064453,18548000,-1.88%,31.53%,-19.44%,485,131.53,-0.08%,2022,-13.0%
2022-12-05,INTC,Equity,28.12798309326172,34040400,-0.82%,-37.36%,-54.69%,485,62.64,0.98%,2022,-48.36%
2022-12-05,NVDA,Equity,16.554651260375977,352255000,-1.58%,26.89%,-50.18%,485,126.89,0.22%,2022,-51.44%
2022-12-05,SPY,Benchmark,379.39288330078125,77289800,-1.8%,11.07%,-15.38%,485,111.07,0.0%,2022,-18.65%
2022-12-05,TSM,Equity,76.85331726074219,11523300,0.15%,-24.59%,-41.06%,485,75.41,1.95%,2022,-40.92%
2022-12-06,AMD,Equity,70.2699966430664,64965200,-4.55%,-23.87%,-56.6%,486,76.13,-3.11%,2022,-56.89%
2022-12-06,AVGO,Equity,49.585025787353516,19655000,-0.91%,30.34%,-20.18%,486,130.34,0.53%,2022,-13.0%
2022-12-06,INTC,Equity,27.578344345092773,27701200,-1.95%,-38.58%,-55.58%,486,61.42,-0.51%,2022,-48.36%
2022-12-06,NVDA,Equity,15.933727264404297,352694000,-3.75%,22.13%,-52.05%,486,122.13,-2.31%,2022,-51.44%
2022-12-06,SPY,Benchmark,373.92401123046875,77972200,-1.44%,9.47%,-16.6%,486,109.47,0.0%,2022,-18.65%
2022-12-06,TSM,Equity,74.91361236572266,13992100,-2.52%,-26.49%,-42.54%,486,73.51,-1.08%,2022,-40.92%
2022-12-07,AMD,Equity,70.13999938964844,59180100,-0.18%,-24.01%,-56.68%,487,75.99,-0.01%,2022,-56.89%
2022-12-07,AVGO,Equity,48.89474105834961,16524000,-1.39%,28.52%,-21.29%,487,128.52,-1.22%,2022,-13.0%
2022-12-07,INTC,Equity,27.3179874420166,28239900,-0.94%,-39.16%,-56.0%,487,60.84,-0.77%,2022,-48.36%
2022-12-07,NVDA,Equity,16.0662841796875,372388000,0.83%,23.15%,-51.65%,487,123.15,1.0%,2022,-51.44%
2022-12-07,SPY,Benchmark,373.287841796875,65927900,-0.17%,9.28%,-16.75%,487,109.28,0.0%,2022,-18.65%
2022-12-07,TSM,Equity,74.61231994628906,14925300,-0.4%,-26.79%,-42.77%,487,73.21,-0.23%,2022,-40.92%
2022-12-08,AMD,Equity,70.47000122070312,56734100,0.47%,-23.65%,-56.48%,488,76.35,-0.31%,2022,-56.89%
2022-12-08,AVGO,Equity,50.0810546875,27514000,2.43%,31.64%,-19.38%,488,131.64,1.64%,2022,-13.0%
2022-12-08,INTC,Equity,27.424062728881836,28486100,0.39%,-38.93%,-55.83%,488,61.07,-0.4%,2022,-48.36%
2022-12-08,NVDA,Equity,17.11178970336914,515456000,6.51%,31.16%,-48.5%,488,131.16,5.72%,2022,-51.44%
2022-12-08,SPY,Benchmark,376.21221923828125,60737900,0.78%,10.14%,-16.09%,488,110.14,0.0%,2022,-18.65%
2022-12-08,TSM,Equity,76.08122253417969,11197500,1.97%,-25.35%,-41.65%,488,74.65,1.19%,2022,-40.92%
2022-12-09,AMD,Equity,68.58999633789062,59058300,-2.67%,-25.69%,-57.64%,489,74.31,-1.92%,2022,-56.89%
2022-12-09,AVGO,Equity,51.3673095703125,37028000,2.57%,35.02%,-17.31%,489,135.02,3.32%,2022,-13.0%
2022-12-09,INTC,Equity,27.2312068939209,25641300,-0.7%,-39.36%,-56.14%,489,60.64,0.04%,2022,-48.36%
2022-12-09,NVDA,Equity,16.94434928894043,465338000,-0.98%,29.88%,-49.01%,489,129.88,-0.23%,2022,-51.44%
2022-12-09,SPY,Benchmark,373.40185546875,81447700,-0.75%,9.31%,-16.72%,489,109.31,0.0%,2022,-18.65%
2022-12-09,TSM,Equity,75.97764587402344,13787900,-0.14%,-25.45%,-41.73%,489,74.55,0.61%,2022,-40.92%
2022-12-12,AMD,Equity,70.66999816894531,60968300,3.03%,-23.43%,-56.35%,490,76.57,1.59%,2022,-56.89%
2022-12-12,AVGO,Equity,52.490421295166016,23416000,2.19%,37.97%,-15.5%,490,137.97,0.74%,2022,-13.0%
2022-12-12,INTC,Equity,27.665130615234375,35117900,1.59%,-38.39%,-55.44%,490,61.61,0.15%,2022,-48.36%
2022-12-12,NVDA,Equity,17.4765682220459,457328000,3.14%,33.96%,-47.41%,490,133.96,1.7%,2022,-51.44%
2022-12-12,SPY,Benchmark,378.7853088378906,75405800,1.44%,10.89%,-15.52%,490,110.89,0.0%,2022,-18.65%
2022-12-12,TSM,Equity,75.73283386230469,11516600,-0.32%,-25.69%,-41.91%,490,74.31,-1.76%,2022,-40.92%
2022-12-13,AMD,Equity,71.6500015258789,72458000,1.39%,-22.37%,-55.75%,491,77.63,0.63%,2022,-56.89%
2022-12-13,AVGO,Equity,53.84928894042969,40414000,2.59%,41.55%,-13.31%,491,141.55,1.83%,2022,-13.0%
2022-12-13,INTC,Equity,27.703699111938477,58546800,0.14%,-38.3%,-55.38%,491,61.7,-0.62%,2022,-48.36%
2022-12-13,NVDA,Equity,18.011781692504883,656589000,3.06%,38.06%,-45.8%,491,138.06,2.31%,2022,-51.44%
2022-12-13,SPY,Benchmark,381.652587890625,123782500,0.76%,11.73%,-14.88%,491,111.73,0.0%,2022,-18.65%
2022-12-13,TSM,Equity,75.80815887451172,16938000,0.1%,-25.61%,-41.86%,491,74.39,-0.66%,2022,-40.92%
2022-12-14,AMD,Equity,68.93000030517578,67278000,-3.8%,-25.32%,-57.43%,492,74.68,-3.16%,2022,-56.89%
2022-12-14,AVGO,Equity,54.16990280151367,35218000,0.6%,42.39%,-12.79%,492,142.39,1.23%,2022,-13.0%
2022-12-14,INTC,Equity,27.25048828125,37141100,-1.64%,-39.31%,-56.11%,492,60.69,-1.0%,2022,-48.36%
2022-12-14,NVDA,Equity,17.61510467529297,496888000,-2.2%,35.02%,-46.99%,492,135.02,-1.56%,2022,-51.44%
2022-12-14,SPY,Benchmark,379.2125244140625,108111300,-0.64%,11.01%,-15.42%,492,111.01,0.0%,2022,-18.65%
2022-12-14,TSM,Equity,75.34676361083984,17910000,-0.61%,-26.07%,-42.21%,492,73.93,0.03%,2022,-40.92%
2022-12-15,AMD,Equity,66.52999877929688,58557000,-3.48%,-27.92%,-58.91%,493,72.08,-1.04%,2022,-56.89%
2022-12-15,AVGO,Equity,52.619606018066406,36876000,-2.86%,38.31%,-15.29%,493,138.31,-0.42%,2022,-13.0%
2022-12-15,INTC,Equity,26.180143356323242,45682700,-3.93%,-41.7%,-57.83%,493,58.3,-1.48%,2022,-48.36%
2022-12-15,NVDA,Equity,16.895511627197266,478542000,-4.09%,29.51%,-49.16%,493,129.51,-1.64%,2022,-51.44%
2022-12-15,SPY,Benchmark,369.93634033203125,117705900,-2.45%,8.3%,-17.49%,493,108.3,0.0%,2022,-18.65%
2022-12-15,TSM,Equity,73.49171447753906,17080200,-2.46%,-27.89%,-43.63%,493,72.11,-0.02%,2022,-40.92%
2022-12-16,AMD,Equity,65.41000366210938,62438600,-1.68%,-29.13%,-59.6%,494,70.87,-0.5%,2022,-56.89%
2022-12-16,AVGO,Equity,52.42253112792969,49549000,-0.37%,37.8%,-15.61%,494,137.8,0.81%,2022,-13.0%
2022-12-16,INTC,Equity,25.958356857299805,81104200,-0.85%,-42.19%,-58.19%,494,57.81,0.33%,2022,-48.36%
2022-12-16,NVDA,Equity,16.515779495239258,478232000,-2.25%,26.59%,-50.3%,494,126.59,-1.07%,2022,-51.44%
2022-12-16,SPY,Benchmark,365.56884765625,119858000,-1.18%,7.02%,-18.47%,494,107.02,0.0%,2022,-18.65%
2022-12-16,TSM,Equity,72.25123596191406,11929100,-1.69%,-29.11%,-44.58%,494,70.89,-0.51%,2022,-40.92%
2022-12-19,AMD,Equity,64.58999633789062,46246900,-1.25%,-30.02%,-60.11%,495,69.98,-0.41%,2022,-56.89%
2022-12-19,AVGO,Equity,52.262779235839844,25092000,-0.3%,37.38%,-15.86%,495,137.38,0.54%,2022,-13.0%
2022-12-19,INTC,Equity,25.833003997802734,37662500,-0.48%,-42.47%,-58.39%,495,57.53,0.37%,2022,-48.36%
2022-12-19,NVDA,Equity,16.1998348236084,354039000,-1.91%,24.17%,-51.25%,495,124.17,-1.07%,2022,-51.44%
2022-12-19,SPY,Benchmark,362.46893310546875,79878100,-0.85%,6.11%,-19.16%,495,106.11,0.0%,2022,-18.65%
2022-12-19,TSM,Equity,72.06184387207031,12561300,-0.26%,-29.29%,-44.73%,495,70.71,0.59%,2022,-40.92%
2022-12-20,AMD,Equity,65.05000305175781,52431300,0.71%,-29.52%,-59.82%,496,70.48,0.58%,2022,-56.89%
2022-12-20,AVGO,Equity,51.729331970214844,29831000,-1.02%,35.97%,-16.72%,496,135.97,-1.16%,2022,-13.0%
2022-12-20,INTC,Equity,25.49550437927246,31863300,-1.31%,-43.22%,-58.93%,496,56.78,-1.44%,2022,-48.36%
2022-12-20,NVDA,Equity,16.031400680541992,403260000,-1.04%,22.88%,-51.76%,496,122.88,-1.18%,2022,-51.44%
2022-12-20,SPY,Benchmark,362.9649353027344,74427200,0.14%,6.26%,-19.05%,496,106.26,0.0%,2022,-18.65%
2022-12-20,TSM,Equity,71.60731506347656,12080600,-0.63%,-29.74%,-45.08%,496,70.26,-0.77%,2022,-40.92%
2022-12-21,AMD,Equity,67.68000030517578,44167600,4.04%,-26.67%,-58.2%,497,73.33,2.55%,2022,-56.89%
2022-12-21,AVGO,Equity,53.36579132080078,25619000,3.16%,40.28%,-14.09%,497,140.28,1.67%,2022,-13.0%
2022-12-21,INTC,Equity,25.871572494506836,28100900,1.48%,-42.38%,-58.33%,497,57.62,-0.02%,2022,-48.36%
2022-12-21,NVDA,Equity,16.446012496948242,325025000,2.59%,26.06%,-50.51%,497,126.06,1.09%,2022,-51.44%
2022-12-21,SPY,Benchmark,368.39208984375,78167400,1.5%,7.85%,-17.84%,497,107.85,0.0%,2022,-18.65%
2022-12-21,TSM,Equity,73.0466537475586,10806100,2.01%,-28.32%,-43.97%,497,71.68,0.51%,2022,-40.92%
2022-12-22,AMD,Equity,63.86000061035156,73917700,-5.64%,-30.81%,-60.56%,498,69.19,-4.22%,2022,-56.89%
2022-12-22,AVGO,Equity,52.59178161621094,27553000,-1.45%,38.24%,-15.34%,498,138.24,-0.02%,2022,-13.0%
2022-12-22,INTC,Equity,25.042293548583984,47478300,-3.21%,-44.23%,-59.66%,498,55.77,-1.78%,2022,-48.36%
2022-12-22,NVDA,Equity,15.287885665893555,565045000,-7.04%,17.18%,-53.99%,498,117.18,-5.62%,2022,-51.44%
2022-12-22,SPY,Benchmark,363.1365966796875,100120900,-1.43%,6.31%,-19.01%,498,106.31,0.0%,2022,-18.65%
2022-12-22,TSM,Equity,71.28533935546875,13019700,-2.41%,-30.05%,-45.33%,498,69.95,-0.98%,2022,-40.92%
2022-12-23,AMD,Equity,64.5199966430664,45923000,1.03%,-30.1%,-60.15%,499,69.9,0.46%,2022,-56.89%
2022-12-23,AVGO,Equity,52.529029846191406,13761000,-0.12%,38.08%,-15.44%,499,138.08,-0.69%,2022,-13.0%
2022-12-23,INTC,Equity,25.15800666809082,23600900,0.46%,-43.97%,-59.48%,499,56.03,-0.11%,2022,-48.36%
2022-12-23,NVDA,Equity,15.155327796936035,349326000,-0.87%,16.17%,-54.39%,499,116.17,-1.44%,2022,-51.44%
2022-12-23,SPY,Benchmark,365.2254333496094,59857300,0.58%,6.92%,-18.54%,499,106.92,0.0%,2022,-18.65%
2022-12-23,TSM,Equity,70.91604614257812,7452600,-0.52%,-30.42%,-45.61%,499,69.58,-1.09%,2022,-40.92%
2022-12-27,AMD,Equity,63.27000045776367,36086000,-1.94%,-31.45%,-60.92%,500,68.55,-1.54%,2022,-56.89%
2022-12-27,AVGO,Equity,52.634578704833984,16677000,0.2%,38.35%,-15.27%,500,138.35,0.6%,2022,-13.0%
2022-12-27,INTC,Equity,25.01336669921875,29548100,-0.57%,-44.29%,-59.71%,500,55.71,-0.18%,2022,-48.36%
2022-12-27,NVDA,Equity,14.073944091796875,464902000,-7.14%,7.88%,-57.65%,500,107.88,-6.74%,2022,-51.44%
2022-12-27,SPY,Benchmark,363.78515625,51638200,-0.39%,6.5%,-18.87%,500,106.5,0.0%,2022,-18.65%
2022-12-27,TSM,Equity,70.37630462646484,8974800,-0.76%,-30.94%,-46.02%,500,69.06,-0.37%,2022,-40.92%
2022-12-28,AMD,Equity,62.56999969482422,39526500,-1.11%,-32.21%,-61.36%,501,67.79,0.14%,2022,-56.89%
2022-12-28,AVGO,Equity,51.81206512451172,15410000,-1.56%,36.19%,-16.59%,501,136.19,-0.32%,2022,-13.0%
2022-12-28,INTC,Equity,24.627655029296875,26176900,-1.54%,-45.15%,-60.33%,501,54.85,-0.3%,2022,-48.36%
2022-12-28,NVDA,Equity,13.989228248596191,351066000,-0.6%,7.23%,-57.9%,501,107.23,0.64%,2022,-51.44%
2022-12-28,SPY,Benchmark,359.26409912109375,70911500,-1.24%,5.17%,-19.87%,501,105.17,0.0%,2022,-18.65%
2022-12-28,TSM,Equity,69.18315124511719,10275700,-1.7%,-32.12%,-46.94%,501,67.88,-0.45%,2022,-40.92%
2022-12-29,AMD,Equity,64.81999969482422,41428500,3.6%,-29.77%,-59.97%,502,70.23,1.8%,2022,-56.89%
2022-12-29,AVGO,Equity,53.04058837890625,18176000,2.37%,39.42%,-14.61%,502,139.42,0.57%,2022,-13.0%
2022-12-29,INTC,Equity,25.273719787597656,30944800,2.62%,-43.71%,-59.29%,502,56.29,0.82%,2022,-48.36%
2022-12-29,NVDA,Equity,14.554339408874512,354923000,4.04%,11.56%,-56.2%,502,111.56,2.24%,2022,-51.44%
2022-12-29,SPY,Benchmark,365.7309875488281,66970900,1.8%,7.07%,-18.43%,502,107.07,0.0%,2022,-18.65%
2022-12-29,TSM,Equity,71.96715545654297,11142500,4.02%,-29.38%,-44.8%,502,70.62,2.22%,2022,-40.92%
2022-12-30,AMD,Equity,64.7699966430664,37127000,-0.08%,-29.83%,-60.0%,503,70.17,0.19%,2022,-56.89%
2022-12-30,AVGO,Equity,53.16611099243164,14376000,0.24%,39.75%,-14.41%,503,139.75,0.5%,2022,-13.0%
2022-12-30,INTC,Equity,25.485862731933594,31030100,0.84%,-43.24%,-58.95%,503,56.76,1.1%,2022,-48.36%
2022-12-30,NVDA,Equity,14.565301895141602,310490000,0.08%,11.64%,-56.17%,503,111.64,0.34%,2022,-51.44%
2022-12-30,SPY,Benchmark,364.767578125,84022200,-0.26%,6.79%,-18.65%,503,106.79,0.0%,2022,-18.65%
2022-12-30,TSM,Equity,70.53727722167969,7784100,-1.99%,-30.79%,-45.9%,503,69.21,-1.72%,2022,-40.92%
2023-01-03,AMD,Equity,64.0199966430664,46851800,-1.16%,-30.64%,-60.46%,504,69.36,-0.74%,2023,130.26%
2023-01-03,AVGO,Equity,52.628868103027344,20173000,-1.01%,38.34%,-15.28%,504,138.34,-0.59%,2023,106.27%
2023-01-03,INTC,Equity,25.775144577026367,31308000,1.14%,-42.6%,-58.48%,504,57.4,1.56%,2023,92.38%
2023-01-03,NVDA,Equity,14.26729965209961,401277000,-2.05%,9.36%,-57.06%,504,109.36,-1.63%,2023,246.1%
2023-01-03,SPY,Benchmark,363.2320251464844,74850700,-0.42%,6.34%,-18.99%,504,106.34,0.0%,2023,26.71%
2023-01-03,TSM,Equity,70.1016845703125,9276200,-0.62%,-31.21%,-46.23%,504,68.79,-0.2%,2023,43.21%
2023-01-04,AMD,Equity,64.66000366210938,47477100,1.0%,-29.95%,-60.06%,505,70.05,0.23%,2023,130.26%
2023-01-04,AVGO,Equity,53.27164840698242,17074000,1.22%,40.03%,-14.24%,505,140.03,0.45%,2023,106.27%
2023-01-04,INTC,Equity,26.691207885742188,37665200,3.55%,-40.56%,-57.01%,505,59.44,2.78%,2023,92.38%
2023-01-04,NVDA,Equity,14.699851989746094,431324000,3.03%,12.68%,-55.76%,505,112.68,2.26%,2023,246.1%
2023-01-04,SPY,Benchmark,366.03619384765625,85934100,0.77%,7.16%,-18.36%,505,107.16,0.0%,2023,26.71%
2023-01-04,TSM,Equity,72.27017974853516,12316400,3.09%,-29.09%,-44.57%,505,70.91,2.32%,2023,43.21%
2023-01-05,AMD,Equity,62.33000183105469,46159500,-3.6%,-32.47%,-61.5%,506,67.53,-2.46%,2023,130.26%
2023-01-05,AVGO,Equity,52.775299072265625,16277000,-0.93%,38.72%,-15.04%,506,138.72,0.21%,2023,106.27%
2023-01-05,INTC,Equity,26.575496673583984,33552600,-0.43%,-40.82%,-57.19%,506,59.18,0.71%,2023,92.38%
2023-01-05,NVDA,Equity,14.217464447021484,389168000,-3.28%,8.98%,-57.21%,506,108.98,-2.14%,2023,246.1%
2023-01-05,SPY,Benchmark,361.8585205078125,76970500,-1.14%,5.93%,-19.3%,506,105.93,0.0%,2023,26.71%
2023-01-05,TSM,Equity,71.71147155761719,10039200,-0.77%,-29.63%,-45.0%,506,70.37,0.37%,2023,43.21%
2023-01-06,AMD,Equity,63.959999084472656,70161300,2.62%,-30.7%,-60.5%,507,69.3,0.32%,2023,130.26%
2023-01-06,AVGO,Equity,55.95215606689453,35261000,6.02%,47.07%,-9.93%,507,147.07,3.73%,2023,106.27%
2023-01-06,INTC,Equity,27.703699111938477,31788600,4.25%,-38.3%,-55.38%,507,61.7,1.95%,2023,92.38%
2023-01-06,NVDA,Equity,14.80948543548584,405044000,4.16%,13.52%,-55.43%,507,113.52,1.87%,2023,246.1%
2023-01-06,SPY,Benchmark,370.15667724609375,104189600,2.29%,8.36%,-17.44%,507,108.36,0.0%,2023,26.71%
2023-01-06,TSM,Equity,73.92730712890625,13744100,3.09%,-27.46%,-43.3%,507,72.54,0.8%,2023,43.21%
2023-01-09,AMD,Equity,67.23999786376953,69741300,5.13%,-27.15%,-58.47%,508,72.85,5.18%,2023,130.26%
2023-01-09,AVGO,Equity,54.854854583740234,37739000,-1.96%,44.19%,-11.69%,508,144.19,-1.9%,2023,106.27%
2023-01-09,INTC,Equity,28.262981414794922,37493200,2.02%,-37.06%,-54.48%,508,62.94,2.08%,2023,92.38%
2023-01-09,NVDA,Equity,15.575922012329102,504231000,5.18%,19.39%,-53.13%,508,119.39,5.23%,2023,246.1%
2023-01-09,SPY,Benchmark,369.9468078613281,73978100,-0.06%,8.3%,-17.49%,508,108.3,0.0%,2023,26.71%
2023-01-09,TSM,Equity,76.04844665527344,22247600,2.87%,-25.38%,-41.67%,508,74.62,2.93%,2023,43.21%
2023-01-10,AMD,Equity,68.05000305175781,41149600,1.2%,-26.27%,-57.97%,509,73.73,0.5%,2023,130.26%
2023-01-10,AVGO,Equity,54.66848373413086,44635000,-0.34%,43.7%,-11.99%,509,143.7,-1.04%,2023,106.27%
2023-01-10,INTC,Equity,28.388338088989258,23008100,0.44%,-36.78%,-54.27%,509,63.22,-0.26%,2023,92.38%
2023-01-10,NVDA,Equity,15.855988502502441,384101000,1.8%,21.54%,-52.28%,509,121.54,1.1%,2023,246.1%
2023-01-10,SPY,Benchmark,372.5412292480469,65358100,0.7%,9.06%,-16.91%,509,109.06,0.0%,2023,26.71%
2023-01-10,TSM,Equity,76.9574966430664,10269000,1.2%,-24.49%,-40.98%,509,75.51,0.49%,2023,43.21%
2023-01-11,AMD,Equity,69.05999755859375,44470100,1.48%,-25.18%,-57.35%,510,74.82,0.22%,2023,130.26%
2023-01-11,AVGO,Equity,54.97371292114258,22502000,0.56%,44.5%,-11.5%,510,144.5,-0.71%,2023,106.27%
2023-01-11,INTC,Equity,28.783689498901367,30375400,1.39%,-35.9%,-53.64%,510,64.1,0.13%,2023,92.38%
2023-01-11,NVDA,Equity,15.947677612304688,353285000,0.58%,22.24%,-52.01%,510,122.24,-0.69%,2023,246.1%
2023-01-11,SPY,Benchmark,377.2530212402344,68881100,1.26%,10.44%,-15.86%,510,110.44,0.0%,2023,26.71%
2023-01-11,TSM,Equity,77.44044494628906,11771400,0.63%,-24.01%,-40.6%,510,75.99,-0.64%,2023,43.21%
2023-01-12,AMD,Equity,70.80000305175781,70066200,2.52%,-23.29%,-56.27%,511,76.71,2.16%,2023,130.26%
2023-01-12,AVGO,Equity,55.33504867553711,19514000,0.66%,45.45%,-10.92%,511,145.45,0.29%,2023,106.27%
2023-01-12,INTC,Equity,29.207975387573242,28963900,1.47%,-34.95%,-52.95%,511,65.05,1.11%,2023,92.38%
2023-01-12,NVDA,Equity,16.455978393554688,551409000,3.19%,26.14%,-50.48%,511,126.14,2.82%,2023,246.1%
2023-01-12,SPY,Benchmark,378.6265563964844,90157700,0.36%,10.84%,-15.56%,511,110.84,0.0%,2023,26.71%
2023-01-12,TSM,Equity,82.3834457397461,36086800,6.38%,-19.16%,-36.81%,511,80.84,6.02%,2023,43.21%
2023-01-13,AMD,Equity,71.0,45757400,0.28%,-23.08%,-56.15%,512,76.92,-0.11%,2023,130.26%
2023-01-13,AVGO,Equity,55.05549240112305,19647000,-0.51%,44.72%,-11.37%,512,144.72,-0.89%,2023,106.27%
2023-01-13,INTC,Equity,29.03440284729004,31361900,-0.59%,-35.34%,-53.23%,512,64.66,-0.98%,2023,92.38%
2023-01-13,NVDA,Equity,16.84268569946289,447287000,2.35%,29.1%,-49.31%,512,129.1,1.96%,2023,246.1%
2023-01-13,SPY,Benchmark,380.095458984375,63903900,0.39%,11.27%,-15.23%,512,111.27,0.0%,2023,26.71%
2023-01-13,TSM,Equity,82.1940689086914,18719900,-0.23%,-19.35%,-36.96%,512,80.65,-0.62%,2023,43.21%
2023-01-17,AMD,Equity,71.58999633789062,42621300,0.83%,-22.44%,-55.78%,513,77.56,1.01%,2023,130.26%
2023-01-17,AVGO,Equity,55.07830810546875,15835000,0.04%,44.78%,-11.33%,513,144.78,0.22%,2023,106.27%
2023-01-17,INTC,Equity,28.54262351989746,34759100,-1.69%,-36.43%,-54.03%,513,63.57,-1.51%,2023,92.38%
2023-01-17,NVDA,Equity,17.64301300048828,511102000,4.75%,35.23%,-46.91%,513,135.23,4.93%,2023,246.1%
2023-01-17,SPY,Benchmark,379.399169921875,62677300,-0.18%,11.07%,-15.38%,513,111.07,0.0%,2023,26.71%
2023-01-17,TSM,Equity,84.2678451538086,21850000,2.52%,-17.31%,-35.37%,513,82.69,2.71%,2023,43.21%
2023-01-18,AMD,Equity,70.52999877929688,39538700,-1.48%,-23.59%,-56.44%,514,76.41,0.1%,2023,130.26%
2023-01-18,AVGO,Equity,54.60763168334961,15703000,-0.85%,43.54%,-12.09%,514,143.54,0.72%,2023,106.27%
2023-01-18,INTC,Equity,27.780841827392578,44199600,-2.67%,-38.13%,-55.25%,514,61.87,-1.09%,2023,92.38%
2023-01-18,NVDA,Equity,17.319093704223633,439624000,-1.84%,32.75%,-47.88%,514,132.75,-0.26%,2023,246.1%
2023-01-18,SPY,Benchmark,373.4091491699219,99632300,-1.58%,9.32%,-16.72%,514,109.32,0.0%,2023,26.71%
2023-01-18,TSM,Equity,84.7223892211914,19209800,0.54%,-16.87%,-35.02%,514,83.13,2.12%,2023,43.21%
2023-01-19,AMD,Equity,67.70999908447266,47189900,-4.0%,-26.64%,-58.18%,515,73.36,-3.27%,2023,130.26%
2023-01-19,AVGO,Equity,53.555015563964844,22692000,-1.93%,40.77%,-13.78%,515,140.77,-1.2%,2023,106.27%
2023-01-19,INTC,Equity,27.404775619506836,36886600,-1.35%,-38.97%,-55.86%,515,61.03,-0.63%,2023,92.38%
2023-01-19,NVDA,Equity,16.709131240844727,452932000,-3.52%,28.08%,-49.72%,515,128.08,-2.79%,2023,246.1%
2023-01-19,SPY,Benchmark,370.6907958984375,86958900,-0.73%,8.52%,-17.33%,515,108.52,0.0%,2023,26.71%
2023-01-19,TSM,Equity,83.70915222167969,13651100,-1.2%,-17.86%,-35.8%,515,82.14,-0.47%,2023,43.21%
2023-01-20,AMD,Equity,70.06999969482422,47757600,3.49%,-24.08%,-56.72%,516,75.92,1.62%,2023,130.26%
2023-01-20,AVGO,Equity,54.273868560791016,22950000,1.34%,42.66%,-12.63%,516,142.66,-0.52%,2023,106.27%
2023-01-20,INTC,Equity,28.176197052001953,35158500,2.81%,-37.25%,-54.62%,516,62.75,0.95%,2023,92.38%
2023-01-20,NVDA,Equity,17.779556274414062,564967000,6.41%,36.28%,-46.49%,516,136.28,4.54%,2023,246.1%
2023-01-20,SPY,Benchmark,377.596435546875,91806400,1.86%,10.54%,-15.79%,516,110.54,0.0%,2023,26.71%
2023-01-20,TSM,Equity,86.19960021972656,14287200,2.98%,-15.42%,-33.89%,516,84.58,1.11%,2023,43.21%
2023-01-23,AMD,Equity,76.52999877929688,84293200,9.22%,-17.09%,-52.73%,517,82.91,8.02%,2023,130.26%
2023-01-23,AVGO,Equity,55.305564880371094,23429000,1.9%,45.37%,-10.97%,517,145.37,0.7%,2023,106.27%
2023-01-23,INTC,Equity,29.188690185546875,38795800,3.59%,-35.0%,-52.98%,517,65.0,2.39%,2023,92.38%
2023-01-23,NVDA,Equity,19.129043579101562,655163000,7.59%,46.63%,-42.43%,517,146.63,6.39%,2023,246.1%
2023-01-23,SPY,Benchmark,382.1270446777344,84178800,1.2%,11.87%,-14.77%,517,111.87,0.0%,2023,26.71%
2023-01-23,TSM,Equity,90.58390045166016,22875100,5.09%,-11.12%,-30.52%,517,88.88,3.89%,2023,43.21%
2023-01-24,AMD,Equity,74.69999694824219,60822600,-2.39%,-19.07%,-53.86%,518,80.93,-2.28%,2023,130.26%
2023-01-24,AVGO,Equity,55.628875732421875,13825000,0.58%,46.22%,-10.45%,518,146.22,0.69%,2023,106.27%
2023-01-24,INTC,Equity,28.851192474365234,24855100,-1.16%,-35.75%,-53.53%,518,64.25,-1.05%,2023,92.38%
2023-01-24,NVDA,Equity,19.2008056640625,496204000,0.38%,47.18%,-42.22%,518,147.18,0.48%,2023,246.1%
2023-01-24,SPY,Benchmark,381.7169494628906,59524900,-0.11%,11.75%,-14.87%,518,111.75,0.0%,2023,26.71%
2023-01-24,TSM,Equity,89.54227447509766,11370500,-1.15%,-12.14%,-31.32%,518,87.86,-1.04%,2023,43.21%
2023-01-25,AMD,Equity,74.91000366210938,49932600,0.28%,-18.84%,-53.73%,519,81.16,0.24%,2023,130.26%
2023-01-25,AVGO,Equity,55.69066619873047,13766000,0.11%,46.39%,-10.35%,519,146.39,0.07%,2023,106.27%
2023-01-25,INTC,Equity,28.63905143737793,28268000,-0.74%,-36.22%,-53.87%,519,63.78,-0.77%,2023,92.38%
2023-01-25,NVDA,Equity,19.25861167907715,449537000,0.3%,47.62%,-42.04%,519,147.62,0.26%,2023,246.1%
2023-01-25,SPY,Benchmark,381.8600158691406,84800300,0.04%,11.79%,-14.83%,519,111.79,0.0%,2023,26.71%
2023-01-25,TSM,Equity,87.50636291503906,14147300,-2.27%,-14.14%,-32.88%,519,85.86,-2.31%,2023,43.21%
2023-01-26,AMD,Equity,75.16000366210938,49583900,0.33%,-18.57%,-53.58%,520,81.43,-0.77%,2023,130.26%
2023-01-26,AVGO,Equity,56.917293548583984,24525000,2.2%,49.61%,-8.37%,520,149.61,1.1%,2023,106.27%
2023-01-26,INTC,Equity,29.015119552612305,56088100,1.31%,-35.38%,-53.26%,520,64.62,0.21%,2023,92.38%
2023-01-26,NVDA,Equity,19.73601531982422,489535000,2.48%,51.28%,-40.61%,520,151.28,1.38%,2023,246.1%
2023-01-26,SPY,Benchmark,386.0567932128906,72287400,1.1%,13.02%,-13.9%,520,113.02,0.0%,2023,26.71%
2023-01-26,TSM,Equity,88.49117279052734,15759400,1.13%,-13.17%,-32.13%,520,86.83,0.03%,2023,43.21%
2023-01-27,AMD,Equity,75.4000015258789,58118600,0.32%,-18.31%,-53.43%,521,81.69,0.09%,2023,130.26%
2023-01-27,AVGO,Equity,56.19558334350586,19344000,-1.27%,47.71%,-9.53%,521,147.71,-1.5%,2023,106.27%
2023-01-27,INTC,Equity,27.154062271118164,148548200,-6.41%,-39.53%,-56.26%,521,60.47,-6.64%,2023,92.38%
2023-01-27,NVDA,Equity,20.297136306762695,542142000,2.84%,55.58%,-38.92%,521,155.58,2.61%,2023,246.1%
2023-01-27,SPY,Benchmark,386.9437561035156,68346200,0.23%,13.28%,-13.7%,521,113.28,0.0%,2023,26.71%
2023-01-27,TSM,Equity,88.3491439819336,13646600,-0.16%,-13.31%,-32.24%,521,86.69,-0.39%,2023,43.21%
2023-01-30,AMD,Equity,72.44999694824219,48105200,-3.91%,-21.51%,-55.25%,522,78.49,-2.66%,2023,130.26%
2023-01-30,AVGO,Equity,55.288448333740234,16984000,-1.61%,45.33%,-10.99%,522,145.33,-0.36%,2023,106.27%
2023-01-30,INTC,Equity,26.95156478881836,55145800,-0.75%,-39.98%,-56.59%,522,60.02,0.51%,2023,92.38%
2023-01-30,NVDA,Equity,19.098142623901367,488611000,-5.91%,46.39%,-42.53%,522,146.39,-4.65%,2023,246.1%
2023-01-30,SPY,Benchmark,382.0889587402344,74202000,-1.25%,11.86%,-14.78%,522,111.86,0.0%,2023,26.71%
2023-01-30,TSM,Equity,88.18816375732422,14079800,-0.18%,-13.47%,-32.36%,522,86.53,1.07%,2023,43.21%
2023-01-31,AMD,Equity,75.1500015258789,71669100,3.73%,-18.58%,-53.59%,523,81.42,2.26%,2023,130.26%
2023-01-31,AVGO,Equity,55.62696838378906,23719000,0.61%,46.22%,-10.45%,523,146.22,-0.86%,2023,106.27%
2023-01-31,INTC,Equity,27.25048828125,52621600,1.11%,-39.31%,-56.11%,523,60.69,-0.36%,2023,92.38%
2023-01-31,NVDA,Equity,19.471899032592773,498017000,1.96%,49.25%,-41.4%,523,149.25,0.49%,2023,246.1%
2023-01-31,SPY,Benchmark,387.7069091796875,86811800,1.47%,13.5%,-13.53%,523,113.5,0.0%,2023,26.71%
2023-01-31,TSM,Equity,87.80938720703125,13342100,-0.43%,-13.84%,-32.65%,523,86.16,-1.9%,2023,43.21%
2023-02-01,AMD,Equity,84.63999938964844,152548200,12.63%,-8.3%,-47.72%,524,91.7,11.57%,2023,130.26%
2023-02-01,AVGO,Equity,57.313804626464844,26553000,3.03%,50.65%,-7.73%,524,150.65,1.97%,2023,106.27%
2023-02-01,INTC,Equity,28.03155517578125,63330600,2.87%,-37.57%,-54.85%,524,62.43,1.8%,2023,92.38%
2023-02-01,NVDA,Equity,20.87321662902832,660477000,7.2%,59.99%,-37.18%,524,159.99,6.13%,2023,246.1%
2023-02-01,SPY,Benchmark,391.82733154296875,101459200,1.06%,14.71%,-12.61%,524,114.71,0.0%,2023,26.71%
2023-02-01,TSM,Equity,89.71273803710938,16788500,2.17%,-11.97%,-31.19%,524,88.03,1.1%,2023,43.21%
2023-02-02,AMD,Equity,88.30999755859375,97762100,4.34%,-4.32%,-45.46%,525,95.68,2.88%,2023,130.26%
2023-02-02,AVGO,Equity,57.600975036621094,24188000,0.5%,51.41%,-7.27%,525,151.41,-0.95%,2023,106.27%
2023-02-02,INTC,Equity,29.11154556274414,62230700,3.85%,-35.17%,-53.11%,525,64.83,2.4%,2023,92.38%
2023-02-02,NVDA,Equity,21.636655807495117,564276000,3.66%,65.85%,-34.89%,525,165.85,2.2%,2023,246.1%
2023-02-02,SPY,Benchmark,397.53118896484375,101654500,1.46%,16.38%,-11.34%,525,116.38,0.0%,2023,26.71%
2023-02-02,TSM,Equity,91.52139282226562,14925300,2.02%,-10.2%,-29.8%,525,89.8,0.56%,2023,43.21%
2023-02-03,AMD,Equity,86.08999633789062,66557800,-2.51%,-6.73%,-46.83%,526,93.27,-1.45%,2023,130.26%
2023-02-03,AVGO,Equity,56.826011657714844,19093000,-1.35%,49.37%,-8.52%,526,149.37,-0.28%,2023,106.27%
2023-02-03,INTC,Equity,29.23689842224121,57603100,0.43%,-34.89%,-52.91%,526,65.11,1.49%,2023,92.38%
2023-02-03,NVDA,Equity,21.02968978881836,429366000,-2.81%,61.19%,-36.71%,526,161.19,-1.74%,2023,246.1%
2023-02-03,SPY,Benchmark,393.3058166503906,94736800,-1.06%,15.14%,-12.28%,526,115.14,0.0%,2023,26.71%
2023-02-03,TSM,Equity,89.63697814941406,12242200,-2.06%,-12.05%,-31.25%,526,87.95,-1.0%,2023,43.21%
2023-02-06,AMD,Equity,83.68000030517578,53008900,-2.8%,-9.34%,-48.32%,527,90.66,-2.19%,2023,130.26%
2023-02-06,AVGO,Equity,57.175933837890625,18709000,0.62%,50.29%,-7.96%,527,150.29,1.23%,2023,106.27%
2023-02-06,INTC,Equity,28.002227783203125,48726400,-4.22%,-37.64%,-54.9%,527,62.36,-3.61%,2023,92.38%
2023-02-06,NVDA,Equity,21.01872444152832,452197000,-0.05%,61.11%,-36.75%,527,161.11,0.56%,2023,246.1%
2023-02-06,SPY,Benchmark,390.9022216796875,60295300,-0.61%,14.44%,-12.82%,527,114.44,0.0%,2023,26.71%
2023-02-06,TSM,Equity,86.95714569091797,12425200,-2.99%,-14.68%,-33.31%,527,85.32,-2.38%,2023,43.21%
2023-02-07,AMD,Equity,85.91000366210938,65291900,2.66%,-6.92%,-46.94%,528,93.08,1.36%,2023,130.26%
2023-02-07,AVGO,Equity,58.426334381103516,24025000,2.19%,53.58%,-5.94%,528,153.58,0.88%,2023,106.27%
2023-02-07,INTC,Equity,28.353595733642578,50780800,1.25%,-36.86%,-54.33%,528,63.14,-0.05%,2023,92.38%
2023-02-07,NVDA,Equity,22.099117279052734,664150000,5.14%,69.39%,-33.5%,528,169.39,3.83%,2023,246.1%
2023-02-07,SPY,Benchmark,396.0146484375,90990700,1.31%,15.93%,-11.68%,528,115.93,0.0%,2023,26.71%
2023-02-07,TSM,Equity,89.53282928466797,15258900,2.96%,-12.15%,-31.33%,528,87.85,1.65%,2023,43.21%
2023-02-08,AMD,Equity,84.69000244140625,54140400,-1.42%,-8.24%,-47.69%,529,91.76,-0.33%,2023,130.26%
2023-02-08,AVGO,Equity,57.21492385864258,15290000,-2.07%,50.39%,-7.89%,529,150.39,-0.98%,2023,106.27%
2023-02-08,INTC,Equity,27.56301498413086,36479100,-2.79%,-38.62%,-55.6%,529,61.38,-1.69%,2023,92.38%
2023-02-08,NVDA,Equity,22.131004333496094,559651000,0.14%,69.64%,-33.4%,529,169.64,1.24%,2023,246.1%
2023-02-08,SPY,Benchmark,391.6842956542969,76227500,-1.09%,14.67%,-12.64%,529,114.67,0.0%,2023,26.71%
2023-02-08,TSM,Equity,89.27713775634766,12899700,-0.29%,-12.4%,-31.53%,529,87.6,0.81%,2023,43.21%
2023-02-09,AMD,Equity,83.20999908447266,46525400,-1.75%,-9.85%,-48.61%,530,90.15,-0.88%,2023,130.26%
2023-02-09,AVGO,Equity,56.99622344970703,18837000,-0.38%,49.82%,-8.24%,530,149.82,0.48%,2023,106.27%
2023-02-09,INTC,Equity,27.065242767333984,43906400,-1.81%,-39.73%,-56.4%,530,60.27,-0.94%,2023,92.38%
2023-02-09,NVDA,Equity,22.2625675201416,523876000,0.59%,70.64%,-33.0%,530,170.64,1.46%,2023,246.1%
2023-02-09,SPY,Benchmark,388.2886657714844,78694900,-0.87%,13.67%,-13.4%,530,113.67,0.0%,2023,26.71%
2023-02-09,TSM,Equity,91.55926513671875,16997400,2.56%,-10.16%,-29.78%,530,89.84,3.42%,2023,43.21%
2023-02-10,AMD,Equity,81.4800033569336,49332600,-2.08%,-11.72%,-49.68%,531,88.28,-2.31%,2023,130.26%
2023-02-10,AVGO,Equity,56.410484313964844,21035000,-1.03%,48.28%,-9.19%,531,148.28,-1.26%,2023,106.27%
2023-02-10,INTC,Equity,27.133562088012695,31232500,0.25%,-39.57%,-56.29%,531,60.43,0.02%,2023,92.38%
2023-02-10,NVDA,Equity,21.19413948059082,550737000,-4.8%,62.45%,-36.22%,531,162.45,-5.03%,2023,246.1%
2023-02-10,SPY,Benchmark,389.19482421875,70769700,0.23%,13.94%,-13.2%,531,113.94,0.0%,2023,26.71%
2023-02-10,TSM,Equity,90.30928802490234,11511400,-1.37%,-11.39%,-30.73%,531,88.61,-1.6%,2023,43.21%
2023-02-13,AMD,Equity,83.12999725341797,45400000,2.03%,-9.94%,-48.66%,532,90.06,0.85%,2023,130.26%
2023-02-13,AVGO,Equity,57.158817291259766,19847000,1.33%,50.25%,-7.98%,532,150.25,0.15%,2023,106.27%
2023-02-13,INTC,Equity,27.865581512451172,32347500,2.7%,-37.94%,-55.12%,532,62.06,1.52%,2023,92.38%
2023-02-13,NVDA,Equity,21.715394973754883,474919000,2.46%,66.45%,-34.65%,532,166.45,1.29%,2023,246.1%
2023-02-13,SPY,Benchmark,393.76361083984375,64913500,1.17%,15.27%,-12.18%,532,115.27,0.0%,2023,26.71%
2023-02-13,TSM,Equity,91.0100326538086,7803500,0.78%,-10.7%,-30.2%,532,89.3,-0.4%,2023,43.21%
2023-02-14,AMD,Equity,85.94999694824219,55979700,3.39%,-6.88%,-46.91%,533,93.12,3.44%,2023,130.26%
2023-02-14,AVGO,Equity,57.271968841552734,17571000,0.2%,50.54%,-7.8%,533,150.54,0.24%,2023,106.27%
2023-02-14,INTC,Equity,27.95342254638672,27928900,0.32%,-37.75%,-54.97%,533,62.25,0.36%,2023,92.38%
2023-02-14,NVDA,Equity,22.894453048706055,675474000,5.43%,75.49%,-31.1%,533,175.49,5.48%,2023,246.1%
2023-02-14,SPY,Benchmark,393.5824279785156,88389300,-0.05%,15.22%,-12.22%,533,115.22,0.0%,2023,26.71%
2023-02-14,TSM,Equity,92.76187133789062,15345100,1.92%,-8.98%,-28.85%,533,91.02,1.97%,2023,43.21%
2023-02-15,AMD,Equity,85.18000030517578,46430200,-0.9%,-7.71%,-47.39%,534,92.29,-1.22%,2023,130.26%
2023-02-15,AVGO,Equity,57.78353500366211,12683000,0.89%,51.89%,-6.98%,534,151.89,0.57%,2023,106.27%
2023-02-15,INTC,Equity,28.15839195251465,23359400,0.73%,-37.29%,-54.64%,534,62.71,0.41%,2023,92.38%
2023-02-15,NVDA,Equity,22.688142776489258,420575000,-0.9%,73.91%,-31.72%,534,173.91,-1.23%,2023,246.1%
2023-02-15,SPY,Benchmark,394.8604431152344,61555700,0.32%,15.6%,-11.93%,534,115.6,0.0%,2023,26.71%
2023-02-15,TSM,Equity,87.8377914428711,30208300,-5.31%,-13.81%,-32.63%,534,86.19,-5.63%,2023,43.21%
2023-02-16,AMD,Equity,80.08000183105469,57755200,-5.99%,-13.24%,-50.54%,535,86.76,-4.61%,2023,130.26%
2023-02-16,AVGO,Equity,57.103660583496094,17449000,-1.18%,50.1%,-8.07%,535,150.1,0.2%,2023,106.27%
2023-02-16,INTC,Equity,27.52397346496582,28972500,-2.25%,-38.7%,-55.67%,535,61.3,-0.88%,2023,92.38%
2023-02-16,NVDA,Equity,21.928686141967773,412026000,-3.35%,68.08%,-34.01%,535,168.08,-1.97%,2023,246.1%
2023-02-16,SPY,Benchmark,389.4236755371094,76431500,-1.38%,14.0%,-13.15%,535,114.0,0.0%,2023,26.71%
2023-02-16,TSM,Equity,86.0007553100586,15568400,-2.09%,-15.61%,-34.04%,535,84.39,-0.71%,2023,43.21%
2023-02-17,AMD,Equity,78.5,47826600,-1.97%,-14.95%,-51.52%,536,85.05,-1.72%,2023,130.26%
2023-02-17,AVGO,Equity,56.632991790771484,14215000,-0.82%,48.86%,-8.83%,536,148.86,-0.57%,2023,106.27%
2023-02-17,INTC,Equity,26.948116302490234,32086200,-2.09%,-39.99%,-56.59%,536,60.01,-1.84%,2023,92.38%
2023-02-17,NVDA,Equity,21.316728591918945,465888000,-2.79%,63.39%,-35.85%,536,163.39,-2.54%,2023,246.1%
2023-02-17,SPY,Benchmark,388.45086669921875,89257800,-0.25%,13.72%,-13.36%,536,113.72,0.0%,2023,26.71%
2023-02-17,TSM,Equity,85.31893920898438,11235300,-0.79%,-16.28%,-34.56%,536,83.72,-0.54%,2023,43.21%
2023-02-21,AMD,Equity,76.7699966430664,44045600,-2.2%,-16.83%,-52.58%,537,83.17,-0.2%,2023,130.26%
2023-02-21,AVGO,Equity,55.29701614379883,22737000,-2.36%,45.35%,-10.98%,537,145.35,-0.35%,2023,106.27%
2023-02-21,INTC,Equity,25.43527603149414,63668400,-5.61%,-43.35%,-59.03%,537,56.65,-3.61%,2023,92.38%
2023-02-21,NVDA,Equity,20.586172103881836,410015000,-3.43%,57.79%,-38.05%,537,157.79,-1.42%,2023,246.1%
2023-02-21,SPY,Benchmark,380.6581726074219,82655900,-2.01%,11.44%,-15.1%,537,111.44,0.0%,2023,26.71%
2023-02-21,TSM,Equity,82.98948669433594,14007600,-2.73%,-18.57%,-36.35%,537,81.43,-0.72%,2023,43.21%
2023-02-22,AMD,Equity,76.61000061035156,50286800,-0.21%,-17.0%,-52.68%,538,83.0,-0.07%,2023,130.26%
2023-02-22,AVGO,Equity,54.78639602661133,23475000,-0.92%,44.01%,-11.8%,538,144.01,-0.79%,2023,106.27%
2023-02-22,INTC,Equity,24.85941505432129,89195300,-2.26%,-44.64%,-59.96%,538,55.36,-2.13%,2023,92.38%
2023-02-22,NVDA,Equity,20.684843063354492,513184000,0.48%,58.55%,-37.75%,538,158.55,0.62%,2023,246.1%
2023-02-22,SPY,Benchmark,380.1335754394531,83742300,-0.14%,11.28%,-15.22%,538,111.28,0.0%,2023,26.71%
2023-02-22,TSM,Equity,82.22246551513672,10106400,-0.92%,-19.32%,-36.94%,538,80.68,-0.79%,2023,43.21%
2023-02-23,AMD,Equity,79.75,76391300,4.1%,-13.6%,-50.74%,539,86.4,3.57%,2023,130.26%
2023-02-23,AVGO,Equity,55.51191329956055,18939000,1.32%,45.92%,-10.63%,539,145.92,0.79%,2023,106.27%
2023-02-23,INTC,Equity,24.996061325073242,56473200,0.55%,-44.33%,-59.74%,539,55.67,0.02%,2023,92.38%
2023-02-23,NVDA,Equity,23.585147857666016,1117995000,14.02%,80.78%,-29.02%,539,180.78,13.49%,2023,246.1%
2023-02-23,SPY,Benchmark,382.1556701660156,96242400,0.53%,11.88%,-14.77%,539,111.88,0.0%,2023,26.71%
2023-02-23,TSM,Equity,85.30001831054688,15468300,3.74%,-16.3%,-34.58%,539,83.7,3.21%,2023,43.21%
2023-02-24,AMD,Equity,78.08999633789062,46700000,-2.08%,-15.4%,-51.77%,540,84.6,-1.01%,2023,130.26%
2023-02-24,AVGO,Equity,54.9366340637207,15353000,-1.04%,44.41%,-11.56%,540,144.41,0.03%,2023,106.27%
2023-02-24,INTC,Equity,24.53732681274414,44089900,-1.84%,-45.35%,-60.48%,540,54.65,-0.77%,2023,92.38%
2023-02-24,NVDA,Equity,23.208406448364258,589716000,-1.6%,77.89%,-30.16%,540,177.89,-0.53%,2023,246.1%
2023-02-24,SPY,Benchmark,378.0733642578125,108194400,-1.07%,10.68%,-15.68%,540,110.68,0.0%,2023,26.71%
2023-02-24,TSM,Equity,83.43453979492188,8817600,-2.19%,-18.13%,-36.01%,540,81.87,-1.12%,2023,43.21%
2023-02-27,AMD,Equity,78.7699966430664,45617300,0.87%,-14.66%,-51.35%,541,85.34,0.53%,2023,130.26%
2023-02-27,AVGO,Equity,55.66880416870117,18321000,1.33%,46.33%,-10.38%,541,146.33,0.99%,2023,106.27%
2023-02-27,INTC,Equity,24.303085327148438,37657000,-0.95%,-45.88%,-60.85%,541,54.12,-1.3%,2023,92.38%
2023-02-27,NVDA,Equity,23.422687530517578,452994000,0.92%,79.54%,-29.51%,541,179.54,0.58%,2023,246.1%
2023-02-27,SPY,Benchmark,379.3610534667969,80444700,0.34%,11.06%,-15.39%,541,111.06,0.0%,2023,26.71%
2023-02-27,TSM,Equity,82.66754913330078,10609400,-0.92%,-18.88%,-36.6%,541,81.12,-1.26%,2023,43.21%
2023-02-28,AMD,Equity,78.58000183105469,44220100,-0.24%,-14.86%,-51.47%,542,85.14,0.13%,2023,130.26%
2023-02-28,AVGO,Equity,56.509376525878906,27822000,1.51%,48.54%,-9.03%,542,148.54,1.88%,2023,106.27%
2023-02-28,INTC,Equity,24.332361221313477,50255300,0.12%,-45.81%,-60.81%,542,54.19,0.49%,2023,92.38%
2023-02-28,NVDA,Equity,23.138639450073242,455963000,-1.21%,77.36%,-30.37%,542,177.36,-0.84%,2023,246.1%
2023-02-28,SPY,Benchmark,377.9588623046875,96438600,-0.37%,10.65%,-15.7%,542,110.65,0.0%,2023,26.71%
2023-02-28,TSM,Equity,82.4497299194336,7520400,-0.26%,-19.1%,-36.76%,542,80.9,0.11%,2023,43.21%
2023-03-01,AMD,Equity,78.29000091552734,44266000,-0.37%,-15.18%,-51.65%,543,84.82,0.01%,2023,130.26%
2023-03-01,AVGO,Equity,56.44090270996094,15484000,-0.12%,48.36%,-9.14%,543,148.36,0.26%,2023,106.27%
2023-03-01,INTC,Equity,24.722774505615234,47823400,1.6%,-44.94%,-60.18%,543,55.06,1.99%,2023,92.38%
2023-03-01,NVDA,Equity,22.622364044189453,460026000,-2.23%,73.4%,-31.92%,543,173.4,-1.85%,2023,246.1%
2023-03-01,SPY,Benchmark,376.5090637207031,99706800,-0.38%,10.22%,-16.03%,543,110.22,0.0%,2023,26.71%
2023-03-01,TSM,Equity,83.72807312011719,8176700,1.55%,-17.84%,-35.78%,543,82.16,1.93%,2023,43.21%
2023-03-02,AMD,Equity,80.44000244140625,60108600,2.75%,-12.85%,-50.32%,544,87.15,1.97%,2023,130.26%
2023-03-02,AVGO,Equity,56.92395782470703,27525000,0.86%,49.63%,-8.36%,544,149.63,0.08%,2023,106.27%
2023-03-02,INTC,Equity,25.571916580200195,48309300,3.43%,-43.05%,-58.81%,544,56.95,2.66%,2023,92.38%
2023-03-02,NVDA,Equity,23.236309051513672,389415000,2.71%,78.11%,-30.07%,544,178.11,1.94%,2023,246.1%
2023-03-02,SPY,Benchmark,379.43731689453125,85127800,0.78%,11.08%,-15.37%,544,111.08,0.0%,2023,26.71%
2023-03-02,TSM,Equity,84.30573272705078,9761600,0.69%,-17.28%,-35.34%,544,82.72,-0.09%,2023,43.21%
2023-03-03,AMD,Equity,81.5199966430664,54536200,1.34%,-11.68%,-49.65%,545,88.32,-0.26%,2023,130.26%
2023-03-03,AVGO,Equity,60.167381286621094,46088000,5.7%,58.15%,-3.14%,545,158.15,4.09%,2023,106.27%
2023-03-03,INTC,Equity,25.767126083374023,36744900,0.76%,-42.62%,-58.5%,545,57.38,-0.84%,2023,92.38%
2023-03-03,NVDA,Equity,23.810394287109375,412393000,2.47%,82.51%,-28.35%,545,182.51,0.87%,2023,246.1%
2023-03-03,SPY,Benchmark,385.52264404296875,90120000,1.6%,12.86%,-14.02%,545,112.86,0.0%,2023,26.71%
2023-03-03,TSM,Equity,85.025390625,10844000,0.85%,-16.57%,-34.79%,545,83.43,-0.75%,2023,43.21%
2023-03-06,AMD,Equity,81.16000366210938,54541300,-0.44%,-12.07%,-49.87%,546,87.93,-0.51%,2023,130.26%
2023-03-06,AVGO,Equity,60.18259048461914,24983000,0.03%,58.19%,-3.12%,546,158.19,-0.04%,2023,106.27%
2023-03-06,INTC,Equity,25.366952896118164,37879800,-1.55%,-43.51%,-59.14%,546,56.49,-1.62%,2023,92.38%
2023-03-06,NVDA,Equity,23.47551155090332,437429000,-1.41%,79.94%,-29.35%,546,179.94,-1.48%,2023,246.1%
2023-03-06,SPY,Benchmark,385.78973388671875,72795900,0.07%,12.94%,-13.96%,546,112.94,0.0%,2023,26.71%
2023-03-06,TSM,Equity,84.82654571533203,9960000,-0.23%,-16.77%,-34.94%,546,83.23,-0.3%,2023,43.21%
2023-03-07,AMD,Equity,82.11000061035156,70959000,1.17%,-11.04%,-49.29%,547,88.96,2.7%,2023,130.26%
2023-03-07,AVGO,Equity,59.44376754760742,19334000,-1.23%,56.25%,-4.3%,547,156.25,0.31%,2023,106.27%
2023-03-07,INTC,Equity,24.91798210144043,43164600,-1.77%,-44.51%,-59.86%,547,55.49,-0.24%,2023,92.38%
2023-03-07,NVDA,Equity,23.21434211730957,515154000,-1.11%,77.94%,-30.14%,547,177.94,0.42%,2023,246.1%
2023-03-07,SPY,Benchmark,379.87603759765625,108310600,-1.53%,11.21%,-15.28%,547,111.21,0.0%,2023,26.71%
2023-03-07,TSM,Equity,84.1352767944336,8761100,-0.81%,-17.44%,-35.47%,547,82.56,0.72%,2023,43.21%
2023-03-08,AMD,Equity,85.37000274658203,69529800,3.97%,-7.51%,-47.27%,548,92.49,3.81%,2023,130.26%
2023-03-08,AVGO,Equity,60.11983108520508,20912000,1.14%,58.03%,-3.22%,548,158.03,0.97%,2023,106.27%
2023-03-08,INTC,Equity,25.35719108581543,36071900,1.76%,-43.53%,-59.16%,548,56.47,1.6%,2023,92.38%
2023-03-08,NVDA,Equity,24.10451316833496,513573000,3.83%,84.76%,-27.46%,548,184.76,3.67%,2023,246.1%
2023-03-08,SPY,Benchmark,380.4961242675781,74746600,0.16%,11.39%,-15.14%,548,111.39,0.0%,2023,26.71%
2023-03-08,TSM,Equity,86.01020812988281,8813000,2.23%,-15.6%,-34.03%,548,84.4,2.07%,2023,43.21%
2023-03-09,AMD,Equity,84.02999877929688,79496700,-1.57%,-8.96%,-48.1%,549,91.04,0.28%,2023,130.26%
2023-03-09,AVGO,Equity,59.19368362426758,21775000,-1.54%,55.6%,-4.71%,549,155.6,0.3%,2023,106.27%
2023-03-09,INTC,Equity,25.806163787841797,54886100,1.77%,-42.53%,-58.43%,549,57.47,3.62%,2023,92.38%
2023-03-09,NVDA,Equity,23.36187171936035,501257000,-3.08%,79.07%,-29.7%,549,179.07,-1.24%,2023,246.1%
2023-03-09,SPY,Benchmark,373.4759826660156,111945300,-1.84%,9.33%,-16.7%,549,109.33,0.0%,2023,26.71%
2023-03-09,TSM,Equity,84.1636962890625,10354700,-2.15%,-17.42%,-35.45%,549,82.58,-0.3%,2023,43.21%
2023-03-10,AMD,Equity,82.66999816894531,70273600,-1.62%,-10.43%,-48.94%,550,89.57,-0.18%,2023,130.26%
2023-03-10,AVGO,Equity,58.462467193603516,26098000,-1.24%,53.67%,-5.88%,550,153.67,0.21%,2023,106.27%
2023-03-10,INTC,Equity,26.567466735839844,65187000,2.95%,-40.83%,-57.21%,550,59.17,4.39%,2023,92.38%
2023-03-10,NVDA,Equity,22.89236068725586,474866000,-2.01%,75.47%,-31.11%,550,175.47,-0.57%,2023,246.1%
2023-03-10,SPY,Benchmark,368.0868835449219,189253000,-1.44%,7.76%,-17.91%,550,107.76,0.0%,2023,26.71%
2023-03-10,TSM,Equity,82.62017822265625,11928800,-1.83%,-18.93%,-36.63%,550,81.07,-0.39%,2023,43.21%
2023-03-13,AMD,Equity,82.01000213623047,65269100,-0.8%,-11.15%,-49.35%,551,88.85,-0.66%,2023,130.26%
2023-03-13,AVGO,Equity,58.618404388427734,22364000,0.27%,54.08%,-5.63%,551,154.08,0.41%,2023,106.27%
2023-03-13,INTC,Equity,26.30394172668457,50977000,-0.99%,-41.42%,-57.63%,551,58.58,-0.85%,2023,92.38%
2023-03-13,NVDA,Equity,22.89335823059082,421890000,0.0%,75.48%,-31.11%,551,175.48,0.15%,2023,246.1%
2023-03-13,SPY,Benchmark,367.562255859375,157790000,-0.14%,7.6%,-18.02%,551,107.6,0.0%,2023,26.71%
2023-03-13,TSM,Equity,83.08419036865234,11847600,0.56%,-18.48%,-36.28%,551,81.52,0.7%,2023,43.21%
2023-03-14,AMD,Equity,87.44999694824219,66616300,6.63%,-5.25%,-45.99%,552,94.75,4.98%,2023,130.26%
2023-03-14,AVGO,Equity,60.13885498046875,25893000,2.59%,58.08%,-3.19%,552,158.08,0.94%,2023,106.27%
2023-03-14,INTC,Equity,27.33852767944336,47689800,3.93%,-39.12%,-55.96%,552,60.88,2.28%,2023,92.38%
2023-03-14,NVDA,Equity,23.986886978149414,474910000,4.78%,83.86%,-27.81%,552,183.86,3.12%,2023,246.1%
2023-03-14,SPY,Benchmark,373.63812255859375,149752400,1.65%,9.38%,-16.67%,552,109.38,0.0%,2023,26.71%
2023-03-14,TSM,Equity,84.55194091796875,11100100,1.77%,-17.04%,-35.15%,552,82.96,0.11%,2023,43.21%
2023-03-15,AMD,Equity,89.68000030517578,86177400,2.55%,-2.84%,-44.61%,553,97.16,3.18%,2023,130.26%
2023-03-15,AVGO,Equity,59.52839279174805,22963000,-1.02%,56.47%,-4.17%,553,156.47,-0.39%,2023,106.27%
2023-03-15,INTC,Equity,27.728939056396484,49322800,1.43%,-38.25%,-55.34%,553,61.75,2.05%,2023,92.38%
2023-03-15,NVDA,Equity,24.151369094848633,524486000,0.69%,85.12%,-27.32%,553,185.12,1.31%,2023,246.1%
2023-03-15,SPY,Benchmark,371.30126953125,172996900,-0.63%,8.7%,-17.19%,553,108.7,0.0%,2023,26.71%
2023-03-15,TSM,Equity,82.09937286376953,12171500,-2.9%,-19.44%,-37.03%,553,80.56,-2.28%,2023,43.21%
2023-03-16,AMD,Equity,96.5999984741211,115839200,7.72%,4.66%,-40.34%,554,104.66,5.96%,2023,130.26%
2023-03-16,AVGO,Equity,60.52300262451172,31716000,1.67%,59.09%,-2.57%,554,159.09,-0.08%,2023,106.27%
2023-03-16,INTC,Equity,29.456506729125977,75779500,6.23%,-34.4%,-52.55%,554,65.6,4.48%,2023,92.38%
2023-03-16,NVDA,Equity,25.46021270751953,583253000,5.42%,95.15%,-23.38%,554,195.15,3.66%,2023,246.1%
2023-03-16,SPY,Benchmark,377.8158264160156,143254200,1.75%,10.61%,-15.74%,554,110.61,0.0%,2023,26.71%
2023-03-16,TSM,Equity,85.00160217285156,13184600,3.54%,-16.59%,-34.81%,554,83.41,1.78%,2023,43.21%
2023-03-17,AMD,Equity,97.83999633789062,94080800,1.28%,6.0%,-39.57%,555,106.0,2.45%,2023,130.26%
2023-03-17,AVGO,Equity,59.997169494628906,79303000,-0.87%,57.71%,-3.41%,555,157.71,0.3%,2023,106.27%
2023-03-17,INTC,Equity,29.09537696838379,80628500,-1.23%,-35.2%,-53.13%,555,64.8,-0.06%,2023,92.38%
2023-03-17,NVDA,Equity,25.643627166748047,848547000,0.72%,96.56%,-22.83%,555,196.56,1.89%,2023,246.1%
2023-03-17,SPY,Benchmark,373.3981018066406,140553400,-1.17%,9.31%,-16.72%,555,109.31,0.0%,2023,26.71%
2023-03-17,TSM,Equity,85.16343688964844,13287700,0.19%,-16.44%,-34.68%,555,83.56,1.36%,2023,43.21%
2023-03-20,AMD,Equity,96.80999755859375,92008900,-1.05%,4.89%,-40.21%,556,104.89,-2.01%,2023,130.26%
2023-03-20,AVGO,Equity,61.208587646484375,25857000,2.02%,60.89%,-1.46%,556,160.89,1.06%,2023,106.27%
2023-03-20,INTC,Equity,28.460960388183594,38780100,-2.18%,-36.62%,-54.16%,556,63.38,-3.14%,2023,92.38%
2023-03-20,NVDA,Equity,25.818078994750977,432747000,0.68%,97.9%,-22.3%,556,197.9,-0.28%,2023,246.1%
2023-03-20,SPY,Benchmark,376.9886169433594,93055800,0.96%,10.36%,-15.92%,556,110.36,0.0%,2023,26.71%
2023-03-20,TSM,Equity,85.70598602294922,8217500,0.64%,-15.9%,-34.27%,556,84.1,-0.32%,2023,43.21%
2023-03-21,AMD,Equity,95.93000030517578,85285300,-0.91%,3.93%,-40.75%,557,103.93,-2.22%,2023,130.26%
2023-03-21,AVGO,Equity,60.98256301879883,25000000,-0.37%,60.3%,-1.83%,557,160.3,-1.68%,2023,106.27%
2023-03-21,INTC,Equity,27.777740478515625,55650800,-2.4%,-38.14%,-55.26%,557,61.86,-3.71%,2023,92.38%
2023-03-21,NVDA,Equity,26.11613655090332,547408000,1.15%,100.18%,-21.41%,557,200.18,-0.16%,2023,246.1%
2023-03-21,SPY,Benchmark,381.9386291503906,91524200,1.31%,11.81%,-14.82%,557,111.81,0.0%,2023,26.71%
2023-03-21,TSM,Equity,88.04756164550781,12299700,2.73%,-13.61%,-32.47%,557,86.39,1.42%,2023,43.21%
2023-03-22,AMD,Equity,97.58000183105469,110816300,1.72%,5.72%,-39.73%,558,105.72,3.42%,2023,130.26%
2023-03-22,AVGO,Equity,60.42420196533203,25799000,-0.92%,58.83%,-2.73%,558,158.83,0.79%,2023,106.27%
2023-03-22,INTC,Equity,27.45564842224121,37415500,-1.16%,-38.86%,-55.78%,558,61.14,0.55%,2023,92.38%
2023-03-22,NVDA,Equity,26.3842830657959,797295000,1.03%,102.24%,-20.6%,558,202.24,2.73%,2023,246.1%
2023-03-22,SPY,Benchmark,375.4278869628906,111746600,-1.7%,9.91%,-16.27%,558,109.91,0.0%,2023,26.71%
2023-03-22,TSM,Equity,88.16177368164062,12812400,0.13%,-13.49%,-32.38%,558,86.51,1.83%,2023,43.21%
2023-03-23,AMD,Equity,100.27999877929688,84088900,2.77%,8.65%,-38.06%,559,108.65,2.5%,2023,130.26%
2023-03-23,AVGO,Equity,61.2200813293457,27162000,1.32%,60.92%,-1.44%,559,160.92,1.05%,2023,106.27%
2023-03-23,INTC,Equity,28.334075927734375,43785500,3.2%,-36.9%,-54.36%,559,63.1,2.93%,2023,92.38%
2023-03-23,NVDA,Equity,27.104997634887695,564889000,2.73%,107.76%,-18.43%,559,207.76,2.46%,2023,246.1%
2023-03-23,SPY,Benchmark,376.4428405761719,119351300,0.27%,10.2%,-16.04%,559,110.2,0.0%,2023,26.71%
2023-03-23,TSM,Equity,90.03695678710938,11169700,2.13%,-11.65%,-30.94%,559,88.35,1.86%,2023,43.21%
2023-03-24,AMD,Equity,97.94999694824219,64712400,-2.32%,6.12%,-39.5%,560,106.12,-2.98%,2023,130.26%
2023-03-24,AVGO,Equity,60.9270133972168,17228000,-0.48%,60.15%,-1.92%,560,160.15,-1.13%,2023,106.27%
2023-03-24,INTC,Equity,28.656166076660156,55912100,1.14%,-36.18%,-53.84%,560,63.82,0.48%,2023,92.38%
2023-03-24,NVDA,Equity,26.694297790527344,454920000,-1.52%,104.61%,-19.67%,560,204.61,-2.17%,2023,246.1%
2023-03-24,SPY,Benchmark,378.9130554199219,107682400,0.66%,10.93%,-15.49%,560,110.93,0.0%,2023,26.71%
2023-03-24,TSM,Equity,88.32362365722656,7653700,-1.9%,-13.33%,-32.26%,560,86.67,-2.56%,2023,43.21%
2023-03-27,AMD,Equity,96.61000061035156,57461400,-1.37%,4.67%,-40.33%,561,104.67,-1.56%,2023,130.26%
2023-03-27,AVGO,Equity,60.03346633911133,14707000,-1.47%,57.8%,-3.36%,561,157.8,-1.65%,2023,106.27%
2023-03-27,INTC,Equity,28.480480194091797,34758200,-0.61%,-36.57%,-54.13%,561,63.43,-0.8%,2023,92.38%
2023-03-27,NVDA,Equity,26.447080612182617,361026000,-0.93%,102.72%,-20.41%,561,202.72,-1.11%,2023,246.1%
2023-03-27,SPY,Benchmark,379.62158203125,74010400,0.19%,11.13%,-15.33%,561,111.13,0.0%,2023,26.71%
2023-03-27,TSM,Equity,86.29615783691406,9349800,-2.3%,-15.32%,-33.81%,561,84.68,-2.48%,2023,43.21%
2023-03-28,AMD,Equity,94.55999755859375,59150100,-2.12%,2.45%,-41.6%,562,102.45,-1.9%,2023,130.26%
2023-03-28,AVGO,Equity,59.82851028442383,12439000,-0.34%,57.26%,-3.69%,562,157.26,-0.12%,2023,106.27%
2023-03-28,INTC,Equity,28.58784294128418,37407900,0.38%,-36.33%,-53.95%,562,63.67,0.6%,2023,92.38%
2023-03-28,NVDA,Equity,26.32646369934082,356104000,-0.46%,101.79%,-20.77%,562,201.79,-0.23%,2023,246.1%
2023-03-28,SPY,Benchmark,378.7694396972656,62871700,-0.22%,10.88%,-15.52%,562,110.88,0.0%,2023,26.71%
2023-03-28,TSM,Equity,86.43891143798828,7521300,0.17%,-15.18%,-33.7%,562,84.82,0.39%,2023,43.21%
2023-03-29,AMD,Equity,96.08999633789062,55326000,1.62%,4.11%,-40.65%,563,104.11,0.16%,2023,130.26%
2023-03-29,AVGO,Equity,59.90513229370117,26395000,0.13%,57.47%,-3.56%,563,157.47,-1.33%,2023,106.27%
2023-03-29,INTC,Equity,30.76438331604004,85556200,7.61%,-31.49%,-50.45%,563,68.51,6.16%,2023,92.38%
2023-03-29,NVDA,Equity,26.89864730834961,393694000,2.17%,106.18%,-19.05%,563,206.18,0.72%,2023,246.1%
2023-03-29,SPY,Benchmark,384.27484130859375,77497900,1.45%,12.5%,-14.3%,563,112.5,0.0%,2023,26.71%
2023-03-29,TSM,Equity,88.29505920410156,9264000,2.15%,-13.36%,-32.28%,563,86.64,0.69%,2023,43.21%
2023-03-30,AMD,Equity,97.87999725341797,59678500,1.86%,6.05%,-39.55%,564,106.05,1.28%,2023,130.26%
2023-03-30,AVGO,Equity,60.69524383544922,21523000,1.32%,59.54%,-2.29%,564,159.54,0.73%,2023,106.27%
2023-03-30,INTC,Equity,31.320720672607422,70077600,1.81%,-30.25%,-49.55%,564,69.75,1.22%,2023,92.38%
2023-03-30,NVDA,Equity,27.296388626098633,364516000,1.48%,109.23%,-17.86%,564,209.23,0.89%,2023,246.1%
2023-03-30,SPY,Benchmark,386.5247802734375,69840000,0.59%,13.16%,-13.79%,564,113.16,0.0%,2023,26.71%
2023-03-30,TSM,Equity,88.01898956298828,10232800,-0.31%,-13.63%,-32.49%,564,86.37,-0.9%,2023,43.21%
2023-03-31,AMD,Equity,98.01000213623047,55861100,0.13%,6.19%,-39.47%,565,106.19,-1.28%,2023,130.26%
2023-03-31,AVGO,Equity,61.44129943847656,22097000,1.23%,61.5%,-1.09%,565,161.5,-0.18%,2023,106.27%
2023-03-31,INTC,Equity,31.886812210083008,59765000,1.81%,-28.99%,-48.64%,565,71.01,0.4%,2023,92.38%
2023-03-31,NVDA,Equity,27.689146041870117,433933000,1.44%,112.24%,-16.67%,565,212.24,0.03%,2023,246.1%
2023-03-31,SPY,Benchmark,391.97271728515625,112062600,1.41%,14.75%,-12.58%,565,114.75,0.0%,2023,26.71%
2023-03-31,TSM,Equity,88.54253387451172,8701800,0.59%,-13.12%,-32.09%,565,86.88,-0.81%,2023,43.21%
2023-04-03,AMD,Equity,96.55999755859375,50655300,-1.48%,4.62%,-40.36%,566,104.62,-1.86%,2023,130.26%
2023-04-03,AVGO,Equity,61.530372619628906,15682000,0.14%,61.74%,-0.95%,566,161.74,-0.24%,2023,106.27%
2023-04-03,INTC,Equity,32.10154724121094,57038300,0.67%,-28.51%,-48.29%,566,71.49,0.29%,2023,92.38%
2023-04-03,NVDA,Equity,27.876548767089844,398716000,0.68%,113.68%,-16.11%,566,213.68,0.3%,2023,246.1%
2023-04-03,SPY,Benchmark,393.4664001464844,67391100,0.38%,15.19%,-12.25%,566,115.19,0.0%,2023,26.71%
2023-04-03,TSM,Equity,88.3712158203125,6863600,-0.19%,-13.29%,-32.22%,566,86.71,-0.57%,2023,43.21%
2023-04-04,AMD,Equity,95.87000274658203,43195900,-0.71%,3.87%,-40.79%,567,103.87,-0.16%,2023,130.26%
2023-04-04,AVGO,Equity,60.758460998535156,13429000,-1.25%,59.71%,-2.19%,567,159.71,-0.7%,2023,106.27%
2023-04-04,INTC,Equity,32.30651092529297,55714100,0.64%,-28.05%,-47.96%,567,71.95,1.19%,2023,92.38%
2023-04-04,NVDA,Equity,27.366165161132812,368592000,-1.83%,109.76%,-17.65%,567,209.76,-1.28%,2023,246.1%
2023-04-04,SPY,Benchmark,391.28338623046875,66601500,-0.55%,14.55%,-12.73%,567,114.55,0.0%,2023,26.71%
2023-04-04,TSM,Equity,87.73345184326172,6338400,-0.72%,-13.91%,-32.71%,567,86.09,-0.17%,2023,43.21%
2023-04-05,AMD,Equity,92.55999755859375,52979300,-3.45%,0.28%,-42.83%,568,100.28,-3.19%,2023,130.26%
2023-04-05,AVGO,Equity,60.24128723144531,16908000,-0.85%,58.35%,-3.02%,568,158.35,-0.59%,2023,106.27%
2023-04-05,INTC,Equity,32.0429801940918,39615700,-0.82%,-28.64%,-48.39%,568,71.36,-0.55%,2023,92.38%
2023-04-05,NVDA,Equity,26.795978546142578,515015000,-2.08%,105.39%,-19.36%,568,205.39,-1.82%,2023,246.1%
2023-04-05,SPY,Benchmark,390.2589111328125,65200200,-0.26%,14.25%,-12.96%,568,114.25,0.0%,2023,26.71%
2023-04-05,TSM,Equity,85.85826110839844,9171800,-2.14%,-15.75%,-34.15%,568,84.25,-1.88%,2023,43.21%
2023-04-06,AMD,Equity,92.47000122070312,47778400,-0.1%,0.18%,-42.89%,569,100.18,-0.49%,2023,130.26%
2023-04-06,AVGO,Equity,59.631221771240234,14493000,-1.01%,56.75%,-4.0%,569,156.75,-1.4%,2023,106.27%
2023-04-06,INTC,Equity,32.02346420288086,28551900,-0.06%,-28.68%,-48.42%,569,71.32,-0.45%,2023,92.38%
2023-04-06,NVDA,Equity,26.95148277282715,397654000,0.58%,106.58%,-18.89%,569,206.58,0.19%,2023,246.1%
2023-04-06,SPY,Benchmark,391.7813415527344,63743300,0.39%,14.69%,-12.62%,569,114.69,0.0%,2023,26.71%
2023-04-06,TSM,Equity,85.89635467529297,5874500,0.04%,-15.72%,-34.12%,569,84.28,-0.35%,2023,43.21%
2023-04-10,AMD,Equity,95.4800033569336,52536300,3.26%,3.45%,-41.03%,570,103.45,3.15%,2023,130.26%
2023-04-10,AVGO,Equity,60.08613967895508,15400000,0.76%,57.94%,-3.27%,570,157.94,0.66%,2023,106.27%
2023-04-10,INTC,Equity,31.74040985107422,30534400,-0.88%,-29.31%,-48.87%,570,70.69,-0.99%,2023,92.38%
2023-04-10,NVDA,Equity,27.491769790649414,395279000,2.0%,110.73%,-17.27%,570,210.73,1.9%,2023,246.1%
2023-04-10,SPY,Benchmark,392.18341064453125,63681000,0.1%,14.81%,-12.53%,570,114.81,0.0%,2023,26.71%
2023-04-10,TSM,Equity,84.73506164550781,12232900,-1.35%,-16.86%,-35.01%,570,83.14,-1.45%,2023,43.21%
2023-04-11,AMD,Equity,94.02999877929688,51935800,-1.52%,1.87%,-41.92%,571,101.87,-1.55%,2023,130.26%
2023-04-11,AVGO,Equity,59.52874755859375,16518000,-0.93%,56.48%,-4.17%,571,156.48,-0.95%,2023,106.27%
2023-04-11,INTC,Equity,31.574485778808594,27059100,-0.52%,-29.68%,-49.14%,571,70.32,-0.55%,2023,92.38%
2023-04-11,NVDA,Equity,27.08306312561035,314378000,-1.49%,107.59%,-18.5%,571,207.59,-1.51%,2023,246.1%
2023-04-11,SPY,Benchmark,392.28875732421875,59297900,0.03%,14.84%,-12.51%,571,114.84,0.0%,2023,26.71%
2023-04-11,TSM,Equity,84.94449615478516,11079200,0.25%,-16.65%,-34.85%,571,83.35,0.22%,2023,43.21%
2023-04-12,AMD,Equity,92.33000183105469,53383100,-1.81%,0.03%,-42.97%,572,100.03,-1.4%,2023,130.26%
2023-04-12,AVGO,Equity,59.06234359741211,14112000,-0.78%,55.25%,-4.92%,572,155.25,-0.38%,2023,106.27%
2023-04-12,INTC,Equity,31.252397537231445,37070800,-1.02%,-30.4%,-49.66%,572,69.6,-0.61%,2023,92.38%
2023-04-12,NVDA,Equity,26.411195755004883,446259000,-2.48%,102.44%,-20.52%,572,202.44,-2.07%,2023,246.1%
2023-04-12,SPY,Benchmark,390.6898193359375,86420400,-0.41%,14.37%,-12.87%,572,114.37,0.0%,2023,26.71%
2023-04-12,TSM,Equity,82.68856048583984,11299100,-2.66%,-18.86%,-36.58%,572,81.14,-2.25%,2023,43.21%
2023-04-13,AMD,Equity,92.08999633789062,40572500,-0.26%,-0.23%,-43.12%,573,99.77,-1.59%,2023,130.26%
2023-04-13,AVGO,Equity,59.78445816040039,17265000,1.22%,57.15%,-3.76%,573,157.15,-0.11%,2023,106.27%
2023-04-13,INTC,Equity,31.359760284423828,29722300,0.34%,-30.16%,-49.49%,573,69.84,-0.98%,2023,92.38%
2023-04-13,NVDA,Equity,26.379295349121094,353615000,-0.12%,102.2%,-20.62%,573,202.2,-1.45%,2023,246.1%
2023-04-13,SPY,Benchmark,395.8791809082031,85814800,1.33%,15.89%,-11.71%,573,115.89,0.0%,2023,26.71%
2023-04-13,TSM,Equity,82.85990905761719,7910500,0.21%,-18.7%,-36.45%,573,81.3,-1.12%,2023,43.21%
2023-04-14,AMD,Equity,91.75,38734800,-0.37%,-0.6%,-43.33%,574,99.4,-0.12%,2023,130.26%
2023-04-14,AVGO,Equity,59.33433151245117,17465000,-0.75%,55.96%,-4.48%,574,155.96,-0.51%,2023,106.27%
2023-04-14,INTC,Equity,31.125516891479492,24623600,-0.75%,-30.68%,-49.86%,574,69.32,-0.5%,2023,92.38%
2023-04-14,NVDA,Equity,26.673364639282227,395660000,1.11%,104.45%,-19.73%,574,204.45,1.36%,2023,246.1%
2023-04-14,SPY,Benchmark,394.9121398925781,78161500,-0.24%,15.61%,-11.92%,574,115.61,0.0%,2023,26.71%
2023-04-14,TSM,Equity,83.00267028808594,7656400,0.17%,-18.56%,-36.34%,574,81.44,0.42%,2023,43.21%
2023-04-17,AMD,Equity,89.87000274658203,47250800,-2.05%,-2.63%,-44.49%,575,97.37,-2.41%,2023,130.26%
2023-04-17,AVGO,Equity,60.083255767822266,13201000,1.26%,57.93%,-3.27%,575,157.93,0.9%,2023,106.27%
2023-04-17,INTC,Equity,31.36952018737793,29601100,0.78%,-30.14%,-49.47%,575,69.86,0.43%,2023,92.38%
2023-04-17,NVDA,Equity,26.91659164428711,321471000,0.91%,106.32%,-19.0%,575,206.32,0.55%,2023,246.1%
2023-04-17,SPY,Benchmark,396.3292236328125,66436400,0.36%,16.03%,-11.61%,575,116.03,0.0%,2023,26.71%
2023-04-17,TSM,Equity,83.75464630126953,8163600,0.91%,-17.82%,-35.76%,575,82.18,0.55%,2023,43.21%
2023-04-18,AMD,Equity,89.77999877929688,46246300,-0.1%,-2.73%,-44.55%,576,97.27,-0.17%,2023,130.26%
2023-04-18,AVGO,Equity,60.55829620361328,16806000,0.79%,59.18%,-2.51%,576,159.18,0.73%,2023,106.27%
2023-04-18,INTC,Equity,31.066953659057617,26041400,-0.96%,-30.81%,-49.96%,576,69.19,-1.03%,2023,92.38%
2023-04-18,NVDA,Equity,27.579490661621094,604812000,2.46%,111.4%,-17.0%,576,211.4,2.4%,2023,246.1%
2023-04-18,SPY,Benchmark,396.5877380371094,63560000,0.07%,16.1%,-11.55%,576,116.1,0.0%,2023,26.71%
2023-04-18,TSM,Equity,83.89743041992188,8468200,0.17%,-17.68%,-35.65%,576,82.32,0.11%,2023,43.21%
2023-04-19,AMD,Equity,89.94000244140625,37344500,0.18%,-2.56%,-44.45%,577,97.44,0.2%,2023,130.26%
2023-04-19,AVGO,Equity,60.76708221435547,19060000,0.34%,59.73%,-2.17%,577,159.73,0.36%,2023,106.27%
2023-04-19,INTC,Equity,30.40325164794922,25746600,-2.14%,-32.29%,-51.03%,577,67.71,-2.12%,2023,92.38%
2023-04-19,NVDA,Equity,27.842655181884766,358660000,0.95%,113.42%,-16.21%,577,213.42,0.97%,2023,246.1%
2023-04-19,SPY,Benchmark,396.52069091796875,55227300,-0.02%,16.08%,-11.56%,577,116.08,0.0%,2023,26.71%
2023-04-19,TSM,Equity,83.03125,11191300,-1.03%,-18.53%,-36.32%,577,81.47,-1.02%,2023,43.21%
2023-04-20,AMD,Equity,90.11000061035156,47082700,0.19%,-2.37%,-44.35%,578,97.63,0.73%,2023,130.26%
2023-04-20,AVGO,Equity,60.62533187866211,20239000,-0.23%,59.36%,-2.4%,578,159.36,0.31%,2023,106.27%
2023-04-20,INTC,Equity,30.120206832885742,30255100,-0.93%,-32.92%,-51.48%,578,67.08,-0.39%,2023,92.38%
2023-04-20,NVDA,Equity,27.01827049255371,427713000,-2.96%,107.1%,-18.69%,578,207.1,-2.42%,2023,246.1%
2023-04-20,SPY,Benchmark,394.35687255859375,75840400,-0.55%,15.45%,-12.05%,578,115.45,0.0%,2023,26.71%
2023-04-20,TSM,Equity,84.9920883178711,19206300,2.36%,-16.6%,-34.81%,578,83.4,2.91%,2023,43.21%
2023-04-21,AMD,Equity,88.43000030517578,41118300,-1.86%,-4.19%,-45.38%,579,95.81,-1.94%,2023,130.26%
2023-04-21,AVGO,Equity,60.61384201049805,14807000,-0.02%,59.33%,-2.42%,579,159.33,-0.1%,2023,106.27%
2023-04-21,INTC,Equity,29.57362937927246,28655800,-1.81%,-34.14%,-52.36%,579,65.86,-1.89%,2023,92.38%
2023-04-21,NVDA,Equity,27.03322410583496,345103000,0.06%,107.21%,-18.65%,579,207.21,-0.02%,2023,246.1%
2023-04-21,SPY,Benchmark,394.6632385253906,73457400,0.08%,15.54%,-11.98%,579,115.54,0.0%,2023,26.71%
2023-04-21,TSM,Equity,81.2607650756836,13175400,-4.39%,-20.26%,-37.67%,579,79.74,-4.47%,2023,43.21%
2023-04-24,AMD,Equity,87.56999969482422,40423800,-0.97%,-5.12%,-45.91%,580,94.88,-1.08%,2023,130.26%
2023-04-24,AVGO,Equity,60.770904541015625,12338000,0.26%,59.74%,-2.17%,580,159.74,0.15%,2023,106.27%
2023-04-24,INTC,Equity,28.948974609375,38732500,-2.11%,-35.53%,-53.37%,580,64.47,-2.22%,2023,92.38%
2023-04-24,NVDA,Equity,26.95646858215332,339282000,-0.28%,106.62%,-18.88%,580,206.62,-0.39%,2023,246.1%
2023-04-24,SPY,Benchmark,395.07489013671875,64332100,0.1%,15.66%,-11.89%,580,115.66,0.0%,2023,26.71%
2023-04-24,TSM,Equity,80.56590270996094,10567600,-0.86%,-20.95%,-38.21%,580,79.05,-0.96%,2023,43.21%
2023-04-25,AMD,Equity,83.80000305175781,52771500,-4.31%,-9.21%,-48.24%,581,90.79,-2.72%,2023,130.26%
2023-04-25,AVGO,Equity,59.57184600830078,23670000,-1.97%,56.59%,-4.1%,581,156.59,-0.39%,2023,106.27%
2023-04-25,INTC,Equity,28.187671661376953,38289900,-2.63%,-37.23%,-54.6%,581,62.77,-1.04%,2023,92.38%
2023-04-25,NVDA,Equity,26.157997131347656,378527000,-2.96%,100.5%,-21.28%,581,200.5,-1.37%,2023,246.1%
2023-04-25,SPY,Benchmark,388.8035583496094,97766700,-1.59%,13.82%,-13.29%,581,113.82,0.0%,2023,26.71%
2023-04-25,TSM,Equity,78.32902526855469,13423700,-2.78%,-23.14%,-39.92%,581,76.86,-1.19%,2023,43.21%
2023-04-26,AMD,Equity,85.94000244140625,47786600,2.55%,-6.89%,-46.92%,582,93.11,2.98%,2023,130.26%
2023-04-26,AVGO,Equity,59.013492584228516,17179000,-0.94%,55.12%,-5.0%,582,155.12,-0.51%,2023,106.27%
2023-04-26,INTC,Equity,28.353595733642578,41218800,0.59%,-36.86%,-54.33%,582,63.14,1.01%,2023,92.38%
2023-04-26,NVDA,Equity,26.87073516845703,406337000,2.72%,105.97%,-19.14%,582,205.97,3.15%,2023,246.1%
2023-04-26,SPY,Benchmark,387.1567687988281,80447000,-0.42%,13.34%,-13.65%,582,113.34,0.0%,2023,26.71%
2023-04-26,TSM,Equity,78.29093933105469,11583500,-0.05%,-23.18%,-39.95%,582,76.82,0.37%,2023,43.21%
2023-04-27,AMD,Equity,87.44000244140625,53087200,1.75%,-5.27%,-45.99%,583,94.73,-0.25%,2023,130.26%
2023-04-27,AVGO,Equity,59.22610855102539,18250000,0.36%,55.68%,-4.65%,583,155.68,-1.63%,2023,106.27%
2023-04-27,INTC,Equity,29.144180297851562,60186200,2.79%,-35.1%,-53.06%,583,64.9,0.8%,2023,92.38%
2023-04-27,NVDA,Equity,27.139883041381836,377161000,1.0%,108.03%,-18.33%,583,208.03,-0.99%,2023,246.1%
2023-04-27,SPY,Benchmark,394.86431884765625,92968400,1.99%,15.6%,-11.93%,583,115.6,0.0%,2023,26.71%
2023-04-27,TSM,Equity,79.6426010131836,10013700,1.73%,-21.85%,-38.92%,583,78.15,-0.26%,2023,43.21%
2023-04-28,AMD,Equity,89.37000274658203,50686100,2.21%,-3.17%,-44.8%,584,96.83,1.35%,2023,130.26%
2023-04-28,AVGO,Equity,60.00090408325195,16183000,1.31%,57.72%,-3.41%,584,157.72,0.45%,2023,106.27%
2023-04-28,INTC,Equity,30.31540870666504,80252400,4.02%,-32.49%,-51.17%,584,67.51,3.17%,2023,92.38%
2023-04-28,NVDA,Equity,27.66123390197754,292216000,1.92%,112.03%,-16.76%,584,212.03,1.07%,2023,246.1%
2023-04-28,SPY,Benchmark,398.2345275878906,89433100,0.85%,16.58%,-11.18%,584,116.58,0.0%,2023,26.71%
2023-04-28,TSM,Equity,80.24227142333984,8262600,0.75%,-21.26%,-38.46%,584,78.74,-0.1%,2023,43.21%
2023-05-01,AMD,Equity,89.69000244140625,59358700,0.36%,-2.83%,-44.61%,585,97.17,0.46%,2023,130.26%
2023-05-01,AVGO,Equity,61.09749221801758,17030000,1.83%,60.6%,-1.64%,585,160.6,1.93%,2023,106.27%
2023-05-01,INTC,Equity,29.57362937927246,36918500,-2.45%,-34.14%,-52.36%,585,65.86,-2.35%,2023,92.38%
2023-05-01,NVDA,Equity,28.818559646606445,570329000,4.18%,120.9%,-13.27%,585,220.9,4.28%,2023,246.1%
2023-05-01,SPY,Benchmark,397.8324890136719,62122300,-0.1%,16.47%,-11.27%,585,116.47,0.0%,2023,26.71%
2023-05-01,TSM,Equity,79.93768310546875,4931100,-0.38%,-21.56%,-38.69%,585,78.44,-0.28%,2023,43.21%
2023-05-02,AMD,Equity,89.91000366210938,70483500,0.25%,-2.59%,-44.47%,586,97.41,1.37%,2023,130.26%
2023-05-02,AVGO,Equity,58.644771575927734,28357000,-4.01%,54.15%,-5.59%,586,154.15,-2.89%,2023,106.27%
2023-05-02,INTC,Equity,29.056337356567383,33463400,-1.75%,-35.29%,-53.2%,586,64.71,-0.63%,2023,92.38%
2023-05-02,NVDA,Equity,28.120769500732422,402730000,-2.42%,115.55%,-15.37%,586,215.55,-1.3%,2023,246.1%
2023-05-02,SPY,Benchmark,393.3611145019531,103998500,-1.12%,15.16%,-12.27%,586,115.16,0.0%,2023,26.71%
2023-05-02,TSM,Equity,78.96678161621094,6875000,-1.21%,-22.52%,-39.43%,586,77.48,-0.09%,2023,43.21%
2023-05-03,AMD,Equity,81.62000274658203,109482200,-9.22%,-11.57%,-49.59%,587,88.43,-8.53%,2023,130.26%
2023-05-03,AVGO,Equity,58.727142333984375,19816000,0.14%,54.37%,-5.46%,587,154.37,0.83%,2023,106.27%
2023-05-03,INTC,Equity,29.915239334106445,45554500,2.96%,-33.38%,-51.81%,587,66.62,3.64%,2023,92.38%
2023-05-03,NVDA,Equity,27.71406364440918,383387000,-1.45%,112.43%,-16.6%,587,212.43,-0.76%,2023,246.1%
2023-05-03,SPY,Benchmark,390.66107177734375,91531800,-0.69%,14.37%,-12.87%,587,114.37,0.0%,2023,26.71%
2023-05-03,TSM,Equity,78.71927642822266,7151600,-0.31%,-22.76%,-39.62%,587,77.24,0.37%,2023,43.21%
2023-05-04,AMD,Equity,86.61000061035156,122840500,6.11%,-6.16%,-46.51%,588,93.84,6.82%,2023,130.26%
2023-05-04,AVGO,Equity,58.435997009277344,17684000,-0.5%,53.6%,-5.93%,588,153.6,0.21%,2023,106.27%
2023-05-04,INTC,Equity,30.61595916748047,46104000,2.34%,-31.82%,-50.69%,588,68.18,3.05%,2023,92.38%
2023-05-04,NVDA,Equity,27.47481918334961,321850000,-0.86%,110.6%,-17.32%,588,210.6,-0.15%,2023,246.1%
2023-05-04,SPY,Benchmark,387.89398193359375,94901900,-0.71%,13.56%,-13.49%,588,113.56,0.0%,2023,26.71%
2023-05-04,TSM,Equity,79.47125244140625,7290600,0.96%,-22.02%,-39.05%,588,77.98,1.66%,2023,43.21%
2023-05-05,AMD,Equity,89.83999633789062,78491100,3.73%,-2.67%,-44.51%,589,97.33,1.88%,2023,130.26%
2023-05-05,AVGO,Equity,60.347599029541016,24876000,3.27%,58.63%,-2.85%,589,158.63,1.42%,2023,106.27%
2023-05-05,INTC,Equity,30.37095069885254,35024600,-0.8%,-32.36%,-51.08%,589,67.64,-2.65%,2023,92.38%
2023-05-05,NVDA,Equity,28.589282989501953,361494000,4.06%,119.14%,-13.96%,589,219.14,2.21%,2023,246.1%
2023-05-05,SPY,Benchmark,395.07489013671875,87891800,1.85%,15.66%,-11.89%,589,115.66,0.0%,2023,26.71%
2023-05-05,TSM,Equity,80.8800277709961,6865000,1.77%,-20.64%,-37.97%,589,79.36,-0.08%,2023,43.21%
2023-05-08,AMD,Equity,95.04000091552734,95503200,5.79%,2.97%,-41.3%,590,102.97,5.76%,2023,130.26%
2023-05-08,AVGO,Equity,60.24607467651367,13934000,-0.17%,58.36%,-3.01%,590,158.36,-0.19%,2023,106.27%
2023-05-08,INTC,Equity,30.155345916748047,30882800,-0.71%,-32.84%,-51.43%,590,67.16,-0.74%,2023,92.38%
2023-05-08,NVDA,Equity,29.058795928955078,344979000,1.64%,122.74%,-12.55%,590,222.74,1.62%,2023,246.1%
2023-05-08,SPY,Benchmark,395.18023681640625,50046800,0.03%,15.69%,-11.86%,590,115.69,0.0%,2023,26.71%
2023-05-08,TSM,Equity,81.42259216308594,6746600,0.67%,-20.11%,-37.55%,590,79.89,0.64%,2023,43.21%
2023-05-09,AMD,Equity,95.05999755859375,68674800,0.02%,2.99%,-41.29%,591,102.99,0.46%,2023,130.26%
2023-05-09,AVGO,Equity,59.235687255859375,16990000,-1.68%,55.71%,-4.64%,591,155.71,-1.24%,2023,106.27%
2023-05-09,INTC,Equity,29.498729705810547,30706500,-2.18%,-34.31%,-52.49%,591,65.69,-1.74%,2023,92.38%
2023-05-09,NVDA,Equity,28.48063087463379,314869000,-1.99%,118.31%,-14.29%,591,218.31,-1.55%,2023,246.1%
2023-05-09,SPY,Benchmark,393.447265625,49220100,-0.44%,15.18%,-12.25%,591,115.18,0.0%,2023,26.71%
2023-05-09,TSM,Equity,80.96568298339844,7287800,-0.56%,-20.55%,-37.9%,591,79.45,-0.12%,2023,43.21%
2023-05-10,AMD,Equity,97.0199966430664,95619500,2.06%,5.11%,-40.08%,592,105.11,1.59%,2023,130.26%
2023-05-10,AVGO,Equity,59.97887420654297,19174000,1.25%,57.66%,-3.44%,592,157.66,0.79%,2023,106.27%
2023-05-10,INTC,Equity,29.371328353881836,40526500,-0.43%,-34.59%,-52.69%,592,65.41,-0.9%,2023,92.38%
2023-05-10,NVDA,Equity,28.793636322021484,369350000,1.1%,120.71%,-13.35%,592,220.71,0.63%,2023,246.1%
2023-05-10,SPY,Benchmark,395.2855224609375,96142900,0.47%,15.72%,-11.84%,592,115.72,0.0%,2023,26.71%
2023-05-10,TSM,Equity,80.81338500976562,7442300,-0.19%,-20.7%,-38.02%,592,79.3,-0.66%,2023,43.21%
2023-05-11,AMD,Equity,97.0999984741211,57061000,0.08%,5.2%,-40.03%,593,105.2,0.26%,2023,130.26%
2023-05-11,AVGO,Equity,60.11295700073242,14430000,0.22%,58.01%,-3.23%,593,158.01,0.4%,2023,106.27%
2023-05-11,INTC,Equity,28.28350257873535,47144400,-3.7%,-37.01%,-54.44%,593,62.99,-3.53%,2023,92.38%
2023-05-11,NVDA,Equity,28.487606048583984,322149000,-1.06%,118.36%,-14.27%,593,218.36,-0.89%,2023,246.1%
2023-05-11,SPY,Benchmark,394.59619140625,70157100,-0.17%,15.52%,-11.99%,593,115.52,0.0%,2023,26.71%
2023-05-11,TSM,Equity,79.41414642333984,8730900,-1.73%,-22.08%,-39.09%,593,77.92,-1.56%,2023,43.21%
2023-05-12,AMD,Equity,95.26000213623047,53829700,-1.89%,3.21%,-41.16%,594,103.21,-1.76%,2023,130.26%
2023-05-12,AVGO,Equity,60.44624710083008,11942000,0.55%,58.89%,-2.69%,594,158.89,0.69%,2023,106.27%
2023-05-12,INTC,Equity,28.371702194213867,24153800,0.31%,-36.82%,-54.3%,594,63.18,0.44%,2023,92.38%
2023-05-12,NVDA,Equity,28.2503604888916,274222000,-0.83%,116.54%,-14.98%,594,216.54,-0.7%,2023,246.1%
2023-05-12,SPY,Benchmark,394.07916259765625,70481500,-0.13%,15.37%,-12.11%,594,115.37,0.0%,2023,26.71%
2023-05-12,TSM,Equity,79.41414642333984,5069800,0.0%,-22.08%,-39.09%,594,77.92,0.13%,2023,43.21%
2023-05-15,AMD,Equity,97.4000015258789,51749200,2.25%,5.53%,-39.84%,595,105.53,1.9%,2023,130.26%
2023-05-15,AVGO,Equity,61.274662017822266,14614000,1.37%,61.07%,-1.36%,595,161.07,1.03%,2023,106.27%
2023-05-15,INTC,Equity,29.204723358154297,28717500,2.94%,-34.96%,-52.96%,595,65.04,2.59%,2023,92.38%
2023-05-15,NVDA,Equity,28.861419677734375,293926000,2.16%,121.22%,-13.15%,595,221.22,1.82%,2023,246.1%
2023-05-15,SPY,Benchmark,395.43878173828125,54289400,0.35%,15.76%,-11.81%,595,115.76,0.0%,2023,26.71%
2023-05-15,TSM,Equity,81.53681945800781,8707300,2.67%,-19.99%,-37.46%,595,80.01,2.33%,2023,43.21%
2023-05-16,AMD,Equity,101.4800033569336,90622900,4.19%,9.95%,-37.32%,596,109.95,4.86%,2023,130.26%
2023-05-16,AVGO,Equity,61.431724548339844,14967000,0.26%,61.48%,-1.1%,596,161.48,0.92%,2023,106.27%
2023-05-16,INTC,Equity,28.636306762695312,22812000,-1.95%,-36.23%,-53.87%,596,63.77,-1.28%,2023,92.38%
2023-05-16,NVDA,Equity,29.1205997467041,449405000,0.9%,123.21%,-12.37%,596,223.21,1.57%,2023,246.1%
2023-05-16,SPY,Benchmark,392.79620361328125,57705500,-0.67%,14.99%,-12.4%,596,114.99,0.0%,2023,26.71%
2023-05-16,TSM,Equity,81.74622344970703,11283200,0.26%,-19.79%,-37.3%,596,80.21,0.93%,2023,43.21%
2023-05-17,AMD,Equity,103.75,75240900,2.24%,12.41%,-35.92%,597,112.41,1.02%,2023,130.26%
2023-05-17,AVGO,Equity,62.966941833496094,24133000,2.5%,65.51%,0.0%,597,165.51,1.29%,2023,106.27%
2023-05-17,INTC,Equity,28.29330062866211,41667300,-1.2%,-36.99%,-54.43%,597,63.01,-2.41%,2023,92.38%
2023-05-17,NVDA,Equity,30.08254623413086,432535000,3.3%,130.58%,-9.47%,597,230.58,2.09%,2023,246.1%
2023-05-17,SPY,Benchmark,397.56427001953125,87287000,1.21%,16.39%,-11.33%,597,116.39,0.0%,2023,26.71%
2023-05-17,TSM,Equity,86.50554656982422,23215600,5.82%,-15.12%,-33.65%,597,84.88,4.61%,2023,43.21%
2023-05-18,AMD,Equity,107.93000030517578,74338700,4.03%,16.93%,-33.34%,598,116.93,3.07%,2023,130.26%
2023-05-18,AVGO,Equity,64.92357635498047,26389000,3.11%,70.66%,0.0%,598,170.66,2.14%,2023,106.27%
2023-05-18,INTC,Equity,29.087120056152344,36529200,2.81%,-35.22%,-53.15%,598,64.78,1.84%,2023,92.38%
2023-05-18,NVDA,Equity,31.577800750732422,748725000,4.97%,142.05%,-4.97%,598,242.05,4.01%,2023,246.1%
2023-05-18,SPY,Benchmark,401.3941345214844,97177200,0.96%,17.51%,-10.48%,598,117.51,0.0%,2023,26.71%
2023-05-18,TSM,Equity,88.19033813476562,14879000,1.95%,-13.47%,-32.36%,598,86.53,0.98%,2023,43.21%
2023-05-19,AMD,Equity,105.81999969482422,67880200,-1.95%,14.65%,-34.64%,599,114.65,-1.81%,2023,130.26%
2023-05-19,AVGO,Equity,65.34017181396484,22968000,0.64%,71.75%,0.0%,599,171.75,0.79%,2023,106.27%
2023-05-19,INTC,Equity,29.332128524780273,40683000,0.84%,-34.68%,-52.75%,599,65.32,0.99%,2023,92.38%
2023-05-19,NVDA,Equity,31.165111541748047,473908000,-1.31%,138.88%,-6.21%,599,238.88,-1.16%,2023,246.1%
2023-05-19,SPY,Benchmark,400.81005859375,103793300,-0.15%,17.34%,-10.61%,599,117.34,0.0%,2023,26.71%
2023-05-19,TSM,Equity,88.12373352050781,9295200,-0.08%,-13.53%,-32.41%,599,86.47,0.07%,2023,43.21%
2023-05-22,AMD,Equity,108.0,65424200,2.06%,17.01%,-33.3%,600,117.01,2.02%,2023,130.26%
2023-05-22,AVGO,Equity,64.96858215332031,17796000,-0.57%,70.77%,-0.57%,600,170.77,-0.61%,2023,106.27%
2023-05-22,INTC,Equity,29.675138473510742,28693400,1.17%,-33.91%,-52.2%,600,66.09,1.13%,2023,92.38%
2023-05-22,NVDA,Equity,31.077390670776367,372000000,-0.28%,138.21%,-6.48%,600,238.21,-0.32%,2023,246.1%
2023-05-22,SPY,Benchmark,400.9728698730469,60745400,0.04%,17.38%,-10.57%,600,117.38,0.0%,2023,26.71%
2023-05-22,TSM,Equity,87.30511474609375,9259800,-0.93%,-14.33%,-33.04%,600,85.67,-0.97%,2023,43.21%
2023-05-23,AMD,Equity,108.12000274658203,73099100,0.11%,17.14%,-33.22%,601,117.14,1.23%,2023,130.26%
2023-05-23,AVGO,Equity,65.7471923828125,36088000,1.2%,72.82%,0.0%,601,172.82,2.32%,2023,106.27%
2023-05-23,INTC,Equity,28.920516967773438,29400900,-2.54%,-35.59%,-53.42%,601,64.41,-1.42%,2023,92.38%
2023-05-23,NVDA,Equity,30.5909366607666,356253000,-1.57%,134.48%,-7.94%,601,234.48,-0.44%,2023,246.1%
2023-05-23,SPY,Benchmark,396.4728088378906,86383500,-1.12%,16.07%,-11.58%,601,116.07,0.0%,2023,26.71%
2023-05-23,TSM,Equity,86.08672332763672,7656700,-1.4%,-15.53%,-33.97%,601,84.47,-0.27%,2023,43.21%
2023-05-24,AMD,Equity,108.2699966430664,65910500,0.14%,17.3%,-33.13%,602,117.3,0.86%,2023,130.26%
2023-05-24,AVGO,Equity,65.07966613769531,23021000,-1.02%,71.07%,-1.02%,602,171.07,-0.29%,2023,106.27%
2023-05-24,INTC,Equity,28.42070198059082,28045800,-1.73%,-36.71%,-54.22%,602,63.29,-1.0%,2023,92.38%
2023-05-24,NVDA,Equity,30.441408157348633,721419000,-0.49%,133.34%,-8.39%,602,233.34,0.24%,2023,246.1%
2023-05-24,SPY,Benchmark,393.60040283203125,89213700,-0.72%,15.23%,-12.22%,602,115.23,0.0%,2023,26.71%
2023-05-24,TSM,Equity,85.7916488647461,9443900,-0.34%,-15.82%,-34.2%,602,84.18,0.38%,2023,43.21%
2023-05-25,AMD,Equity,120.3499984741211,108514700,11.16%,30.39%,-25.67%,603,130.39,10.29%,2023,130.26%
2023-05-25,AVGO,Equity,69.79833984375,49263000,7.25%,83.47%,0.0%,603,183.47,6.38%,2023,106.27%
2023-05-25,INTC,Equity,26.852663040161133,78009400,-5.52%,-40.2%,-56.75%,603,59.8,-6.38%,2023,92.38%
2023-05-25,NVDA,Equity,37.85987091064453,1543911000,24.37%,190.2%,0.0%,603,290.2,23.5%,2023,246.1%
2023-05-25,SPY,Benchmark,397.00897216796875,90961600,0.87%,16.22%,-11.46%,603,116.22,0.0%,2023,26.71%
2023-05-25,TSM,Equity,96.09083557128906,60793200,12.0%,-5.71%,-26.3%,603,94.29,11.14%,2023,43.21%
2023-05-26,AMD,Equity,127.02999877929688,92922800,5.55%,37.63%,-21.54%,604,137.63,4.26%,2023,130.26%
2023-05-26,AVGO,Equity,77.83644104003906,82500000,11.52%,104.6%,0.0%,604,204.6,10.22%,2023,106.27%
2023-05-26,INTC,Equity,28.42070198059082,71910600,5.84%,-36.71%,-54.22%,604,63.29,4.54%,2023,92.38%
2023-05-26,NVDA,Equity,38.82281494140625,714397000,2.54%,197.58%,0.0%,604,297.58,1.25%,2023,246.1%
2023-05-26,SPY,Benchmark,402.1505126953125,93830000,1.3%,17.73%,-10.31%,604,117.73,0.0%,2023,26.71%
2023-05-26,TSM,Equity,98.2420654296875,26135800,2.24%,-3.6%,-24.65%,604,96.4,0.94%,2023,43.21%
2023-05-30,AMD,Equity,125.2699966430664,98902300,-1.39%,35.72%,-22.63%,605,135.72,-1.42%,2023,130.26%
2023-05-30,AVGO,Equity,76.93714904785156,116912000,-1.16%,102.24%,-1.16%,605,202.24,-1.19%,2023,106.27%
2023-05-30,INTC,Equity,29.390928268432617,54874800,3.41%,-34.55%,-52.66%,605,65.45,3.38%,2023,92.38%
2023-05-30,NVDA,Equity,39.984130859375,923401000,2.99%,206.48%,0.0%,605,306.48,2.95%,2023,246.1%
2023-05-30,SPY,Benchmark,402.3037414550781,72216000,0.04%,17.77%,-10.27%,605,117.77,0.0%,2023,26.71%
2023-05-30,TSM,Equity,97.0712661743164,25248000,-1.19%,-4.75%,-25.55%,605,95.25,-1.23%,2023,43.21%
2023-05-31,AMD,Equity,118.20999908447266,87552200,-5.64%,28.07%,-26.99%,606,128.07,-5.08%,2023,130.26%
2023-05-31,AVGO,Equity,77.3796157836914,89998000,0.58%,103.4%,-0.59%,606,203.4,1.13%,2023,106.27%
2023-05-31,INTC,Equity,30.811965942382812,136243800,4.83%,-31.38%,-50.37%,606,68.62,5.39%,2023,92.38%
2023-05-31,NVDA,Equity,37.71433639526367,1002580000,-5.68%,189.08%,-5.68%,606,289.08,-5.12%,2023,246.1%
2023-05-31,SPY,Benchmark,400.07281494140625,110811800,-0.55%,17.12%,-10.77%,606,117.12,0.0%,2023,26.71%
2023-05-31,TSM,Equity,93.84444427490234,22206700,-3.32%,-7.92%,-28.02%,606,92.08,-2.77%,2023,43.21%
2023-06-01,AMD,Equity,119.47000122070312,66032900,1.07%,29.44%,-26.21%,607,129.44,0.12%,2023,130.26%
2023-06-01,AVGO,Equity,75.65477752685547,80792000,-2.23%,98.86%,-2.8%,607,198.86,-3.18%,2023,106.27%
2023-06-01,INTC,Equity,30.508155822753906,52667400,-0.99%,-32.06%,-50.86%,607,67.94,-1.94%,2023,92.38%
2023-06-01,NVDA,Equity,39.644203186035156,635873000,5.12%,203.88%,-0.85%,607,303.88,4.17%,2023,246.1%
2023-06-01,SPY,Benchmark,403.8739318847656,88865000,0.95%,18.23%,-9.92%,607,118.23,0.0%,2023,26.71%
2023-06-01,TSM,Equity,94.08240509033203,14998500,0.25%,-7.68%,-27.84%,607,92.32,-0.7%,2023,43.21%
2023-06-02,AMD,Equity,117.86000061035156,52382400,-1.35%,27.69%,-27.21%,608,127.69,-2.79%,2023,130.26%
2023-06-02,AVGO,Equity,77.76653289794922,62815000,2.79%,104.42%,-0.09%,608,204.42,1.35%,2023,106.27%
2023-06-02,INTC,Equity,30.684560775756836,36521000,0.58%,-31.66%,-50.58%,608,68.34,-0.87%,2023,92.38%
2023-06-02,NVDA,Equity,39.20261001586914,482731000,-1.11%,200.49%,-1.95%,608,300.49,-2.56%,2023,246.1%
2023-06-02,SPY,Benchmark,409.71441650390625,91426200,1.45%,19.94%,-8.62%,608,119.94,0.0%,2023,26.71%
2023-06-02,TSM,Equity,94.1775894165039,13085100,0.1%,-7.59%,-27.77%,608,92.41,-1.34%,2023,43.21%
2023-06-05,AMD,Equity,117.93000030517578,52602900,0.06%,27.77%,-27.16%,609,127.77,0.25%,2023,130.26%
2023-06-05,AVGO,Equity,76.8375473022461,26222000,-1.19%,101.97%,-1.28%,609,201.97,-1.0%,2023,106.27%
2023-06-05,INTC,Equity,29.263525009155273,48244100,-4.63%,-34.83%,-52.86%,609,65.17,-4.44%,2023,92.38%
2023-06-05,NVDA,Equity,39.04710388183594,396094000,-0.4%,199.3%,-2.34%,609,299.3,-0.21%,2023,246.1%
2023-06-05,SPY,Benchmark,408.92938232421875,65460200,-0.19%,19.71%,-8.8%,609,119.71,0.0%,2023,26.71%
2023-06-05,TSM,Equity,93.33043670654297,10568500,-0.9%,-8.42%,-28.42%,609,91.58,-0.71%,2023,43.21%
2023-06-06,AMD,Equity,124.2300033569336,75257500,5.34%,34.59%,-23.27%,610,134.59,5.12%,2023,130.26%
2023-06-06,AVGO,Equity,75.6595687866211,37823000,-1.53%,98.88%,-2.8%,610,198.88,-1.75%,2023,106.27%
2023-06-06,INTC,Equity,30.341552734375,42295300,3.68%,-32.43%,-51.13%,610,67.57,3.47%,2023,92.38%
2023-06-06,NVDA,Equity,38.53173828125,388729000,-1.32%,195.35%,-3.63%,610,295.35,-1.54%,2023,246.1%
2023-06-06,SPY,Benchmark,409.8197326660156,64022200,0.22%,19.97%,-8.6%,610,119.97,0.0%,2023,26.71%
2023-06-06,TSM,Equity,95.01522827148438,13827600,1.81%,-6.77%,-27.13%,610,93.23,1.59%,2023,43.21%
2023-06-07,AMD,Equity,117.83000183105469,81755200,-5.15%,27.66%,-27.23%,611,127.66,-4.81%,2023,130.26%
2023-06-07,AVGO,Equity,75.91143035888672,28957000,0.33%,99.54%,-2.47%,611,199.54,0.68%,2023,106.27%
2023-06-07,INTC,Equity,30.655160903930664,39098000,1.03%,-31.73%,-50.62%,611,68.27,1.38%,2023,92.38%
2023-06-07,NVDA,Equity,37.360328674316406,511998000,-3.04%,186.37%,-6.56%,611,286.37,-2.69%,2023,246.1%
2023-06-07,SPY,Benchmark,408.4027099609375,85373300,-0.35%,19.56%,-8.91%,611,119.56,0.0%,2023,26.71%
2023-06-07,TSM,Equity,95.46260070800781,14367500,0.47%,-6.33%,-26.78%,611,93.67,0.82%,2023,43.21%
2023-06-08,AMD,Equity,121.05000305175781,65246900,2.73%,31.15%,-25.24%,612,131.15,2.13%,2023,130.26%
2023-06-08,AVGO,Equity,77.01951599121094,21909000,1.46%,102.45%,-1.05%,612,202.45,0.85%,2023,106.27%
2023-06-08,INTC,Equity,31.184371948242188,35199000,1.73%,-30.55%,-49.77%,612,69.45,1.12%,2023,92.38%
2023-06-08,NVDA,Equity,38.39216613769531,417772000,2.76%,194.28%,-3.98%,612,294.28,2.16%,2023,246.1%
2023-06-08,SPY,Benchmark,410.87286376953125,61952800,0.6%,20.28%,-8.36%,612,120.28,0.0%,2023,26.71%
2023-06-08,TSM,Equity,95.12945556640625,9074200,-0.35%,-6.66%,-27.04%,612,93.34,-0.95%,2023,43.21%
2023-06-09,AMD,Equity,124.91999816894531,75105000,3.2%,35.34%,-22.85%,613,135.34,3.02%,2023,130.26%
2023-06-09,AVGO,Equity,77.05975341796875,19241000,0.05%,102.56%,-1.0%,613,202.56,-0.13%,2023,106.27%
2023-06-09,INTC,Equity,30.713960647583008,40218000,-1.51%,-31.6%,-50.53%,613,68.4,-1.69%,2023,92.38%
2023-06-09,NVDA,Equity,38.65137481689453,427717000,0.68%,196.27%,-3.33%,613,296.27,0.5%,2023,246.1%
2023-06-09,SPY,Benchmark,411.6101379394531,85742800,0.18%,20.5%,-8.2%,613,120.5,0.0%,2023,26.71%
2023-06-09,TSM,Equity,97.851806640625,14902400,2.86%,-3.99%,-24.95%,613,96.01,2.68%,2023,43.21%
2023-06-12,AMD,Equity,129.19000244140625,85394700,3.42%,39.97%,-20.21%,614,139.97,2.51%,2023,130.26%
2023-06-12,AVGO,Equity,81.91919708251953,51065000,6.31%,115.33%,0.0%,614,215.33,5.4%,2023,106.27%
2023-06-12,INTC,Equity,32.40940475463867,59881600,5.52%,-27.82%,-47.8%,614,72.18,4.61%,2023,92.38%
2023-06-12,NVDA,Equity,39.36119079589844,388701000,1.84%,201.71%,-1.56%,614,301.71,0.93%,2023,246.1%
2023-06-12,SPY,Benchmark,415.3442687988281,76104300,0.91%,21.59%,-7.37%,614,121.59,0.0%,2023,26.71%
2023-06-12,TSM,Equity,101.90672302246094,20568100,4.14%,-0.01%,-21.84%,614,99.99,3.24%,2023,43.21%
2023-06-13,AMD,Equity,124.52999877929688,132461900,-3.61%,34.92%,-23.09%,615,134.92,-4.27%,2023,130.26%
2023-06-13,AVGO,Equity,81.51313018798828,38990000,-0.5%,114.26%,-0.5%,615,214.26,-1.15%,2023,106.27%
2023-06-13,INTC,Equity,33.23262023925781,51990000,2.54%,-25.99%,-46.47%,615,74.01,1.88%,2023,92.38%
2023-06-13,NVDA,Equity,40.89647674560547,613208000,3.9%,213.47%,0.0%,615,313.47,3.24%,2023,246.1%
2023-06-13,SPY,Benchmark,418.08258056640625,95899700,0.66%,22.39%,-6.76%,615,122.39,0.0%,2023,26.71%
2023-06-13,TSM,Equity,101.65923309326172,17858600,-0.24%,-0.25%,-22.03%,615,99.75,-0.9%,2023,43.21%
2023-06-14,AMD,Equity,127.33000183105469,95888100,2.25%,37.95%,-21.36%,616,137.95,2.13%,2023,130.26%
2023-06-14,AVGO,Equity,84.87086486816406,43524000,4.12%,123.09%,0.0%,616,223.09,4.0%,2023,106.27%
2023-06-14,INTC,Equity,34.869266510009766,74404300,4.92%,-22.35%,-43.83%,616,77.65,4.81%,2023,92.38%
2023-06-14,NVDA,Equity,42.865440368652344,740465000,4.81%,228.57%,0.0%,616,328.57,4.7%,2023,246.1%
2023-06-14,SPY,Benchmark,418.5804443359375,100612100,0.12%,22.54%,-6.64%,616,122.54,0.0%,2023,26.71%
2023-06-14,TSM,Equity,102.23988342285156,12862600,0.57%,0.32%,-21.58%,616,100.32,0.45%,2023,43.21%
2023-06-15,AMD,Equity,124.23999786376953,85587100,-2.43%,34.6%,-23.27%,617,134.6,-3.67%,2023,130.26%
2023-06-15,AVGO,Equity,84.60749816894531,33814000,-0.31%,122.4%,-0.31%,617,222.4,-1.55%,2023,106.27%
2023-06-15,INTC,Equity,35.10447311401367,67676300,0.67%,-21.82%,-43.46%,617,78.18,-0.57%,2023,92.38%
2023-06-15,NVDA,Equity,42.522491455078125,568622000,-0.8%,225.94%,-0.8%,617,325.94,-2.04%,2023,246.1%
2023-06-15,SPY,Benchmark,423.76983642578125,110303100,1.24%,24.06%,-5.49%,617,124.06,0.0%,2023,26.71%
2023-06-15,TSM,Equity,100.53656768798828,11987900,-1.67%,-1.35%,-22.89%,617,98.65,-2.91%,2023,43.21%
2023-06-16,AMD,Equity,120.08000183105469,82007100,-3.35%,30.1%,-25.84%,618,130.1,-3.01%,2023,130.26%
2023-06-16,AVGO,Equity,83.1402587890625,68299000,-1.73%,118.54%,-2.04%,618,218.54,-1.39%,2023,106.27%
2023-06-16,INTC,Equity,35.64347839355469,110240300,1.54%,-20.62%,-42.59%,618,79.38,1.88%,2023,92.38%
2023-06-16,NVDA,Equity,42.561370849609375,655709000,0.09%,226.24%,-0.71%,618,326.24,0.43%,2023,246.1%
2023-06-16,SPY,Benchmark,422.3264465332031,114165800,-0.34%,23.64%,-5.81%,618,123.64,0.0%,2023,26.71%
2023-06-16,TSM,Equity,99.9534912109375,11430800,-0.58%,-1.92%,-23.34%,618,98.08,-0.24%,2023,43.21%
2023-06-20,AMD,Equity,118.93000030517578,58851800,-0.96%,28.85%,-26.55%,619,128.85,-0.44%,2023,130.26%
2023-06-20,AVGO,Equity,83.13260650634766,27535000,-0.01%,118.52%,-2.05%,619,218.52,0.51%,2023,106.27%
2023-06-20,INTC,Equity,34.30084991455078,65970200,-3.77%,-23.61%,-44.75%,619,76.39,-3.25%,2023,92.38%
2023-06-20,NVDA,Equity,43.673954010009766,451153000,2.61%,234.76%,0.0%,619,334.76,3.13%,2023,246.1%
2023-06-20,SPY,Benchmark,420.1352844238281,76160400,-0.52%,22.99%,-6.3%,619,122.99,0.0%,2023,26.71%
2023-06-20,TSM,Equity,99.38954162597656,9295500,-0.56%,-2.48%,-23.77%,619,97.52,-0.05%,2023,43.21%
2023-06-21,AMD,Equity,112.11000061035156,82835600,-5.73%,21.46%,-30.76%,620,121.46,-5.22%,2023,130.26%
2023-06-21,AVGO,Equity,81.6142578125,23229000,-1.83%,114.53%,-3.84%,620,214.53,-1.31%,2023,106.27%
2023-06-21,INTC,Equity,32.2427978515625,70973500,-6.0%,-28.19%,-48.07%,620,71.81,-5.49%,2023,92.38%
2023-06-21,NVDA,Equity,42.913291931152344,551603000,-1.74%,228.93%,-1.74%,620,328.93,-1.23%,2023,246.1%
2023-06-21,SPY,Benchmark,417.982666015625,76982300,-0.51%,22.36%,-6.78%,620,122.36,0.0%,2023,26.71%
2023-06-21,TSM,Equity,97.15283966064453,9340400,-2.25%,-4.67%,-25.49%,620,95.33,-1.74%,2023,43.21%
2023-06-22,AMD,Equity,110.69999694824219,70754800,-1.26%,19.93%,-31.63%,621,119.93,-1.62%,2023,130.26%
2023-06-22,AVGO,Equity,81.1106948852539,23464000,-0.62%,113.21%,-4.43%,621,213.21,-0.98%,2023,106.27%
2023-06-22,INTC,Equity,32.05659103393555,45740300,-0.58%,-28.61%,-48.37%,621,71.39,-0.94%,2023,92.38%
2023-06-22,NVDA,Equity,42.89334487915039,417737000,-0.05%,228.78%,-1.79%,621,328.78,-0.41%,2023,246.1%
2023-06-22,SPY,Benchmark,419.4914245605469,70637200,0.36%,22.81%,-6.44%,621,122.81,0.0%,2023,26.71%
2023-06-22,TSM,Equity,98.57707214355469,8575900,1.47%,-3.27%,-24.39%,621,96.73,1.11%,2023,43.21%
2023-06-23,AMD,Equity,110.01000213623047,73622000,-0.62%,19.19%,-32.05%,622,119.19,0.13%,2023,130.26%
2023-06-23,AVGO,Equity,79.1581039428711,37413000,-2.41%,108.07%,-6.73%,622,208.07,-1.65%,2023,106.27%
2023-06-23,INTC,Equity,32.340797424316406,46327100,0.89%,-27.98%,-47.91%,622,72.02,1.64%,2023,92.38%
2023-06-23,NVDA,Equity,42.07984924316406,358140000,-1.9%,222.54%,-3.65%,622,322.54,-1.14%,2023,246.1%
2023-06-23,SPY,Benchmark,416.3200988769531,92074500,-0.76%,21.88%,-7.15%,622,121.88,0.0%,2023,26.71%
2023-06-23,TSM,Equity,97.41094970703125,8919000,-1.18%,-4.42%,-25.29%,622,95.58,-0.43%,2023,43.21%
2023-06-26,AMD,Equity,107.51000213623047,68557000,-2.27%,16.48%,-33.6%,623,116.48,-1.86%,2023,130.26%
2023-06-26,AVGO,Equity,79.10802459716797,21372000,-0.06%,107.94%,-6.79%,623,207.94,0.35%,2023,106.27%
2023-06-26,INTC,Equity,32.674007415771484,38952400,1.03%,-27.23%,-47.37%,623,72.77,1.44%,2023,92.38%
2023-06-26,NVDA,Equity,40.50767135620117,594322000,-3.74%,210.49%,-7.25%,623,310.49,-3.33%,2023,246.1%
2023-06-26,SPY,Benchmark,414.6191101074219,72823600,-0.41%,21.38%,-7.53%,623,121.38,0.0%,2023,26.71%
2023-06-26,TSM,Equity,95.69039154052734,8560000,-1.77%,-6.11%,-26.61%,623,93.89,-1.36%,2023,43.21%
2023-06-27,AMD,Equity,110.38999938964844,59381600,2.68%,19.6%,-31.82%,624,119.6,1.58%,2023,130.26%
2023-06-27,AVGO,Equity,81.68548583984375,24923000,3.26%,114.72%,-3.75%,624,214.72,2.16%,2023,106.27%
2023-06-27,INTC,Equity,33.418827056884766,33038900,2.28%,-25.58%,-46.17%,624,74.42,1.18%,2023,92.38%
2023-06-27,NVDA,Equity,41.74787139892578,462175000,3.06%,220.0%,-4.41%,624,320.0,1.97%,2023,246.1%
2023-06-27,SPY,Benchmark,419.1646728515625,72813700,1.1%,22.71%,-6.51%,624,122.71,0.0%,2023,26.71%
2023-06-27,TSM,Equity,97.57340240478516,9732000,1.97%,-4.26%,-25.16%,624,95.74,0.87%,2023,43.21%
2023-06-28,AMD,Equity,110.16999816894531,67534100,-0.2%,19.36%,-31.96%,625,119.36,-0.25%,2023,130.26%
2023-06-28,AVGO,Equity,81.64120483398438,19445000,-0.05%,114.6%,-3.81%,625,214.6,-0.1%,2023,106.27%
2023-06-28,INTC,Equity,32.899417877197266,33906900,-1.55%,-26.73%,-47.01%,625,73.27,-1.6%,2023,92.38%
2023-06-28,NVDA,Equity,40.99118423461914,582639000,-1.81%,214.2%,-6.14%,625,314.2,-1.86%,2023,246.1%
2023-06-28,SPY,Benchmark,419.37615966796875,75636000,0.05%,22.77%,-6.47%,625,122.77,0.0%,2023,26.71%
2023-06-28,TSM,Equity,96.46461486816406,8160900,-1.14%,-5.35%,-26.01%,625,94.65,-1.19%,2023,43.21%
2023-06-29,AMD,Equity,111.23999786376953,58347200,0.97%,20.52%,-31.3%,626,120.52,0.58%,2023,130.26%
2023-06-29,AVGO,Equity,83.04981231689453,23386000,1.73%,118.3%,-2.15%,626,218.3,1.33%,2023,106.27%
2023-06-29,INTC,Equity,32.25259780883789,38313000,-1.97%,-28.17%,-48.05%,626,71.83,-2.36%,2023,92.38%
2023-06-29,NVDA,Equity,40.69709014892578,380514000,-0.72%,211.95%,-6.82%,626,311.95,-1.11%,2023,246.1%
2023-06-29,SPY,Benchmark,421.0290832519531,67882300,0.39%,23.26%,-6.1%,626,123.26,0.0%,2023,26.71%
2023-06-29,TSM,Equity,96.19698333740234,7383900,-0.28%,-5.61%,-26.22%,626,94.39,-0.67%,2023,43.21%
2023-06-30,AMD,Equity,113.91000366210938,53378800,2.4%,23.41%,-29.65%,627,123.41,1.22%,2023,130.26%
2023-06-30,AVGO,Equity,83.51773834228516,23145000,0.56%,119.53%,-1.59%,627,219.53,-0.62%,2023,106.27%
2023-06-30,INTC,Equity,32.772010803222656,33811300,1.61%,-27.02%,-47.21%,627,72.98,0.43%,2023,92.38%
2023-06-30,NVDA,Equity,42.17256546020508,501148000,3.63%,223.26%,-3.44%,627,323.26,2.45%,2023,246.1%
2023-06-30,SPY,Benchmark,425.9975280761719,104964000,1.18%,24.71%,-4.99%,627,124.71,0.0%,2023,26.71%
2023-06-30,TSM,Equity,96.46461486816406,11704600,0.28%,-5.35%,-26.01%,627,94.65,-0.9%,2023,43.21%
2023-07-03,AMD,Equity,115.81999969482422,31860000,1.68%,25.48%,-28.47%,628,125.48,1.56%,2023,130.26%
2023-07-03,AVGO,Equity,84.38523864746094,9038000,1.04%,121.81%,-0.57%,628,221.81,0.92%,2023,106.27%
2023-07-03,INTC,Equity,32.94841384887695,15753000,0.54%,-26.62%,-46.93%,628,73.38,0.42%,2023,92.38%
2023-07-03,NVDA,Equity,42.28322219848633,198209000,0.26%,224.1%,-3.18%,628,324.1,0.15%,2023,246.1%
2023-07-03,SPY,Benchmark,426.4875793457031,32793400,0.12%,24.85%,-4.88%,628,124.85,0.0%,2023,26.71%
2023-07-03,TSM,Equity,98.59618377685547,5638400,2.21%,-3.25%,-24.38%,628,96.75,2.09%,2023,43.21%
2023-07-05,AMD,Equity,113.94999694824219,49501600,-1.61%,23.46%,-29.62%,629,123.46,-1.47%,2023,130.26%
2023-07-05,AVGO,Equity,82.98143768310547,14440000,-1.66%,118.12%,-2.23%,629,218.12,-1.51%,2023,106.27%
2023-07-05,INTC,Equity,31.860586166381836,37664700,-3.3%,-29.05%,-48.68%,629,70.95,-3.15%,2023,92.38%
2023-07-05,NVDA,Equity,42.18751525878906,323618000,-0.23%,223.37%,-3.4%,629,323.37,-0.08%,2023,246.1%
2023-07-05,SPY,Benchmark,425.8533630371094,58418400,-0.15%,24.67%,-5.02%,629,124.67,0.0%,2023,26.71%
2023-07-05,TSM,Equity,96.53153991699219,9010800,-2.09%,-5.28%,-25.96%,629,94.72,-1.95%,2023,43.21%
2023-07-06,AMD,Equity,113.4800033569336,42342000,-0.41%,22.95%,-29.91%,630,122.95,0.37%,2023,130.26%
2023-07-06,AVGO,Equity,81.6469955444336,23939000,-1.61%,114.62%,-3.8%,630,214.62,-0.83%,2023,106.27%
2023-07-06,INTC,Equity,31.331377029418945,41693600,-1.66%,-30.22%,-49.53%,630,69.78,-0.88%,2023,92.38%
2023-07-06,NVDA,Equity,41.97417449951172,303582000,-0.51%,221.73%,-3.89%,630,321.73,0.28%,2023,246.1%
2023-07-06,SPY,Benchmark,422.51861572265625,80658300,-0.78%,23.69%,-5.77%,630,123.69,0.0%,2023,26.71%
2023-07-06,TSM,Equity,95.02129364013672,9140800,-1.56%,-6.76%,-27.12%,630,93.24,-0.78%,2023,43.21%
2023-07-07,AMD,Equity,113.16999816894531,37211300,-0.27%,22.61%,-30.1%,631,122.61,-0.02%,2023,130.26%
2023-07-07,AVGO,Equity,81.52664947509766,19409000,-0.15%,114.3%,-3.94%,631,214.3,0.11%,2023,106.27%
2023-07-07,INTC,Equity,31.213775634765625,28356300,-0.38%,-30.49%,-49.72%,631,69.51,-0.12%,2023,92.38%
2023-07-07,NVDA,Equity,42.37294387817383,355881000,0.95%,224.79%,-2.98%,631,324.79,1.2%,2023,246.1%
2023-07-07,SPY,Benchmark,421.45184326171875,86134200,-0.25%,23.38%,-6.0%,631,123.38,0.0%,2023,26.71%
2023-07-07,TSM,Equity,95.80509948730469,8036600,0.82%,-5.99%,-26.52%,631,94.01,1.08%,2023,43.21%
2023-07-10,AMD,Equity,113.58000183105469,49330200,0.36%,23.06%,-29.85%,632,123.06,0.11%,2023,130.26%
2023-07-10,AVGO,Equity,84.50944519042969,30622000,3.66%,122.14%,-0.43%,632,222.14,3.41%,2023,106.27%
2023-07-10,INTC,Equity,32.08599853515625,36305700,2.79%,-28.54%,-48.32%,632,71.46,2.54%,2023,92.38%
2023-07-10,NVDA,Equity,42.050933837890625,353908000,-0.76%,222.32%,-3.72%,632,322.32,-1.01%,2023,246.1%
2023-07-10,SPY,Benchmark,422.51861572265625,62443500,0.25%,23.69%,-5.77%,632,123.69,0.0%,2023,26.71%
2023-07-10,TSM,Equity,95.36540985107422,8041600,-0.46%,-6.42%,-26.86%,632,93.58,-0.71%,2023,43.21%
2023-07-11,AMD,Equity,111.31999969482422,59899500,-1.99%,20.61%,-31.25%,633,120.61,-2.63%,2023,130.26%
2023-07-11,AVGO,Equity,84.92538452148438,25498000,0.49%,123.23%,0.0%,633,223.23,-0.14%,2023,106.27%
2023-07-11,INTC,Equity,32.63480758666992,28148800,1.71%,-27.32%,-47.43%,633,72.68,1.07%,2023,92.38%
2023-07-11,NVDA,Equity,42.275238037109375,298244000,0.53%,224.04%,-3.2%,633,324.04,-0.1%,2023,246.1%
2023-07-11,SPY,Benchmark,425.20953369140625,64463800,0.64%,24.48%,-5.17%,633,124.48,0.0%,2023,26.71%
2023-07-11,TSM,Equity,96.78961944580078,7677800,1.49%,-5.03%,-25.76%,633,94.97,0.86%,2023,43.21%
2023-07-12,AMD,Equity,114.58000183105469,57993100,2.93%,24.14%,-29.23%,634,124.14,2.12%,2023,130.26%
2023-07-12,AVGO,Equity,85.68601989746094,28197000,0.9%,125.23%,0.0%,634,225.23,0.09%,2023,106.27%
2023-07-12,INTC,Equity,33.30122756958008,37762200,2.04%,-25.84%,-46.36%,634,74.16,1.24%,2023,92.38%
2023-07-12,NVDA,Equity,43.76766586303711,481277000,3.53%,235.48%,0.0%,634,335.48,2.73%,2023,246.1%
2023-07-12,SPY,Benchmark,428.630615234375,91924500,0.8%,25.48%,-4.4%,634,125.48,0.0%,2023,26.71%
2023-07-12,TSM,Equity,99.31307220458984,10202000,2.61%,-2.55%,-23.83%,634,97.45,1.8%,2023,43.21%
2023-07-13,AMD,Equity,115.91999816894531,49206700,1.17%,25.59%,-28.4%,635,125.59,0.38%,2023,130.26%
2023-07-13,AVGO,Equity,85.72547149658203,25912000,0.05%,125.34%,0.0%,635,225.34,-0.75%,2023,106.27%
2023-07-13,INTC,Equity,33.19342041015625,32745800,-0.32%,-26.08%,-46.53%,635,73.92,-1.12%,2023,92.38%
2023-07-13,NVDA,Equity,45.83631896972656,478204000,4.73%,251.34%,0.0%,635,351.34,3.93%,2023,246.1%
2023-07-13,SPY,Benchmark,432.0326843261719,72425200,0.79%,26.48%,-3.64%,635,126.48,0.0%,2023,26.71%
2023-07-13,TSM,Equity,100.90934753417969,9265900,1.61%,-0.98%,-22.6%,635,99.02,0.81%,2023,43.21%
2023-07-14,AMD,Equity,115.94000244140625,91927200,0.02%,25.61%,-28.39%,636,125.61,0.08%,2023,130.26%
2023-07-14,AVGO,Equity,85.55410766601562,18510000,-0.2%,124.89%,-0.2%,636,224.89,-0.14%,2023,106.27%
2023-07-14,INTC,Equity,32.4878044128418,30438700,-2.13%,-27.65%,-47.67%,636,72.35,-2.06%,2023,92.38%
2023-07-14,NVDA,Equity,45.329872131347656,772075000,-1.1%,247.46%,-1.1%,636,347.46,-1.04%,2023,246.1%
2023-07-14,SPY,Benchmark,431.7635192871094,69815800,-0.06%,26.4%,-3.7%,636,126.4,0.0%,2023,26.71%
2023-07-14,TSM,Equity,100.49832916259766,9518300,-0.41%,-1.39%,-22.92%,636,98.61,-0.35%,2023,43.21%
2023-07-17,AMD,Equity,118.31999969482422,68593300,2.05%,28.19%,-26.92%,637,128.19,1.71%,2023,130.26%
2023-07-17,AVGO,Equity,87.65016174316406,26819000,2.45%,130.4%,0.0%,637,230.4,2.1%,2023,106.27%
2023-07-17,INTC,Equity,33.683433532714844,34111200,3.68%,-24.99%,-45.74%,637,75.01,3.33%,2023,92.38%
2023-07-17,NVDA,Equity,46.31883239746094,510488000,2.18%,255.04%,0.0%,637,355.04,1.83%,2023,246.1%
2023-07-17,SPY,Benchmark,433.2627258300781,52680200,0.35%,26.84%,-3.37%,637,126.84,0.0%,2023,26.71%
2023-07-17,TSM,Equity,100.16377258300781,10722600,-0.33%,-1.72%,-23.18%,637,98.28,-0.68%,2023,43.21%
2023-07-18,AMD,Equity,117.93000030517578,57980100,-0.33%,27.77%,-27.16%,638,127.77,-1.07%,2023,130.26%
2023-07-18,AVGO,Equity,86.98388671875,24513000,-0.76%,128.64%,-0.76%,638,228.64,-1.5%,2023,106.27%
2023-07-18,INTC,Equity,33.81083679199219,29662200,0.38%,-24.7%,-45.54%,638,75.3,-0.36%,2023,92.38%
2023-07-18,NVDA,Equity,47.34867477416992,569164000,2.22%,262.93%,0.0%,638,362.93,1.48%,2023,246.1%
2023-07-18,SPY,Benchmark,436.48211669921875,80668200,0.74%,27.78%,-2.65%,638,127.78,0.0%,2023,26.71%
2023-07-18,TSM,Equity,98.59618377685547,10343600,-1.57%,-3.25%,-24.38%,638,96.75,-2.31%,2023,43.21%
2023-07-19,AMD,Equity,116.43000030517578,70363100,-1.27%,26.14%,-28.09%,639,126.14,-1.49%,2023,130.26%
2023-07-19,AVGO,Equity,86.7855453491211,24118000,-0.23%,128.12%,-0.99%,639,228.12,-0.45%,2023,106.27%
2023-07-19,INTC,Equity,33.77164077758789,26486700,-0.12%,-24.79%,-45.6%,639,75.21,-0.34%,2023,92.38%
2023-07-19,NVDA,Equity,46.932952880859375,427502000,-0.88%,259.74%,-0.88%,639,359.74,-1.1%,2023,246.1%
2023-07-19,SPY,Benchmark,437.4527893066406,65891700,0.22%,28.06%,-2.44%,639,128.06,0.0%,2023,26.71%
2023-07-19,TSM,Equity,98.5101547241211,11204800,-0.09%,-3.34%,-24.44%,639,96.66,-0.31%,2023,43.21%
2023-07-20,AMD,Equity,110.25,76340400,-5.31%,19.45%,-31.91%,640,119.45,-4.64%,2023,130.26%
2023-07-20,AVGO,Equity,85.53099060058594,28268000,-1.45%,124.82%,-2.42%,640,224.82,-0.78%,2023,106.27%
2023-07-20,INTC,Equity,32.703407287597656,37878000,-3.16%,-27.17%,-47.32%,640,72.83,-2.5%,2023,92.38%
2023-07-20,NVDA,Equity,45.380714416503906,537865000,-3.31%,247.85%,-4.16%,640,347.85,-2.64%,2023,246.1%
2023-07-20,SPY,Benchmark,434.5505065917969,70591600,-0.66%,27.21%,-3.08%,640,127.21,0.0%,2023,26.71%
2023-07-20,TSM,Equity,93.53971862792969,22810200,-5.05%,-8.22%,-28.26%,640,91.78,-4.38%,2023,43.21%
2023-07-21,AMD,Equity,110.94999694824219,76815400,0.63%,20.21%,-31.47%,641,120.21,0.63%,2023,130.26%
2023-07-21,AVGO,Equity,86.34072875976562,74287000,0.95%,126.95%,-1.49%,641,226.95,0.95%,2023,106.27%
2023-07-21,INTC,Equity,33.340431213378906,79737000,1.95%,-25.75%,-46.3%,641,74.25,1.95%,2023,92.38%
2023-07-21,NVDA,Equity,44.17341995239258,963769000,-2.66%,238.59%,-6.71%,641,338.59,-2.66%,2023,246.1%
2023-07-21,SPY,Benchmark,434.5505065917969,71275600,0.0%,27.21%,-3.08%,641,127.21,0.0%,2023,26.71%
2023-07-21,TSM,Equity,92.95664978027344,15381200,-0.62%,-8.79%,-28.7%,641,91.21,-0.62%,2023,43.21%
2023-07-24,AMD,Equity,110.61000061035156,45583600,-0.31%,19.84%,-31.68%,642,119.84,-0.75%,2023,130.26%
2023-07-24,AVGO,Equity,86.8067398071289,19992000,0.54%,128.18%,-0.96%,642,228.18,0.09%,2023,106.27%
2023-07-24,INTC,Equity,32.95821762084961,25225800,-1.15%,-26.6%,-46.91%,642,73.4,-1.59%,2023,92.38%
2023-07-24,NVDA,Equity,44.47549819946289,382516000,0.68%,240.91%,-6.07%,642,340.91,0.24%,2023,246.1%
2023-07-24,SPY,Benchmark,436.49169921875,54023400,0.45%,27.78%,-2.65%,642,127.78,0.0%,2023,26.71%
2023-07-24,TSM,Equity,93.9124984741211,9054900,1.03%,-7.85%,-27.97%,642,92.15,0.58%,2023,43.21%
2023-07-25,AMD,Equity,113.0,44916300,2.16%,22.43%,-30.21%,643,122.43,1.89%,2023,130.26%
2023-07-25,AVGO,Equity,88.3857421875,20042000,1.82%,132.33%,0.0%,643,232.33,1.55%,2023,106.27%
2023-07-25,INTC,Equity,33.418827056884766,31771100,1.4%,-25.58%,-46.17%,643,74.42,1.12%,2023,92.38%
2023-07-25,NVDA,Equity,45.53923034667969,348081000,2.39%,249.06%,-3.82%,643,349.06,2.12%,2023,246.1%
2023-07-25,SPY,Benchmark,437.6834411621094,55191200,0.27%,28.13%,-2.38%,643,128.13,0.0%,2023,26.71%
2023-07-25,TSM,Equity,95.89112091064453,9202200,2.11%,-5.91%,-26.45%,643,94.09,1.83%,2023,43.21%
2023-07-26,AMD,Equity,110.08999633789062,51721700,-2.58%,19.27%,-32.01%,644,119.27,-2.59%,2023,130.26%
2023-07-26,AVGO,Equity,85.98834228515625,19877000,-2.71%,126.03%,-2.71%,644,226.03,-2.73%,2023,106.27%
2023-07-26,INTC,Equity,33.67363357543945,32643200,0.76%,-25.01%,-45.76%,644,74.99,0.75%,2023,92.38%
2023-07-26,NVDA,Equity,45.312923431396484,364237000,-0.5%,247.33%,-4.3%,644,347.33,-0.51%,2023,246.1%
2023-07-26,SPY,Benchmark,437.75067138671875,71052900,0.02%,28.15%,-2.37%,644,128.15,0.0%,2023,26.71%
2023-07-26,TSM,Equity,95.02129364013672,8993500,-0.91%,-6.76%,-27.12%,644,93.24,-0.92%,2023,43.21%
2023-07-27,AMD,Equity,111.0999984741211,70678000,0.92%,20.37%,-31.38%,645,120.37,1.58%,2023,130.26%
2023-07-27,AVGO,Equity,86.03070068359375,21922000,0.05%,126.14%,-2.66%,645,226.14,0.71%,2023,106.27%
2023-07-27,INTC,Equity,33.85983657836914,58890800,0.55%,-24.59%,-45.46%,645,75.41,1.22%,2023,92.38%
2023-07-27,NVDA,Equity,45.75955581665039,455976000,0.99%,250.75%,-3.36%,645,350.75,1.65%,2023,246.1%
2023-07-27,SPY,Benchmark,434.848388671875,92194400,-0.66%,27.3%,-3.02%,645,127.3,0.0%,2023,26.71%
2023-07-27,TSM,Equity,94.96394348144531,8049800,-0.06%,-6.82%,-27.16%,645,93.18,0.6%,2023,43.21%
2023-07-28,AMD,Equity,112.95999908447266,55526000,1.67%,22.38%,-30.23%,646,122.38,0.7%,2023,130.26%
2023-07-28,AVGO,Equity,86.63343048095703,18791000,0.7%,127.72%,-1.98%,646,227.72,-0.28%,2023,106.27%
2023-07-28,INTC,Equity,36.09429168701172,90863000,6.6%,-19.62%,-41.86%,646,80.38,5.62%,2023,92.38%
2023-07-28,NVDA,Equity,46.60695266723633,331194000,1.85%,257.25%,-1.57%,646,357.25,0.87%,2023,246.1%
2023-07-28,SPY,Benchmark,439.10577392578125,80011800,0.98%,28.55%,-2.07%,646,128.55,0.0%,2023,26.71%
2023-07-28,TSM,Equity,96.40727996826172,6758700,1.52%,-5.4%,-26.06%,646,94.6,0.54%,2023,43.21%
2023-07-31,AMD,Equity,114.4000015258789,54187300,1.27%,23.94%,-29.34%,647,123.94,1.08%,2023,130.26%
2023-07-31,AVGO,Equity,86.52367401123047,14952000,-0.13%,127.43%,-2.11%,647,227.43,-0.32%,2023,106.27%
2023-07-31,INTC,Equity,35.05546569824219,55630700,-2.88%,-21.93%,-43.53%,647,78.07,-3.07%,2023,92.38%
2023-07-31,NVDA,Equity,46.58601379394531,251055000,-0.04%,257.09%,-1.61%,647,357.09,-0.24%,2023,246.1%
2023-07-31,SPY,Benchmark,439.94183349609375,62040400,0.19%,28.79%,-1.88%,647,128.79,0.0%,2023,26.71%
2023-07-31,TSM,Equity,94.77276611328125,8647900,-1.7%,-7.01%,-27.31%,647,92.99,-1.89%,2023,43.21%
2023-08-01,AMD,Equity,117.5999984741211,95279300,2.8%,27.41%,-27.37%,648,127.41,3.08%,2023,130.26%
2023-08-01,AVGO,Equity,88.57926940917969,19683000,2.38%,132.84%,0.0%,648,232.84,2.66%,2023,106.27%
2023-08-01,INTC,Equity,35.084869384765625,24702200,0.08%,-21.87%,-43.49%,648,78.13,0.37%,2023,92.38%
2023-08-01,NVDA,Equity,46.36469650268555,237858000,-0.48%,255.39%,-2.08%,648,355.39,-0.19%,2023,246.1%
2023-08-01,SPY,Benchmark,438.682861328125,55291500,-0.29%,28.42%,-2.16%,648,128.42,0.0%,2023,26.71%
2023-08-01,TSM,Equity,94.05587768554688,6428500,-0.76%,-7.71%,-27.86%,648,92.29,-0.47%,2023,43.21%
2023-08-02,AMD,Equity,109.3499984741211,173372000,-7.02%,18.47%,-32.46%,649,118.47,-5.62%,2023,130.26%
2023-08-02,AVGO,Equity,85.91226196289062,26877000,-3.01%,125.83%,-3.01%,649,225.83,-1.62%,2023,106.27%
2023-08-02,INTC,Equity,33.703033447265625,39052000,-3.94%,-24.94%,-45.71%,649,75.06,-2.55%,2023,92.38%
2023-08-02,NVDA,Equity,44.133541107177734,530142000,-4.81%,238.29%,-6.79%,649,338.29,-3.42%,2023,246.1%
2023-08-02,SPY,Benchmark,432.5804138183594,93933400,-1.39%,26.64%,-3.52%,649,126.64,0.0%,2023,26.71%
2023-08-02,TSM,Equity,91.47505950927734,9820900,-2.74%,-10.24%,-29.84%,649,89.76,-1.35%,2023,43.21%
2023-08-03,AMD,Equity,113.1500015258789,90605400,3.48%,22.59%,-30.12%,650,122.59,3.76%,2023,130.26%
2023-08-03,AVGO,Equity,85.20748901367188,18281000,-0.82%,123.97%,-3.81%,650,223.97,-0.53%,2023,106.27%
2023-08-03,INTC,Equity,34.17344665527344,24817900,1.4%,-23.89%,-44.96%,650,76.11,1.68%,2023,92.38%
2023-08-03,NVDA,Equity,44.3787841796875,324176000,0.56%,240.17%,-6.27%,650,340.17,0.84%,2023,246.1%
2023-08-03,SPY,Benchmark,431.3407287597656,64276100,-0.29%,26.27%,-3.8%,650,126.27,0.0%,2023,26.71%
2023-08-03,TSM,Equity,90.78688049316406,8571700,-0.75%,-10.92%,-30.37%,650,89.08,-0.47%,2023,43.21%
2023-08-04,AMD,Equity,115.81999969482422,83169700,2.36%,25.48%,-28.47%,651,125.48,2.81%,2023,130.26%
2023-08-04,AVGO,Equity,84.88687133789062,21156000,-0.38%,123.13%,-4.17%,651,223.13,0.08%,2023,106.27%
2023-08-04,INTC,Equity,34.56195068359375,26674900,1.14%,-23.03%,-44.33%,651,76.97,1.59%,2023,92.38%
2023-08-04,NVDA,Equity,44.54328155517578,362666000,0.37%,241.43%,-5.92%,651,341.43,0.82%,2023,246.1%
2023-08-04,SPY,Benchmark,429.389892578125,100128900,-0.45%,25.7%,-4.23%,651,125.7,0.0%,2023,26.71%
2023-08-04,TSM,Equity,91.914794921875,7562600,1.24%,-9.81%,-29.5%,651,90.19,1.69%,2023,43.21%
2023-08-07,AMD,Equity,116.80999755859375,65854800,0.85%,26.55%,-27.85%,652,126.55,-0.02%,2023,130.26%
2023-08-07,AVGO,Equity,86.37056732177734,11146000,1.75%,127.03%,-2.49%,652,227.03,0.88%,2023,106.27%
2023-08-07,INTC,Equity,34.65046691894531,22486900,0.26%,-22.83%,-44.19%,652,77.17,-0.62%,2023,92.38%
2023-08-07,NVDA,Equity,45.27803421020508,322154000,1.65%,247.06%,-4.37%,652,347.06,0.78%,2023,246.1%
2023-08-07,SPY,Benchmark,433.1378173828125,58357500,0.87%,26.8%,-3.4%,652,126.8,0.0%,2023,26.71%
2023-08-07,TSM,Equity,92.09638977050781,6601400,0.2%,-9.63%,-29.36%,652,90.37,-0.68%,2023,43.21%
2023-08-08,AMD,Equity,113.2300033569336,54141800,-3.06%,22.68%,-30.07%,653,122.68,-2.63%,2023,130.26%
2023-08-08,AVGO,Equity,85.03225708007812,14081000,-1.55%,123.51%,-4.0%,653,223.51,-1.11%,2023,106.27%
2023-08-08,INTC,Equity,34.44392395019531,34753600,-0.6%,-23.29%,-44.52%,653,76.71,-0.16%,2023,92.38%
2023-08-08,NVDA,Equity,44.527339935302734,353843000,-1.66%,241.31%,-5.96%,653,341.31,-1.22%,2023,246.1%
2023-08-08,SPY,Benchmark,431.25421142578125,71361300,-0.43%,26.25%,-3.82%,653,126.25,0.0%,2023,26.71%
2023-08-08,TSM,Equity,90.31849670410156,7659000,-1.93%,-11.38%,-30.73%,653,88.62,-1.5%,2023,43.21%
2023-08-09,AMD,Equity,110.47000122070312,56257100,-2.44%,19.69%,-31.77%,654,119.69,-1.77%,2023,130.26%
2023-08-09,AVGO,Equity,81.90982818603516,24672000,-3.67%,115.31%,-7.53%,654,215.31,-3.0%,2023,106.27%
2023-08-09,INTC,Equity,33.716094970703125,28720200,-2.11%,-24.91%,-45.69%,654,75.09,-1.44%,2023,92.38%
2023-08-09,NVDA,Equity,42.423797607421875,586449000,-4.72%,225.18%,-10.4%,654,325.18,-4.06%,2023,246.1%
2023-08-09,SPY,Benchmark,428.3712158203125,78789600,-0.67%,25.41%,-4.46%,654,125.41,0.0%,2023,26.71%
2023-08-09,TSM,Equity,89.8310317993164,6426900,-0.54%,-11.86%,-31.1%,654,88.14,0.13%,2023,43.21%
2023-08-10,AMD,Equity,110.2300033569336,57297800,-0.22%,19.43%,-31.92%,655,119.43,-0.25%,2023,130.26%
2023-08-10,AVGO,Equity,81.15594482421875,20186000,-0.92%,113.32%,-8.38%,655,213.32,-0.96%,2023,106.27%
2023-08-10,INTC,Equity,34.10951614379883,30957300,1.17%,-24.04%,-45.06%,655,75.96,1.13%,2023,92.38%
2023-08-10,NVDA,Equity,42.25830078125,492705000,-0.39%,223.91%,-10.75%,655,323.91,-0.43%,2023,246.1%
2023-08-10,SPY,Benchmark,428.5249328613281,93005500,0.04%,25.45%,-4.43%,655,125.45,0.0%,2023,26.71%
2023-08-10,TSM,Equity,90.61481475830078,7459600,0.87%,-11.09%,-30.5%,655,88.91,0.84%,2023,43.21%
2023-08-11,AMD,Equity,107.56999969482422,55667700,-2.41%,16.54%,-33.56%,656,116.54,-2.35%,2023,130.26%
2023-08-11,AVGO,Equity,79.89080810546875,20331000,-1.56%,110.0%,-9.81%,656,210.0,-1.5%,2023,106.27%
2023-08-11,INTC,Equity,34.31605911254883,28783700,0.61%,-23.58%,-44.73%,656,76.42,0.66%,2023,92.38%
2023-08-11,NVDA,Equity,40.729984283447266,533085000,-3.62%,212.2%,-13.98%,656,312.2,-3.56%,2023,246.1%
2023-08-11,SPY,Benchmark,428.27508544921875,68690900,-0.06%,25.38%,-4.48%,656,125.38,0.0%,2023,26.71%
2023-08-11,TSM,Equity,87.92887878417969,10658400,-2.96%,-13.72%,-32.56%,656,86.28,-2.91%,2023,43.21%
2023-08-14,AMD,Equity,111.9800033569336,57421800,4.1%,21.32%,-30.84%,657,121.32,3.55%,2023,130.26%
2023-08-14,AVGO,Equity,82.23431396484375,17688000,2.93%,116.16%,-7.16%,657,216.16,2.38%,2023,106.27%
2023-08-14,INTC,Equity,35.09306716918945,36896100,2.26%,-21.85%,-43.47%,657,78.15,1.71%,2023,92.38%
2023-08-14,NVDA,Equity,43.619117736816406,690286000,7.09%,234.34%,-7.88%,657,334.34,6.54%,2023,246.1%
2023-08-14,SPY,Benchmark,430.63916015625,47867400,0.55%,26.07%,-3.96%,657,126.07,0.0%,2023,26.71%
2023-08-14,TSM,Equity,88.96118927001953,7489700,1.17%,-12.71%,-31.77%,657,87.29,0.62%,2023,43.21%
2023-08-15,AMD,Equity,111.3499984741211,53816600,-0.56%,20.64%,-31.23%,658,120.64,0.6%,2023,130.26%
2023-08-15,AVGO,Equity,81.11935424804688,14035000,-1.36%,113.23%,-8.42%,658,213.23,-0.19%,2023,106.27%
2023-08-15,INTC,Equity,34.198036193847656,27420300,-2.55%,-23.84%,-44.92%,658,76.16,-1.39%,2023,92.38%
2023-08-15,NVDA,Equity,43.805545806884766,676512000,0.43%,235.77%,-7.48%,658,335.77,1.59%,2023,246.1%
2023-08-15,SPY,Benchmark,425.6227111816406,75707500,-1.16%,24.6%,-5.07%,658,124.6,0.0%,2023,26.71%
2023-08-15,TSM,Equity,87.6325454711914,6069500,-1.49%,-14.01%,-32.79%,658,85.99,-0.33%,2023,43.21%
2023-08-16,AMD,Equity,107.19000244140625,54327300,-3.74%,16.13%,-33.8%,659,116.13,-3.0%,2023,130.26%
2023-08-16,AVGO,Equity,80.2018051147461,16003000,-1.13%,110.82%,-9.46%,659,210.82,-0.4%,2023,106.27%
2023-08-16,INTC,Equity,32.978431701660156,35757300,-3.57%,-26.56%,-46.88%,659,73.44,-2.83%,2023,92.38%
2023-08-16,NVDA,Equity,43.35293960571289,527451000,-1.03%,232.3%,-8.44%,659,332.3,-0.3%,2023,246.1%
2023-08-16,SPY,Benchmark,422.4993896484375,80107200,-0.73%,23.69%,-5.77%,659,123.69,0.0%,2023,26.71%
2023-08-16,TSM,Equity,87.72813415527344,7439500,0.11%,-13.92%,-32.71%,659,86.08,0.84%,2023,43.21%
2023-08-17,AMD,Equity,104.44000244140625,59064300,-2.57%,13.15%,-35.5%,660,113.15,-1.8%,2023,130.26%
2023-08-17,AVGO,Equity,79.63468170166016,19228000,-0.71%,109.33%,-10.1%,660,209.33,0.05%,2023,106.27%
2023-08-17,INTC,Equity,32.044063568115234,39906700,-2.83%,-28.64%,-48.39%,660,71.36,-2.07%,2023,92.38%
2023-08-17,NVDA,Equity,43.21137619018555,452395000,-0.33%,231.22%,-8.74%,660,331.22,0.44%,2023,246.1%
2023-08-17,SPY,Benchmark,419.2801513671875,95711300,-0.76%,22.74%,-6.49%,660,122.74,0.0%,2023,26.71%
2023-08-17,TSM,Equity,87.59431457519531,7712500,-0.15%,-14.05%,-32.82%,660,85.95,0.61%,2023,43.21%
2023-08-18,AMD,Equity,105.44999694824219,59916700,0.97%,14.25%,-34.87%,661,114.25,0.92%,2023,130.26%
2023-08-18,AVGO,Equity,79.51338195800781,17759000,-0.15%,109.01%,-10.23%,661,209.01,-0.2%,2023,106.27%
2023-08-18,INTC,Equity,32.211265563964844,23701100,0.52%,-28.26%,-48.12%,661,71.74,0.47%,2023,92.38%
2023-08-18,NVDA,Equity,43.16651153564453,583768000,-0.1%,230.87%,-8.83%,661,330.87,-0.15%,2023,246.1%
2023-08-18,SPY,Benchmark,419.4818420410156,98852000,0.05%,22.8%,-6.44%,661,122.8,0.0%,2023,26.71%
2023-08-18,TSM,Equity,87.07815551757812,9066200,-0.59%,-14.56%,-33.21%,661,85.44,-0.64%,2023,43.21%
2023-08-21,AMD,Equity,108.22000122070312,49319200,2.63%,17.25%,-33.16%,662,117.25,1.98%,2023,130.26%
2023-08-21,AVGO,Equity,83.29724884033203,30012000,4.76%,118.95%,-5.96%,662,218.95,4.11%,2023,106.27%
2023-08-21,INTC,Equity,32.5948486328125,43718200,1.19%,-27.41%,-47.5%,662,72.59,0.54%,2023,92.38%
2023-08-21,NVDA,Equity,46.82328796386719,692573000,8.47%,258.9%,-1.11%,662,358.9,7.82%,2023,246.1%
2023-08-21,SPY,Benchmark,422.2110900878906,68719000,0.65%,23.6%,-5.83%,662,123.6,0.0%,2023,26.71%
2023-08-21,TSM,Equity,88.47370147705078,8618300,1.6%,-13.19%,-32.14%,662,86.81,0.95%,2023,43.21%
2023-08-22,AMD,Equity,105.66000366210938,47295200,-2.37%,14.47%,-34.74%,663,114.47,-2.09%,2023,130.26%
2023-08-22,AVGO,Equity,82.39701080322266,17079000,-1.08%,116.59%,-6.98%,663,216.59,-0.81%,2023,106.27%
2023-08-22,INTC,Equity,32.34896469116211,23425300,-0.75%,-27.96%,-47.89%,663,72.04,-0.48%,2023,92.38%
2023-08-22,NVDA,Equity,45.52825927734375,755293000,-2.77%,248.98%,-3.84%,663,348.98,-2.49%,2023,246.1%
2023-08-22,SPY,Benchmark,421.0675048828125,64994200,-0.27%,23.27%,-6.09%,663,123.27,0.0%,2023,26.71%
2023-08-22,TSM,Equity,88.16783905029297,7059000,-0.35%,-13.49%,-32.38%,663,86.51,-0.07%,2023,43.21%
2023-08-23,AMD,Equity,109.43000030517578,54656300,3.57%,18.56%,-32.41%,664,118.56,2.45%,2023,130.26%
2023-08-23,AVGO,Equity,84.39872741699219,19692000,2.43%,121.85%,-4.72%,664,221.85,1.32%,2023,106.27%
2023-08-23,INTC,Equity,33.4210319519043,32324300,3.31%,-25.57%,-46.17%,664,74.43,2.2%,2023,92.38%
2023-08-23,NVDA,Equity,46.971832275390625,779046000,3.17%,260.04%,-0.8%,664,360.04,2.06%,2023,246.1%
2023-08-23,SPY,Benchmark,425.7572326660156,68441000,1.11%,24.64%,-5.04%,664,124.64,0.0%,2023,26.71%
2023-08-23,TSM,Equity,90.0604248046875,10362600,2.15%,-11.63%,-30.93%,664,88.37,1.03%,2023,43.21%
2023-08-24,AMD,Equity,101.80000305175781,109179100,-6.97%,10.29%,-37.13%,665,110.29,-5.59%,2023,130.26%
2023-08-24,AVGO,Equity,82.26895904541016,30934000,-2.52%,116.25%,-7.12%,665,216.25,-1.14%,2023,106.27%
2023-08-24,INTC,Equity,32.05389404296875,37931000,-4.09%,-28.62%,-48.37%,665,71.38,-2.7%,2023,92.38%
2023-08-24,NVDA,Equity,47.01869583129883,1156044000,0.1%,260.4%,-0.7%,665,360.4,1.49%,2023,246.1%
2023-08-24,SPY,Benchmark,419.8566589355469,88517300,-1.39%,22.91%,-6.36%,665,122.91,0.0%,2023,26.71%
2023-08-24,TSM,Equity,88.44503784179688,12254400,-1.79%,-13.22%,-32.16%,665,86.78,-0.41%,2023,43.21%
2023-08-25,AMD,Equity,102.25,74793100,0.44%,10.78%,-36.85%,666,110.78,-0.26%,2023,130.26%
2023-08-25,AVGO,Equity,82.0147705078125,24181000,-0.31%,115.58%,-7.41%,666,215.58,-1.01%,2023,106.27%
2023-08-25,INTC,Equity,32.703041076660156,27324800,2.03%,-27.17%,-47.32%,666,72.83,1.32%,2023,92.38%
2023-08-25,NVDA,Equity,45.877193450927734,925341000,-2.43%,251.65%,-3.11%,666,351.65,-3.13%,2023,246.1%
2023-08-25,SPY,Benchmark,422.81658935546875,102325100,0.7%,23.78%,-5.7%,666,123.78,0.0%,2023,26.71%
2023-08-25,TSM,Equity,88.98986053466797,10356000,0.62%,-12.68%,-31.75%,666,87.32,-0.09%,2023,43.21%
2023-08-28,AMD,Equity,102.61000061035156,55386800,0.35%,11.17%,-36.63%,667,111.17,-0.28%,2023,130.26%
2023-08-28,AVGO,Equity,82.90635681152344,14306000,1.09%,117.93%,-6.4%,667,217.93,0.45%,2023,106.27%
2023-08-28,INTC,Equity,33.066951751708984,22341800,1.11%,-26.36%,-46.74%,667,73.64,0.48%,2023,92.38%
2023-08-28,NVDA,Equity,46.69169235229492,685192000,1.78%,257.9%,-1.39%,667,357.9,1.14%,2023,246.1%
2023-08-28,SPY,Benchmark,425.4977722167969,61595400,0.63%,24.56%,-5.1%,667,124.56,0.0%,2023,26.71%
2023-08-28,TSM,Equity,89.85013580322266,5174800,0.97%,-11.84%,-31.09%,667,88.16,0.33%,2023,43.21%
2023-08-29,AMD,Equity,105.91999816894531,50850300,3.23%,14.76%,-34.58%,668,114.76,1.78%,2023,130.26%
2023-08-29,AVGO,Equity,85.68408966064453,27822000,3.35%,125.23%,-3.27%,668,225.23,1.9%,2023,106.27%
2023-08-29,INTC,Equity,33.74560546875,29943600,2.05%,-24.85%,-45.64%,668,75.15,0.61%,2023,92.38%
2023-08-29,NVDA,Equity,48.634727478027344,701397000,4.16%,272.79%,0.0%,668,372.79,2.72%,2023,246.1%
2023-08-29,SPY,Benchmark,431.6482238769531,83081900,1.45%,26.36%,-3.73%,668,126.36,0.0%,2023,26.71%
2023-08-29,TSM,Equity,90.88245391845703,8910300,1.15%,-10.82%,-30.3%,668,89.18,-0.3%,2023,43.21%
2023-08-30,AMD,Equity,106.58999633789062,54847300,0.63%,15.48%,-34.17%,669,115.48,0.22%,2023,130.26%
2023-08-30,AVGO,Equity,85.91033935546875,23234000,0.26%,125.82%,-3.01%,669,225.82,-0.15%,2023,106.27%
2023-08-30,INTC,Equity,33.96198272705078,26279200,0.64%,-24.37%,-45.3%,669,75.63,0.23%,2023,92.38%
2023-08-30,NVDA,Equity,49.11326217651367,735206000,0.98%,276.46%,0.0%,669,376.46,0.57%,2023,246.1%
2023-08-30,SPY,Benchmark,433.4261169433594,69053900,0.41%,26.89%,-3.33%,669,126.89,0.0%,2023,26.71%
2023-08-30,TSM,Equity,90.595703125,6073400,-0.32%,-11.1%,-30.51%,669,88.9,-0.73%,2023,43.21%
2023-08-31,AMD,Equity,105.72000122070312,58919000,-0.82%,14.54%,-34.7%,670,114.54,-0.67%,2023,130.26%
2023-08-31,AVGO,Equity,88.8575439453125,55203000,3.43%,133.57%,0.0%,670,233.57,3.58%,2023,106.27%
2023-08-31,INTC,Equity,34.56195068359375,48157600,1.77%,-23.03%,-44.33%,670,76.97,1.91%,2023,92.38%
2023-08-31,NVDA,Equity,49.203983306884766,528570000,0.18%,277.15%,0.0%,670,377.15,0.33%,2023,246.1%
2023-08-31,SPY,Benchmark,432.7919006347656,66084600,-0.15%,26.7%,-3.48%,670,126.7,0.0%,2023,26.71%
2023-08-31,TSM,Equity,89.43911743164062,8661200,-1.28%,-12.24%,-31.4%,670,87.76,-1.13%,2023,43.21%
2023-09-01,AMD,Equity,109.44999694824219,54856100,3.53%,18.58%,-32.4%,671,118.58,3.34%,2023,130.26%
2023-09-01,AVGO,Equity,84.0078125,65017000,-5.46%,120.82%,-5.46%,671,220.82,-5.64%,2023,106.27%
2023-09-01,INTC,Equity,36.00777053833008,43808500,4.18%,-19.81%,-42.0%,671,80.19,4.0%,2023,92.38%
2023-09-01,NVDA,Equity,48.360565185546875,463830000,-1.71%,270.69%,-1.71%,671,370.69,-1.9%,2023,246.1%
2023-09-01,SPY,Benchmark,433.59912109375,58944100,0.19%,26.94%,-3.3%,671,126.94,0.0%,2023,26.71%
2023-09-01,TSM,Equity,89.07589721679688,7094600,-0.41%,-12.6%,-31.68%,671,87.4,-0.59%,2023,43.21%
2023-09-05,AMD,Equity,110.77999877929688,66042200,1.22%,20.02%,-31.58%,672,120.02,1.65%,2023,130.26%
2023-09-05,AVGO,Equity,83.97412109375,24808000,-0.04%,120.73%,-5.5%,672,220.73,0.39%,2023,106.27%
2023-09-05,INTC,Equity,36.10612106323242,43379400,0.27%,-19.59%,-41.84%,672,80.41,0.71%,2023,92.38%
2023-09-05,NVDA,Equity,48.39945983886719,382653000,0.08%,270.99%,-1.64%,672,370.99,0.51%,2023,246.1%
2023-09-05,SPY,Benchmark,431.72509765625,55166200,-0.43%,26.39%,-3.71%,672,126.39,0.0%,2023,26.71%
2023-09-05,TSM,Equity,90.42363739013672,6396500,1.51%,-11.27%,-30.65%,672,88.73,1.95%,2023,43.21%
2023-09-06,AMD,Equity,109.27999877929688,47736700,-1.35%,18.4%,-32.51%,673,118.4,-0.68%,2023,130.26%
2023-09-06,AVGO,Equity,83.98374938964844,20142000,0.01%,120.76%,-5.48%,673,220.76,0.68%,2023,106.27%
2023-09-06,INTC,Equity,36.37167739868164,39643400,0.74%,-19.0%,-41.41%,673,81.0,1.41%,2023,92.38%
2023-09-06,NVDA,Equity,46.92086410522461,468670000,-3.05%,259.65%,-4.64%,673,359.65,-2.38%,2023,246.1%
2023-09-06,SPY,Benchmark,428.8228759765625,70758500,-0.67%,25.54%,-4.36%,673,125.54,0.0%,2023,26.71%
2023-09-06,TSM,Equity,88.18695831298828,7933700,-2.47%,-13.47%,-32.36%,673,86.53,-1.8%,2023,43.21%
2023-09-07,AMD,Equity,106.58999633789062,49080100,-2.46%,15.48%,-34.17%,674,115.48,-2.15%,2023,130.26%
2023-09-07,AVGO,Equity,82.51640319824219,27789000,-1.75%,116.9%,-7.14%,674,216.9,-1.44%,2023,106.27%
2023-09-07,INTC,Equity,37.55194091796875,67659700,3.25%,-16.37%,-39.51%,674,83.63,3.55%,2023,92.38%
2023-09-07,NVDA,Equity,46.103309631347656,433330000,-1.74%,253.39%,-6.3%,674,353.39,-1.44%,2023,246.1%
2023-09-07,SPY,Benchmark,427.5063171386719,70355400,-0.31%,25.15%,-4.65%,674,125.15,0.0%,2023,26.71%
2023-09-07,TSM,Equity,86.07453155517578,14684400,-2.4%,-15.54%,-33.98%,674,84.46,-2.09%,2023,43.21%
2023-09-08,AMD,Equity,106.08999633789062,46232000,-0.47%,14.94%,-34.48%,675,114.94,-0.62%,2023,130.26%
2023-09-08,AVGO,Equity,82.56646728515625,16810000,0.06%,117.03%,-7.08%,675,217.03,-0.09%,2023,106.27%
2023-09-08,INTC,Equity,37.384735107421875,44255200,-0.45%,-16.74%,-39.78%,675,83.26,-0.6%,2023,92.38%
2023-09-08,NVDA,Equity,45.43629837036133,473069000,-1.45%,248.27%,-7.66%,675,348.27,-1.6%,2023,246.1%
2023-09-08,SPY,Benchmark,428.150146484375,61659700,0.15%,25.34%,-4.51%,675,125.34,0.0%,2023,26.71%
2023-09-08,TSM,Equity,85.6826171875,5820800,-0.46%,-15.93%,-34.28%,675,84.07,-0.61%,2023,43.21%
2023-09-11,AMD,Equity,105.31999969482422,50611300,-0.73%,14.11%,-34.95%,676,114.11,-1.38%,2023,130.26%
2023-09-11,AVGO,Equity,82.71956634521484,15710000,0.19%,117.43%,-6.91%,676,217.43,-0.47%,2023,106.27%
2023-09-11,INTC,Equity,37.955196380615234,36349300,1.53%,-15.47%,-38.86%,676,84.53,0.87%,2023,92.38%
2023-09-11,NVDA,Equity,45.04347229003906,473966000,-0.86%,245.26%,-8.46%,676,345.26,-1.52%,2023,246.1%
2023-09-11,SPY,Benchmark,430.9659423828125,60180100,0.66%,26.17%,-3.88%,676,126.17,0.0%,2023,26.71%
2023-09-11,TSM,Equity,85.64437103271484,7268600,-0.04%,-15.96%,-34.31%,676,84.04,-0.7%,2023,43.21%
2023-09-12,AMD,Equity,105.30999755859375,44413600,-0.01%,14.1%,-34.96%,677,114.1,0.54%,2023,130.26%
2023-09-12,AVGO,Equity,81.31192779541016,16680000,-1.7%,113.73%,-8.49%,677,213.73,-1.15%,2023,106.27%
2023-09-12,INTC,Equity,38.22075271606445,55326600,0.7%,-14.88%,-38.44%,677,85.12,1.25%,2023,92.38%
2023-09-12,NVDA,Equity,44.736385345458984,349256000,-0.68%,242.91%,-9.08%,677,342.91,-0.13%,2023,246.1%
2023-09-12,SPY,Benchmark,428.6018371582031,67565400,-0.55%,25.47%,-4.41%,677,125.47,0.0%,2023,26.71%
2023-09-12,TSM,Equity,86.48552703857422,8242600,0.98%,-15.14%,-33.67%,677,84.86,1.53%,2023,43.21%
2023-09-13,AMD,Equity,107.70999908447266,44702300,2.28%,16.7%,-33.48%,678,116.7,2.16%,2023,130.26%
2023-09-13,AVGO,Equity,82.12165832519531,17413000,1.0%,115.86%,-7.58%,678,215.86,0.88%,2023,106.27%
2023-09-13,INTC,Equity,38.07322311401367,35407800,-0.39%,-15.21%,-38.67%,678,84.79,-0.5%,2023,92.38%
2023-09-13,NVDA,Equity,45.34955978393555,398355000,1.37%,247.61%,-7.83%,678,347.61,1.25%,2023,246.1%
2023-09-13,SPY,Benchmark,429.1015625,60199300,0.12%,25.62%,-4.3%,678,125.62,0.0%,2023,26.71%
2023-09-13,TSM,Equity,87.19285583496094,5757800,0.82%,-14.44%,-33.12%,678,85.56,0.7%,2023,43.21%
2023-09-14,AMD,Equity,106.62999725341797,45920600,-1.0%,15.53%,-34.14%,679,115.53,-1.86%,2023,130.26%
2023-09-14,AVGO,Equity,83.92308044433594,19648000,2.19%,120.6%,-5.55%,679,220.6,1.33%,2023,106.27%
2023-09-14,INTC,Equity,38.033878326416016,30616500,-0.1%,-15.3%,-38.74%,679,84.7,-0.97%,2023,92.38%
2023-09-14,NVDA,Equity,45.445274353027344,370097000,0.21%,248.34%,-7.64%,679,348.34,-0.65%,2023,246.1%
2023-09-14,SPY,Benchmark,432.80145263671875,83430800,0.86%,26.7%,-3.47%,679,126.7,0.0%,2023,26.71%
2023-09-14,TSM,Equity,87.88561248779297,6506300,0.79%,-13.76%,-32.59%,679,86.24,-0.07%,2023,43.21%
2023-09-15,AMD,Equity,101.48999786376953,71103600,-4.82%,9.96%,-37.32%,680,109.96,-3.62%,2023,130.26%
2023-09-15,AVGO,Equity,82.00129699707031,50190000,-2.29%,115.55%,-7.72%,680,215.55,-1.09%,2023,106.27%
2023-09-15,INTC,Equity,37.256874084472656,68881200,-2.04%,-17.03%,-39.99%,680,82.97,-0.84%,2023,92.38%
2023-09-15,NVDA,Equity,43.7692756652832,506831000,-3.69%,235.49%,-11.05%,680,335.49,-2.48%,2023,246.1%
2023-09-15,SPY,Benchmark,427.5869445800781,111848900,-1.2%,25.18%,-4.64%,680,125.18,0.0%,2023,26.71%
2023-09-15,TSM,Equity,85.75260925292969,19940500,-2.43%,-15.86%,-34.23%,680,84.14,-1.22%,2023,43.21%
2023-09-18,AMD,Equity,102.37000274658203,49061300,0.87%,10.91%,-36.77%,681,110.91,0.81%,2023,130.26%
2023-09-18,AVGO,Equity,81.83954620361328,16541000,-0.2%,115.12%,-7.9%,681,215.12,-0.26%,2023,106.27%
2023-09-18,INTC,Equity,37.36506652832031,29322200,0.29%,-16.79%,-39.81%,681,83.21,0.23%,2023,92.38%
2023-09-18,NVDA,Equity,43.8350830078125,500271000,0.15%,236.0%,-10.91%,681,336.0,0.09%,2023,246.1%
2023-09-18,SPY,Benchmark,427.8376770019531,55752200,0.06%,25.25%,-4.58%,681,125.25,0.0%,2023,26.71%
2023-09-18,TSM,Equity,85.34906005859375,6647400,-0.47%,-16.25%,-34.54%,681,83.75,-0.53%,2023,43.21%
2023-09-19,AMD,Equity,101.61000061035156,41704100,-0.74%,10.09%,-37.24%,682,110.09,-0.54%,2023,130.26%
2023-09-19,AVGO,Equity,81.76252746582031,13126000,-0.09%,114.92%,-7.98%,682,214.92,0.11%,2023,106.27%
2023-09-19,INTC,Equity,35.742210388183594,53288100,-4.34%,-20.4%,-42.43%,682,79.6,-4.14%,2023,92.38%
2023-09-19,NVDA,Equity,43.390403747558594,373064000,-1.01%,232.59%,-11.82%,682,332.59,-0.81%,2023,246.1%
2023-09-19,SPY,Benchmark,426.95037841796875,66514600,-0.21%,24.99%,-4.78%,682,124.99,0.0%,2023,26.71%
2023-09-19,TSM,Equity,84.71492767333984,7172100,-0.74%,-16.88%,-35.03%,682,83.12,-0.54%,2023,43.21%
2023-09-20,AMD,Equity,100.33999633789062,55180600,-1.25%,8.71%,-38.03%,683,108.71,-0.33%,2023,130.26%
2023-09-20,AVGO,Equity,80.40432739257812,13681000,-1.66%,111.35%,-9.51%,683,211.35,-0.74%,2023,106.27%
2023-09-20,INTC,Equity,34.11935043334961,57660800,-4.54%,-24.02%,-45.04%,683,75.98,-3.62%,2023,92.38%
2023-09-20,NVDA,Equity,42.113224029541016,367108000,-2.94%,222.8%,-14.41%,683,322.8,-2.02%,2023,246.1%
2023-09-20,SPY,Benchmark,423.0253601074219,82562600,-0.92%,23.84%,-5.65%,683,123.84,0.0%,2023,26.71%
2023-09-20,TSM,Equity,83.8694076538086,6935300,-1.0%,-17.7%,-35.67%,683,82.3,-0.08%,2023,43.21%
2023-09-21,AMD,Equity,96.11000061035156,59704300,-4.22%,4.13%,-40.64%,684,104.13,-2.56%,2023,130.26%
2023-09-21,AVGO,Equity,78.25428009033203,53654000,-2.67%,105.7%,-11.93%,684,205.7,-1.02%,2023,106.27%
2023-09-21,INTC,Equity,34.080013275146484,45240600,-0.12%,-24.1%,-45.11%,684,75.9,1.54%,2023,92.38%
2023-09-21,NVDA,Equity,40.89486312866211,450736000,-2.89%,213.46%,-16.89%,684,313.46,-1.24%,2023,246.1%
2023-09-21,SPY,Benchmark,416.0334167480469,104095800,-1.65%,21.79%,-7.21%,684,121.79,0.0%,2023,26.71%
2023-09-21,TSM,Equity,82.01504516601562,10652500,-2.21%,-19.52%,-37.1%,684,80.48,-0.56%,2023,43.21%
2023-09-22,AMD,Equity,96.19999694824219,52169400,0.09%,4.23%,-40.58%,685,104.23,0.32%,2023,130.26%
2023-09-22,AVGO,Equity,80.26008605957031,27764000,2.56%,110.97%,-9.68%,685,210.97,2.79%,2023,106.27%
2023-09-22,INTC,Equity,33.617740631103516,29232700,-1.36%,-25.13%,-45.85%,685,74.87,-1.13%,2023,92.38%
2023-09-22,NVDA,Equity,41.48609924316406,479236000,1.45%,217.99%,-15.69%,685,317.99,1.67%,2023,246.1%
2023-09-22,SPY,Benchmark,415.0979309082031,100829700,-0.22%,21.52%,-7.42%,685,121.52,0.0%,2023,26.71%
2023-09-22,TSM,Equity,82.28406524658203,7967200,0.33%,-19.26%,-36.89%,685,80.74,0.55%,2023,43.21%
2023-09-25,AMD,Equity,97.37999725341797,43223700,1.23%,5.5%,-39.86%,686,105.5,0.81%,2023,130.26%
2023-09-25,AVGO,Equity,80.72573852539062,15648000,0.58%,112.19%,-9.15%,686,212.19,0.16%,2023,106.27%
2023-09-25,INTC,Equity,33.72593307495117,21729400,0.32%,-24.89%,-45.68%,686,75.11,-0.1%,2023,92.38%
2023-09-25,NVDA,Equity,42.09627914428711,419091000,1.47%,222.67%,-14.45%,686,322.67,1.05%,2023,246.1%
2023-09-25,SPY,Benchmark,416.8434753417969,70874500,0.42%,22.03%,-7.03%,686,122.03,0.0%,2023,26.71%
2023-09-25,TSM,Equity,82.86054229736328,8758000,0.7%,-18.69%,-36.45%,686,81.31,0.28%,2023,43.21%
2023-09-26,AMD,Equity,95.95999908447266,42866500,-1.46%,3.97%,-40.73%,687,103.97,0.01%,2023,130.26%
2023-09-26,AVGO,Equity,79.01226043701172,17641000,-2.12%,107.69%,-11.08%,687,207.69,-0.65%,2023,106.27%
2023-09-26,INTC,Equity,33.27349853515625,34198300,-1.34%,-25.9%,-46.41%,687,74.1,0.13%,2023,92.38%
2023-09-26,NVDA,Equity,41.786197662353516,402282000,-0.74%,220.29%,-15.08%,687,320.29,0.73%,2023,246.1%
2023-09-26,SPY,Benchmark,410.7195739746094,96168400,-1.47%,20.24%,-8.4%,687,120.24,0.0%,2023,26.71%
2023-09-26,TSM,Equity,80.98697662353516,8877600,-2.26%,-20.53%,-37.88%,687,79.47,-0.79%,2023,43.21%
2023-09-27,AMD,Equity,98.06999969482422,51261500,2.2%,6.25%,-39.43%,688,106.25,2.16%,2023,130.26%
2023-09-27,AVGO,Equity,79.072265625,15352000,0.08%,107.85%,-11.01%,688,207.85,0.04%,2023,106.27%
2023-09-27,INTC,Equity,34.04066848754883,44369100,2.31%,-24.19%,-45.17%,688,75.81,2.27%,2023,92.38%
2023-09-27,NVDA,Equity,42.34153747558594,444935000,1.33%,224.55%,-13.95%,688,324.55,1.29%,2023,246.1%
2023-09-27,SPY,Benchmark,410.88348388671875,104705800,0.04%,20.29%,-8.36%,688,120.29,0.0%,2023,26.71%
2023-09-27,TSM,Equity,82.09188842773438,7860700,1.36%,-19.45%,-37.04%,688,80.55,1.32%,2023,43.21%
2023-09-28,AMD,Equity,102.76000213623047,72542100,4.78%,11.33%,-36.53%,689,111.33,4.2%,2023,130.26%
2023-09-28,AVGO,Equity,80.54277038574219,16180000,1.86%,111.71%,-9.36%,689,211.71,1.28%,2023,106.27%
2023-09-28,INTC,Equity,34.601287841796875,32265300,1.65%,-22.94%,-44.27%,689,77.06,1.07%,2023,92.38%
2023-09-28,NVDA,Equity,42.960697174072266,424663000,1.46%,229.3%,-12.69%,689,329.3,0.88%,2023,246.1%
2023-09-28,SPY,Benchmark,413.2655029296875,92258300,0.58%,20.98%,-7.83%,689,120.98,0.0%,2023,26.71%
2023-09-28,TSM,Equity,83.0239028930664,6647700,1.14%,-18.53%,-36.32%,689,81.47,0.56%,2023,43.21%
2023-09-29,AMD,Equity,102.81999969482422,56078600,0.06%,11.4%,-36.5%,690,111.4,0.3%,2023,130.26%
2023-09-29,AVGO,Equity,80.4052963256836,16481000,-0.17%,111.35%,-9.51%,690,211.35,0.07%,2023,106.27%
2023-09-29,INTC,Equity,34.965206146240234,28763700,1.05%,-22.13%,-43.68%,690,77.87,1.29%,2023,92.38%
2023-09-29,NVDA,Equity,43.36947250366211,397830000,0.95%,232.43%,-11.86%,690,332.43,1.19%,2023,246.1%
2023-09-29,SPY,Benchmark,412.2625732421875,115111300,-0.24%,20.69%,-8.05%,690,120.69,0.0%,2023,26.71%
2023-09-29,TSM,Equity,83.49468231201172,7338300,0.57%,-18.07%,-35.96%,690,81.93,0.81%,2023,43.21%
2023-10-02,AMD,Equity,103.2699966430664,45118600,0.44%,11.89%,-36.22%,691,111.89,0.48%,2023,130.26%
2023-10-02,AVGO,Equity,80.8283462524414,14676000,0.53%,112.46%,-9.04%,691,212.46,0.57%,2023,106.27%
2023-10-02,INTC,Equity,34.876686096191406,26086200,-0.25%,-22.33%,-43.82%,691,77.67,-0.21%,2023,92.38%
2023-10-02,NVDA,Equity,44.648651123046875,433298000,2.95%,242.24%,-9.26%,691,342.24,2.99%,2023,246.1%
2023-10-02,SPY,Benchmark,412.0986022949219,83798600,-0.04%,20.64%,-8.09%,691,120.64,0.0%,2023,26.71%
2023-10-02,TSM,Equity,84.21529388427734,6305000,0.86%,-17.37%,-35.41%,691,82.63,0.9%,2023,43.21%
2023-10-03,AMD,Equity,100.08000183105469,48117000,-3.09%,8.43%,-38.19%,692,108.43,-1.75%,2023,130.26%
2023-10-03,AVGO,Equity,78.88060760498047,18761000,-2.41%,107.34%,-11.23%,692,207.34,-1.07%,2023,106.27%
2023-10-03,INTC,Equity,35.10289764404297,45292600,0.65%,-21.82%,-43.46%,692,78.18,1.99%,2023,92.38%
2023-10-03,NVDA,Equity,43.38740921020508,470850000,-2.82%,232.57%,-11.82%,692,332.57,-1.49%,2023,246.1%
2023-10-03,SPY,Benchmark,406.5822448730469,103760600,-1.34%,19.03%,-9.32%,692,119.03,0.0%,2023,26.71%
2023-10-03,TSM,Equity,82.06307983398438,8201700,-2.56%,-19.48%,-37.06%,692,80.52,-1.22%,2023,43.21%
2023-10-04,AMD,Equity,104.06999969482422,51023200,3.99%,12.75%,-35.72%,693,112.75,3.26%,2023,130.26%
2023-10-04,AVGO,Equity,79.74993133544922,16417000,1.1%,109.63%,-10.25%,693,209.63,0.37%,2023,106.27%
2023-10-04,INTC,Equity,35.338951110839844,39842200,0.67%,-21.3%,-43.08%,693,78.7,-0.06%,2023,92.38%
2023-10-04,NVDA,Equity,43.90986251831055,361821000,1.2%,236.57%,-10.76%,693,336.57,0.48%,2023,246.1%
2023-10-04,SPY,Benchmark,409.5429992675781,87453000,0.73%,19.89%,-8.66%,693,119.89,0.0%,2023,26.71%
2023-10-04,TSM,Equity,83.27371215820312,7658500,1.48%,-18.29%,-36.13%,693,81.71,0.75%,2023,43.21%
2023-10-05,AMD,Equity,102.91000366210938,51789700,-1.11%,11.5%,-36.44%,694,111.5,-1.08%,2023,130.26%
2023-10-05,AVGO,Equity,79.75474548339844,11474000,0.01%,109.64%,-10.24%,694,209.64,0.04%,2023,106.27%
2023-10-05,INTC,Equity,35.29961013793945,25771200,-0.11%,-21.39%,-43.14%,694,78.61,-0.07%,2023,92.38%
2023-10-05,NVDA,Equity,44.554935455322266,393483000,1.47%,241.52%,-9.45%,694,341.52,1.51%,2023,246.1%
2023-10-05,SPY,Benchmark,409.3886413574219,70142700,-0.04%,19.85%,-8.69%,694,119.85,0.0%,2023,26.71%
2023-10-05,TSM,Equity,83.6196060180664,6651700,0.42%,-17.95%,-35.87%,694,82.05,0.45%,2023,43.21%
2023-10-06,AMD,Equity,107.23999786376953,64864100,4.21%,16.19%,-33.77%,695,116.19,3.02%,2023,130.26%
2023-10-06,AVGO,Equity,81.826416015625,21103000,2.6%,115.09%,-7.91%,695,215.09,1.41%,2023,106.27%
2023-10-06,INTC,Equity,35.59467315673828,33262200,0.84%,-20.73%,-42.67%,695,79.27,-0.35%,2023,92.38%
2023-10-06,NVDA,Equity,45.625732421875,434436000,2.4%,249.72%,-7.27%,695,349.72,1.22%,2023,246.1%
2023-10-06,SPY,Benchmark,414.249267578125,113273300,1.19%,21.27%,-7.61%,695,121.27,0.0%,2023,26.71%
2023-10-06,TSM,Equity,85.79103088378906,9777100,2.6%,-15.82%,-34.2%,695,84.18,1.41%,2023,43.21%
2023-10-09,AMD,Equity,106.97000122070312,39593200,-0.25%,15.89%,-33.93%,696,115.89,-0.89%,2023,130.26%
2023-10-09,AVGO,Equity,82.85449981689453,15760000,1.26%,117.79%,-6.76%,696,217.79,0.62%,2023,106.27%
2023-10-09,INTC,Equity,35.46681594848633,19376100,-0.36%,-21.01%,-42.87%,696,78.99,-1.0%,2023,92.38%
2023-10-09,NVDA,Equity,45.1381950378418,409675000,-1.07%,245.99%,-8.26%,696,345.99,-1.71%,2023,246.1%
2023-10-09,SPY,Benchmark,416.90142822265625,80374400,0.64%,22.05%,-7.02%,696,122.05,0.0%,2023,26.71%
2023-10-09,TSM,Equity,85.50279235839844,4781300,-0.34%,-16.1%,-34.42%,696,83.9,-0.98%,2023,43.21%
2023-10-10,AMD,Equity,109.01000213623047,57105500,1.91%,18.1%,-32.67%,697,118.1,1.39%,2023,130.26%
2023-10-10,AVGO,Equity,83.09941864013672,14718000,0.3%,118.43%,-6.48%,697,218.43,-0.22%,2023,106.27%
2023-10-10,INTC,Equity,35.83073043823242,24044100,1.03%,-20.2%,-42.29%,697,79.8,0.51%,2023,92.38%
2023-10-10,NVDA,Equity,45.66162109375,368582000,1.16%,250.0%,-7.2%,697,350.0,0.64%,2023,246.1%
2023-10-10,SPY,Benchmark,419.0713195800781,78607300,0.52%,22.68%,-6.54%,697,122.68,0.0%,2023,26.71%
2023-10-10,TSM,Equity,87.05931091308594,7182900,1.82%,-14.57%,-33.23%,697,85.43,1.3%,2023,43.21%
2023-10-11,AMD,Equity,108.30999755859375,51085600,-0.64%,17.35%,-33.1%,698,117.35,-1.05%,2023,130.26%
2023-10-11,AVGO,Equity,84.662841796875,14334000,1.88%,122.54%,-4.72%,698,222.54,1.47%,2023,106.27%
2023-10-11,INTC,Equity,36.2733268737793,19262600,1.24%,-19.22%,-41.57%,698,80.78,0.83%,2023,92.38%
2023-10-11,NVDA,Equity,46.666622161865234,378137000,2.2%,257.7%,-5.16%,698,357.7,1.79%,2023,246.1%
2023-10-11,SPY,Benchmark,420.7879333496094,62451700,0.41%,23.19%,-6.15%,698,123.19,0.0%,2023,26.71%
2023-10-11,TSM,Equity,88.39484405517578,8051700,1.53%,-13.26%,-32.2%,698,86.74,1.12%,2023,43.21%
2023-10-12,AMD,Equity,108.79000091552734,60959400,0.44%,17.87%,-32.81%,699,117.87,1.05%,2023,130.26%
2023-10-12,AVGO,Equity,87.66768646240234,43871000,3.55%,130.44%,-1.34%,699,230.44,4.16%,2023,106.27%
2023-10-12,INTC,Equity,36.23398208618164,23639200,-0.11%,-19.31%,-41.64%,699,80.69,0.5%,2023,92.38%
2023-10-12,NVDA,Equity,46.805206298828125,481325000,0.3%,258.77%,-4.88%,699,358.77,0.91%,2023,246.1%
2023-10-12,SPY,Benchmark,418.22259521484375,81154200,-0.61%,22.43%,-6.72%,699,122.43,0.0%,2023,26.71%
2023-10-12,TSM,Equity,88.79838562011719,8897800,0.46%,-12.87%,-31.89%,699,87.13,1.07%,2023,43.21%
2023-10-13,AMD,Equity,105.08999633789062,52881500,-3.4%,13.86%,-35.09%,700,113.86,-2.9%,2023,130.26%
2023-10-13,AVGO,Equity,85.497314453125,28312000,-2.48%,124.74%,-3.78%,700,224.74,-1.98%,2023,106.27%
2023-10-13,INTC,Equity,35.378299713134766,28390100,-2.36%,-21.21%,-43.01%,700,78.79,-1.86%,2023,92.38%
2023-10-13,NVDA,Equity,45.32563400268555,474115000,-3.16%,247.42%,-7.88%,700,347.42,-2.66%,2023,246.1%
2023-10-13,SPY,Benchmark,416.13946533203125,95143100,-0.5%,21.82%,-7.19%,700,121.82,0.0%,2023,26.71%
2023-10-13,TSM,Equity,86.9151840209961,7985100,-2.12%,-14.72%,-33.34%,700,85.28,-1.62%,2023,43.21%
2023-10-16,AMD,Equity,106.45999908447266,42464500,1.3%,15.34%,-34.25%,701,115.34,0.25%,2023,130.26%
2023-10-16,AVGO,Equity,87.37438201904297,21150000,2.2%,129.67%,-1.67%,701,229.67,1.14%,2023,106.27%
2023-10-16,INTC,Equity,35.95859146118164,29555800,1.64%,-19.92%,-42.08%,701,80.08,0.59%,2023,92.38%
2023-10-16,NVDA,Equity,45.95774459838867,375099000,1.39%,252.27%,-6.6%,701,352.27,0.34%,2023,246.1%
2023-10-16,SPY,Benchmark,420.517822265625,75433200,1.05%,23.11%,-6.21%,701,123.11,0.0%,2023,26.71%
2023-10-16,TSM,Equity,87.6454086303711,8791800,0.84%,-14.0%,-32.78%,701,86.0,-0.21%,2023,43.21%
2023-10-17,AMD,Equity,105.13999938964844,49642100,-1.24%,13.91%,-35.06%,702,113.91,-1.24%,2023,130.26%
2023-10-17,AVGO,Equity,85.61541748046875,33008000,-2.01%,125.05%,-3.65%,702,225.05,-2.01%,2023,106.27%
2023-10-17,INTC,Equity,35.46681594848633,24993600,-1.37%,-21.01%,-42.87%,702,78.99,-1.36%,2023,92.38%
2023-10-17,NVDA,Equity,43.807159423828125,812333000,-4.68%,235.78%,-10.97%,702,335.78,-4.67%,2023,246.1%
2023-10-17,SPY,Benchmark,420.49853515625,75324700,-0.0%,23.1%,-6.22%,702,123.1,0.0%,2023,26.71%
2023-10-17,TSM,Equity,87.43402099609375,7997100,-0.24%,-14.21%,-32.94%,702,85.79,-0.24%,2023,43.21%
2023-10-18,AMD,Equity,102.16999816894531,50450000,-2.82%,10.69%,-36.9%,703,110.69,-1.49%,2023,130.26%
2023-10-18,AVGO,Equity,85.87001037597656,20404000,0.3%,125.72%,-3.36%,703,225.72,1.63%,2023,106.27%
2023-10-18,INTC,Equity,35.0537223815918,22086000,-1.16%,-21.93%,-43.54%,703,78.07,0.17%,2023,92.38%
2023-10-18,NVDA,Equity,42.07035446166992,627294000,-3.96%,222.47%,-14.5%,703,322.47,-2.63%,2023,246.1%
2023-10-18,SPY,Benchmark,414.8953857421875,93559800,-1.33%,21.46%,-7.47%,703,121.46,0.0%,2023,26.71%
2023-10-18,TSM,Equity,86.08888244628906,9982700,-1.54%,-15.53%,-33.97%,703,84.47,-0.21%,2023,43.21%
2023-10-19,AMD,Equity,102.4000015258789,52734200,0.23%,10.94%,-36.75%,704,110.94,1.1%,2023,130.26%
2023-10-19,AVGO,Equity,84.01133728027344,26620000,-2.16%,120.83%,-5.45%,704,220.83,-1.29%,2023,106.27%
2023-10-19,INTC,Equity,35.083229064941406,29201800,0.08%,-21.87%,-43.49%,704,78.13,0.96%,2023,92.38%
2023-10-19,NVDA,Equity,41.97563934326172,501233000,-0.23%,221.75%,-14.69%,704,321.75,0.65%,2023,246.1%
2023-10-19,SPY,Benchmark,411.2499694824219,121323000,-0.88%,20.39%,-8.28%,704,120.39,0.0%,2023,26.71%
2023-10-19,TSM,Equity,89.26917266845703,22751600,3.69%,-12.41%,-31.53%,704,87.59,4.57%,2023,43.21%
2023-10-20,AMD,Equity,101.80999755859375,61317900,-0.58%,10.3%,-37.12%,705,110.3,0.65%,2023,130.26%
2023-10-20,AVGO,Equity,82.63670349121094,26953000,-1.64%,117.22%,-7.0%,705,217.22,-0.41%,2023,106.27%
2023-10-20,INTC,Equity,34.34556579589844,32303300,-2.1%,-23.51%,-44.68%,705,76.49,-0.87%,2023,92.38%
2023-10-20,NVDA,Equity,41.263763427734375,477266000,-1.7%,216.29%,-16.14%,705,316.29,-0.47%,2023,246.1%
2023-10-20,SPY,Benchmark,406.19647216796875,123919900,-1.23%,18.91%,-9.41%,705,118.91,0.0%,2023,26.71%
2023-10-20,TSM,Equity,87.73188018798828,12197300,-1.72%,-13.91%,-32.71%,705,86.09,-0.49%,2023,43.21%
2023-10-23,AMD,Equity,100.01000213623047,50817400,-1.77%,8.35%,-38.23%,706,108.35,-1.59%,2023,130.26%
2023-10-23,AVGO,Equity,83.46824645996094,16456000,1.01%,119.4%,-6.07%,706,219.4,1.18%,2023,106.27%
2023-10-23,INTC,Equity,33.29317092895508,53924700,-3.06%,-25.86%,-46.37%,706,74.14,-2.89%,2023,92.38%
2023-10-23,NVDA,Equity,42.8470344543457,478530000,3.84%,228.43%,-12.92%,706,328.43,4.01%,2023,246.1%
2023-10-23,SPY,Benchmark,405.49249267578125,92035100,-0.17%,18.71%,-9.56%,706,118.71,0.0%,2023,26.71%
2023-10-23,TSM,Equity,87.53971099853516,8227900,-0.22%,-14.1%,-32.86%,706,85.9,-0.05%,2023,43.21%
2023-10-24,AMD,Equity,101.66999816894531,51982900,1.66%,10.15%,-37.21%,707,110.15,0.91%,2023,130.26%
2023-10-24,AVGO,Equity,85.29692077636719,14972000,2.19%,124.21%,-4.01%,707,224.21,1.44%,2023,106.27%
2023-10-24,INTC,Equity,34.02099609375,52673900,2.19%,-24.23%,-45.2%,707,75.77,1.43%,2023,92.38%
2023-10-24,NVDA,Equity,43.532981872558594,401463000,1.6%,233.68%,-11.53%,707,333.68,0.85%,2023,246.1%
2023-10-24,SPY,Benchmark,408.5496826171875,78564200,0.75%,19.6%,-8.88%,707,119.6,0.0%,2023,26.71%
2023-10-24,TSM,Equity,88.0489501953125,7374800,0.58%,-13.6%,-32.47%,707,86.4,-0.17%,2023,43.21%
2023-10-25,AMD,Equity,96.05999755859375,53424500,-5.52%,4.07%,-40.67%,708,104.07,-4.08%,2023,130.26%
2023-10-25,AVGO,Equity,82.24945068359375,21432000,-3.57%,116.2%,-7.44%,708,216.2,-2.14%,2023,106.27%
2023-10-25,INTC,Equity,32.28995132446289,44658500,-5.09%,-28.09%,-47.99%,708,71.91,-3.65%,2023,92.38%
2023-10-25,NVDA,Equity,41.654598236083984,398379000,-4.31%,219.29%,-15.34%,708,319.29,-2.88%,2023,246.1%
2023-10-25,SPY,Benchmark,402.68603515625,94223200,-1.44%,17.89%,-10.19%,708,117.89,0.0%,2023,26.71%
2023-10-25,TSM,Equity,84.2056884765625,13027100,-4.36%,-17.37%,-35.42%,708,82.63,-2.93%,2023,43.21%
2023-10-26,AMD,Equity,93.66999816894531,49896400,-2.49%,1.48%,-42.15%,709,101.48,-1.29%,2023,130.26%
2023-10-26,AVGO,Equity,80.03453063964844,27917000,-2.69%,110.38%,-9.93%,709,210.38,-1.5%,2023,106.27%
2023-10-26,INTC,Equity,31.985048294067383,59142500,-0.94%,-28.77%,-48.48%,709,71.23,0.25%,2023,92.38%
2023-10-26,NVDA,Equity,40.20592498779297,541001000,-3.48%,208.18%,-18.29%,709,308.18,-2.28%,2023,246.1%
2023-10-26,SPY,Benchmark,397.8640441894531,115156800,-1.2%,16.47%,-11.26%,709,116.47,0.0%,2023,26.71%
2023-10-26,TSM,Equity,84.02312469482422,9377300,-0.22%,-17.55%,-35.56%,709,82.45,0.98%,2023,43.21%
2023-10-27,AMD,Equity,96.43000030517578,52458700,2.95%,4.47%,-40.44%,710,104.47,3.4%,2023,130.26%
2023-10-27,AVGO,Equity,81.15843963623047,18236000,1.4%,113.33%,-8.66%,710,213.33,1.86%,2023,106.27%
2023-10-27,INTC,Equity,34.95536804199219,84128200,9.29%,-22.15%,-43.7%,710,77.85,9.74%,2023,92.38%
2023-10-27,NVDA,Equity,40.37940216064453,416784000,0.43%,209.51%,-17.93%,710,309.51,0.88%,2023,246.1%
2023-10-27,SPY,Benchmark,396.06060791015625,107367700,-0.45%,15.95%,-11.67%,710,115.95,0.0%,2023,26.71%
2023-10-27,TSM,Equity,82.6203384399414,12480700,-1.67%,-18.93%,-36.63%,710,81.07,-1.22%,2023,43.21%
2023-10-30,AMD,Equity,96.18000030517578,43716600,-0.26%,4.2%,-40.6%,711,104.2,-1.45%,2023,130.26%
2023-10-30,AVGO,Equity,81.43822479248047,20889000,0.34%,114.07%,-8.35%,711,214.07,-0.85%,2023,106.27%
2023-10-30,INTC,Equity,35.10289764404297,36656300,0.42%,-21.82%,-43.46%,711,78.18,-0.77%,2023,92.38%
2023-10-30,NVDA,Equity,41.03843307495117,388028000,1.63%,214.56%,-16.6%,711,314.56,0.44%,2023,246.1%
2023-10-30,SPY,Benchmark,400.79583740234375,86562700,1.2%,17.33%,-10.61%,711,117.33,0.0%,2023,26.71%
2023-10-30,TSM,Equity,82.6875991821289,9785500,0.08%,-18.86%,-36.58%,711,81.14,-1.11%,2023,43.21%
2023-10-31,AMD,Equity,98.5,79547100,2.41%,6.72%,-39.16%,712,106.72,1.78%,2023,130.26%
2023-10-31,AVGO,Equity,81.44984436035156,14747000,0.01%,114.1%,-8.34%,712,214.1,-0.61%,2023,106.27%
2023-10-31,INTC,Equity,35.89957809448242,41185200,2.27%,-20.05%,-42.18%,712,79.95,1.64%,2023,92.38%
2023-10-31,NVDA,Equity,40.6585693359375,517969000,-0.93%,211.65%,-17.37%,712,311.65,-1.55%,2023,246.1%
2023-10-31,SPY,Benchmark,403.3129577636719,79665200,0.63%,18.07%,-10.05%,712,118.07,0.0%,2023,26.71%
2023-10-31,TSM,Equity,82.92778778076172,9004900,0.29%,-18.63%,-36.4%,712,81.37,-0.34%,2023,43.21%
2023-11-01,AMD,Equity,108.04000091552734,138641500,9.69%,17.05%,-33.27%,713,117.05,8.62%,2023,130.26%
2023-11-01,AVGO,Equity,82.56989288330078,18684000,1.38%,117.04%,-7.08%,713,217.04,0.31%,2023,106.27%
2023-11-01,INTC,Equity,36.67658233642578,41710700,2.16%,-18.32%,-40.92%,713,81.68,1.1%,2023,92.38%
2023-11-01,NVDA,Equity,42.198970794677734,437593000,3.79%,223.46%,-14.24%,713,323.46,2.72%,2023,246.1%
2023-11-01,SPY,Benchmark,407.6141662597656,98068100,1.07%,19.33%,-9.09%,713,119.33,0.0%,2023,26.71%
2023-11-01,TSM,Equity,84.35942840576172,9508800,1.73%,-17.22%,-35.3%,713,82.78,0.66%,2023,43.21%
2023-11-02,AMD,Equity,107.83000183105469,71377000,-0.19%,16.83%,-33.4%,714,116.83,-2.11%,2023,130.26%
2023-11-02,AVGO,Equity,84.34725189208984,18759000,2.15%,121.71%,-5.08%,714,221.71,0.24%,2023,106.27%
2023-11-02,INTC,Equity,37.079837799072266,35440000,1.1%,-17.42%,-40.27%,714,82.58,-0.82%,2023,92.38%
2023-11-02,NVDA,Equity,43.3764533996582,409172000,2.79%,232.48%,-11.84%,714,332.48,0.87%,2023,246.1%
2023-11-02,SPY,Benchmark,415.4258117675781,94938900,1.92%,21.62%,-7.35%,714,121.62,0.0%,2023,26.71%
2023-11-02,TSM,Equity,86.93440246582031,11032600,3.05%,-14.7%,-33.32%,714,85.3,1.14%,2023,43.21%
2023-11-03,AMD,Equity,112.25,65632200,4.1%,21.61%,-30.67%,715,121.61,3.19%,2023,130.26%
2023-11-03,AVGO,Equity,85.44889831542969,18041000,1.31%,124.61%,-3.84%,715,224.61,0.39%,2023,106.27%
2023-11-03,INTC,Equity,37.51259994506836,30502700,1.17%,-16.46%,-39.58%,715,83.54,0.25%,2023,92.38%
2023-11-03,NVDA,Equity,44.87098693847656,424610000,3.45%,243.94%,-8.81%,715,343.94,2.53%,2023,246.1%
2023-11-03,SPY,Benchmark,419.2159423828125,100167800,0.91%,22.73%,-6.5%,715,122.73,0.0%,2023,26.71%
2023-11-03,TSM,Equity,88.19306182861328,9226700,1.45%,-13.46%,-32.36%,715,86.54,0.54%,2023,43.21%
2023-11-06,AMD,Equity,111.75,49270400,-0.45%,21.07%,-30.98%,716,121.07,-0.68%,2023,130.26%
2023-11-06,AVGO,Equity,85.26980590820312,12870000,-0.21%,124.14%,-4.04%,716,224.14,-0.44%,2023,106.27%
2023-11-06,INTC,Equity,37.44845962524414,23877200,-0.17%,-16.6%,-39.68%,716,83.4,-0.4%,2023,92.38%
2023-11-06,NVDA,Equity,45.61476516723633,400733000,1.66%,249.64%,-7.29%,716,349.64,1.43%,2023,246.1%
2023-11-06,SPY,Benchmark,420.1803283691406,67831700,0.23%,23.01%,-6.29%,716,123.01,0.0%,2023,26.71%
2023-11-06,TSM,Equity,88.9713363647461,8402700,0.88%,-12.7%,-31.76%,716,87.3,0.65%,2023,43.21%
2023-11-07,AMD,Equity,113.44999694824219,50550200,1.52%,22.91%,-29.93%,717,122.91,1.24%,2023,130.26%
2023-11-07,AVGO,Equity,86.91455841064453,19365000,1.93%,128.46%,-2.19%,717,228.46,1.64%,2023,106.27%
2023-11-07,INTC,Equity,38.25762176513672,32052000,2.16%,-14.8%,-38.38%,717,85.2,1.88%,2023,92.38%
2023-11-07,NVDA,Equity,45.81816101074219,343165000,0.45%,251.2%,-6.88%,717,351.2,0.16%,2023,246.1%
2023-11-07,SPY,Benchmark,421.37615966796875,64256100,0.28%,23.36%,-6.02%,717,123.36,0.0%,2023,26.71%
2023-11-07,TSM,Equity,88.78877258300781,6241300,-0.21%,-12.88%,-31.9%,717,87.12,-0.49%,2023,43.21%
2023-11-08,AMD,Equity,113.58999633789062,41880600,0.12%,23.07%,-29.84%,718,123.07,0.05%,2023,130.26%
2023-11-08,AVGO,Equity,88.20304107666016,15280000,1.48%,131.85%,-0.74%,718,231.85,1.41%,2023,106.27%
2023-11-08,INTC,Equity,37.418853759765625,33483400,-2.19%,-16.67%,-39.73%,718,83.33,-2.27%,2023,92.38%
2023-11-08,NVDA,Equity,46.43532180786133,346719000,1.35%,255.93%,-5.63%,718,355.93,1.27%,2023,246.1%
2023-11-08,SPY,Benchmark,421.6847839355469,61746000,0.07%,23.45%,-5.95%,718,123.45,0.0%,2023,26.71%
2023-11-08,TSM,Equity,88.39484405517578,6537700,-0.44%,-13.26%,-32.2%,718,86.74,-0.52%,2023,43.21%
2023-11-09,AMD,Equity,113.48999786376953,61146900,-0.09%,22.96%,-29.91%,719,122.96,0.69%,2023,130.26%
2023-11-09,AVGO,Equity,88.22724914550781,24486000,0.03%,131.91%,-0.71%,719,231.91,0.81%,2023,106.27%
2023-11-09,INTC,Equity,37.30044174194336,48955800,-0.32%,-16.93%,-39.92%,719,83.07,0.46%,2023,92.38%
2023-11-09,NVDA,Equity,46.81019592285156,540496000,0.81%,258.8%,-4.87%,719,358.8,1.59%,2023,246.1%
2023-11-09,SPY,Benchmark,418.3962097167969,83174400,-0.78%,22.49%,-6.69%,719,122.49,0.0%,2023,26.71%
2023-11-09,TSM,Equity,88.02972412109375,8166000,-0.41%,-13.62%,-32.48%,719,86.38,0.37%,2023,43.21%
2023-11-10,AMD,Equity,118.58999633789062,75135900,4.49%,28.48%,-26.76%,720,128.48,2.93%,2023,130.26%
2023-11-10,AVGO,Equity,92.69389343261719,36272000,5.06%,143.65%,0.0%,720,243.65,3.5%,2023,106.27%
2023-11-10,INTC,Equity,38.346431732177734,38862500,2.8%,-14.6%,-38.23%,720,85.4,1.24%,2023,92.38%
2023-11-10,NVDA,Equity,48.191070556640625,421245000,2.95%,269.39%,-2.06%,720,369.39,1.39%,2023,246.1%
2023-11-10,SPY,Benchmark,424.9252014160156,89462200,1.56%,24.4%,-5.23%,720,124.4,0.0%,2023,26.71%
2023-11-10,TSM,Equity,93.62166595458984,19281700,6.35%,-8.14%,-28.19%,720,91.86,4.79%,2023,43.21%
2023-11-13,AMD,Equity,116.79000091552734,46741900,-1.52%,26.53%,-27.87%,721,126.53,-1.42%,2023,130.26%
2023-11-13,AVGO,Equity,91.668701171875,16893000,-1.11%,140.96%,-1.11%,721,240.96,-1.01%,2023,106.27%
2023-11-13,INTC,Equity,37.724754333496094,24558300,-1.62%,-15.99%,-39.24%,721,84.01,-1.53%,2023,92.38%
2023-11-13,NVDA,Equity,48.475215911865234,384136000,0.59%,271.57%,-1.48%,721,371.57,0.68%,2023,246.1%
2023-11-13,SPY,Benchmark,424.5201110839844,52236100,-0.1%,24.28%,-5.32%,721,124.28,0.0%,2023,26.71%
2023-11-13,TSM,Equity,92.64163970947266,9526300,-1.05%,-9.1%,-28.95%,721,90.9,-0.95%,2023,43.21%
2023-11-14,AMD,Equity,119.87999725341797,61017400,2.65%,29.88%,-25.96%,722,129.88,0.71%,2023,130.26%
2023-11-14,AVGO,Equity,94.18856048583984,23886000,2.75%,147.58%,0.0%,722,247.58,0.81%,2023,106.27%
2023-11-14,INTC,Equity,38.889163970947266,45457400,3.09%,-13.39%,-37.36%,722,86.61,1.15%,2023,92.38%
2023-11-14,NVDA,Equity,49.50813674926758,416954000,2.13%,279.48%,0.0%,722,379.48,0.19%,2023,246.1%
2023-11-14,SPY,Benchmark,432.75616455078125,97176900,1.94%,26.69%,-3.48%,722,126.69,0.0%,2023,26.71%
2023-11-14,TSM,Equity,95.03406524658203,13873200,2.58%,-6.75%,-27.11%,722,93.25,0.64%,2023,43.21%
2023-11-15,AMD,Equity,118.0,59555600,-1.57%,27.84%,-27.12%,723,127.84,-1.78%,2023,130.26%
2023-11-15,AVGO,Equity,94.42476654052734,16099000,0.25%,148.2%,0.0%,723,248.2,0.04%,2023,106.27%
2023-11-15,INTC,Equity,40.073307037353516,47392100,3.04%,-10.76%,-35.45%,723,89.24,2.83%,2023,92.38%
2023-11-15,NVDA,Equity,48.74242401123047,475497000,-1.55%,273.61%,-1.55%,723,373.61,-1.76%,2023,246.1%
2023-11-15,SPY,Benchmark,433.6722717285156,77327600,0.21%,26.96%,-3.28%,723,126.96,0.0%,2023,26.71%
2023-11-15,TSM,Equity,94.9283676147461,10422900,-0.11%,-6.85%,-27.19%,723,93.15,-0.32%,2023,43.21%
2023-11-16,AMD,Equity,119.83000183105469,49661900,1.55%,29.83%,-25.99%,724,129.83,1.43%,2023,130.26%
2023-11-16,AVGO,Equity,92.89039611816406,26198000,-1.62%,144.17%,-1.62%,724,244.17,-1.75%,2023,106.27%
2023-11-16,INTC,Equity,42.77709197998047,86405700,6.75%,-4.73%,-31.1%,724,95.27,6.62%,2023,92.38%
2023-11-16,NVDA,Equity,49.33266830444336,339756000,1.21%,278.14%,-0.35%,724,378.14,1.09%,2023,246.1%
2023-11-16,SPY,Benchmark,434.2027282714844,66665800,0.12%,27.11%,-3.16%,724,127.11,0.0%,2023,26.71%
2023-11-16,TSM,Equity,94.67855834960938,8459000,-0.26%,-7.1%,-27.38%,724,92.9,-0.39%,2023,43.21%
2023-11-17,AMD,Equity,120.62000274658203,38508900,0.66%,30.68%,-25.5%,725,130.68,0.53%,2023,130.26%
2023-11-17,AVGO,Equity,94.65033721923828,19789000,1.89%,148.8%,0.0%,725,248.8,1.77%,2023,106.27%
2023-11-17,INTC,Equity,43.231014251708984,49735000,1.06%,-3.72%,-30.37%,725,96.28,0.94%,2023,92.38%
2023-11-17,NVDA,Equity,49.15120315551758,325205000,-0.37%,276.75%,-0.72%,725,376.75,-0.49%,2023,246.1%
2023-11-17,SPY,Benchmark,434.7427673339844,83133200,0.12%,27.27%,-3.04%,725,127.27,0.0%,2023,26.71%
2023-11-17,TSM,Equity,95.67780303955078,7243000,1.06%,-6.12%,-26.62%,725,93.88,0.93%,2023,43.21%
2023-11-20,AMD,Equity,121.52999877929688,43138700,0.75%,31.67%,-24.94%,726,131.67,-0.02%,2023,130.26%
2023-11-20,AVGO,Equity,96.39090728759766,18674000,1.84%,153.37%,0.0%,726,253.37,1.07%,2023,106.27%
2023-11-20,INTC,Equity,44.14872741699219,44564900,2.12%,-1.68%,-28.89%,726,98.32,1.35%,2023,92.38%
2023-11-20,NVDA,Equity,50.25889205932617,414120000,2.25%,285.24%,0.0%,726,385.24,1.48%,2023,246.1%
2023-11-20,SPY,Benchmark,438.08929443359375,69936200,0.77%,28.25%,-2.29%,726,128.25,0.0%,2023,26.71%
2023-11-20,TSM,Equity,96.04290008544922,6448900,0.38%,-5.76%,-26.34%,726,94.24,-0.39%,2023,43.21%
2023-11-21,AMD,Equity,119.16000366210938,41064800,-1.95%,29.1%,-26.4%,727,129.1,-1.73%,2023,130.26%
2023-11-21,AVGO,Equity,94.98625183105469,43344000,-1.46%,149.68%,-1.46%,727,249.68,-1.24%,2023,106.27%
2023-11-21,INTC,Equity,43.063262939453125,37252100,-2.46%,-4.1%,-30.64%,727,95.9,-2.24%,2023,92.38%
2023-11-21,NVDA,Equity,49.7952766418457,565747000,-0.92%,281.68%,-0.92%,727,381.68,-0.7%,2023,246.1%
2023-11-21,SPY,Benchmark,437.134521484375,49244600,-0.22%,27.97%,-2.51%,727,127.97,0.0%,2023,26.71%
2023-11-21,TSM,Equity,94.55364990234375,10112600,-1.55%,-7.22%,-27.48%,727,92.78,-1.33%,2023,43.21%
2023-11-22,AMD,Equity,122.51000213623047,56862200,2.81%,32.73%,-24.33%,728,132.73,2.43%,2023,130.26%
2023-11-22,AVGO,Equity,94.09563446044922,33743000,-0.94%,147.34%,-2.38%,728,247.34,-1.32%,2023,106.27%
2023-11-22,INTC,Equity,43.09286117553711,31481200,0.07%,-4.03%,-30.59%,728,95.97,-0.32%,2023,92.38%
2023-11-22,NVDA,Equity,48.57094192504883,899420000,-2.46%,272.3%,-3.36%,728,372.3,-2.84%,2023,246.1%
2023-11-22,SPY,Benchmark,438.82220458984375,59394900,0.39%,28.47%,-2.13%,728,128.47,0.0%,2023,26.71%
2023-11-22,TSM,Equity,94.78425598144531,7413500,0.24%,-7.0%,-27.3%,728,93.0,-0.14%,2023,43.21%
2023-11-24,AMD,Equity,122.30999755859375,19001000,-0.16%,32.51%,-24.46%,729,132.51,-0.22%,2023,130.26%
2023-11-24,AVGO,Equity,94.76070404052734,23158000,0.71%,149.09%,-1.69%,729,249.09,0.65%,2023,106.27%
2023-11-24,INTC,Equity,43.3790283203125,13037100,0.66%,-3.39%,-30.13%,729,96.61,0.6%,2023,92.38%
2023-11-24,NVDA,Equity,47.63373947143555,294645000,-1.93%,265.12%,-5.22%,729,365.12,-1.99%,2023,246.1%
2023-11-24,SPY,Benchmark,439.09222412109375,29737400,0.06%,28.54%,-2.07%,729,128.54,0.0%,2023,26.71%
2023-11-24,TSM,Equity,93.99639892578125,4297600,-0.83%,-7.77%,-27.91%,729,92.23,-0.89%,2023,43.21%
2023-11-27,AMD,Equity,122.6500015258789,32743000,0.28%,32.88%,-24.25%,730,132.88,0.46%,2023,130.26%
2023-11-27,AVGO,Equity,91.98912811279297,96962000,-2.92%,141.8%,-4.57%,730,241.8,-2.74%,2023,106.27%
2023-11-27,INTC,Equity,43.49745178222656,33339900,0.27%,-3.13%,-29.94%,730,96.87,0.45%,2023,92.38%
2023-11-27,NVDA,Equity,48.09834671020508,395662000,0.98%,268.68%,-4.3%,730,368.68,1.16%,2023,246.1%
2023-11-27,SPY,Benchmark,438.3014831542969,50506000,-0.18%,28.31%,-2.25%,730,128.31,0.0%,2023,26.71%
2023-11-27,TSM,Equity,93.40068817138672,6856100,-0.63%,-8.35%,-28.36%,730,91.65,-0.45%,2023,43.21%
2023-11-28,AMD,Equity,122.01000213623047,32047100,-0.52%,32.19%,-24.64%,731,132.19,-0.62%,2023,130.26%
2023-11-28,AVGO,Equity,91.61255645751953,39025000,-0.41%,140.81%,-4.96%,731,240.81,-0.51%,2023,106.27%
2023-11-28,INTC,Equity,43.64546203613281,24548900,0.34%,-2.8%,-29.7%,731,97.2,0.24%,2023,92.38%
2023-11-28,NVDA,Equity,47.67860412597656,401491000,-0.87%,265.46%,-5.13%,731,365.46,-0.97%,2023,246.1%
2023-11-28,SPY,Benchmark,438.7354431152344,62115000,0.1%,28.44%,-2.15%,731,128.44,0.0%,2023,26.71%
2023-11-28,TSM,Equity,94.1405029296875,6358100,0.79%,-7.63%,-27.8%,731,92.37,0.69%,2023,43.21%
2023-11-29,AMD,Equity,123.8499984741211,37876300,1.51%,34.18%,-23.51%,732,134.18,1.58%,2023,130.26%
2023-11-29,AVGO,Equity,91.07818603515625,34843000,-0.58%,139.41%,-5.51%,732,239.41,-0.51%,2023,106.27%
2023-11-29,INTC,Equity,44.3460807800293,38982000,1.61%,-1.24%,-28.57%,732,98.76,1.68%,2023,92.38%
2023-11-29,NVDA,Equity,47.99665832519531,382005000,0.67%,267.9%,-4.5%,732,367.9,0.74%,2023,246.1%
2023-11-29,SPY,Benchmark,438.4267883300781,63146000,-0.07%,28.35%,-2.22%,732,128.35,0.0%,2023,26.71%
2023-11-29,TSM,Equity,95.00523376464844,7091100,0.92%,-6.78%,-27.13%,732,93.22,0.99%,2023,43.21%
2023-11-30,AMD,Equity,121.16000366210938,44494200,-2.17%,31.27%,-25.17%,733,131.27,-2.57%,2023,130.26%
2023-11-30,AVGO,Equity,89.61640930175781,49571000,-1.6%,135.56%,-7.03%,733,235.56,-2.0%,2023,106.27%
2023-11-30,INTC,Equity,44.1092529296875,46263000,-0.53%,-1.77%,-28.95%,733,98.23,-0.93%,2023,92.38%
2023-11-30,NVDA,Equity,46.63072967529297,526247000,-2.85%,257.43%,-7.22%,733,357.43,-3.24%,2023,246.1%
2023-11-30,SPY,Benchmark,440.153076171875,79752700,0.39%,28.85%,-1.83%,733,128.85,0.0%,2023,26.71%
2023-11-30,TSM,Equity,93.49674224853516,9681400,-1.59%,-8.26%,-28.29%,733,91.74,-1.98%,2023,43.21%
2023-12-01,AMD,Equity,121.38999938964844,37048000,0.19%,31.52%,-25.03%,734,131.52,-0.4%,2023,130.26%
2023-12-01,AVGO,Equity,90.02977752685547,29612000,0.46%,136.65%,-6.6%,734,236.65,-0.13%,2023,106.27%
2023-12-01,INTC,Equity,43.16193771362305,43928400,-2.15%,-3.88%,-30.48%,734,96.12,-2.74%,2023,92.38%
2023-12-01,NVDA,Equity,46.62575149536133,369317000,-0.01%,257.39%,-7.23%,734,357.39,-0.6%,2023,246.1%
2023-12-01,SPY,Benchmark,442.7569580078125,89183400,0.59%,29.62%,-1.25%,734,129.62,0.0%,2023,26.71%
2023-12-01,TSM,Equity,94.68816375732422,7500400,1.27%,-7.09%,-27.38%,734,92.91,0.68%,2023,43.21%
2023-12-04,AMD,Equity,118.56999969482422,39854400,-2.32%,28.46%,-26.77%,735,128.46,-1.8%,2023,130.26%
2023-12-04,AVGO,Equity,89.44602966308594,25009000,-0.65%,135.12%,-7.2%,735,235.12,-0.12%,2023,106.27%
2023-12-04,INTC,Equity,41.790306091308594,50417600,-3.18%,-6.93%,-32.69%,735,93.07,-2.65%,2023,92.38%
2023-12-04,NVDA,Equity,45.374481201171875,437543000,-2.68%,247.8%,-9.72%,735,347.8,-2.16%,2023,246.1%
2023-12-04,SPY,Benchmark,440.4327392578125,72430900,-0.52%,28.94%,-1.77%,735,128.94,0.0%,2023,26.71%
2023-12-04,TSM,Equity,93.20852661132812,10619400,-1.56%,-8.54%,-28.51%,735,91.46,-1.04%,2023,43.21%
2023-12-05,AMD,Equity,118.37999725341797,39191600,-0.16%,28.26%,-26.89%,736,128.26,-0.14%,2023,130.26%
2023-12-05,AVGO,Equity,88.39567565917969,37066000,-1.17%,132.35%,-8.29%,736,232.35,-1.15%,2023,106.27%
2023-12-05,INTC,Equity,41.365989685058594,31859300,-1.02%,-7.88%,-33.37%,736,92.12,-1.0%,2023,92.38%
2023-12-05,NVDA,Equity,46.43142318725586,371718000,2.33%,255.9%,-7.62%,736,355.9,2.35%,2023,246.1%
2023-12-05,SPY,Benchmark,440.3459167480469,69793500,-0.02%,28.91%,-1.79%,736,128.91,0.0%,2023,26.71%
2023-12-05,TSM,Equity,92.90105438232422,8009600,-0.33%,-8.84%,-28.75%,736,91.16,-0.31%,2023,43.21%
2023-12-06,AMD,Equity,116.81999969482422,60599000,-1.32%,26.57%,-27.85%,737,126.57,-0.91%,2023,130.26%
2023-12-06,AVGO,Equity,87.47795867919922,24813000,-1.04%,129.94%,-9.25%,737,229.94,-0.64%,2023,106.27%
2023-12-06,INTC,Equity,40.72458267211914,31992300,-1.55%,-9.31%,-34.4%,737,90.69,-1.15%,2023,92.38%
2023-12-06,NVDA,Equity,45.371490478515625,380590000,-2.28%,247.78%,-9.72%,737,347.78,-1.88%,2023,246.1%
2023-12-06,SPY,Benchmark,438.57147216796875,69124700,-0.4%,28.39%,-2.19%,737,128.39,0.0%,2023,26.71%
2023-12-06,TSM,Equity,94.01558685302734,11262300,1.2%,-7.75%,-27.89%,737,92.25,1.6%,2023,43.21%
2023-12-07,AMD,Equity,128.3699951171875,118579100,9.89%,39.08%,-20.72%,738,139.08,9.12%,2023,130.26%
2023-12-07,AVGO,Equity,89.28048706054688,43517000,2.06%,134.68%,-7.38%,738,234.68,1.3%,2023,106.27%
2023-12-07,INTC,Equity,41.59295654296875,29118700,2.13%,-7.37%,-33.0%,738,92.63,1.37%,2023,92.38%
2023-12-07,NVDA,Equity,46.461334228515625,350823000,2.4%,256.13%,-7.56%,738,356.13,1.64%,2023,246.1%
2023-12-07,SPY,Benchmark,441.91796875,66995400,0.76%,29.37%,-1.44%,738,129.37,0.0%,2023,26.71%
2023-12-07,TSM,Equity,95.399169921875,11373700,1.47%,-6.39%,-26.83%,738,93.61,0.71%,2023,43.21%
2023-12-08,AMD,Equity,128.9199981689453,89341000,0.43%,39.67%,-20.38%,739,139.67,-0.0%,2023,130.26%
2023-12-08,AVGO,Equity,91.41410827636719,69668000,2.39%,140.29%,-5.16%,739,240.29,1.96%,2023,106.27%
2023-12-08,INTC,Equity,42.135684967041016,42815000,1.3%,-6.16%,-32.13%,739,93.84,0.87%,2023,92.38%
2023-12-08,NVDA,Equity,47.368709564208984,359224000,1.95%,263.08%,-5.75%,739,363.08,1.52%,2023,246.1%
2023-12-08,SPY,Benchmark,443.81781005859375,83194400,0.43%,29.93%,-1.02%,739,129.93,0.0%,2023,26.71%
2023-12-08,TSM,Equity,96.4176254272461,10572500,1.07%,-5.39%,-26.05%,739,94.61,0.64%,2023,43.21%
2023-12-11,AMD,Equity,134.41000366210938,98668300,4.26%,45.62%,-16.98%,740,145.62,3.87%,2023,130.26%
2023-12-11,AVGO,Equity,99.63683319091797,101184000,9.0%,161.9%,0.0%,740,261.9,8.61%,2023,106.27%
2023-12-11,INTC,Equity,43.95136642456055,48288200,4.31%,-2.12%,-29.21%,740,97.88,3.92%,2023,92.38%
2023-12-11,NVDA,Equity,46.49224090576172,509728000,-1.85%,256.37%,-7.49%,740,356.37,-2.24%,2023,246.1%
2023-12-11,SPY,Benchmark,445.5441589355469,65002200,0.39%,30.43%,-0.63%,740,130.43,0.0%,2023,26.71%
2023-12-11,TSM,Equity,96.99410247802734,9482800,0.6%,-4.83%,-25.61%,740,95.17,0.21%,2023,43.21%
2023-12-12,AMD,Equity,137.61000061035156,111677800,2.38%,49.09%,-15.01%,741,149.09,1.92%,2023,130.26%
2023-12-12,AVGO,Equity,103.80335998535156,90242000,4.18%,172.85%,0.0%,741,272.85,3.73%,2023,106.27%
2023-12-12,INTC,Equity,43.45797348022461,31452200,-1.12%,-3.22%,-30.0%,741,96.78,-1.58%,2023,92.38%
2023-12-12,NVDA,Equity,47.51927185058594,372387000,2.21%,264.24%,-5.45%,741,364.24,1.75%,2023,246.1%
2023-12-12,SPY,Benchmark,447.5789489746094,68327600,0.46%,31.03%,-0.18%,741,131.03,0.0%,2023,26.71%
2023-12-12,TSM,Equity,97.6186294555664,7378600,0.64%,-4.21%,-25.13%,741,95.79,0.19%,2023,43.21%
2023-12-13,AMD,Equity,138.19000244140625,70651600,0.42%,49.72%,-14.65%,742,149.72,-0.96%,2023,130.26%
2023-12-13,AVGO,Equity,105.48875427246094,71654000,1.62%,177.29%,0.0%,742,277.29,0.24%,2023,106.27%
2023-12-13,INTC,Equity,43.9809684753418,35216100,1.2%,-2.05%,-29.16%,742,97.95,-0.18%,2023,92.38%
2023-12-13,NVDA,Equity,47.94902420043945,447792000,0.9%,267.53%,-4.6%,742,367.53,-0.47%,2023,246.1%
2023-12-13,SPY,Benchmark,453.751220703125,93278000,1.38%,32.84%,0.0%,742,132.84,0.0%,2023,26.71%
2023-12-13,TSM,Equity,98.11827087402344,8988800,0.51%,-3.72%,-24.75%,742,96.28,-0.87%,2023,43.21%
2023-12-14,AMD,Equity,138.0,76115200,-0.14%,49.51%,-14.77%,743,149.51,-0.46%,2023,130.26%
2023-12-14,AVGO,Equity,107.1150894165039,66964000,1.54%,181.56%,0.0%,743,281.56,1.22%,2023,106.27%
2023-12-14,INTC,Equity,44.582908630371094,70620800,1.37%,-0.71%,-28.19%,743,99.29,1.05%,2023,92.38%
2023-12-14,NVDA,Equity,48.21025848388672,391232000,0.54%,269.53%,-4.08%,743,369.53,0.22%,2023,246.1%
2023-12-14,SPY,Benchmark,455.2073974609375,119026000,0.32%,33.26%,0.0%,743,133.26,0.0%,2023,26.71%
2023-12-14,TSM,Equity,99.86455535888672,10074500,1.78%,-2.01%,-23.41%,743,97.99,1.46%,2023,43.21%
2023-12-15,AMD,Equity,139.14999389648438,70211800,0.83%,50.76%,-14.06%,744,150.76,1.0%,2023,130.26%
2023-12-15,AVGO,Equity,109.3658447265625,118544000,2.1%,187.48%,0.0%,744,287.48,2.27%,2023,106.27%
2023-12-15,INTC,Equity,45.549957275390625,84583400,2.17%,1.44%,-26.63%,744,101.44,2.33%,2023,92.38%
2023-12-15,NVDA,Equity,48.74869918823242,479948000,1.12%,273.66%,-3.0%,744,373.66,1.28%,2023,246.1%
2023-12-15,SPY,Benchmark,454.4578857421875,141553700,-0.16%,33.04%,-0.16%,744,133.04,0.0%,2023,26.71%
2023-12-15,TSM,Equity,98.98612976074219,16379200,-0.88%,-2.87%,-24.08%,744,97.13,-0.71%,2023,43.21%
2023-12-18,AMD,Equity,138.89999389648438,45199500,-0.18%,50.49%,-14.21%,745,150.49,-0.74%,2023,130.26%
2023-12-18,AVGO,Equity,111.03671264648438,54741000,1.53%,191.87%,0.0%,745,291.87,0.97%,2023,106.27%
2023-12-18,INTC,Equity,45.0861701965332,27895700,-1.02%,0.41%,-27.38%,745,100.41,-1.58%,2023,92.38%
2023-12-18,NVDA,Equity,49.93227005004883,412587000,2.43%,282.73%,-0.65%,745,382.73,1.87%,2023,246.1%
2023-12-18,SPY,Benchmark,457.0143127441406,70375300,0.56%,33.79%,0.0%,745,133.79,0.0%,2023,26.71%
2023-12-18,TSM,Equity,99.36259460449219,5660600,0.38%,-2.5%,-23.79%,745,97.5,-0.18%,2023,43.21%
2023-12-19,AMD,Equity,140.14999389648438,63739800,0.9%,51.84%,-13.44%,746,151.84,0.29%,2023,130.26%
2023-12-19,AVGO,Equity,110.82569122314453,36020000,-0.19%,191.31%,-0.19%,746,291.31,-0.8%,2023,106.27%
2023-12-19,INTC,Equity,46.04335021972656,35358800,2.12%,2.54%,-25.84%,746,102.54,1.51%,2023,92.38%
2023-12-19,NVDA,Equity,49.46064376831055,464444000,-0.94%,279.12%,-1.59%,746,379.12,-1.55%,2023,246.1%
2023-12-19,SPY,Benchmark,459.79327392578125,55761800,0.61%,34.6%,0.0%,746,134.6,0.0%,2023,26.71%
2023-12-19,TSM,Equity,100.27002716064453,8498500,0.91%,-1.61%,-23.09%,746,98.39,0.31%,2023,43.21%
2023-12-20,AMD,Equity,135.47000122070312,54671700,-3.34%,46.77%,-16.33%,747,146.77,-1.95%,2023,130.26%
2023-12-20,AVGO,Equity,107.98595428466797,34523000,-2.56%,183.85%,-2.75%,747,283.85,-1.18%,2023,106.27%
2023-12-20,INTC,Equity,45.15523910522461,38159100,-1.93%,0.56%,-27.27%,747,100.56,-0.54%,2023,92.38%
2023-12-20,NVDA,Equity,47.97195816040039,397894000,-3.01%,267.71%,-4.55%,747,367.71,-1.62%,2023,246.1%
2023-12-20,SPY,Benchmark,453.4218444824219,102921000,-1.39%,32.74%,-1.39%,747,132.74,0.0%,2023,26.71%
2023-12-20,TSM,Equity,96.57276916503906,10814100,-3.69%,-5.24%,-25.93%,747,94.76,-2.3%,2023,43.21%
2023-12-21,AMD,Equity,139.91000366210938,47179400,3.28%,51.58%,-13.59%,748,151.58,2.33%,2023,130.26%
2023-12-21,AVGO,Equity,109.6304702758789,24106000,1.52%,188.17%,-1.27%,748,288.17,0.57%,2023,106.27%
2023-12-21,INTC,Equity,46.457801818847656,28320500,2.88%,3.46%,-25.17%,748,103.46,1.94%,2023,92.38%
2023-12-21,NVDA,Equity,48.84842300415039,300425000,1.83%,274.43%,-2.81%,748,374.43,0.88%,2023,246.1%
2023-12-21,SPY,Benchmark,457.72113037109375,86667500,0.95%,34.0%,-0.45%,748,134.0,0.0%,2023,26.71%
2023-12-21,TSM,Equity,98.99578094482422,9068200,2.51%,-2.86%,-24.07%,748,97.14,1.56%,2023,43.21%
2023-12-22,AMD,Equity,139.60000610351562,35396600,-0.22%,51.25%,-13.78%,749,151.25,-0.42%,2023,130.26%
2023-12-22,AVGO,Equity,109.11406707763672,19089000,-0.47%,186.81%,-1.73%,749,286.81,-0.67%,2023,106.27%
2023-12-22,INTC,Equity,47.365638732910156,30095700,1.95%,5.48%,-23.71%,749,105.48,1.75%,2023,92.38%
2023-12-22,NVDA,Equity,48.688873291015625,252507000,-0.33%,273.2%,-3.12%,749,373.2,-0.53%,2023,246.1%
2023-12-22,SPY,Benchmark,458.6409912109375,67160400,0.2%,34.27%,-0.25%,749,134.27,0.0%,2023,26.71%
2023-12-22,TSM,Equity,99.57496643066406,5566400,0.59%,-2.29%,-23.63%,749,97.71,0.38%,2023,43.21%
2023-12-26,AMD,Equity,143.41000366210938,47157400,2.73%,55.37%,-11.43%,750,155.37,2.31%,2023,130.26%
2023-12-26,AVGO,Equity,110.07782745361328,16793000,0.88%,189.35%,-0.86%,750,289.35,0.46%,2023,106.27%
2023-12-26,INTC,Equity,49.832603454589844,60287400,5.21%,10.98%,-19.73%,750,110.98,4.79%,2023,92.38%
2023-12-26,NVDA,Equity,49.1365852355957,244200000,0.92%,276.64%,-2.23%,750,376.64,0.5%,2023,246.1%
2023-12-26,SPY,Benchmark,460.5776062011719,55387000,0.42%,34.83%,0.0%,750,134.83,0.0%,2023,26.71%
2023-12-26,TSM,Equity,100.82991027832031,6407500,1.26%,-1.06%,-22.67%,750,98.94,0.84%,2023,43.21%
2023-12-27,AMD,Equity,146.07000732421875,49033400,1.85%,58.26%,-9.78%,751,158.26,1.67%,2023,130.26%
2023-12-27,AVGO,Equity,109.52154541015625,20055000,-0.51%,187.89%,-1.36%,751,287.89,-0.69%,2023,106.27%
2023-12-27,INTC,Equity,50.08916473388672,52148000,0.51%,11.55%,-19.32%,751,111.55,0.33%,2023,92.38%
2023-12-27,NVDA,Equity,49.27418518066406,233648000,0.28%,277.69%,-1.96%,751,377.69,0.1%,2023,246.1%
2023-12-27,SPY,Benchmark,461.410400390625,68000300,0.18%,35.08%,0.0%,751,135.08,0.0%,2023,26.71%
2023-12-27,TSM,Equity,101.02298736572266,5889700,0.19%,-0.87%,-22.52%,751,99.13,0.01%,2023,43.21%
2023-12-28,AMD,Equity,148.75999450683594,63800700,1.84%,61.17%,-8.12%,752,161.17,1.8%,2023,130.26%
2023-12-28,AVGO,Equity,109.15586853027344,21247000,-0.33%,186.92%,-1.69%,752,286.92,-0.37%,2023,106.27%
2023-12-28,INTC,Equity,49.72405242919922,27705200,-0.73%,10.74%,-19.91%,752,110.74,-0.77%,2023,92.38%
2023-12-28,NVDA,Equity,49.378875732421875,246587000,0.21%,278.49%,-1.75%,752,378.49,0.17%,2023,246.1%
2023-12-28,SPY,Benchmark,461.584716796875,77158100,0.04%,35.13%,0.0%,752,135.13,0.0%,2023,26.71%
2023-12-28,TSM,Equity,101.07124328613281,5335100,0.05%,-0.83%,-22.48%,752,99.17,0.01%,2023,43.21%
2023-12-29,AMD,Equity,147.41000366210938,62079200,-0.91%,59.71%,-8.96%,753,159.71,-0.62%,2023,130.26%
2023-12-29,AVGO,Equity,108.55680084228516,20558000,-0.55%,185.35%,-2.23%,753,285.35,-0.26%,2023,106.27%
2023-12-29,INTC,Equity,49.58590316772461,29288700,-0.28%,10.43%,-20.13%,753,110.43,0.01%,2023,92.38%
2023-12-29,NVDA,Equity,49.378875732421875,389293000,0.0%,278.49%,-1.75%,753,378.49,0.29%,2023,246.1%
2023-12-29,SPY,Benchmark,460.2484436035156,122283100,-0.29%,34.74%,-0.29%,753,134.74,0.0%,2023,26.71%
2023-12-29,TSM,Equity,100.39552307128906,4409600,-0.67%,-1.49%,-23.0%,753,98.51,-0.38%,2023,43.21%
2024-01-02,AMD,Equity,138.5800018310547,64902000,-5.99%,50.14%,-14.41%,754,150.14,-5.43%,2024,-12.84%
2024-01-02,AVGO,Equity,105.55465698242188,28831000,-2.77%,177.46%,-4.94%,754,277.46,-2.21%,2024,116.48%
2024-01-02,INTC,Equity,47.168277740478516,45905700,-4.88%,5.04%,-24.02%,754,105.04,-4.32%,2024,-57.49%
2024-01-02,NVDA,Equity,48.02878952026367,411254000,-2.73%,268.14%,-4.44%,754,368.14,-2.17%,2024,178.87%
2024-01-02,SPY,Benchmark,457.6726989746094,123623700,-0.56%,33.98%,-0.85%,754,133.98,0.0%,2024,25.59%
2024-01-02,TSM,Equity,98.01111602783203,9020900,-2.38%,-3.83%,-24.83%,754,96.17,-1.82%,2024,97.27%
2024-01-03,AMD,Equity,135.32000732421875,61988600,-2.35%,46.61%,-16.42%,755,146.61,-1.54%,2024,-12.84%
2024-01-03,AVGO,Equity,102.94833374023438,34735000,-2.47%,170.61%,-7.28%,755,270.61,-1.65%,2024,116.48%
2024-01-03,INTC,Equity,46.42819595336914,35858400,-1.57%,3.4%,-25.22%,755,103.4,-0.75%,2024,-57.49%
2024-01-03,NVDA,Equity,47.431522369384766,320896000,-1.24%,263.57%,-5.63%,755,363.57,-0.43%,2024,178.87%
2024-01-03,SPY,Benchmark,453.93505859375,103585900,-0.82%,32.89%,-1.66%,755,132.89,0.0%,2024,25.59%
2024-01-03,TSM,Equity,96.69824981689453,6650600,-1.34%,-5.12%,-25.83%,755,94.88,-0.52%,2024,97.27%
2024-01-04,AMD,Equity,136.00999450683594,58610300,0.51%,47.36%,-16.0%,756,147.36,0.83%,2024,-12.84%
2024-01-04,AVGO,Equity,102.01763153076172,25658000,-0.9%,168.16%,-8.12%,756,268.16,-0.58%,2024,116.48%
2024-01-04,INTC,Equity,46.250572204589844,47797800,-0.38%,3.0%,-25.5%,756,103.0,-0.06%,2024,-57.49%
2024-01-04,NVDA,Equity,47.859283447265625,306535000,0.9%,266.84%,-4.77%,756,366.84,1.22%,2024,178.87%
2024-01-04,SPY,Benchmark,452.472900390625,84232200,-0.32%,32.46%,-1.97%,756,132.46,0.0%,2024,25.59%
2024-01-04,TSM,Equity,95.69429016113281,7996700,-1.04%,-6.1%,-26.6%,756,93.9,-0.72%,2024,97.27%
2024-01-05,AMD,Equity,138.5800018310547,69657700,1.89%,50.14%,-14.41%,757,150.14,1.75%,2024,-12.84%
2024-01-05,AVGO,Equity,102.04389190673828,22475000,0.03%,168.23%,-8.1%,757,268.23,-0.11%,2024,116.48%
2024-01-05,INTC,Equity,46.27030944824219,34344000,0.04%,3.05%,-25.47%,757,103.05,-0.09%,2024,-57.49%
2024-01-05,NVDA,Equity,48.955108642578125,415039000,2.29%,275.24%,-2.59%,757,375.24,2.15%,2024,178.87%
2024-01-05,SPY,Benchmark,453.09259033203125,86118900,0.14%,32.64%,-1.84%,757,132.64,0.0%,2024,25.59%
2024-01-05,TSM,Equity,96.15766906738281,7347300,0.48%,-5.65%,-26.25%,757,94.35,0.35%,2024,97.27%
2024-01-08,AMD,Equity,146.17999267578125,71756900,5.48%,58.37%,-9.72%,758,158.37,4.06%,2024,-12.84%
2024-01-08,AVGO,Equity,104.53059387207031,33110000,2.44%,174.77%,-5.86%,758,274.77,1.01%,2024,116.48%
2024-01-08,INTC,Equity,47.8096923828125,42135100,3.33%,6.47%,-22.99%,758,106.47,1.9%,2024,-57.49%
2024-01-08,NVDA,Equity,52.101985931396484,642510000,6.43%,299.37%,0.0%,758,399.37,5.0%,2024,178.87%
2024-01-08,SPY,Benchmark,459.5609436035156,74879100,1.43%,34.54%,-0.44%,758,134.54,0.0%,2024,25.59%
2024-01-08,TSM,Equity,98.69651794433594,12455600,2.64%,-3.16%,-24.3%,758,96.84,1.21%,2024,97.27%
2024-01-09,AMD,Equity,149.25999450683594,67875700,2.11%,61.71%,-7.81%,759,161.71,2.26%,2024,-12.84%
2024-01-09,AVGO,Equity,105.27360534667969,23225000,0.71%,176.72%,-5.19%,759,276.72,0.86%,2024,116.48%
2024-01-09,INTC,Equity,47.41497802734375,30097000,-0.83%,5.59%,-23.63%,759,105.59,-0.67%,2024,-57.49%
2024-01-09,NVDA,Equity,52.98642349243164,773100000,1.7%,306.14%,0.0%,759,406.14,1.85%,2024,178.87%
2024-01-09,SPY,Benchmark,458.8637390136719,65931400,-0.15%,34.33%,-0.59%,759,134.33,0.0%,2024,25.59%
2024-01-09,TSM,Equity,98.35863494873047,7764000,-0.34%,-3.49%,-24.56%,759,96.51,-0.19%,2024,97.27%
2024-01-10,AMD,Equity,148.5399932861328,56951200,-0.48%,60.93%,-8.26%,760,160.93,-1.05%,2024,-12.84%
2024-01-10,AVGO,Equity,105.08688354492188,17643000,-0.18%,176.23%,-5.36%,760,276.23,-0.74%,2024,116.48%
2024-01-10,INTC,Equity,46.84264373779297,31480200,-1.21%,4.32%,-24.55%,760,104.32,-1.77%,2024,-57.49%
2024-01-10,NVDA,Equity,54.19291687011719,533796000,2.28%,315.39%,0.0%,760,415.39,1.71%,2024,178.87%
2024-01-10,SPY,Benchmark,461.45880126953125,67310600,0.57%,35.09%,-0.03%,760,135.09,0.0%,2024,25.59%
2024-01-10,TSM,Equity,97.30642700195312,6975700,-1.07%,-4.52%,-25.37%,760,95.48,-1.64%,2024,97.27%
2024-01-11,AMD,Equity,148.02000427246094,62764600,-0.35%,60.37%,-8.58%,761,160.37,-0.31%,2024,-12.84%
2024-01-11,AVGO,Equity,106.97454071044922,25757000,1.8%,181.19%,-3.66%,761,281.19,1.84%,2024,116.48%
2024-01-11,INTC,Equity,47.010398864746094,31707900,0.36%,4.69%,-24.28%,761,104.69,0.4%,2024,-57.49%
2024-01-11,NVDA,Equity,54.6635627746582,596759000,0.87%,319.0%,0.0%,761,419.0,0.91%,2024,178.87%
2024-01-11,SPY,Benchmark,461.2554931640625,77940700,-0.04%,35.03%,-0.07%,761,135.03,0.0%,2024,25.59%
2024-01-11,TSM,Equity,97.71186065673828,7862700,0.42%,-4.12%,-25.06%,761,95.88,0.46%,2024,97.27%
2024-01-12,AMD,Equity,146.55999755859375,48293100,-0.99%,58.79%,-9.48%,762,158.79,-1.06%,2024,-12.84%
2024-01-12,AVGO,Equity,107.72337341308594,26882000,0.7%,183.16%,-2.98%,762,283.16,0.63%,2024,116.48%
2024-01-12,INTC,Equity,46.49726486206055,27587900,-1.09%,3.55%,-25.11%,762,103.55,-1.16%,2024,-57.49%
2024-01-12,NVDA,Equity,54.55188751220703,352994000,-0.2%,318.14%,-0.2%,762,418.14,-0.27%,2024,178.87%
2024-01-12,SPY,Benchmark,461.57501220703125,58026400,0.07%,35.13%,-0.0%,762,135.13,0.0%,2024,25.59%
2024-01-12,TSM,Equity,97.73117065429688,6519700,0.02%,-4.1%,-25.04%,762,95.9,-0.05%,2024,97.27%
2024-01-16,AMD,Equity,158.74000549316406,112711400,8.31%,71.98%,-1.96%,763,171.98,8.68%,2024,-12.84%
2024-01-16,AVGO,Equity,108.43136596679688,26145000,0.66%,185.02%,-2.35%,763,285.02,1.02%,2024,116.48%
2024-01-16,INTC,Equity,46.43806076049805,43720700,-0.13%,3.42%,-25.2%,763,103.42,0.24%,2024,-57.49%
2024-01-16,NVDA,Equity,56.21905517578125,449580000,3.06%,330.92%,0.0%,763,430.92,3.42%,2024,178.87%
2024-01-16,SPY,Benchmark,459.8804626464844,85014900,-0.37%,34.63%,-0.37%,763,134.63,0.0%,2024,25.59%
2024-01-16,TSM,Equity,98.14625549316406,11185500,0.42%,-3.7%,-24.72%,763,96.3,0.79%,2024,97.27%
2024-01-17,AMD,Equity,160.1699981689453,104085000,0.9%,73.53%,-1.07%,764,173.53,1.46%,2024,-12.84%
2024-01-17,AVGO,Equity,107.33338928222656,18314000,-1.01%,182.13%,-3.34%,764,282.13,-0.46%,2024,116.48%
2024-01-17,INTC,Equity,45.45127868652344,33488000,-2.12%,1.22%,-26.79%,764,101.22,-1.57%,2024,-57.49%
2024-01-17,NVDA,Equity,55.89100646972656,474394000,-0.58%,328.41%,-0.58%,764,428.41,-0.03%,2024,178.87%
2024-01-17,SPY,Benchmark,457.3240966796875,68843900,-0.56%,33.88%,-0.92%,764,133.88,0.0%,2024,25.59%
2024-01-17,TSM,Equity,99.38189697265625,17649500,1.26%,-2.48%,-23.78%,764,97.52,1.81%,2024,97.27%
2024-01-18,AMD,Equity,162.6699981689453,131864900,1.56%,76.24%,0.0%,765,176.24,0.67%,2024,-12.84%
2024-01-18,AVGO,Equity,111.24678039550781,32228000,3.65%,192.42%,0.0%,765,292.42,2.76%,2024,116.48%
2024-01-18,INTC,Equity,46.12229537963867,46681300,1.48%,2.72%,-25.71%,765,102.72,0.59%,2024,-57.49%
2024-01-18,NVDA,Equity,56.94195556640625,491650000,1.88%,336.46%,0.0%,765,436.46,0.99%,2024,178.87%
2024-01-18,SPY,Benchmark,461.3909912109375,91856200,0.89%,35.07%,-0.04%,765,135.07,0.0%,2024,25.59%
2024-01-18,TSM,Equity,109.11254119873047,58783700,9.79%,7.06%,-16.31%,765,107.06,8.9%,2024,97.27%
2024-01-19,AMD,Equity,174.22999572753906,140367900,7.11%,88.76%,0.0%,766,188.76,5.86%,2024,-12.84%
2024-01-19,AVGO,Equity,117.79083251953125,53077000,5.88%,209.62%,0.0%,766,309.62,4.64%,2024,116.48%
2024-01-19,INTC,Equity,47.51365661621094,55979800,3.02%,5.81%,-23.47%,766,105.81,1.77%,2024,-57.49%
2024-01-19,NVDA,Equity,59.319068908691406,543501000,4.17%,354.68%,0.0%,766,454.68,2.93%,2024,178.87%
2024-01-19,SPY,Benchmark,467.1427917480469,110834500,1.25%,36.76%,0.0%,766,136.76,0.0%,2024,25.59%
2024-01-19,TSM,Equity,110.24198913574219,37812600,1.04%,8.17%,-15.45%,766,108.17,-0.21%,2024,97.27%
2024-01-22,AMD,Equity,168.17999267578125,122973800,-3.47%,82.21%,-3.47%,767,182.21,-3.68%,2024,-12.84%
2024-01-22,AVGO,Equity,118.69526672363281,31222000,0.77%,212.0%,0.0%,767,312.0,0.56%,2024,116.48%
2024-01-22,INTC,Equity,47.582733154296875,45639500,0.15%,5.97%,-23.36%,767,105.97,-0.07%,2024,-57.49%
2024-01-22,NVDA,Equity,59.481590270996094,452955000,0.27%,355.93%,0.0%,767,455.93,0.06%,2024,178.87%
2024-01-22,SPY,Benchmark,468.13055419921875,75844900,0.21%,37.05%,0.0%,767,137.05,0.0%,2024,25.59%
2024-01-22,TSM,Equity,109.11254119873047,17755500,-1.02%,7.06%,-16.31%,767,107.06,-1.24%,2024,97.27%
2024-01-23,AMD,Equity,168.4199981689453,76830500,0.14%,82.47%,-3.33%,768,182.47,-0.15%,2024,-12.84%
2024-01-23,AVGO,Equity,119.26028442382812,16952000,0.48%,213.48%,0.0%,768,313.48,0.18%,2024,116.48%
2024-01-23,INTC,Equity,48.24387741088867,37224100,1.39%,7.44%,-22.29%,768,107.44,1.1%,2024,-57.49%
2024-01-23,NVDA,Equity,59.69997024536133,294654000,0.37%,357.6%,0.0%,768,457.6,0.08%,2024,178.87%
2024-01-23,SPY,Benchmark,469.49578857421875,49945300,0.29%,37.44%,0.0%,768,137.44,0.0%,2024,25.59%
2024-01-23,TSM,Equity,110.17443084716797,11667900,0.97%,8.11%,-15.5%,768,108.11,0.68%,2024,97.27%
2024-01-24,AMD,Equity,178.2899932861328,125516400,5.86%,93.16%,0.0%,769,193.16,5.75%,2024,-12.84%
2024-01-24,AVGO,Equity,121.94053649902344,34805000,2.25%,220.53%,0.0%,769,320.53,2.14%,2024,116.48%
2024-01-24,INTC,Equity,48.44123077392578,49375800,0.41%,7.88%,-21.97%,769,107.88,0.3%,2024,-57.49%
2024-01-24,NVDA,Equity,61.18466567993164,560271000,2.49%,368.98%,0.0%,769,468.98,2.38%,2024,178.87%
2024-01-24,SPY,Benchmark,470.009033203125,81765000,0.11%,37.6%,0.0%,769,137.6,0.0%,2024,25.59%
2024-01-24,TSM,Equity,112.48158264160156,21859200,2.09%,10.37%,-13.73%,769,110.37,1.98%,2024,97.27%
2024-01-25,AMD,Equity,180.3300018310547,127171400,1.14%,95.37%,0.0%,770,195.37,0.6%,2024,-12.84%
2024-01-25,AVGO,Equity,119.61915588378906,36356000,-1.9%,214.43%,-1.9%,770,314.43,-2.45%,2024,116.48%
2024-01-25,INTC,Equity,48.89515686035156,84845100,0.94%,8.89%,-21.24%,770,108.89,0.39%,2024,-57.49%
2024-01-25,NVDA,Equity,61.43891525268555,482777000,0.42%,370.93%,0.0%,770,470.93,-0.13%,2024,178.87%
2024-01-25,SPY,Benchmark,472.56536865234375,72525000,0.54%,38.34%,0.0%,770,138.34,0.0%,2024,25.59%
2024-01-25,TSM,Equity,112.52021026611328,15485300,0.03%,10.41%,-13.7%,770,110.41,-0.51%,2024,97.27%
2024-01-26,AMD,Equity,177.25,107381200,-1.71%,92.04%,-1.71%,771,192.04,-1.58%,2024,-12.84%
2024-01-26,AVGO,Equity,117.17620849609375,25818000,-2.04%,208.01%,-3.91%,771,308.01,-1.92%,2024,116.48%
2024-01-26,INTC,Equity,43.0731315612793,127665300,-11.91%,-4.08%,-30.62%,771,95.92,-11.78%,2024,-57.49%
2024-01-26,NVDA,Equity,60.85462188720703,390309000,-0.95%,366.45%,-0.95%,771,466.45,-0.82%,2024,178.87%
2024-01-26,SPY,Benchmark,471.96502685546875,76641600,-0.13%,38.17%,-0.13%,771,138.17,0.0%,2024,25.59%
2024-01-26,TSM,Equity,113.19593048095703,10196400,0.6%,11.07%,-13.18%,771,111.07,0.73%,2024,97.27%
2024-01-29,AMD,Equity,177.8300018310547,89384500,0.33%,92.67%,-1.39%,772,192.67,-0.46%,2024,-12.84%
2024-01-29,AVGO,Equity,118.42977142333984,21526000,1.07%,211.3%,-2.88%,772,311.3,0.28%,2024,116.48%
2024-01-29,INTC,Equity,43.260616302490234,51790900,0.44%,-3.66%,-30.32%,772,96.34,-0.36%,2024,-57.49%
2024-01-29,NVDA,Equity,62.28447341918945,348733000,2.35%,377.41%,0.0%,772,477.41,1.56%,2024,178.87%
2024-01-29,SPY,Benchmark,475.7026672363281,61322800,0.79%,39.26%,0.0%,772,139.26,0.0%,2024,25.59%
2024-01-29,TSM,Equity,112.92565155029297,10042200,-0.24%,10.81%,-13.39%,772,110.81,-1.03%,2024,97.27%
2024-01-30,AMD,Equity,172.05999755859375,122265700,-3.24%,86.41%,-4.59%,773,186.41,-3.17%,2024,-12.84%
2024-01-30,AVGO,Equity,117.49517822265625,20683000,-0.79%,208.84%,-3.65%,773,308.84,-0.71%,2024,116.48%
2024-01-30,INTC,Equity,42.3527717590332,47958800,-2.1%,-5.68%,-31.78%,773,94.32,-2.02%,2024,-57.49%
2024-01-30,NVDA,Equity,62.59257125854492,410735000,0.49%,379.78%,0.0%,773,479.78,0.57%,2024,178.87%
2024-01-30,SPY,Benchmark,475.3347473144531,58618400,-0.08%,39.15%,-0.08%,773,139.15,0.0%,2024,25.59%
2024-01-30,TSM,Equity,112.03753662109375,11030800,-0.79%,9.93%,-14.07%,773,109.93,-0.71%,2024,97.27%
2024-01-31,AMD,Equity,167.69000244140625,133157300,-2.54%,81.68%,-7.01%,774,181.68,-0.91%,2024,-12.84%
2024-01-31,AVGO,Equity,114.75657653808594,27400000,-2.33%,201.65%,-5.89%,774,301.65,-0.7%,2024,116.48%
2024-01-31,INTC,Equity,42.51066589355469,51584200,0.37%,-5.33%,-31.53%,774,94.67,2.0%,2024,-57.49%
2024-01-31,NVDA,Equity,61.34918212890625,453795000,-1.99%,370.25%,-1.99%,774,470.25,-0.35%,2024,178.87%
2024-01-31,SPY,Benchmark,467.57855224609375,126011100,-1.63%,36.88%,-1.71%,774,136.88,0.0%,2024,25.59%
2024-01-31,TSM,Equity,109.04496765136719,12853900,-2.67%,7.0%,-16.36%,774,107.0,-1.04%,2024,97.27%
2024-02-01,AMD,Equity,170.47999572753906,91576700,1.66%,84.7%,-5.46%,775,184.7,0.35%,2024,-12.84%
2024-02-01,AVGO,Equity,116.70258331298828,19411000,1.7%,206.76%,-4.3%,775,306.76,0.39%,2024,116.48%
2024-02-01,INTC,Equity,42.78696060180664,38819900,0.65%,-4.71%,-31.08%,775,95.29,-0.66%,2024,-57.49%
2024-02-01,NVDA,Equity,62.844852447509766,369146000,2.44%,381.71%,0.0%,775,481.71,1.13%,2024,178.87%
2024-02-01,SPY,Benchmark,473.69830322265625,91891600,1.31%,38.68%,-0.42%,775,138.68,0.0%,2024,25.59%
2024-02-01,TSM,Equity,109.4600830078125,8807600,0.38%,7.41%,-16.05%,775,107.41,-0.93%,2024,97.27%
2024-02-02,AMD,Equity,177.66000366210938,82134300,4.21%,92.48%,-1.48%,776,192.48,3.16%,2024,-12.84%
2024-02-02,AVGO,Equity,119.0687026977539,26689000,2.03%,212.98%,-2.36%,776,312.98,0.97%,2024,116.48%
2024-02-02,INTC,Equity,42.03700256347656,53683500,-1.75%,-6.38%,-32.29%,776,93.62,-2.81%,2024,-57.49%
2024-02-02,NVDA,Equity,65.96878814697266,476578000,4.97%,405.66%,0.0%,776,505.66,3.92%,2024,178.87%
2024-02-02,SPY,Benchmark,478.68511962890625,99228200,1.05%,40.13%,0.0%,776,140.13,0.0%,2024,25.59%
2024-02-02,TSM,Equity,111.73828125,10044000,2.08%,9.64%,-14.3%,776,109.64,1.03%,2024,97.27%
2024-02-05,AMD,Equity,174.22999572753906,76349200,-1.93%,88.76%,-3.38%,777,188.76,-1.57%,2024,-12.84%
2024-02-05,AVGO,Equity,120.89314270019531,22045000,1.53%,217.78%,-0.86%,777,317.78,1.9%,2024,116.48%
2024-02-05,INTC,Equity,42.20475769042969,28890300,0.4%,-6.01%,-32.02%,777,93.99,0.76%,2024,-57.49%
2024-02-05,NVDA,Equity,69.13163757324219,680078000,4.79%,429.9%,0.0%,777,529.9,5.16%,2024,178.87%
2024-02-05,SPY,Benchmark,476.942138671875,75757100,-0.36%,39.62%,-0.36%,777,139.62,0.0%,2024,25.59%
2024-02-05,TSM,Equity,114.67292022705078,13267600,2.63%,12.52%,-12.05%,777,112.52,2.99%,2024,97.27%
2024-02-06,AMD,Equity,167.8800048828125,68854100,-3.64%,81.89%,-6.9%,778,181.89,-3.93%,2024,-12.84%
2024-02-06,AVGO,Equity,118.90436553955078,25354000,-1.65%,212.55%,-2.49%,778,312.55,-1.94%,2024,116.48%
2024-02-06,INTC,Equity,42.29877853393555,34068200,0.22%,-5.8%,-31.87%,778,94.2,-0.07%,2024,-57.49%
2024-02-06,NVDA,Equity,68.0258560180664,683111000,-1.6%,421.42%,-1.6%,778,521.42,-1.89%,2024,178.87%
2024-02-06,SPY,Benchmark,478.32684326171875,55918600,0.29%,40.03%,-0.07%,778,140.03,0.0%,2024,25.59%
2024-02-06,TSM,Equity,115.24246978759766,11503800,0.5%,13.08%,-11.61%,778,113.08,0.21%,2024,97.27%
2024-02-07,AMD,Equity,170.94000244140625,53665400,1.82%,85.2%,-5.21%,779,185.2,0.99%,2024,-12.84%
2024-02-07,AVGO,Equity,122.25076293945312,25768000,2.81%,221.35%,0.0%,779,321.35,1.98%,2024,116.48%
2024-02-07,INTC,Equity,42.33836364746094,34269200,0.09%,-5.71%,-31.8%,779,94.29,-0.74%,2024,-57.49%
2024-02-07,NVDA,Equity,69.89640045166016,495575000,2.75%,435.76%,0.0%,779,535.76,1.92%,2024,178.87%
2024-02-07,SPY,Benchmark,482.3163146972656,70556500,0.83%,41.2%,0.0%,779,141.2,0.0%,2024,25.59%
2024-02-07,TSM,Equity,120.64838409423828,18172500,4.69%,18.38%,-7.47%,779,118.38,3.86%,2024,97.27%
2024-02-08,AMD,Equity,169.35000610351562,43385300,-0.93%,83.48%,-6.09%,780,183.48,-0.97%,2024,-12.84%
2024-02-08,AVGO,Equity,123.97212982177734,29326000,1.41%,225.87%,0.0%,780,325.87,1.36%,2024,116.48%
2024-02-08,INTC,Equity,42.061256408691406,33206500,-0.65%,-6.33%,-32.25%,780,93.67,-0.7%,2024,-57.49%
2024-02-08,NVDA,Equity,69.43972778320312,414422000,-0.65%,432.26%,-0.65%,780,532.26,-0.7%,2024,178.87%
2024-02-08,SPY,Benchmark,482.529296875,52343600,0.04%,41.26%,0.0%,780,141.26,0.0%,2024,25.59%
2024-02-08,TSM,Equity,129.0950927734375,33367000,7.0%,26.67%,-0.99%,780,126.67,6.96%,2024,97.27%
2024-02-09,AMD,Equity,172.47999572753906,56375700,1.85%,86.87%,-4.35%,781,186.87,1.27%,2024,-12.84%
2024-02-09,AVGO,Equity,124.81625366210938,26293000,0.68%,228.09%,0.0%,781,328.09,0.1%,2024,116.48%
2024-02-09,INTC,Equity,42.86289596557617,51193000,1.91%,-4.54%,-30.96%,781,95.46,1.33%,2024,-57.49%
2024-02-09,NVDA,Equity,71.9245376586914,436637000,3.58%,451.31%,0.0%,781,551.31,3.0%,2024,178.87%
2024-02-09,SPY,Benchmark,485.31805419921875,63979400,0.58%,42.08%,0.0%,781,142.08,0.0%,2024,25.59%
2024-02-09,TSM,Equity,128.49659729003906,16984200,-0.46%,26.08%,-1.45%,781,126.08,-1.04%,2024,97.27%
2024-02-12,AMD,Equity,171.91000366210938,58177100,-0.33%,86.25%,-4.67%,782,186.25,-0.29%,2024,-12.84%
2024-02-12,AVGO,Equity,123.02295684814453,24778000,-1.44%,223.38%,-1.44%,782,323.38,-1.39%,2024,116.48%
2024-02-12,INTC,Equity,43.57545852661133,51107300,1.66%,-2.96%,-29.81%,782,97.04,1.71%,2024,-57.49%
2024-02-12,NVDA,Equity,72.03919219970703,613710000,0.16%,452.19%,0.0%,782,552.19,0.2%,2024,178.87%
2024-02-12,SPY,Benchmark,485.1050109863281,56502300,-0.04%,42.01%,-0.04%,782,142.01,0.0%,2024,25.59%
2024-02-12,TSM,Equity,125.9384536743164,14203800,-1.99%,23.57%,-3.41%,782,123.57,-1.95%,2024,97.27%
2024-02-13,AMD,Equity,171.5399932861328,63071300,-0.22%,85.85%,-4.87%,783,185.85,1.16%,2024,-12.84%
2024-02-13,AVGO,Equity,121.72463989257812,31907000,-1.06%,219.96%,-2.48%,783,319.96,0.32%,2024,116.48%
2024-02-13,INTC,Equity,42.71444320678711,36622200,-1.98%,-4.87%,-31.2%,783,95.13,-0.6%,2024,-57.49%
2024-02-13,NVDA,Equity,71.91954040527344,602580000,-0.17%,451.27%,-0.17%,783,551.27,1.21%,2024,178.87%
2024-02-13,SPY,Benchmark,478.42364501953125,113099200,-1.38%,40.06%,-1.42%,783,140.06,0.0%,2024,25.59%
2024-02-13,TSM,Equity,123.12930297851562,14494000,-2.23%,20.82%,-5.56%,783,120.82,-0.85%,2024,97.27%
2024-02-14,AMD,Equity,178.6999969482422,57402500,4.17%,93.61%,-0.9%,784,193.61,3.27%,2024,-12.84%
2024-02-14,AVGO,Equity,122.75260162353516,27306000,0.84%,222.66%,-1.65%,784,322.66,-0.06%,2024,116.48%
2024-02-14,INTC,Equity,43.73380661010742,36186200,2.39%,-2.6%,-29.56%,784,97.4,1.48%,2024,-57.49%
2024-02-14,NVDA,Equity,73.68641662597656,504917000,2.46%,464.81%,0.0%,784,564.81,1.55%,2024,178.87%
2024-02-14,SPY,Benchmark,482.7713623046875,68387800,0.91%,41.33%,-0.52%,784,141.33,0.0%,2024,25.59%
2024-02-14,TSM,Equity,124.78970336914062,13069700,1.35%,22.45%,-4.29%,784,122.45,0.44%,2024,97.27%
2024-02-15,AMD,Equity,176.75999450683594,51126400,-1.09%,91.51%,-1.98%,785,191.51,-1.78%,2024,-12.84%
2024-02-15,AVGO,Equity,123.02976989746094,21873000,0.23%,223.39%,-1.43%,785,323.39,-0.46%,2024,116.48%
2024-02-15,INTC,Equity,43.595252990722656,44024500,-0.32%,-2.91%,-29.78%,785,97.09,-1.01%,2024,-57.49%
2024-02-15,NVDA,Equity,72.447998046875,420122000,-1.68%,455.32%,-1.68%,785,555.32,-2.37%,2024,178.87%
2024-02-15,SPY,Benchmark,486.1024169921875,61683000,0.69%,42.31%,0.0%,785,142.31,0.0%,2024,25.59%
2024-02-15,TSM,Equity,124.55801391601562,12554000,-0.19%,22.22%,-4.47%,785,122.22,-0.88%,2024,97.27%
2024-02-16,AMD,Equity,173.8699951171875,53940300,-1.63%,88.37%,-3.58%,786,188.37,-1.14%,2024,-12.84%
2024-02-16,AVGO,Equity,121.12459564208984,21268000,-1.55%,218.39%,-2.96%,786,318.39,-1.05%,2024,116.48%
2024-02-16,INTC,Equity,43.060829162597656,29975300,-1.23%,-4.1%,-30.64%,786,95.9,-0.73%,2024,-57.49%
2024-02-16,NVDA,Equity,72.40315246582031,495327000,-0.06%,454.98%,-1.74%,786,554.98,0.44%,2024,178.87%
2024-02-16,SPY,Benchmark,483.68157958984375,75532900,-0.5%,41.6%,-0.5%,786,141.6,0.0%,2024,25.59%
2024-02-16,TSM,Equity,122.29911804199219,13104400,-1.81%,20.0%,-6.2%,786,120.0,-1.32%,2024,97.27%
2024-02-20,AMD,Equity,165.69000244140625,66550000,-4.7%,79.51%,-8.12%,787,179.51,-4.15%,2024,-12.84%
2024-02-20,AVGO,Equity,119.28363037109375,26329000,-1.52%,213.55%,-4.43%,787,313.55,-0.97%,2024,116.48%
2024-02-20,INTC,Equity,44.060401916503906,61514100,2.32%,-1.88%,-29.03%,787,98.12,2.87%,2024,-57.49%
2024-02-20,NVDA,Equity,69.25128173828125,704833000,-4.35%,430.82%,-6.02%,787,530.82,-3.8%,2024,178.87%
2024-02-20,SPY,Benchmark,481.01873779296875,71736700,-0.55%,40.82%,-1.05%,787,140.82,0.0%,2024,25.59%
2024-02-20,TSM,Equity,120.98624420166016,12038800,-1.07%,18.72%,-7.21%,787,118.72,-0.52%,2024,97.27%
2024-02-21,AMD,Equity,164.2899932861328,48365700,-0.84%,78.0%,-8.89%,788,178.0,-0.94%,2024,-12.84%
2024-02-21,AVGO,Equity,119.37117004394531,20579000,0.07%,213.78%,-4.36%,788,313.78,-0.02%,2024,116.48%
2024-02-21,INTC,Equity,43.021240234375,57485200,-2.36%,-4.19%,-30.7%,788,95.81,-2.45%,2024,-57.49%
2024-02-21,NVDA,Equity,67.27700805664062,673755000,-2.85%,415.68%,-8.7%,788,515.68,-2.94%,2024,178.87%
2024-02-21,SPY,Benchmark,481.4544677734375,59293400,0.09%,40.95%,-0.96%,788,140.95,0.0%,2024,25.59%
2024-02-21,TSM,Equity,120.99589538574219,11469700,0.01%,18.72%,-7.2%,788,118.72,-0.08%,2024,97.27%
2024-02-22,AMD,Equity,181.86000061035156,100684700,10.69%,97.03%,0.0%,789,197.03,8.62%,2024,-12.84%
2024-02-22,AVGO,Equity,126.9032974243164,40819000,6.31%,233.57%,0.0%,789,333.57,4.24%,2024,116.48%
2024-02-22,INTC,Equity,42.53630065917969,62809300,-1.13%,-5.27%,-31.49%,789,94.73,-3.2%,2024,-57.49%
2024-02-22,NVDA,Equity,78.31104278564453,865100000,16.4%,500.26%,0.0%,789,600.26,14.33%,2024,178.87%
2024-02-22,SPY,Benchmark,491.41839599609375,76402500,2.07%,43.86%,0.0%,789,143.86,0.0%,2024,25.59%
2024-02-22,TSM,Equity,124.59662628173828,17014100,2.98%,22.26%,-4.44%,789,122.26,0.91%,2024,97.27%
2024-02-23,AMD,Equity,176.52000427246094,69207400,-2.94%,91.25%,-2.94%,790,191.25,-3.01%,2024,-12.84%
2024-02-23,AVGO,Equity,126.0737075805664,23115000,-0.65%,231.39%,-0.65%,790,331.39,-0.72%,2024,116.48%
2024-02-23,INTC,Equity,42.54619598388672,33810700,0.02%,-5.25%,-31.47%,790,94.75,-0.05%,2024,-57.49%
2024-02-23,NVDA,Equity,78.58922576904297,829388000,0.36%,502.39%,0.0%,790,602.39,0.29%,2024,178.87%
2024-02-23,SPY,Benchmark,491.7572937011719,61321800,0.07%,43.96%,0.0%,790,143.96,0.0%,2024,25.59%
2024-02-23,TSM,Equity,125.04067993164062,10123300,0.36%,22.69%,-4.1%,790,122.69,0.29%,2024,97.27%
2024-02-26,AMD,Equity,176.00999450683594,45435100,-0.29%,90.69%,-3.22%,791,190.69,0.08%,2024,-12.84%
2024-02-26,AVGO,Equity,127.31464385986328,16282000,0.98%,234.66%,0.0%,791,334.66,1.35%,2024,116.48%
2024-02-26,INTC,Equity,42.54619598388672,27035400,0.0%,-5.25%,-31.47%,791,94.75,0.37%,2024,-57.49%
2024-02-26,NVDA,Equity,78.86343383789062,503973000,0.35%,504.49%,0.0%,791,604.49,0.72%,2024,178.87%
2024-02-26,SPY,Benchmark,489.9562683105469,50386700,-0.37%,43.43%,-0.37%,791,143.43,0.0%,2024,25.59%
2024-02-26,TSM,Equity,126.11221313476562,9526700,0.86%,23.74%,-3.27%,791,123.74,1.22%,2024,97.27%
2024-02-27,AMD,Equity,178.0,43665200,1.13%,92.85%,-2.12%,792,192.85,0.94%,2024,-12.84%
2024-02-27,AVGO,Equity,126.06010437011719,12126000,-0.99%,231.36%,-0.99%,792,331.36,-1.17%,2024,116.48%
2024-02-27,INTC,Equity,42.28887939453125,25126400,-0.6%,-5.82%,-31.88%,792,94.18,-0.79%,2024,-57.49%
2024-02-27,NVDA,Equity,78.47354125976562,391705000,-0.49%,501.51%,-0.49%,792,601.51,-0.68%,2024,178.87%
2024-02-27,SPY,Benchmark,490.8664855957031,48854500,0.19%,43.7%,-0.18%,792,143.7,0.0%,2024,25.59%
2024-02-27,TSM,Equity,124.13325500488281,8851800,-1.57%,21.8%,-4.79%,792,121.8,-1.75%,2024,97.27%
2024-02-28,AMD,Equity,176.5399932861328,35914400,-0.82%,91.27%,-2.93%,793,191.27,-0.69%,2024,-12.84%
2024-02-28,AVGO,Equity,125.39784240722656,10967000,-0.53%,229.62%,-1.51%,793,329.62,-0.39%,2024,116.48%
2024-02-28,INTC,Equity,41.556522369384766,26928500,-1.73%,-7.45%,-33.06%,793,92.55,-1.6%,2024,-57.49%
2024-02-28,NVDA,Equity,77.43855285644531,393110000,-1.32%,493.57%,-1.81%,793,593.57,-1.19%,2024,178.87%
2024-02-28,SPY,Benchmark,490.21771240234375,56506600,-0.13%,43.51%,-0.31%,793,143.51,0.0%,2024,25.59%
2024-02-28,TSM,Equity,122.96520233154297,6519100,-0.94%,20.66%,-5.69%,793,120.66,-0.81%,2024,97.27%
2024-02-29,AMD,Equity,192.52999877929688,105538500,9.06%,108.59%,0.0%,794,208.59,8.7%,2024,-12.84%
2024-02-29,AVGO,Equity,126.47438049316406,27536000,0.86%,232.45%,-0.66%,794,332.45,0.5%,2024,116.48%
2024-02-29,INTC,Equity,42.60557556152344,48875100,2.52%,-5.12%,-31.37%,794,94.88,2.16%,2024,-57.49%
2024-02-29,NVDA,Equity,78.88336181640625,507289000,1.87%,504.65%,0.0%,794,604.65,1.51%,2024,178.87%
2024-02-29,SPY,Benchmark,491.9800109863281,83924800,0.36%,44.03%,0.0%,794,144.03,0.0%,2024,25.59%
2024-02-29,TSM,Equity,124.21048736572266,9369900,1.01%,21.88%,-4.73%,794,121.88,0.65%,2024,97.27%
2024-03-01,AMD,Equity,202.63999938964844,103820800,5.25%,119.54%,0.0%,795,219.54,4.31%,2024,-12.84%
2024-03-01,AVGO,Equity,136.07115173339844,44488000,7.59%,257.67%,0.0%,795,357.67,6.65%,2024,116.48%
2024-03-01,INTC,Equity,43.36762619018555,41426100,1.79%,-3.42%,-30.15%,795,96.58,0.85%,2024,-57.49%
2024-03-01,NVDA,Equity,82.04121398925781,479135000,4.0%,528.85%,0.0%,795,628.85,3.06%,2024,178.87%
2024-03-01,SPY,Benchmark,496.5988464355469,76844800,0.94%,45.38%,0.0%,795,145.38,0.0%,2024,25.59%
2024-03-01,TSM,Equity,129.25921630859375,24393000,4.06%,26.83%,-0.86%,795,126.83,3.13%,2024,97.27%
2024-03-04,AMD,Equity,205.36000061035156,86835300,1.34%,122.49%,0.0%,796,222.49,1.45%,2024,-12.84%
2024-03-04,AVGO,Equity,136.37168884277344,34854000,0.22%,258.46%,0.0%,796,358.46,0.33%,2024,116.48%
2024-03-04,INTC,Equity,45.1391487121582,59990800,4.08%,0.53%,-27.29%,796,100.53,4.19%,2024,-57.49%
2024-03-04,NVDA,Equity,84.99065399169922,615616000,3.6%,551.46%,0.0%,796,651.46,3.7%,2024,178.87%
2024-03-04,SPY,Benchmark,496.0662536621094,49799300,-0.11%,45.22%,-0.11%,796,145.22,0.0%,2024,25.59%
2024-03-04,TSM,Equity,133.4680938720703,26544600,3.26%,30.96%,0.0%,796,130.96,3.36%,2024,97.27%
2024-03-05,AMD,Equity,205.1300048828125,65407100,-0.11%,122.24%,-0.11%,797,222.24,0.89%,2024,-12.84%
2024-03-05,AVGO,Equity,130.58424377441406,36040000,-4.24%,243.25%,-4.24%,797,343.25,-3.24%,2024,116.48%
2024-03-05,INTC,Equity,42.71444320678711,56655100,-5.37%,-4.87%,-31.2%,797,95.13,-4.37%,2024,-57.49%
2024-03-05,NVDA,Equity,85.7195816040039,520639000,0.86%,557.05%,0.0%,797,657.05,1.86%,2024,178.87%
2024-03-05,SPY,Benchmark,491.1085205078125,72855600,-1.0%,43.77%,-1.11%,797,143.77,0.0%,2024,25.59%
2024-03-05,TSM,Equity,130.29214477539062,13694700,-2.38%,27.85%,-2.38%,797,127.85,-1.38%,2024,97.27%
2024-03-06,AMD,Equity,210.6300048828125,86687000,2.68%,128.2%,0.0%,798,228.2,2.17%,2024,-12.84%
2024-03-06,AVGO,Equity,131.28932189941406,43196000,0.54%,245.1%,-3.73%,798,345.1,0.03%,2024,116.48%
2024-03-06,INTC,Equity,44.05050277709961,52652000,3.13%,-1.9%,-29.05%,798,98.1,2.62%,2024,-57.49%
2024-03-06,NVDA,Equity,88.44780731201172,582520000,3.18%,577.96%,0.0%,798,677.96,2.68%,2024,178.87%
2024-03-06,SPY,Benchmark,493.5970764160156,68382400,0.51%,44.5%,-0.6%,798,144.5,0.0%,2024,25.59%
2024-03-06,TSM,Equity,136.6634063720703,22292700,4.89%,34.1%,0.0%,798,134.1,4.38%,2024,97.27%
2024-03-07,AMD,Equity,211.3800048828125,63869000,0.36%,129.01%,0.0%,799,229.01,-0.64%,2024,-12.84%
2024-03-07,AVGO,Equity,136.8336181640625,62832000,4.22%,259.68%,0.0%,799,359.68,3.23%,2024,116.48%
2024-03-07,INTC,Equity,45.67357635498047,50378200,3.68%,1.72%,-26.43%,799,101.72,2.69%,2024,-57.49%
2024-03-07,NVDA,Equity,92.40550994873047,608119000,4.47%,608.29%,0.0%,799,708.29,3.48%,2024,178.87%
2024-03-07,SPY,Benchmark,498.49676513671875,58652100,0.99%,45.93%,0.0%,799,145.93,0.0%,2024,25.59%
2024-03-07,TSM,Equity,144.0289306640625,34675700,5.39%,41.33%,0.0%,799,141.33,4.4%,2024,97.27%
2024-03-08,AMD,Equity,207.38999938964844,120815200,-1.89%,124.69%,-1.89%,800,224.69,-1.29%,2024,-12.84%
2024-03-08,AVGO,Equity,127.27478790283203,74025000,-6.99%,234.55%,-6.99%,800,334.55,-6.39%,2024,116.48%
2024-03-08,INTC,Equity,43.54576873779297,54916600,-4.66%,-3.02%,-29.86%,800,96.98,-4.06%,2024,-57.49%
2024-03-08,NVDA,Equity,87.27912902832031,1142269000,-5.55%,569.0%,-5.55%,800,669.0,-4.95%,2024,178.87%
2024-03-08,SPY,Benchmark,495.50469970703125,86532500,-0.6%,45.06%,-0.6%,800,145.06,0.0%,2024,25.59%
2024-03-08,TSM,Equity,141.29702758789062,43856900,-1.9%,38.64%,-1.9%,800,138.64,-1.3%,2024,97.27%
2024-03-11,AMD,Equity,198.38999938964844,73098600,-4.34%,114.94%,-6.15%,801,214.94,-4.25%,2024,-12.84%
2024-03-11,AVGO,Equity,125.75765228271484,31105000,-1.19%,230.56%,-8.09%,801,330.56,-1.11%,2024,116.48%
2024-03-11,INTC,Equity,44.39689254760742,35051000,1.95%,-1.13%,-28.49%,801,98.87,2.04%,2024,-57.49%
2024-03-11,NVDA,Equity,85.53010559082031,678364000,-2.0%,555.59%,-7.44%,801,655.59,-1.92%,2024,178.87%
2024-03-11,SPY,Benchmark,495.07861328125,62557200,-0.09%,44.93%,-0.69%,801,144.93,0.0%,2024,25.59%
2024-03-11,TSM,Equity,134.2017822265625,29227100,-5.02%,31.68%,-6.82%,801,131.68,-4.94%,2024,97.27%
2024-03-12,AMD,Equity,202.75999450683594,68951700,2.2%,119.67%,-4.08%,802,219.67,1.13%,2024,-12.84%
2024-03-12,AVGO,Equity,125.6370620727539,42789000,-0.1%,230.25%,-8.18%,802,330.25,-1.17%,2024,116.48%
2024-03-12,INTC,Equity,44.77296829223633,31795800,0.85%,-0.29%,-27.88%,802,99.71,-0.23%,2024,-57.49%
2024-03-12,NVDA,Equity,91.65167236328125,668075000,7.16%,602.52%,-0.82%,802,702.52,6.08%,2024,178.87%
2024-03-12,SPY,Benchmark,500.4043884277344,73114400,1.08%,46.49%,0.0%,802,146.49,0.0%,2024,25.59%
2024-03-12,TSM,Equity,139.39527893066406,21218500,3.87%,36.78%,-3.22%,802,136.78,2.79%,2024,97.27%
2024-03-13,AMD,Equity,194.7899932861328,70526900,-3.93%,111.04%,-7.85%,803,211.04,-3.77%,2024,-12.84%
2024-03-13,AVGO,Equity,122.32954406738281,37838000,-2.63%,221.55%,-10.6%,803,321.55,-2.48%,2024,116.48%
2024-03-13,INTC,Equity,42.78371810913086,53195900,-4.44%,-4.72%,-31.09%,803,95.28,-4.29%,2024,-57.49%
2024-03-13,NVDA,Equity,90.62957763671875,635713000,-1.12%,594.68%,-1.92%,803,694.68,-0.96%,2024,178.87%
2024-03-13,SPY,Benchmark,499.6199645996094,55104100,-0.16%,46.26%,-0.16%,803,146.26,0.0%,2024,25.59%
2024-03-13,TSM,Equity,137.21363830566406,12923100,-1.57%,34.64%,-4.73%,803,134.64,-1.41%,2024,97.27%
2024-03-14,AMD,Equity,187.05999755859375,84490500,-3.97%,102.67%,-11.51%,804,202.67,-3.77%,2024,-12.84%
2024-03-14,AVGO,Equity,122.75745391845703,38029000,0.35%,222.68%,-10.29%,804,322.68,0.55%,2024,116.48%
2024-03-14,INTC,Equity,42.30867385864258,38100000,-1.11%,-5.78%,-31.85%,804,94.22,-0.91%,2024,-57.49%
2024-03-14,NVDA,Equity,87.69395446777344,602318000,-3.24%,572.18%,-5.1%,804,672.18,-3.04%,2024,178.87%
2024-03-14,SPY,Benchmark,498.63232421875,110171800,-0.2%,45.97%,-0.35%,804,145.97,0.0%,2024,25.59%
2024-03-14,TSM,Equity,134.78097534179688,14961900,-1.77%,32.25%,-6.42%,804,132.25,-1.58%,2024,97.27%
2024-03-15,AMD,Equity,191.05999755859375,95289500,2.14%,107.0%,-9.61%,805,207.0,2.83%,2024,-12.84%
2024-03-15,AVGO,Equity,120.15404510498047,88823000,-2.12%,215.83%,-12.19%,805,315.83,-1.43%,2024,116.48%
2024-03-15,INTC,Equity,42.199806213378906,66952900,-0.26%,-6.02%,-32.03%,805,93.98,0.43%,2024,-57.49%
2024-03-15,NVDA,Equity,87.58726501464844,642086000,-0.12%,571.36%,-5.21%,805,671.36,0.57%,2024,178.87%
2024-03-15,SPY,Benchmark,495.2084045410156,107646300,-0.69%,44.97%,-1.04%,805,144.97,0.0%,2024,25.59%
2024-03-15,TSM,Equity,132.23245239257812,22751200,-1.89%,29.75%,-8.19%,805,129.75,-1.2%,2024,97.27%
2024-03-18,AMD,Equity,190.64999389648438,59306900,-0.21%,106.55%,-9.81%,806,206.55,-0.81%,2024,-12.84%
2024-03-18,AVGO,Equity,120.32325744628906,25737000,0.14%,216.28%,-12.07%,806,316.28,-0.45%,2024,116.48%
2024-03-18,INTC,Equity,42.26908493041992,27668300,0.16%,-5.87%,-31.92%,806,94.13,-0.43%,2024,-57.49%
2024-03-18,NVDA,Equity,88.20348358154297,668976000,0.7%,576.09%,-4.55%,806,676.09,0.11%,2024,178.87%
2024-03-18,SPY,Benchmark,498.1515197753906,88893300,0.59%,45.83%,-0.45%,806,145.83,0.0%,2024,25.59%
2024-03-18,TSM,Equity,132.4398956298828,14732900,0.16%,29.95%,-8.05%,806,129.95,-0.44%,2024,97.27%
2024-03-19,AMD,Equity,181.4199981689453,83509500,-4.84%,96.55%,-14.17%,807,196.55,-5.4%,2024,-12.84%
2024-03-19,AVGO,Equity,120.39813995361328,24491000,0.06%,216.48%,-12.01%,807,316.48,-0.49%,2024,116.48%
2024-03-19,INTC,Equity,41.61589813232422,34673000,-1.55%,-7.32%,-32.97%,807,92.68,-2.1%,2024,-57.49%
2024-03-19,NVDA,Equity,89.14381408691406,672171000,1.07%,583.29%,-3.53%,807,683.29,0.51%,2024,178.87%
2024-03-19,SPY,Benchmark,500.9197998046875,60755300,0.56%,46.64%,0.0%,807,146.64,0.0%,2024,25.59%
2024-03-19,TSM,Equity,130.72430419921875,17341100,-1.3%,28.27%,-9.24%,807,128.27,-1.85%,2024,97.27%
2024-03-20,AMD,Equity,179.72999572753906,81773100,-0.93%,94.72%,-14.97%,808,194.72,-1.86%,2024,-12.84%
2024-03-20,AVGO,Equity,124.6211929321289,40946000,3.51%,227.58%,-8.93%,808,327.58,2.58%,2024,116.48%
2024-03-20,INTC,Equity,41.76435470581055,74865000,0.36%,-6.99%,-32.73%,808,93.01,-0.57%,2024,-57.49%
2024-03-20,NVDA,Equity,90.11505126953125,479063000,1.09%,590.74%,-2.48%,808,690.74,0.16%,2024,178.87%
2024-03-20,SPY,Benchmark,505.5530090332031,69594600,0.92%,48.0%,0.0%,808,148.0,0.0%,2024,25.59%
2024-03-20,TSM,Equity,132.5465087890625,12750200,1.39%,30.06%,-7.97%,808,130.06,0.47%,2024,97.27%
2024-03-21,AMD,Equity,178.67999267578125,75265600,-0.58%,93.59%,-15.47%,809,193.59,-0.91%,2024,-12.84%
2024-03-21,AVGO,Equity,131.65309143066406,72468000,5.64%,246.06%,-3.79%,809,346.06,5.31%,2024,116.48%
2024-03-21,INTC,Equity,41.98208236694336,50807600,0.52%,-6.5%,-32.38%,809,93.5,0.19%,2024,-57.49%
2024-03-21,NVDA,Equity,91.17501068115234,480372000,1.18%,598.86%,-1.33%,809,698.86,0.85%,2024,178.87%
2024-03-21,SPY,Benchmark,507.2236633300781,60256100,0.33%,48.49%,0.0%,809,148.49,0.0%,2024,25.59%
2024-03-21,TSM,Equity,135.16351318359375,17809400,1.97%,32.63%,-6.16%,809,132.63,1.64%,2024,97.27%
2024-03-22,AMD,Equity,179.64999389648438,57899100,0.54%,94.64%,-15.01%,810,194.64,0.73%,2024,-12.84%
2024-03-22,AVGO,Equity,132.18731689453125,38624000,0.41%,247.46%,-3.4%,810,347.46,0.6%,2024,116.48%
2024-03-22,INTC,Equity,42.13053512573242,28503100,0.35%,-6.17%,-32.14%,810,93.83,0.54%,2024,-57.49%
2024-03-22,NVDA,Equity,94.02091217041016,586719000,3.12%,620.68%,0.0%,810,720.68,3.31%,2024,178.87%
2024-03-22,SPY,Benchmark,506.2620544433594,79070800,-0.19%,48.21%,-0.19%,810,148.21,0.0%,2024,25.59%
2024-03-22,TSM,Equity,136.22003173828125,9944100,0.78%,33.66%,-5.42%,810,133.66,0.97%,2024,97.27%
2024-03-25,AMD,Equity,178.6300048828125,71935300,-0.57%,93.53%,-15.49%,811,193.53,-0.29%,2024,-12.84%
2024-03-25,AVGO,Equity,132.0027313232422,21237000,-0.14%,246.98%,-3.53%,811,346.98,0.14%,2024,116.48%
2024-03-25,INTC,Equity,41.39817428588867,47276500,-1.74%,-7.81%,-33.32%,811,92.19,-1.46%,2024,-57.49%
2024-03-25,NVDA,Equity,94.73188781738281,552136000,0.76%,626.13%,0.0%,811,726.13,1.03%,2024,178.87%
2024-03-25,SPY,Benchmark,504.8633728027344,48512100,-0.28%,47.8%,-0.47%,811,147.8,0.0%,2024,25.59%
2024-03-25,TSM,Equity,135.9195556640625,9922200,-0.22%,33.37%,-5.63%,811,133.37,0.06%,2024,97.27%
2024-03-26,AMD,Equity,177.8699951171875,65322400,-0.43%,92.71%,-15.85%,812,192.71,-0.24%,2024,-12.84%
2024-03-26,AVGO,Equity,130.04063415527344,23522000,-1.49%,241.82%,-4.96%,812,341.82,-1.3%,2024,116.48%
2024-03-26,INTC,Equity,41.556522369384766,39109700,0.38%,-7.45%,-33.06%,812,92.55,0.57%,2024,-57.49%
2024-03-26,NVDA,Equity,92.29781341552734,513648000,-2.57%,607.47%,-2.57%,812,707.47,-2.38%,2024,178.87%
2024-03-26,SPY,Benchmark,503.930908203125,65463700,-0.18%,47.53%,-0.65%,812,147.53,0.0%,2024,25.59%
2024-03-26,TSM,Equity,134.572265625,10786400,-0.99%,32.05%,-6.57%,812,132.05,-0.81%,2024,97.27%
2024-03-27,AMD,Equity,179.58999633789062,55685600,0.97%,94.57%,-15.04%,813,194.57,0.13%,2024,-12.84%
2024-03-27,AVGO,Equity,128.79444885253906,25583000,-0.96%,238.55%,-5.88%,813,338.55,-1.8%,2024,116.48%
2024-03-27,INTC,Equity,43.318145751953125,51017800,4.24%,-3.53%,-30.23%,813,96.47,3.4%,2024,-57.49%
2024-03-27,NVDA,Equity,89.99340057373047,586067000,-2.5%,589.81%,-5.0%,813,689.81,-3.34%,2024,178.87%
2024-03-27,SPY,Benchmark,508.1658630371094,82999800,0.84%,48.77%,0.0%,813,148.77,0.0%,2024,25.59%
2024-03-27,TSM,Equity,132.4883575439453,13842800,-1.55%,30.0%,-8.01%,813,130.0,-2.39%,2024,97.27%
2024-03-28,AMD,Equity,180.49000549316406,57628600,0.5%,95.55%,-14.61%,814,195.55,0.52%,2024,-12.84%
2024-03-28,AVGO,Equity,129.44683837890625,19856000,0.51%,240.26%,-5.4%,814,340.26,0.53%,2024,116.48%
2024-03-28,INTC,Equity,43.714012145996094,54204200,0.91%,-2.65%,-29.59%,814,97.35,0.93%,2024,-57.49%
2024-03-28,NVDA,Equity,90.0990982055664,435212000,0.12%,590.62%,-4.89%,814,690.62,0.14%,2024,178.87%
2024-03-28,SPY,Benchmark,508.0687561035156,96294900,-0.02%,48.74%,-0.02%,814,148.74,0.0%,2024,25.59%
2024-03-28,TSM,Equity,131.8680419921875,10019400,-0.47%,29.39%,-8.44%,814,129.39,-0.45%,2024,97.27%
2024-04-01,AMD,Equity,183.33999633789062,74299900,1.58%,98.63%,-13.27%,815,198.63,1.75%,2024,-12.84%
2024-04-01,AVGO,Equity,131.8738250732422,17252000,1.87%,246.64%,-3.62%,815,346.64,2.05%,2024,116.48%
2024-04-01,INTC,Equity,44.060401916503906,31712600,0.79%,-1.88%,-29.03%,815,98.12,0.97%,2024,-57.49%
2024-04-01,NVDA,Equity,90.10607147216797,452441000,0.01%,590.67%,-4.88%,815,690.67,0.18%,2024,178.87%
2024-04-01,SPY,Benchmark,507.1848449707031,62477500,-0.17%,48.48%,-0.19%,815,148.48,0.0%,2024,25.59%
2024-04-01,TSM,Equity,137.14080810546875,14222700,4.0%,34.57%,-4.78%,815,134.57,4.17%,2024,97.27%
2024-04-02,AMD,Equity,178.6999969482422,61598800,-2.53%,93.61%,-15.46%,816,193.61,-1.89%,2024,-12.84%
2024-04-02,AVGO,Equity,130.7506866455078,24694000,-0.85%,243.69%,-4.45%,816,343.69,-0.22%,2024,116.48%
2024-04-02,INTC,Equity,43.48638916015625,32748400,-1.3%,-3.15%,-29.95%,816,96.85,-0.67%,2024,-57.49%
2024-04-02,NVDA,Equity,89.1976547241211,433064000,-1.01%,583.71%,-5.84%,816,683.71,-0.37%,2024,178.87%
2024-04-02,SPY,Benchmark,503.9600524902344,74230300,-0.64%,47.53%,-0.83%,816,147.53,0.0%,2024,25.59%
2024-04-02,TSM,Equity,135.90985107421875,9869200,-0.9%,33.36%,-5.64%,816,133.36,-0.26%,2024,97.27%
2024-04-03,AMD,Equity,180.77000427246094,49835100,1.16%,95.85%,-14.48%,817,195.85,1.05%,2024,-12.84%
2024-04-03,AVGO,Equity,133.13861083984375,28650000,1.83%,249.96%,-2.7%,817,349.96,1.72%,2024,116.48%
2024-04-03,INTC,Equity,39.913658142089844,83718000,-8.22%,-11.11%,-35.71%,817,88.89,-8.33%,2024,-57.49%
2024-04-03,NVDA,Equity,88.7110595703125,370067000,-0.55%,579.98%,-6.36%,817,679.98,-0.66%,2024,178.87%
2024-04-03,SPY,Benchmark,504.5136413574219,59155800,0.11%,47.7%,-0.72%,817,147.7,0.0%,2024,25.59%
2024-04-03,TSM,Equity,137.63514709472656,9707500,1.27%,35.05%,-4.44%,817,135.05,1.16%,2024,97.27%
2024-04-04,AMD,Equity,165.8300018310547,88280000,-8.26%,79.66%,-21.55%,818,179.66,-7.04%,2024,-12.84%
2024-04-04,AVGO,Equity,128.67428588867188,27014000,-3.35%,238.23%,-5.96%,818,338.23,-2.13%,2024,116.48%
2024-04-04,INTC,Equity,39.31985092163086,57307200,-1.49%,-12.43%,-36.67%,818,87.57,-0.27%,2024,-57.49%
2024-04-04,NVDA,Equity,85.6607437133789,434965000,-3.44%,556.6%,-9.58%,818,656.6,-2.22%,2024,178.87%
2024-04-04,SPY,Benchmark,498.35552978515625,96858100,-1.22%,45.89%,-1.93%,818,145.89,0.0%,2024,25.59%
2024-04-04,TSM,Equity,135.3670654296875,15759500,-1.65%,32.83%,-6.01%,818,132.83,-0.43%,2024,97.27%
2024-04-05,AMD,Equity,170.4199981689453,66080300,2.77%,84.64%,-19.38%,819,184.64,1.72%,2024,-12.84%
2024-04-05,AVGO,Equity,130.8161163330078,19438000,1.66%,243.86%,-4.4%,819,343.86,0.62%,2024,116.48%
2024-04-05,INTC,Equity,38.31037902832031,67263000,-2.57%,-14.68%,-38.29%,819,85.32,-3.61%,2024,-57.49%
2024-04-05,NVDA,Equity,87.75778198242188,399678000,2.45%,572.67%,-7.36%,819,672.67,1.4%,2024,178.87%
2024-04-05,SPY,Benchmark,503.5617370605469,74546500,1.04%,47.42%,-0.91%,819,147.42,0.0%,2024,25.59%
2024-04-05,TSM,Equity,137.01480102539062,8263600,1.22%,34.44%,-4.87%,819,134.44,0.17%,2024,97.27%
2024-04-08,AMD,Equity,169.89999389648438,43997500,-0.31%,84.07%,-19.62%,820,184.07,-0.36%,2024,-12.84%
2024-04-08,AVGO,Equity,130.49087524414062,17139000,-0.25%,243.01%,-4.64%,820,343.01,-0.3%,2024,116.48%
2024-04-08,INTC,Equity,37.58791732788086,56967800,-1.89%,-16.29%,-39.46%,820,83.71,-1.94%,2024,-57.49%
2024-04-08,NVDA,Equity,86.88526153564453,283220000,-0.99%,565.98%,-8.28%,820,665.98,-1.05%,2024,178.87%
2024-04-08,SPY,Benchmark,503.843505859375,48401800,0.06%,47.5%,-0.85%,820,147.5,0.0%,2024,25.59%
2024-04-08,TSM,Equity,138.40086364746094,16307400,1.01%,35.8%,-3.91%,820,135.8,0.96%,2024,97.27%
2024-04-09,AMD,Equity,170.77999877929688,42886100,0.52%,85.03%,-19.21%,821,185.03,0.4%,2024,-12.84%
2024-04-09,AVGO,Equity,130.29360961914062,17986000,-0.15%,242.49%,-4.78%,821,342.49,-0.27%,2024,116.48%
2024-04-09,INTC,Equity,37.93430709838867,78671700,0.92%,-15.52%,-38.9%,821,84.48,0.81%,2024,-57.49%
2024-04-09,NVDA,Equity,85.11129760742188,501700000,-2.04%,552.38%,-10.16%,821,652.38,-2.16%,2024,178.87%
2024-04-09,SPY,Benchmark,504.4262390136719,68049200,0.12%,47.67%,-0.74%,821,147.67,0.0%,2024,25.59%
2024-04-09,TSM,Equity,140.9306182861328,18443400,1.83%,38.29%,-2.15%,821,138.29,1.71%,2024,97.27%
2024-04-10,AMD,Equity,167.13999938964844,59600000,-2.13%,81.08%,-20.93%,822,181.08,-1.13%,2024,-12.84%
2024-04-10,AVGO,Equity,129.1499481201172,17467000,-0.88%,239.48%,-5.62%,822,339.48,0.12%,2024,116.48%
2024-04-10,INTC,Equity,36.81596755981445,51108400,-2.95%,-18.01%,-40.7%,822,81.99,-1.95%,2024,-57.49%
2024-04-10,NVDA,Equity,86.79151916503906,431929000,1.97%,565.26%,-8.38%,822,665.26,2.98%,2024,178.87%
2024-04-10,SPY,Benchmark,499.3753662109375,82652800,-1.0%,46.19%,-1.73%,822,146.19,0.0%,2024,25.59%
2024-04-10,TSM,Equity,141.7254180908203,18861300,0.56%,39.06%,-1.6%,822,139.06,1.57%,2024,97.27%
2024-04-11,AMD,Equity,170.5,48994500,2.01%,84.72%,-19.34%,823,184.72,1.26%,2024,-12.84%
2024-04-11,AVGO,Equity,135.0186767578125,31713000,4.54%,254.91%,-1.33%,823,354.91,3.79%,2024,116.48%
2024-04-11,INTC,Equity,37.24153137207031,41909100,1.16%,-17.06%,-40.01%,823,82.94,0.4%,2024,-57.49%
2024-04-11,NVDA,Equity,90.35834503173828,431637000,4.11%,592.6%,-4.62%,823,692.6,3.35%,2024,178.87%
2024-04-11,SPY,Benchmark,503.1441345214844,70099000,0.75%,47.3%,-0.99%,823,147.3,0.0%,2024,25.59%
2024-04-11,TSM,Equity,142.67530822753906,11818800,0.67%,40.0%,-0.94%,823,140.0,-0.08%,2024,97.27%
2024-04-12,AMD,Equity,163.27999877929688,63519600,-4.23%,76.9%,-22.76%,824,176.9,-2.85%,2024,-12.84%
2024-04-12,AVGO,Equity,131.269287109375,27823000,-2.78%,245.05%,-4.07%,824,345.05,-1.4%,2024,116.48%
2024-04-12,INTC,Equity,35.321556091308594,80254800,-5.16%,-21.34%,-43.11%,824,78.66,-3.78%,2024,-57.49%
2024-04-12,NVDA,Equity,87.93524932861328,426805000,-2.68%,574.03%,-7.17%,824,674.03,-1.3%,2024,178.87%
2024-04-12,SPY,Benchmark,496.1991271972656,92561100,-1.38%,45.26%,-2.35%,824,145.26,0.0%,2024,25.59%
2024-04-12,TSM,Equity,138.13916015625,12024000,-3.18%,35.55%,-4.09%,824,135.55,-1.8%,2024,97.27%
2024-04-15,AMD,Equity,160.32000732421875,61461200,-1.81%,73.69%,-24.16%,825,173.69,-0.56%,2024,-12.84%
2024-04-15,AVGO,Equity,128.0092315673828,24370000,-2.48%,236.48%,-6.45%,825,336.48,-1.23%,2024,116.48%
2024-04-15,INTC,Equity,35.935157775878906,50751600,1.74%,-19.97%,-42.12%,825,80.03,2.99%,2024,-57.49%
2024-04-15,NVDA,Equity,85.75646209716797,443077000,-2.48%,557.33%,-9.47%,825,657.33,-1.22%,2024,178.87%
2024-04-15,SPY,Benchmark,489.98272705078125,92101400,-1.25%,43.44%,-3.58%,825,143.44,0.0%,2024,25.59%
2024-04-15,TSM,Equity,135.83233642578125,13458800,-1.67%,33.28%,-5.69%,825,133.28,-0.42%,2024,97.27%
2024-04-16,AMD,Equity,163.4600067138672,55302100,1.96%,77.1%,-22.67%,826,177.1,2.14%,2024,-12.84%
2024-04-16,AVGO,Equity,129.8033447265625,18923000,1.4%,241.2%,-5.14%,826,341.2,1.58%,2024,116.48%
2024-04-16,INTC,Equity,35.88566970825195,30607500,-0.14%,-20.08%,-42.2%,826,79.92,0.04%,2024,-57.49%
2024-04-16,NVDA,Equity,87.16645812988281,370453000,1.64%,568.14%,-7.99%,826,668.14,1.83%,2024,178.87%
2024-04-16,SPY,Benchmark,489.089111328125,73484000,-0.18%,43.18%,-3.75%,826,143.18,0.0%,2024,25.59%
2024-04-16,TSM,Equity,135.5027618408203,14218200,-0.24%,32.96%,-5.92%,826,132.96,-0.06%,2024,97.27%
2024-04-17,AMD,Equity,154.02000427246094,75909000,-5.78%,66.87%,-27.14%,827,166.87,-5.18%,2024,-12.84%
2024-04-17,AVGO,Equity,125.26872253417969,24718000,-3.49%,229.28%,-8.45%,827,329.28,-2.9%,2024,116.48%
2024-04-17,INTC,Equity,35.31166076660156,41173300,-1.6%,-21.36%,-43.12%,827,78.64,-1.01%,2024,-57.49%
2024-04-17,NVDA,Equity,83.79607391357422,495400000,-3.87%,542.3%,-11.54%,827,642.3,-3.27%,2024,178.87%
2024-04-17,SPY,Benchmark,486.194580078125,75910300,-0.59%,42.33%,-4.32%,827,142.33,0.0%,2024,25.59%
2024-04-17,TSM,Equity,134.7564239501953,18823200,-0.55%,32.23%,-6.44%,827,132.23,0.04%,2024,97.27%
2024-04-18,AMD,Equity,155.0800018310547,52669800,0.69%,68.02%,-26.63%,828,168.02,0.89%,2024,-12.84%
2024-04-18,AVGO,Equity,122.95989990234375,24888000,-1.84%,223.21%,-10.14%,828,323.21,-1.64%,2024,116.48%
2024-04-18,INTC,Equity,34.67826843261719,42334400,-1.79%,-22.77%,-44.14%,828,77.23,-1.59%,2024,-57.49%
2024-04-18,NVDA,Equity,84.43025207519531,447260000,0.76%,547.16%,-10.87%,828,647.16,0.96%,2024,178.87%
2024-04-18,SPY,Benchmark,485.1941223144531,74548100,-0.21%,42.04%,-4.52%,828,142.04,0.0%,2024,25.59%
2024-04-18,TSM,Equity,128.20423889160156,39306100,-4.86%,25.8%,-10.99%,828,125.8,-4.66%,2024,97.27%
2024-04-19,AMD,Equity,146.63999938964844,71618200,-5.44%,58.87%,-30.63%,829,158.87,-4.57%,2024,-12.84%
2024-04-19,AVGO,Equity,117.65862274169922,44797000,-4.31%,209.27%,-14.01%,829,309.27,-3.44%,2024,116.48%
2024-04-19,INTC,Equity,33.84694290161133,59070300,-2.4%,-24.62%,-45.48%,829,75.38,-1.52%,2024,-57.49%
2024-04-19,NVDA,Equity,75.98335266113281,875198000,-10.0%,482.42%,-19.79%,829,582.42,-9.13%,2024,178.87%
2024-04-19,SPY,Benchmark,480.95916748046875,102212600,-0.87%,40.8%,-5.35%,829,140.8,0.0%,2024,25.59%
2024-04-19,TSM,Equity,123.77469635009766,28284000,-3.46%,21.45%,-14.06%,829,121.45,-2.58%,2024,97.27%
2024-04-22,AMD,Equity,148.63999938964844,49397000,1.36%,61.04%,-29.68%,830,161.04,0.44%,2024,-12.84%
2024-04-22,AVGO,Equity,119.58751678466797,25162000,1.64%,214.34%,-12.6%,830,314.34,0.72%,2024,116.48%
2024-04-22,INTC,Equity,34.054771423339844,39909900,0.61%,-24.16%,-45.15%,830,75.84,-0.31%,2024,-57.49%
2024-04-22,NVDA,Equity,79.29190063476562,596341000,4.35%,507.78%,-16.3%,830,607.78,3.43%,2024,178.87%
2024-04-22,SPY,Benchmark,485.3883972167969,67961000,0.92%,42.1%,-4.48%,830,142.1,0.0%,2024,25.59%
2024-04-22,TSM,Equity,125.76168823242188,18556800,1.61%,23.4%,-12.68%,830,123.4,0.68%,2024,97.27%
2024-04-23,AMD,Equity,152.27000427246094,46051900,2.44%,64.97%,-27.96%,831,164.97,1.26%,2024,-12.84%
2024-04-23,AVGO,Equity,122.0027847290039,22025000,2.02%,220.69%,-10.84%,831,320.69,0.83%,2024,116.48%
2024-04-23,INTC,Equity,33.92611312866211,46834000,-0.38%,-24.45%,-45.35%,831,75.55,-1.56%,2024,-57.49%
2024-04-23,NVDA,Equity,82.18865203857422,438559000,3.65%,529.98%,-13.24%,831,629.98,2.47%,2024,178.87%
2024-04-23,SPY,Benchmark,491.14825439453125,64633600,1.19%,43.78%,-3.35%,831,143.78,0.0%,2024,25.59%
2024-04-23,TSM,Equity,129.3285675048828,12573800,2.84%,26.9%,-10.21%,831,126.9,1.65%,2024,97.27%
2024-04-24,AMD,Equity,151.74000549316406,43412600,-0.35%,64.4%,-28.21%,832,164.4,-0.3%,2024,-12.84%
2024-04-24,AVGO,Equity,122.74797058105469,20108000,0.61%,222.65%,-10.29%,832,322.65,0.66%,2024,116.48%
2024-04-24,INTC,Equity,34.14384078979492,53261100,0.64%,-23.96%,-45.0%,832,76.04,0.69%,2024,-57.49%
2024-04-24,NVDA,Equity,79.45045471191406,512208000,-3.33%,508.99%,-16.13%,832,608.99,-3.28%,2024,178.87%
2024-04-24,SPY,Benchmark,490.9151916503906,55928100,-0.05%,43.72%,-3.39%,832,143.72,0.0%,2024,25.59%
2024-04-24,TSM,Equity,128.8827362060547,15558000,-0.34%,26.46%,-10.52%,832,126.46,-0.3%,2024,97.27%
2024-04-25,AMD,Equity,153.75999450683594,41471400,1.33%,66.59%,-27.26%,833,166.59,1.71%,2024,-12.84%
2024-04-25,AVGO,Equity,126.42021179199219,30410000,2.99%,232.3%,-7.61%,833,332.3,3.37%,2024,116.48%
2024-04-25,INTC,Equity,34.74754333496094,66549400,1.77%,-22.62%,-44.03%,833,77.38,2.15%,2024,-57.49%
2024-04-25,NVDA,Equity,82.39706420898438,424641000,3.71%,531.58%,-13.02%,833,631.58,4.09%,2024,178.87%
2024-04-25,SPY,Benchmark,489.0502014160156,69122400,-0.38%,43.17%,-3.76%,833,143.17,0.0%,2024,25.59%
2024-04-25,TSM,Equity,132.3817596435547,18034300,2.71%,29.9%,-8.09%,833,129.9,3.09%,2024,97.27%
2024-04-26,AMD,Equity,157.39999389648438,42510700,2.37%,70.53%,-25.54%,834,170.53,1.42%,2024,-12.84%
2024-04-26,AVGO,Equity,131.269287109375,24100000,3.84%,245.05%,-4.07%,834,345.05,2.89%,2024,116.48%
2024-04-26,INTC,Equity,31.55088996887207,119742500,-9.2%,-29.74%,-49.18%,834,70.26,-10.15%,2024,-57.49%
2024-04-26,NVDA,Equity,87.48555755615234,551011000,6.18%,570.58%,-7.65%,834,670.58,5.23%,2024,178.87%
2024-04-26,SPY,Benchmark,493.6834716796875,64306100,0.95%,44.53%,-2.85%,834,144.53,0.0%,2024,25.59%
2024-04-26,TSM,Equity,134.0488739013672,9453400,1.26%,31.53%,-6.93%,834,131.53,0.31%,2024,97.27%
2024-04-29,AMD,Equity,160.1999969482422,43478200,1.78%,73.56%,-24.21%,835,173.56,1.42%,2024,-12.84%
2024-04-29,AVGO,Equity,130.7370147705078,13372000,-0.41%,243.65%,-4.46%,835,343.65,-0.76%,2024,116.48%
2024-04-29,INTC,Equity,31.036256790161133,58533300,-1.63%,-30.88%,-50.01%,835,69.12,-1.99%,2024,-57.49%
2024-04-29,NVDA,Equity,87.50747680664062,388971000,0.03%,570.75%,-7.63%,835,670.75,-0.33%,2024,178.87%
2024-04-29,SPY,Benchmark,495.4318542480469,46415400,0.35%,45.04%,-2.51%,835,145.04,0.0%,2024,25.59%
2024-04-29,TSM,Equity,134.24270629882812,9997100,0.14%,31.72%,-6.79%,835,131.72,-0.21%,2024,97.27%
2024-04-30,AMD,Equity,158.3800048828125,60742800,-1.14%,71.59%,-25.07%,836,171.59,0.45%,2024,-12.84%
2024-04-30,AVGO,Equity,126.99153900146484,22113000,-2.86%,233.81%,-7.19%,836,333.81,-1.28%,2024,116.48%
2024-04-30,INTC,Equity,30.155445098876953,72346400,-2.84%,-32.84%,-51.43%,836,67.16,-1.25%,2024,-57.49%
2024-04-30,NVDA,Equity,86.15633392333984,363709000,-1.54%,560.39%,-9.05%,836,660.39,0.04%,2024,178.87%
2024-04-30,SPY,Benchmark,487.5835876464844,77483600,-1.58%,42.74%,-4.05%,836,142.74,0.0%,2024,25.59%
2024-04-30,TSM,Equity,133.1183624267578,10980600,-0.84%,30.62%,-7.58%,836,130.62,0.75%,2024,97.27%
2024-05-01,AMD,Equity,144.27000427246094,89413200,-8.91%,56.31%,-31.75%,837,156.31,-8.58%,2024,-12.84%
2024-05-01,AVGO,Equity,121.38457489013672,30958000,-4.42%,219.07%,-11.29%,837,319.07,-4.09%,2024,116.48%
2024-05-01,INTC,Equity,30.05647850036621,60654800,-0.33%,-33.06%,-51.59%,837,66.94,-0.0%,2024,-57.49%
2024-05-01,NVDA,Equity,82.80488586425781,559863000,-3.89%,534.71%,-12.59%,837,634.71,-3.57%,2024,178.87%
2024-05-01,SPY,Benchmark,486.0003662109375,80242800,-0.32%,42.28%,-4.36%,837,142.28,0.0%,2024,25.59%
2024-05-01,TSM,Equity,130.79217529296875,12561800,-1.75%,28.34%,-9.19%,837,128.34,-1.42%,2024,97.27%
2024-05-02,AMD,Equity,146.16000366210938,50034700,1.31%,58.35%,-30.85%,838,158.35,0.37%,2024,-12.84%
2024-05-02,AVGO,Equity,120.96556854248047,29480000,-0.35%,217.97%,-11.6%,838,317.97,-1.28%,2024,116.48%
2024-05-02,INTC,Equity,30.195032119750977,50899400,0.46%,-32.75%,-51.36%,838,67.25,-0.47%,2024,-57.49%
2024-05-02,NVDA,Equity,85.572998046875,377898000,3.34%,555.92%,-9.67%,838,655.92,2.41%,2024,178.87%
2024-05-02,SPY,Benchmark,490.5461120605469,62550200,0.94%,43.61%,-3.47%,838,143.61,0.0%,2024,25.59%
2024-05-02,TSM,Equity,132.04248046875,9261900,0.96%,29.56%,-8.32%,838,129.56,0.02%,2024,97.27%
2024-05-03,AMD,Equity,150.60000610351562,49361100,3.04%,63.16%,-28.75%,839,163.16,1.8%,2024,-12.84%
2024-05-03,AVGO,Equity,124.82726287841797,24898000,3.19%,228.12%,-8.77%,839,328.12,1.95%,2024,116.48%
2024-05-03,INTC,Equity,30.58100700378418,36794800,1.28%,-31.9%,-50.74%,839,68.1,0.04%,2024,-57.49%
2024-05-03,NVDA,Equity,88.53655242919922,398341000,3.46%,578.64%,-6.54%,839,678.64,2.22%,2024,178.87%
2024-05-03,SPY,Benchmark,496.6265869140625,72756700,1.24%,45.39%,-2.27%,839,145.39,0.0%,2024,25.59%
2024-05-03,TSM,Equity,137.20864868164062,13264300,3.91%,34.63%,-4.74%,839,134.63,2.67%,2024,97.27%
2024-05-06,AMD,Equity,155.77999877929688,44624500,3.44%,68.78%,-26.3%,840,168.78,2.41%,2024,-12.84%
2024-05-06,AVGO,Equity,127.97210693359375,16287000,2.52%,236.38%,-6.48%,840,336.38,1.49%,2024,116.48%
2024-05-06,INTC,Equity,30.774776458740234,36185600,0.63%,-31.46%,-50.43%,840,68.54,-0.4%,2024,-57.49%
2024-05-06,NVDA,Equity,91.87802124023438,376203000,3.77%,604.25%,-3.01%,840,704.25,2.74%,2024,178.87%
2024-05-06,SPY,Benchmark,501.75506591796875,47264700,1.03%,46.89%,-1.26%,840,146.89,0.0%,2024,25.59%
2024-05-06,TSM,Equity,138.4396209716797,8601600,0.9%,35.84%,-3.88%,840,135.84,-0.14%,2024,97.27%
2024-05-07,AMD,Equity,154.42999267578125,37374900,-0.87%,67.31%,-26.94%,841,167.31,-0.98%,2024,-12.84%
2024-05-07,AVGO,Equity,127.26891326904297,12413000,-0.55%,234.54%,-6.99%,841,334.54,-0.66%,2024,116.48%
2024-05-07,INTC,Equity,30.486604690551758,44683400,-0.94%,-32.11%,-50.89%,841,67.89,-1.05%,2024,-57.49%
2024-05-07,NVDA,Equity,90.2965316772461,437342000,-1.72%,592.13%,-4.68%,841,692.13,-1.83%,2024,178.87%
2024-05-07,SPY,Benchmark,502.30877685546875,52561300,0.11%,47.05%,-1.15%,841,147.05,0.0%,2024,25.59%
2024-05-07,TSM,Equity,136.77249145507812,8682900,-1.2%,34.21%,-5.04%,841,134.21,-1.31%,2024,97.27%
2024-05-08,AMD,Equity,153.6199951171875,28728000,-0.52%,66.44%,-27.33%,842,166.44,-0.53%,2024,-12.84%
2024-05-08,AVGO,Equity,129.4429473876953,13918000,1.71%,240.25%,-5.4%,842,340.25,1.7%,2024,116.48%
2024-05-08,INTC,Equity,29.81089210510254,63734600,-2.22%,-33.61%,-51.98%,842,66.39,-2.23%,2024,-57.49%
2024-05-08,NVDA,Equity,90.1549301147461,325721000,-0.16%,591.04%,-4.83%,842,691.04,-0.17%,2024,178.87%
2024-05-08,SPY,Benchmark,502.3573303222656,42047200,0.01%,47.06%,-1.14%,842,147.06,0.0%,2024,25.59%
2024-05-08,TSM,Equity,139.1859588623047,10202300,1.76%,36.57%,-3.36%,842,136.57,1.75%,2024,97.27%
2024-05-09,AMD,Equity,152.38999938964844,33018000,-0.8%,65.1%,-27.91%,843,165.1,-1.38%,2024,-12.84%
2024-05-09,AVGO,Equity,127.5189208984375,12170000,-1.49%,235.19%,-6.81%,843,335.19,-2.06%,2024,116.48%
2024-05-09,INTC,Equity,29.90032386779785,45003400,0.3%,-33.41%,-51.84%,843,66.59,-0.28%,2024,-57.49%
2024-05-09,NVDA,Equity,88.49466705322266,378013000,-1.84%,578.32%,-6.58%,843,678.32,-2.42%,2024,178.87%
2024-05-09,SPY,Benchmark,505.2518615722656,43643700,0.58%,47.91%,-0.57%,843,147.91,0.0%,2024,25.59%
2024-05-09,TSM,Equity,138.40086364746094,8012700,-0.56%,35.8%,-3.91%,843,135.8,-1.14%,2024,97.27%
2024-05-10,AMD,Equity,151.9199981689453,37652800,-0.31%,64.59%,-28.13%,844,164.59,-0.44%,2024,-12.84%
2024-05-10,AVGO,Equity,130.16859436035156,16300000,2.08%,242.16%,-4.87%,844,342.16,1.95%,2024,116.48%
2024-05-10,INTC,Equity,29.66183853149414,42931300,-0.8%,-33.94%,-52.22%,844,66.06,-0.93%,2024,-57.49%
2024-05-10,NVDA,Equity,89.62244415283203,335325000,1.27%,586.96%,-5.39%,844,686.96,1.15%,2024,178.87%
2024-05-10,SPY,Benchmark,505.9027404785156,52233200,0.13%,48.1%,-0.45%,844,148.1,0.0%,2024,25.59%
2024-05-10,TSM,Equity,144.67196655273438,23671400,4.53%,41.96%,0.0%,844,141.96,4.4%,2024,97.27%
2024-05-13,AMD,Equity,150.55999755859375,27859200,-0.9%,63.12%,-28.77%,845,163.12,-0.91%,2024,-12.84%
2024-05-13,AVGO,Equity,130.62860107421875,18507000,0.35%,243.37%,-4.53%,845,343.37,0.34%,2024,116.48%
2024-05-13,INTC,Equity,30.317676544189453,51459100,2.21%,-32.48%,-51.17%,845,67.52,2.2%,2024,-57.49%
2024-05-13,NVDA,Equity,90.14197540283203,289680000,0.58%,590.94%,-4.85%,845,690.94,0.57%,2024,178.87%
2024-05-13,SPY,Benchmark,505.9706115722656,36716400,0.01%,48.12%,-0.43%,845,148.12,0.0%,2024,25.59%
2024-05-13,TSM,Equity,141.90960693359375,8278700,-1.91%,39.25%,-1.91%,845,139.25,-1.92%,2024,97.27%
2024-05-14,AMD,Equity,153.16000366210938,31938300,1.73%,65.94%,-27.54%,846,165.94,1.27%,2024,-12.84%
2024-05-14,AVGO,Equity,134.78134155273438,19420000,3.18%,254.28%,-1.5%,846,354.28,2.72%,2024,116.48%
2024-05-14,INTC,Equity,30.854272842407227,47759900,1.77%,-31.29%,-50.3%,846,68.71,1.31%,2024,-57.49%
2024-05-14,NVDA,Equity,91.09625244140625,296507000,1.06%,598.26%,-3.84%,846,698.26,0.6%,2024,178.87%
2024-05-14,SPY,Benchmark,508.29217529296875,57535900,0.46%,48.8%,0.0%,846,148.8,0.0%,2024,25.59%
2024-05-14,TSM,Equity,147.27928161621094,12316500,3.78%,44.51%,0.0%,846,144.51,3.33%,2024,97.27%
2024-05-15,AMD,Equity,159.6699981689453,43195900,4.25%,72.99%,-24.46%,847,172.99,3.01%,2024,-12.84%
2024-05-15,AVGO,Equity,140.26426696777344,32757000,4.07%,268.7%,0.0%,847,368.7,2.83%,2024,116.48%
2024-05-15,INTC,Equity,31.072887420654297,36992900,0.71%,-30.8%,-49.95%,847,69.2,-0.53%,2024,-57.49%
2024-05-15,NVDA,Equity,94.36094665527344,417735000,3.58%,623.28%,-0.39%,847,723.28,2.35%,2024,178.87%
2024-05-15,SPY,Benchmark,514.5863037109375,59504900,1.24%,50.64%,0.0%,847,150.64,0.0%,2024,25.59%
2024-05-15,TSM,Equity,150.79771423339844,14027100,2.39%,47.97%,0.0%,847,147.97,1.15%,2024,97.27%
2024-05-16,AMD,Equity,162.6199951171875,76726700,1.85%,76.19%,-23.07%,848,176.19,2.05%,2024,-12.84%
2024-05-16,AVGO,Equity,137.9163818359375,28395000,-1.67%,262.52%,-1.67%,848,362.52,-1.47%,2024,116.48%
2024-05-16,INTC,Equity,31.828094482421875,47752800,2.43%,-29.12%,-48.73%,848,70.88,2.64%,2024,-57.49%
2024-05-16,NVDA,Equity,94.09071350097656,323952000,-0.29%,621.21%,-0.68%,848,721.21,-0.08%,2024,178.87%
2024-05-16,SPY,Benchmark,513.527587890625,50244800,-0.21%,50.34%,-0.21%,848,150.34,0.0%,2024,25.59%
2024-05-16,TSM,Equity,147.55068969726562,13394100,-2.15%,44.78%,-2.15%,848,144.78,-1.95%,2024,97.27%
2024-05-17,AMD,Equity,164.47000122070312,65944400,1.14%,78.19%,-22.19%,849,178.19,0.99%,2024,-12.84%
2024-05-17,AVGO,Equity,136.271728515625,18174000,-1.19%,258.2%,-2.85%,849,358.2,-1.34%,2024,116.48%
2024-05-17,INTC,Equity,31.629356384277344,41449800,-0.62%,-29.56%,-49.05%,849,70.44,-0.77%,2024,-57.49%
2024-05-17,NVDA,Equity,92.216064453125,359691000,-1.99%,606.84%,-2.66%,849,706.84,-2.14%,2024,178.87%
2024-05-17,SPY,Benchmark,514.2658081054688,59187600,0.14%,50.55%,-0.06%,849,150.55,0.0%,2024,25.59%
2024-05-17,TSM,Equity,147.01760864257812,7711200,-0.36%,44.26%,-2.51%,849,144.26,-0.51%,2024,97.27%
2024-05-20,AMD,Equity,166.3300018310547,45618000,1.13%,80.21%,-21.31%,850,180.21,1.02%,2024,-12.84%
2024-05-20,AVGO,Equity,138.1019744873047,27170000,1.34%,263.01%,-1.54%,850,363.01,1.23%,2024,116.48%
2024-05-20,INTC,Equity,31.897653579711914,31989000,0.85%,-28.96%,-48.62%,850,71.04,0.73%,2024,-57.49%
2024-05-20,NVDA,Equity,94.51051330566406,318764000,2.49%,624.43%,-0.23%,850,724.43,2.37%,2024,178.87%
2024-05-20,SPY,Benchmark,514.8582763671875,37764200,0.12%,50.72%,0.0%,850,150.72,0.0%,2024,25.59%
2024-05-20,TSM,Equity,148.8301544189453,9261200,1.23%,46.04%,-1.3%,850,146.04,1.12%,2024,97.27%
2024-05-21,AMD,Equity,164.66000366210938,30005500,-1.0%,78.4%,-22.1%,851,178.4,-1.25%,2024,-12.84%
2024-05-21,AVGO,Equity,136.65359497070312,15333000,-1.05%,259.2%,-2.57%,851,359.2,-1.29%,2024,116.48%
2024-05-21,INTC,Equity,31.5399227142334,42975400,-1.12%,-29.76%,-49.2%,851,70.24,-1.37%,2024,-57.49%
2024-05-21,NVDA,Equity,95.11479949951172,328946000,0.64%,629.06%,0.0%,851,729.06,0.39%,2024,178.87%
2024-05-21,SPY,Benchmark,516.12109375,33437000,0.25%,51.09%,0.0%,851,151.09,0.0%,2024,25.59%
2024-05-21,TSM,Equity,148.94639587402344,7919400,0.08%,46.15%,-1.23%,851,146.15,-0.17%,2024,97.27%
2024-05-22,AMD,Equity,165.52000427246094,47426700,0.52%,79.33%,-21.7%,852,179.33,0.81%,2024,-12.84%
2024-05-22,AVGO,Equity,135.9738311767578,21002000,-0.5%,257.42%,-3.06%,852,357.42,-0.21%,2024,116.48%
2024-05-22,INTC,Equity,31.221940994262695,36706400,-1.01%,-30.47%,-49.71%,852,69.53,-0.72%,2024,-57.49%
2024-05-22,NVDA,Equity,94.68002319335938,548648000,-0.46%,625.73%,-0.46%,852,725.73,-0.17%,2024,178.87%
2024-05-22,SPY,Benchmark,514.6348266601562,48390000,-0.29%,50.66%,-0.29%,852,150.66,0.0%,2024,25.59%
2024-05-22,TSM,Equity,151.35018920898438,13455200,1.61%,48.51%,0.0%,852,148.51,1.9%,2024,97.27%
2024-05-23,AMD,Equity,160.42999267578125,91888800,-3.08%,73.81%,-24.1%,853,173.81,-2.34%,2024,-12.84%
2024-05-23,AVGO,Equity,136.07638549804688,31039000,0.08%,257.69%,-2.99%,853,357.69,0.81%,2024,116.48%
2024-05-23,INTC,Equity,29.8903865814209,62014500,-4.26%,-33.43%,-51.85%,853,66.57,-3.53%,2024,-57.49%
2024-05-23,NVDA,Equity,103.50387573242188,835065000,9.32%,693.36%,0.0%,853,793.36,10.05%,2024,178.87%
2024-05-23,SPY,Benchmark,510.87591552734375,57211200,-0.73%,49.56%,-1.02%,853,149.56,0.0%,2024,25.59%
2024-05-23,TSM,Equity,152.2613067626953,20873000,0.6%,49.4%,0.0%,853,149.4,1.33%,2024,97.27%
2024-05-24,AMD,Equity,166.36000061035156,54868600,3.7%,80.24%,-21.3%,854,180.24,3.03%,2024,-12.84%
2024-05-24,AVGO,Equity,137.4973907470703,16730000,1.04%,261.42%,-1.97%,854,361.42,0.38%,2024,116.48%
2024-05-24,INTC,Equity,30.526351928710938,42434500,2.13%,-32.02%,-50.83%,854,67.98,1.47%,2024,-57.49%
2024-05-24,NVDA,Equity,106.16627502441406,429494000,2.57%,713.77%,0.0%,854,813.77,1.91%,2024,178.87%
2024-05-24,SPY,Benchmark,514.256103515625,41291100,0.66%,50.55%,-0.36%,854,150.55,0.0%,2024,25.59%
2024-05-24,TSM,Equity,155.08184814453125,11908200,1.85%,52.17%,0.0%,854,152.17,1.19%,2024,97.27%
2024-05-28,AMD,Equity,171.61000061035156,66495400,3.16%,85.93%,-18.81%,855,185.93,3.09%,2024,-12.84%
2024-05-28,AVGO,Equity,137.9476318359375,22919000,0.33%,262.61%,-1.65%,855,362.61,0.26%,2024,116.48%
2024-05-28,INTC,Equity,30.86421012878418,36799100,1.11%,-31.26%,-50.29%,855,68.74,1.04%,2024,-57.49%
2024-05-28,NVDA,Equity,113.5771484375,652728000,6.98%,770.58%,0.0%,855,870.58,6.91%,2024,178.87%
2024-05-28,SPY,Benchmark,514.6154174804688,36269600,0.07%,50.65%,-0.29%,855,150.65,0.0%,2024,25.59%
2024-05-28,TSM,Equity,154.510009765625,13964400,-0.37%,51.61%,-0.37%,855,151.61,-0.44%,2024,97.27%
2024-05-29,AMD,Equity,165.13999938964844,56537500,-3.77%,78.92%,-21.88%,856,178.92,-3.07%,2024,-12.84%
2024-05-29,AVGO,Equity,135.8205108642578,26861000,-1.54%,257.01%,-3.17%,856,357.01,-0.84%,2024,116.48%
2024-05-29,INTC,Equity,29.94007110595703,35848600,-2.99%,-33.32%,-51.77%,856,66.68,-2.29%,2024,-57.49%
2024-05-29,NVDA,Equity,114.49852752685547,557442000,0.81%,777.64%,0.0%,856,877.64,1.51%,2024,178.87%
2024-05-29,SPY,Benchmark,511.0118103027344,45190300,-0.7%,49.6%,-0.99%,856,149.6,0.0%,2024,25.59%
2024-05-29,TSM,Equity,149.5958251953125,15780000,-3.18%,46.79%,-3.54%,856,146.79,-2.48%,2024,97.27%
2024-05-30,AMD,Equity,166.75,46367000,0.97%,80.66%,-21.11%,857,180.66,1.64%,2024,-12.84%
2024-05-30,AVGO,Equity,133.22357177734375,21717000,-1.91%,250.19%,-5.02%,857,350.19,-1.25%,2024,116.48%
2024-05-30,INTC,Equity,29.99969482421875,33351000,0.2%,-33.19%,-51.68%,857,66.81,0.86%,2024,-57.49%
2024-05-30,NVDA,Equity,110.18582153320312,484553000,-3.77%,744.58%,-3.77%,857,844.58,-3.1%,2024,178.87%
2024-05-30,SPY,Benchmark,507.6219482421875,46377600,-0.66%,48.61%,-1.65%,857,148.61,0.0%,2024,25.59%
2024-05-30,TSM,Equity,148.2582550048828,9687800,-0.89%,45.48%,-4.4%,857,145.48,-0.23%,2024,97.27%
2024-05-31,AMD,Equity,166.89999389648438,64331900,0.09%,80.82%,-21.04%,858,180.82,-0.82%,2024,-12.84%
2024-05-31,AVGO,Equity,129.75352478027344,73091000,-2.6%,241.07%,-7.49%,858,341.07,-3.52%,2024,116.48%
2024-05-31,INTC,Equity,30.655534744262695,95797500,2.19%,-31.73%,-50.62%,858,68.27,1.28%,2024,-57.49%
2024-05-31,NVDA,Equity,109.32128143310547,613263000,-0.78%,737.96%,-4.52%,858,837.96,-1.7%,2024,178.87%
2024-05-31,SPY,Benchmark,512.2454833984375,90785800,0.91%,49.96%,-0.75%,858,149.96,0.0%,2024,25.59%
2024-05-31,TSM,Equity,146.39724731445312,13782600,-1.26%,43.65%,-5.6%,858,143.65,-2.17%,2024,97.27%
2024-06-03,AMD,Equity,163.5500030517578,59157600,-2.01%,77.19%,-22.63%,859,177.19,-2.09%,2024,-12.84%
2024-06-03,AVGO,Equity,129.10403442382812,26278000,-0.5%,239.36%,-7.96%,859,339.36,-0.58%,2024,116.48%
2024-06-03,INTC,Equity,30.099063873291016,35544900,-1.82%,-32.97%,-51.52%,859,67.03,-1.9%,2024,-57.49%
2024-06-03,NVDA,Equity,114.67301940917969,438392000,4.9%,778.98%,0.0%,859,878.98,4.81%,2024,178.87%
2024-06-03,SPY,Benchmark,512.6630859375,46835700,0.08%,50.08%,-0.67%,859,150.08,0.0%,2024,25.59%
2024-06-03,TSM,Equity,150.1870574951172,12924400,2.59%,47.37%,-3.16%,859,147.37,2.51%,2024,97.27%
2024-06-04,AMD,Equity,159.99000549316406,48157200,-2.18%,73.34%,-24.31%,860,173.34,-2.29%,2024,-12.84%
2024-06-04,AVGO,Equity,129.9752197265625,23048000,0.67%,241.65%,-7.34%,860,341.65,0.56%,2024,116.48%
2024-06-04,INTC,Equity,29.8407039642334,51027200,-0.86%,-33.54%,-51.93%,860,66.46,-0.97%,2024,-57.49%
2024-06-04,NVDA,Equity,116.1059341430664,403324000,1.25%,789.96%,0.0%,860,889.96,1.14%,2024,178.87%
2024-06-04,SPY,Benchmark,513.236083984375,34632700,0.11%,50.25%,-0.56%,860,150.25,0.0%,2024,25.59%
2024-06-04,TSM,Equity,147.78330993652344,10066700,-1.6%,45.01%,-4.71%,860,145.01,-1.71%,2024,97.27%
2024-06-05,AMD,Equity,166.1699981689453,60507500,3.86%,80.03%,-21.39%,861,180.03,2.67%,2024,-12.84%
2024-06-05,AVGO,Equity,138.0101776123047,32947000,6.18%,262.77%,-1.61%,861,362.77,4.99%,2024,116.48%
2024-06-05,INTC,Equity,30.585975646972656,44161700,2.5%,-31.88%,-50.73%,861,68.12,1.31%,2024,-57.49%
2024-06-05,NVDA,Equity,122.09187316894531,528402000,5.16%,835.84%,0.0%,861,935.84,3.97%,2024,178.87%
2024-06-05,SPY,Benchmark,519.3359985351562,47610400,1.19%,52.04%,0.0%,861,152.04,0.0%,2024,25.59%
2024-06-05,TSM,Equity,157.912109375,23192600,6.85%,54.95%,0.0%,861,154.95,5.67%,2024,97.27%
2024-06-06,AMD,Equity,166.77999877929688,47153700,0.37%,80.69%,-21.1%,862,180.69,0.37%,2024,-12.84%
2024-06-06,AVGO,Equity,136.85574340820312,20172000,-0.84%,259.74%,-2.43%,862,359.74,-0.83%,2024,116.48%
2024-06-06,INTC,Equity,30.22824478149414,34248100,-1.17%,-32.68%,-51.31%,862,67.32,-1.17%,2024,-57.49%
2024-06-06,NVDA,Equity,120.65396881103516,664696000,-1.18%,824.82%,-1.18%,862,924.82,-1.18%,2024,178.87%
2024-06-06,SPY,Benchmark,519.3262939453125,30808500,-0.0%,52.03%,-0.0%,862,152.03,0.0%,2024,25.59%
2024-06-06,TSM,Equity,157.0882110595703,14819100,-0.52%,54.14%,-0.52%,862,154.14,-0.52%,2024,97.27%
2024-06-07,AMD,Equity,167.8699951171875,44796000,0.65%,81.87%,-20.58%,863,181.87,0.78%,2024,-12.84%
2024-06-07,AVGO,Equity,137.38021850585938,17859000,0.38%,261.11%,-2.06%,863,361.11,0.5%,2024,116.48%
2024-06-07,INTC,Equity,30.546226501464844,34085500,1.05%,-31.97%,-50.8%,863,68.03,1.17%,2024,-57.49%
2024-06-07,NVDA,Equity,120.5442886352539,412386000,-0.09%,823.98%,-1.27%,863,923.98,0.03%,2024,178.87%
2024-06-07,SPY,Benchmark,518.6950073242188,43224500,-0.12%,51.85%,-0.12%,863,151.85,0.0%,2024,25.59%
2024-06-07,TSM,Equity,159.3369140625,14023300,1.43%,56.35%,0.0%,863,156.35,1.55%,2024,97.27%
2024-06-10,AMD,Equity,160.33999633789062,67444600,-4.49%,73.72%,-24.15%,864,173.72,-4.79%,2024,-12.84%
2024-06-10,AVGO,Equity,140.68423461914062,31042000,2.41%,269.8%,0.0%,864,369.8,2.1%,2024,116.48%
2024-06-10,INTC,Equity,30.71515464782715,37396500,0.55%,-31.6%,-50.53%,864,68.4,0.24%,2024,-57.49%
2024-06-10,NVDA,Equity,121.44371795654297,313434100,0.75%,830.87%,-0.53%,864,930.87,0.44%,2024,178.87%
2024-06-10,SPY,Benchmark,520.2976684570312,35686100,0.31%,52.32%,0.0%,864,152.32,0.0%,2024,25.59%
2024-06-10,TSM,Equity,162.9910125732422,12418900,2.29%,59.93%,0.0%,864,159.93,1.98%,2024,97.27%
2024-06-11,AMD,Equity,158.9600067138672,40497100,-0.86%,72.22%,-24.8%,865,172.22,-1.1%,2024,-12.84%
2024-06-11,AVGO,Equity,142.69224548339844,34844000,1.43%,275.08%,0.0%,865,375.08,1.19%,2024,116.48%
2024-06-11,INTC,Equity,30.7250919342041,25326900,0.03%,-31.57%,-50.51%,865,68.43,-0.21%,2024,-57.49%
2024-06-11,NVDA,Equity,120.57610321044922,222551200,-0.71%,824.22%,-1.24%,865,924.22,-0.96%,2024,178.87%
2024-06-11,SPY,Benchmark,521.5507202148438,36383400,0.24%,52.68%,0.0%,865,152.68,0.0%,2024,25.59%
2024-06-11,TSM,Equity,160.61634826660156,11508600,-1.46%,57.6%,-1.46%,865,157.6,-1.7%,2024,97.27%
2024-06-12,AMD,Equity,160.24000549316406,48325800,0.81%,73.61%,-24.19%,866,173.61,-0.02%,2024,-12.84%
2024-06-12,AVGO,Equity,146.05975341796875,56697000,2.36%,283.93%,0.0%,866,383.93,1.54%,2024,116.48%
2024-06-12,INTC,Equity,30.56610107421875,51323900,-0.52%,-31.93%,-50.77%,866,68.07,-1.34%,2024,-57.49%
2024-06-12,NVDA,Equity,124.8542709350586,299595000,3.55%,857.02%,0.0%,866,957.02,2.73%,2024,178.87%
2024-06-12,SPY,Benchmark,525.8341674804688,63251300,0.82%,53.94%,0.0%,866,153.94,0.0%,2024,25.59%
2024-06-12,TSM,Equity,167.66285705566406,20309500,4.39%,64.52%,0.0%,866,164.52,3.57%,2024,97.27%
2024-06-13,AMD,Equity,159.89999389648438,44442500,-0.21%,73.24%,-24.35%,867,173.24,-0.41%,2024,-12.84%
2024-06-13,AVGO,Equity,163.9794464111328,89061000,12.27%,331.03%,0.0%,867,431.03,12.07%,2024,116.48%
2024-06-13,INTC,Equity,30.26799201965332,33787200,-0.98%,-32.59%,-51.25%,867,67.41,-1.18%,2024,-57.49%
2024-06-13,NVDA,Equity,129.25209045410156,260704500,3.52%,890.73%,0.0%,867,990.73,3.32%,2024,178.87%
2024-06-13,SPY,Benchmark,526.8930053710938,44760900,0.2%,54.25%,0.0%,867,154.25,0.0%,2024,25.59%
2024-06-13,TSM,Equity,168.12374877929688,15591800,0.27%,64.97%,0.0%,867,164.97,0.07%,2024,97.27%
2024-06-14,AMD,Equity,159.6300048828125,34054000,-0.17%,72.95%,-24.48%,868,172.95,-0.23%,2024,-12.84%
2024-06-14,AVGO,Equity,169.45358276367188,69705000,3.34%,345.42%,0.0%,868,445.42,3.28%,2024,116.48%
2024-06-14,INTC,Equity,30.258056640625,28125900,-0.03%,-32.61%,-51.26%,868,67.39,-0.09%,2024,-57.49%
2024-06-14,NVDA,Equity,131.51583862304688,309320400,1.75%,908.08%,0.0%,868,1008.08,1.69%,2024,178.87%
2024-06-14,SPY,Benchmark,527.2135009765625,40089900,0.06%,54.34%,0.0%,868,154.34,0.0%,2024,25.59%
2024-06-14,TSM,Equity,167.73480224609375,9192500,-0.23%,64.59%,-0.23%,868,164.59,-0.29%,2024,97.27%
2024-06-17,AMD,Equity,158.39999389648438,44507700,-0.77%,71.61%,-25.06%,869,171.61,-1.57%,2024,-12.84%
2024-06-17,AVGO,Equity,178.61753845214844,87528000,5.41%,369.51%,0.0%,869,469.51,4.61%,2024,116.48%
2024-06-17,INTC,Equity,30.784713745117188,36235300,1.74%,-31.44%,-50.41%,869,68.56,0.94%,2024,-57.49%
2024-06-17,NVDA,Equity,130.61831665039062,288504400,-0.68%,901.2%,-0.68%,869,1001.2,-1.48%,2024,178.87%
2024-06-17,SPY,Benchmark,531.4094848632812,55839500,0.8%,55.57%,0.0%,869,155.57,0.0%,2024,25.59%
2024-06-17,TSM,Equity,172.33387756347656,18593700,2.74%,69.1%,0.0%,869,169.1,1.95%,2024,97.27%
2024-06-18,AMD,Equity,154.6300048828125,51852000,-2.38%,67.53%,-26.85%,870,167.53,-2.63%,2024,-12.84%
2024-06-18,AVGO,Equity,176.0440216064453,86797000,-1.44%,362.74%,-1.44%,870,462.74,-1.69%,2024,116.48%
2024-06-18,INTC,Equity,30.436920166015625,33294700,-1.13%,-32.22%,-50.97%,870,67.78,-1.38%,2024,-57.49%
2024-06-18,NVDA,Equity,135.20562744140625,294335100,3.51%,936.36%,0.0%,870,1036.36,3.26%,2024,178.87%
2024-06-18,SPY,Benchmark,532.7596435546875,41376400,0.25%,55.97%,0.0%,870,155.97,0.0%,2024,25.59%
2024-06-18,TSM,Equity,174.716064453125,27155100,1.38%,71.44%,0.0%,870,171.44,1.13%,2024,97.27%
2024-06-20,AMD,Equity,161.77999877929688,93245700,4.62%,75.28%,-23.46%,871,175.28,4.9%,2024,-12.84%
2024-06-20,AVGO,Equity,169.40670776367188,68157000,-3.77%,345.3%,-5.16%,871,445.3,-3.5%,2024,116.48%
2024-06-20,INTC,Equity,30.426984786987305,43826300,-0.03%,-32.24%,-50.99%,871,67.76,0.24%,2024,-57.49%
2024-06-20,NVDA,Equity,130.4188690185547,517768400,-3.54%,899.67%,-3.54%,871,999.67,-3.27%,2024,178.87%
2024-06-20,SPY,Benchmark,531.3124389648438,70328200,-0.27%,55.54%,-0.27%,871,155.54,0.0%,2024,25.59%
2024-06-20,TSM,Equity,170.52537536621094,28403200,-2.4%,67.32%,-2.4%,871,167.32,-2.13%,2024,97.27%
2024-06-21,AMD,Equity,161.22999572753906,61293900,-0.34%,74.68%,-23.73%,872,174.68,-0.21%,2024,-12.84%
2024-06-21,AVGO,Equity,161.99095153808594,99289000,-4.38%,325.81%,-9.31%,872,425.81,-4.24%,2024,116.48%
2024-06-21,INTC,Equity,30.894020080566406,90795200,1.53%,-31.2%,-50.24%,872,68.8,1.67%,2024,-57.49%
2024-06-21,NVDA,Equity,126.22048950195312,649445800,-3.22%,867.49%,-6.65%,872,967.49,-3.09%,2024,178.87%
2024-06-21,SPY,Benchmark,530.60009765625,64338600,-0.13%,55.33%,-0.41%,872,155.33,0.0%,2024,25.59%
2024-06-21,TSM,Equity,169.14468383789062,20175600,-0.81%,65.97%,-3.19%,872,165.97,-0.68%,2024,97.27%
2024-06-24,AMD,Equity,160.25,45954100,-0.61%,73.62%,-24.19%,873,173.62,-0.28%,2024,-12.84%
2024-06-24,AVGO,Equity,155.9977569580078,58575000,-3.7%,310.05%,-12.66%,873,410.05,-3.37%,2024,116.48%
2024-06-24,INTC,Equity,30.37729835510254,40611800,-1.67%,-32.35%,-51.07%,873,67.65,-1.35%,2024,-57.49%
2024-06-24,NVDA,Equity,117.78385162353516,476060900,-6.68%,802.82%,-12.89%,873,902.82,-6.36%,2024,178.87%
2024-06-24,SPY,Benchmark,528.8753051757812,45528700,-0.33%,54.83%,-0.73%,873,154.83,0.0%,2024,25.59%
2024-06-24,TSM,Equity,163.1649169921875,19741700,-3.54%,60.1%,-6.61%,873,160.1,-3.21%,2024,97.27%
2024-06-25,AMD,Equity,160.25,40572300,0.0%,73.62%,-24.19%,874,173.62,-0.39%,2024,-12.84%
2024-06-25,AVGO,Equity,154.87889099121094,53329000,-0.72%,307.11%,-13.29%,874,407.11,-1.1%,2024,116.48%
2024-06-25,INTC,Equity,30.546226501464844,29323600,0.56%,-31.97%,-50.8%,874,68.03,0.17%,2024,-57.49%
2024-06-25,NVDA,Equity,125.74180603027344,414192600,6.76%,863.82%,-7.0%,874,963.82,6.37%,2024,178.87%
2024-06-25,SPY,Benchmark,530.9119873046875,37936200,0.39%,55.42%,-0.35%,874,155.42,0.0%,2024,25.59%
2024-06-25,TSM,Equity,167.82235717773438,13346800,2.85%,64.67%,-3.95%,874,164.67,2.47%,2024,97.27%
2024-06-26,AMD,Equity,157.5399932861328,36973400,-1.69%,70.68%,-25.47%,875,170.68,-1.82%,2024,-12.84%
2024-06-26,AVGO,Equity,155.97718811035156,46479000,0.71%,310.0%,-12.68%,875,410.0,0.58%,2024,116.48%
2024-06-26,INTC,Equity,30.347488403320312,30743000,-0.65%,-32.42%,-51.12%,875,67.58,-0.78%,2024,-57.49%
2024-06-26,NVDA,Equity,126.05096435546875,362975900,0.25%,866.19%,-6.77%,875,966.19,0.12%,2024,178.87%
2024-06-26,SPY,Benchmark,531.5745849609375,38550600,0.12%,55.62%,-0.22%,875,155.62,0.0%,2024,25.59%
2024-06-26,TSM,Equity,167.3070068359375,11901500,-0.31%,64.17%,-4.24%,875,164.17,-0.43%,2024,97.27%
2024-06-27,AMD,Equity,159.47000122070312,34018200,1.23%,72.77%,-24.56%,876,172.77,1.07%,2024,-12.84%
2024-06-27,AVGO,Equity,155.45399475097656,31649000,-0.34%,308.62%,-12.97%,876,408.62,-0.49%,2024,116.48%
2024-06-27,INTC,Equity,30.397172927856445,30184300,0.16%,-32.3%,-51.04%,876,67.7,0.01%,2024,-57.49%
2024-06-27,NVDA,Equity,123.64762115478516,252571700,-1.91%,847.77%,-8.55%,876,947.77,-2.06%,2024,178.87%
2024-06-27,SPY,Benchmark,532.4125366210938,35041500,0.16%,55.86%,-0.07%,876,155.86,0.0%,2024,25.59%
2024-06-27,TSM,Equity,166.8791961669922,10864600,-0.26%,63.75%,-4.49%,876,163.75,-0.41%,2024,97.27%
2024-06-28,AMD,Equity,162.2100067138672,56204600,1.72%,75.74%,-23.26%,877,175.74,2.11%,2024,-12.84%
2024-06-28,AVGO,Equity,157.3027801513672,69377000,1.19%,313.48%,-11.93%,877,413.48,1.58%,2024,116.48%
2024-06-28,INTC,Equity,30.774776458740234,41467700,1.24%,-31.46%,-50.43%,877,68.54,1.64%,2024,-57.49%
2024-06-28,NVDA,Equity,123.19886016845703,315516700,-0.36%,844.33%,-8.88%,877,944.33,0.03%,2024,178.87%
2024-06-28,SPY,Benchmark,530.3175048828125,76144500,-0.39%,55.25%,-0.46%,877,155.25,0.0%,2024,25.59%
2024-06-28,TSM,Equity,168.99880981445312,11216100,1.27%,65.83%,-3.27%,877,165.83,1.66%,2024,97.27%
2024-07-01,AMD,Equity,157.69000244140625,50436700,-2.79%,70.85%,-25.4%,878,170.85,-2.99%,2024,-12.84%
2024-07-01,AVGO,Equity,160.75839233398438,47623000,2.2%,322.57%,-10.0%,878,422.57,1.99%,2024,116.48%
2024-07-01,INTC,Equity,30.645597457885742,32401800,-0.42%,-31.75%,-50.64%,878,68.25,-0.63%,2024,-57.49%
2024-07-01,NVDA,Equity,123.95674896240234,284885500,0.62%,850.14%,-8.32%,878,950.14,0.41%,2024,178.87%
2024-07-01,SPY,Benchmark,531.4088745117188,40297800,0.21%,55.57%,-0.25%,878,155.57,0.0%,2024,25.59%
2024-07-01,TSM,Equity,167.55978393554688,10717000,-0.85%,64.41%,-4.1%,878,164.41,-1.06%,2024,97.27%
2024-07-02,AMD,Equity,164.30999755859375,57838600,4.2%,78.02%,-22.27%,879,178.02,3.53%,2024,-12.84%
2024-07-02,AVGO,Equity,162.3926239013672,32539000,1.02%,326.86%,-9.08%,879,426.86,0.34%,2024,116.48%
2024-07-02,INTC,Equity,30.874147415161133,35999300,0.75%,-31.24%,-50.27%,879,68.76,0.07%,2024,-57.49%
2024-07-02,NVDA,Equity,122.33125305175781,218374000,-1.31%,837.68%,-9.52%,879,937.68,-1.98%,2024,178.87%
2024-07-02,SPY,Benchmark,534.985107421875,40434800,0.67%,56.62%,0.0%,879,156.62,0.0%,2024,25.59%
2024-07-02,TSM,Equity,170.8365020751953,10655500,1.96%,67.63%,-2.22%,879,167.63,1.28%,2024,97.27%
2024-07-03,AMD,Equity,163.89999389648438,26980900,-0.25%,77.57%,-22.46%,880,177.57,-0.7%,2024,-12.84%
2024-07-03,AVGO,Equity,169.42144775390625,39954000,4.33%,345.34%,-5.15%,880,445.34,3.88%,2024,116.48%
2024-07-03,INTC,Equity,31.033138275146484,24065700,0.51%,-30.89%,-50.01%,880,69.11,0.07%,2024,-57.49%
2024-07-03,NVDA,Equity,127.92578125,215749000,4.57%,880.56%,-5.38%,880,980.56,4.13%,2024,178.87%
2024-07-03,SPY,Benchmark,537.37255859375,32789900,0.45%,57.32%,0.0%,880,157.32,0.0%,2024,25.59%
2024-07-03,TSM,Equity,177.4385528564453,11808700,3.86%,74.11%,0.0%,880,174.11,3.42%,2024,97.27%
2024-07-05,AMD,Equity,171.89999389648438,61857100,4.88%,86.24%,-18.68%,881,186.24,4.3%,2024,-12.84%
2024-07-05,AVGO,Equity,166.8828582763672,45240000,-1.5%,338.66%,-6.57%,881,438.66,-2.08%,2024,116.48%
2024-07-05,INTC,Equity,31.818159103393555,45309400,2.53%,-29.14%,-48.75%,881,70.86,1.95%,2024,-57.49%
2024-07-05,NVDA,Equity,125.4825439453125,214176700,-1.91%,861.83%,-7.19%,881,961.83,-2.49%,2024,178.87%
2024-07-05,SPY,Benchmark,540.4713745117188,41488400,0.58%,58.22%,0.0%,881,158.22,0.0%,2024,25.59%
2024-07-05,TSM,Equity,178.8970489501953,11372900,0.82%,75.54%,0.0%,881,175.54,0.25%,2024,97.27%
2024-07-08,AMD,Equity,178.69000244140625,60223400,3.95%,93.6%,-15.47%,882,193.6,3.83%,2024,-12.84%
2024-07-08,AVGO,Equity,171.05174255371094,36398000,2.5%,349.62%,-4.24%,882,449.62,2.38%,2024,116.48%
2024-07-08,INTC,Equity,33.77574157714844,82315900,6.15%,-24.78%,-45.6%,882,75.22,6.04%,2024,-57.49%
2024-07-08,NVDA,Equity,127.84597778320312,237677300,1.88%,879.95%,-5.44%,882,979.95,1.77%,2024,178.87%
2024-07-08,SPY,Benchmark,541.0950317382812,36110500,0.12%,58.41%,0.0%,882,158.41,0.0%,2024,25.59%
2024-07-08,TSM,Equity,181.46397399902344,22582400,1.43%,78.06%,0.0%,882,178.06,1.32%,2024,97.27%
2024-07-09,AMD,Equity,177.10000610351562,43395600,-0.89%,91.87%,-16.22%,883,191.87,-0.99%,2024,-12.84%
2024-07-09,AVGO,Equity,169.8221435546875,37802000,-0.72%,346.39%,-4.92%,883,446.39,-0.82%,2024,116.48%
2024-07-09,INTC,Equity,34.3719596862793,97546900,1.77%,-23.45%,-44.64%,883,76.55,1.67%,2024,-57.49%
2024-07-09,NVDA,Equity,131.01722717285156,285366600,2.48%,904.26%,-3.1%,883,1004.26,2.38%,2024,178.87%
2024-07-09,SPY,Benchmark,541.6212158203125,27289700,0.1%,58.56%,0.0%,883,158.56,0.0%,2024,25.59%
2024-07-09,TSM,Equity,179.41236877441406,19935200,-1.13%,76.04%,-1.13%,883,176.04,-1.23%,2024,97.27%
2024-07-10,AMD,Equity,183.9600067138672,90247000,3.87%,99.31%,-12.97%,884,199.31,2.88%,2024,-12.84%
2024-07-10,AVGO,Equity,170.93710327148438,41074000,0.66%,349.32%,-4.3%,884,449.32,-0.33%,2024,116.48%
2024-07-10,INTC,Equity,34.65019226074219,52256200,0.81%,-22.83%,-44.19%,884,77.17,-0.18%,2024,-57.49%
2024-07-10,NVDA,Equity,134.5374755859375,248978600,2.69%,931.24%,-0.49%,884,1031.24,1.7%,2024,178.87%
2024-07-10,SPY,Benchmark,546.9806518554688,38701200,0.99%,60.13%,0.0%,884,160.13,0.0%,2024,25.59%
2024-07-10,TSM,Equity,185.76161193847656,19293500,3.54%,82.27%,0.0%,884,182.27,2.55%,2024,97.27%
2024-07-11,AMD,Equity,181.94000244140625,59231400,-1.1%,97.12%,-13.93%,885,197.12,-0.24%,2024,-12.84%
2024-07-11,AVGO,Equity,167.14154052734375,51026000,-2.22%,339.34%,-6.42%,885,439.34,-1.36%,2024,116.48%
2024-07-11,INTC,Equity,33.2888298034668,55213700,-3.93%,-25.86%,-46.38%,885,74.14,-3.07%,2024,-57.49%
2024-07-11,NVDA,Equity,127.0481948852539,374782700,-5.57%,873.83%,-6.03%,885,973.83,-4.7%,2024,178.87%
2024-07-11,SPY,Benchmark,542.2642822265625,53054200,-0.86%,58.75%,-0.86%,885,158.75,0.0%,2024,25.59%
2024-07-11,TSM,Equity,179.39292907714844,21584200,-3.43%,76.03%,-3.43%,885,176.03,-2.57%,2024,97.27%
2024-07-12,AMD,Equity,181.61000061035156,50827400,-0.18%,96.76%,-14.08%,886,196.76,-0.81%,2024,-12.84%
2024-07-12,AVGO,Equity,166.6241912841797,30453000,-0.31%,337.98%,-6.71%,886,437.98,-0.94%,2024,116.48%
2024-07-12,INTC,Equity,34.27259063720703,62792600,2.96%,-23.67%,-44.8%,886,76.33,2.32%,2024,-57.49%
2024-07-12,NVDA,Equity,128.88311767578125,252680500,1.44%,887.9%,-4.68%,886,987.9,0.81%,2024,178.87%
2024-07-12,SPY,Benchmark,545.6846313476562,53084400,0.63%,59.75%,-0.24%,886,159.75,0.0%,2024,25.59%
2024-07-12,TSM,Equity,182.1640625,19220300,1.54%,78.74%,-1.94%,886,178.74,0.91%,2024,97.27%
2024-07-15,AMD,Equity,179.8300018310547,42202700,-0.98%,94.83%,-14.93%,887,194.83,-1.26%,2024,-12.84%
2024-07-15,AVGO,Equity,167.9498291015625,22999200,0.8%,341.47%,-5.97%,887,441.47,0.52%,2024,116.48%
2024-07-15,INTC,Equity,34.242774963378906,39847900,-0.09%,-23.74%,-44.84%,887,76.26,-0.36%,2024,-57.49%
2024-07-15,NVDA,Equity,128.0853271484375,208326200,-0.62%,881.78%,-5.27%,887,981.78,-0.89%,2024,178.87%
2024-07-15,SPY,Benchmark,547.185302734375,40584300,0.28%,60.19%,0.0%,887,160.19,0.0%,2024,25.59%
2024-07-15,TSM,Equity,180.09298706054688,15683100,-1.14%,76.71%,-3.05%,887,176.71,-1.41%,2024,97.27%
2024-07-16,AMD,Equity,177.5500030517578,40633100,-1.27%,92.36%,-16.0%,888,192.36,-1.86%,2024,-12.84%
2024-07-16,AVGO,Equity,165.95111083984375,22244900,-1.19%,336.21%,-7.09%,888,436.21,-1.78%,2024,116.48%
2024-07-16,INTC,Equity,34.12353515625,28409900,-0.35%,-24.01%,-45.04%,888,75.99,-0.94%,2024,-57.49%
2024-07-16,NVDA,Equity,126.01107025146484,214769500,-1.62%,865.88%,-6.8%,888,965.88,-2.21%,2024,178.87%
2024-07-16,SPY,Benchmark,550.4303588867188,36475300,0.59%,61.14%,0.0%,888,161.14,0.0%,2024,25.59%
2024-07-16,TSM,Equity,180.89028930664062,16663300,0.44%,77.49%,-2.62%,888,177.49,-0.15%,2024,97.27%
2024-07-17,AMD,Equity,159.42999267578125,76954200,-10.21%,72.73%,-24.58%,889,172.73,-8.8%,2024,-12.84%
2024-07-17,AVGO,Equity,152.8223876953125,43343400,-7.91%,301.71%,-14.44%,889,401.71,-6.51%,2024,116.48%
2024-07-17,INTC,Equity,34.242774963378906,112304200,0.35%,-23.74%,-44.84%,889,76.26,1.75%,2024,-57.49%
2024-07-17,NVDA,Equity,117.6641845703125,390086200,-6.62%,801.9%,-12.97%,889,901.9,-5.22%,2024,178.87%
2024-07-17,SPY,Benchmark,542.7125854492188,57119000,-1.4%,58.88%,-1.4%,889,158.88,0.0%,2024,25.59%
2024-07-17,TSM,Equity,166.46107482910156,45052600,-7.98%,63.34%,-10.39%,889,163.34,-6.57%,2024,97.27%
2024-07-18,AMD,Equity,155.77000427246094,69420300,-2.3%,68.76%,-26.31%,890,168.76,-1.53%,2024,-12.84%
2024-07-18,AVGO,Equity,157.27049255371094,37973500,2.91%,313.4%,-11.95%,890,413.4,3.68%,2024,116.48%
2024-07-18,INTC,Equity,34.65019226074219,84188600,1.19%,-22.83%,-44.19%,890,77.17,1.96%,2024,-57.49%
2024-07-18,NVDA,Equity,120.755615234375,320979500,2.63%,825.6%,-10.69%,890,925.6,3.4%,2024,178.87%
2024-07-18,SPY,Benchmark,538.5418701171875,56270400,-0.77%,57.66%,-2.16%,890,157.66,0.0%,2024,25.59%
2024-07-18,TSM,Equity,167.11251831054688,52903600,0.39%,63.98%,-10.04%,890,163.98,1.16%,2024,97.27%
2024-07-19,AMD,Equity,151.5800018310547,47513100,-2.69%,64.23%,-28.29%,891,164.23,-2.03%,2024,-12.84%
2024-07-19,AVGO,Equity,154.16464233398438,26309500,-1.97%,305.23%,-13.69%,891,405.23,-1.31%,2024,116.48%
2024-07-19,INTC,Equity,32.7721061706543,69628700,-5.42%,-27.02%,-47.21%,891,72.98,-4.76%,2024,-57.49%
2024-07-19,NVDA,Equity,117.6043472290039,217223800,-2.61%,801.45%,-13.02%,891,901.45,-1.95%,2024,178.87%
2024-07-19,SPY,Benchmark,534.9656372070312,65509100,-0.66%,56.61%,-2.81%,891,156.61,0.0%,2024,25.59%
2024-07-19,TSM,Equity,161.18136596679688,22585300,-3.55%,58.16%,-13.23%,891,158.16,-2.89%,2024,97.27%
2024-07-22,AMD,Equity,155.8699951171875,43912500,2.83%,68.87%,-26.26%,892,168.87,1.8%,2024,-12.84%
2024-07-22,AVGO,Equity,157.79954528808594,28813300,2.36%,314.79%,-11.66%,892,414.79,1.33%,2024,116.48%
2024-07-22,INTC,Equity,33.15964889526367,48503700,1.18%,-26.15%,-46.59%,892,73.85,0.15%,2024,-57.49%
2024-07-22,NVDA,Equity,123.19886016845703,258068900,4.76%,844.33%,-8.88%,892,944.33,3.73%,2024,178.87%
2024-07-22,SPY,Benchmark,540.4810791015625,43346700,1.03%,58.23%,-1.81%,892,158.23,0.0%,2024,25.59%
2024-07-22,TSM,Equity,164.66229248046875,21037200,2.16%,61.57%,-11.36%,892,161.57,1.13%,2024,97.27%
2024-07-23,AMD,Equity,154.0,31950600,-1.2%,66.85%,-27.15%,893,166.85,-1.04%,2024,-12.84%
2024-07-23,AVGO,Equity,160.4547119140625,21570200,1.68%,321.77%,-10.17%,893,421.77,1.84%,2024,116.48%
2024-07-23,INTC,Equity,32.7422981262207,29466400,-1.26%,-27.08%,-47.26%,893,72.92,-1.1%,2024,-57.49%
2024-07-23,NVDA,Equity,122.2514877319336,173911000,-0.77%,837.07%,-9.58%,893,937.07,-0.61%,2024,178.87%
2024-07-23,SPY,Benchmark,539.63330078125,34439600,-0.16%,57.98%,-1.96%,893,157.98,0.0%,2024,25.59%
2024-07-23,TSM,Equity,165.11927795410156,11690700,0.28%,62.02%,-11.11%,893,162.02,0.43%,2024,97.27%
2024-07-24,AMD,Equity,144.6300048828125,49203100,-6.08%,56.7%,-31.58%,894,156.7,-3.82%,2024,-12.84%
2024-07-24,AVGO,Equity,148.2763214111328,37162600,-7.59%,289.76%,-16.99%,894,389.76,-5.32%,2024,116.48%
2024-07-24,INTC,Equity,31.50017547607422,62216700,-3.79%,-29.85%,-49.26%,894,70.15,-1.53%,2024,-57.49%
2024-07-24,NVDA,Equity,113.93453216552734,327776900,-6.8%,773.32%,-15.73%,894,873.32,-4.54%,2024,178.87%
2024-07-24,SPY,Benchmark,527.4039306640625,74515300,-2.27%,54.4%,-4.18%,894,154.4,0.0%,2024,25.59%
2024-07-24,TSM,Equity,155.3766326904297,19536600,-5.9%,52.46%,-16.36%,894,152.46,-3.63%,2024,97.27%
2024-07-25,AMD,Equity,138.32000732421875,60578500,-4.36%,49.86%,-34.56%,895,149.86,-3.84%,2024,-12.84%
2024-07-25,AVGO,Equity,146.2384033203125,30872100,-1.37%,284.4%,-18.13%,895,384.4,-0.85%,2024,116.48%
2024-07-25,INTC,Equity,30.90395736694336,49774000,-1.89%,-31.18%,-50.22%,895,68.82,-1.37%,2024,-57.49%
2024-07-25,NVDA,Equity,111.96995544433594,460067000,-1.72%,758.26%,-17.19%,895,858.26,-1.2%,2024,178.87%
2024-07-25,SPY,Benchmark,524.6558837890625,61158300,-0.52%,53.59%,-4.68%,895,153.59,0.0%,2024,25.59%
2024-07-25,TSM,Equity,155.8433380126953,25731800,0.3%,52.92%,-16.11%,895,152.92,0.82%,2024,97.27%
2024-07-26,AMD,Equity,139.99000549316406,49435800,1.21%,51.67%,-33.77%,896,151.67,0.09%,2024,-12.84%
2024-07-26,AVGO,Equity,148.56044006347656,20839900,1.59%,290.5%,-16.83%,896,390.5,0.47%,2024,116.48%
2024-07-26,INTC,Equity,31.152381896972656,38352500,0.8%,-30.62%,-49.82%,896,69.38,-0.32%,2024,-57.49%
2024-07-26,NVDA,Equity,112.74779510498047,293399100,0.69%,764.22%,-16.61%,896,864.22,-0.43%,2024,178.87%
2024-07-26,SPY,Benchmark,530.5318603515625,53763800,1.12%,55.31%,-3.62%,896,155.31,0.0%,2024,25.59%
2024-07-26,TSM,Equity,157.4573974609375,13089200,1.04%,54.5%,-15.24%,896,154.5,-0.08%,2024,97.27%
2024-07-29,AMD,Equity,139.75,47447200,-0.17%,51.41%,-33.89%,897,151.41,-0.23%,2024,-12.84%
2024-07-29,AVGO,Equity,147.17901611328125,16625800,-0.93%,286.87%,-17.6%,897,386.87,-0.99%,2024,116.48%
2024-07-29,INTC,Equity,30.63566017150879,32342200,-1.66%,-31.77%,-50.65%,897,68.23,-1.72%,2024,-57.49%
2024-07-29,NVDA,Equity,111.28185272216797,248152100,-1.3%,752.98%,-17.69%,897,852.98,-1.36%,2024,178.87%
2024-07-29,SPY,Benchmark,530.8436889648438,39515800,0.06%,55.4%,-3.56%,897,155.4,0.0%,2024,25.59%
2024-07-29,TSM,Equity,155.580810546875,12663100,-1.19%,52.66%,-16.25%,897,152.66,-1.25%,2024,97.27%
2024-07-30,AMD,Equity,138.44000244140625,68801700,-0.94%,49.99%,-34.51%,898,149.99,-0.43%,2024,-12.84%
2024-07-30,AVGO,Equity,140.61459350585938,31102300,-4.46%,269.62%,-21.28%,898,369.62,-3.95%,2024,116.48%
2024-07-30,INTC,Equity,29.94007110595703,48256600,-2.27%,-33.32%,-51.77%,898,66.68,-1.76%,2024,-57.49%
2024-07-30,NVDA,Equity,103.44356536865234,486833300,-7.04%,692.9%,-23.49%,898,792.9,-6.54%,2024,178.87%
2024-07-30,SPY,Benchmark,528.1541748046875,46853600,-0.51%,54.62%,-4.05%,898,154.62,0.0%,2024,25.59%
2024-07-30,TSM,Equity,150.26222229003906,22018000,-3.42%,47.44%,-19.11%,898,147.44,-2.91%,2024,97.27%
2024-07-31,AMD,Equity,144.47999572753906,114306800,4.36%,56.53%,-31.65%,899,156.53,2.74%,2024,-12.84%
2024-07-31,AVGO,Equity,157.42724609375,45827500,11.96%,313.81%,-11.86%,899,413.81,10.33%,2024,116.48%
2024-07-31,INTC,Equity,30.546226501464844,56110600,2.02%,-31.97%,-50.8%,899,68.03,0.4%,2024,-57.49%
2024-07-31,NVDA,Equity,116.69685363769531,473174200,12.81%,794.49%,-13.69%,899,894.49,11.19%,2024,178.87%
2024-07-31,SPY,Benchmark,536.7392578125,65663400,1.63%,57.13%,-2.49%,899,157.13,0.0%,2024,25.59%
2024-07-31,TSM,Equity,161.21055603027344,19860400,7.29%,58.18%,-13.22%,899,158.18,5.66%,2024,97.27%
2024-08-01,AMD,Equity,132.5399932861328,94731900,-8.26%,43.6%,-37.3%,900,143.6,-6.85%,2024,-12.84%
2024-08-01,AVGO,Equity,144.04376220703125,40320000,-8.5%,278.63%,-19.36%,900,378.63,-7.09%,2024,116.48%
2024-08-01,INTC,Equity,28.866878509521484,107672500,-5.5%,-35.71%,-53.5%,900,64.29,-4.08%,2024,-57.49%
2024-08-01,NVDA,Equity,108.9084243774414,523462300,-6.67%,734.79%,-19.45%,900,834.79,-5.26%,2024,178.87%
2024-08-01,SPY,Benchmark,529.138427734375,76428700,-1.42%,54.91%,-3.87%,900,154.91,0.0%,2024,25.59%
2024-08-01,TSM,Equity,153.80148315429688,21095600,-4.6%,50.91%,-17.2%,900,150.91,-3.18%,2024,97.27%
2024-08-02,AMD,Equity,132.5,78562000,-0.03%,43.55%,-37.32%,901,143.55,1.83%,2024,-12.84%
2024-08-02,AVGO,Equity,140.90855407714844,33745800,-2.18%,270.39%,-21.11%,901,370.39,-0.31%,2024,116.48%
2024-08-02,INTC,Equity,21.3445987701416,300895900,-26.06%,-52.47%,-65.62%,901,47.53,-24.2%,2024,-57.49%
2024-08-02,NVDA,Equity,106.9737777709961,482027500,-1.78%,719.96%,-20.88%,901,819.96,0.09%,2024,178.87%
2024-08-02,SPY,Benchmark,519.2867431640625,82789100,-1.86%,52.02%,-5.66%,901,152.02,0.0%,2024,25.59%
2024-08-02,TSM,Equity,145.71177673339844,31095300,-5.26%,42.98%,-21.56%,901,142.98,-3.4%,2024,97.27%
2024-08-05,AMD,Equity,134.82000732421875,76089400,1.75%,46.07%,-36.22%,902,146.07,4.66%,2024,-12.84%
2024-08-05,AVGO,Equity,139.20375061035156,41309300,-1.21%,265.91%,-22.07%,902,365.91,1.7%,2024,116.48%
2024-08-05,INTC,Equity,19.983234405517578,147385700,-6.38%,-55.5%,-67.81%,902,44.5,-3.47%,2024,-57.49%
2024-08-05,NVDA,Equity,100.17261505126953,552842400,-6.36%,667.83%,-25.91%,902,767.83,-3.45%,2024,178.87%
2024-08-05,SPY,Benchmark,504.1632080078125,146267400,-2.91%,47.59%,-8.41%,902,147.59,0.0%,2024,25.59%
2024-08-05,TSM,Equity,143.8546142578125,31193100,-1.27%,41.15%,-22.56%,902,141.15,1.64%,2024,97.27%
2024-08-06,AMD,Equity,130.17999267578125,64455600,-3.44%,41.04%,-38.41%,903,141.04,-4.36%,2024,-12.84%
2024-08-06,AVGO,Equity,141.00653076171875,24751300,1.3%,270.65%,-21.06%,903,370.65,0.37%,2024,116.48%
2024-08-06,INTC,Equity,19.704999923706055,106670400,-1.39%,-56.12%,-68.26%,903,43.88,-2.31%,2024,-57.49%
2024-08-06,NVDA,Equity,103.96212768554688,409012100,3.78%,696.88%,-23.11%,903,796.88,2.86%,2024,178.87%
2024-08-06,SPY,Benchmark,508.8113098144531,84826300,0.92%,48.95%,-7.56%,903,148.95,0.0%,2024,25.59%
2024-08-06,TSM,Equity,151.08871459960938,24528100,5.03%,48.25%,-18.67%,903,148.25,4.11%,2024,97.27%
2024-08-07,AMD,Equity,128.6699981689453,54676500,-1.16%,39.4%,-39.13%,904,139.4,-0.49%,2024,-12.84%
2024-08-07,AVGO,Equity,133.51138305664062,29749800,-5.32%,250.94%,-25.25%,904,350.94,-4.65%,2024,116.48%
2024-08-07,INTC,Equity,18.989999771118164,97972300,-3.63%,-57.71%,-69.41%,904,42.29,-2.96%,2024,-57.49%
2024-08-07,NVDA,Equity,98.63687133789062,411440400,-5.12%,656.06%,-27.05%,904,756.06,-4.45%,2024,178.87%
2024-08-07,SPY,Benchmark,505.41046142578125,70698300,-0.67%,47.96%,-8.18%,904,147.96,0.0%,2024,25.59%
2024-08-07,TSM,Equity,150.74838256835938,22379000,-0.23%,47.92%,-18.85%,904,147.92,0.44%,2024,97.27%
2024-08-08,AMD,Equity,136.32000732421875,49037500,5.95%,47.69%,-35.51%,905,147.69,3.63%,2024,-12.84%
2024-08-08,AVGO,Equity,142.78968811035156,27583200,6.95%,275.33%,-20.06%,905,375.33,4.64%,2024,116.48%
2024-08-08,INTC,Equity,20.489999771118164,96836800,7.9%,-54.37%,-67.0%,905,45.63,5.59%,2024,-57.49%
2024-08-08,NVDA,Equity,104.68012237548828,391910000,6.13%,702.38%,-22.58%,905,802.38,3.82%,2024,178.87%
2024-08-08,SPY,Benchmark,517.0941772460938,63276600,2.31%,51.38%,-6.06%,905,151.38,0.0%,2024,25.59%
2024-08-08,TSM,Equity,159.9951629638672,18889600,6.13%,56.99%,-13.87%,905,156.99,3.82%,2024,97.27%
2024-08-09,AMD,Equity,134.27000427246094,40583000,-1.5%,45.47%,-36.48%,906,145.47,-1.94%,2024,-12.84%
2024-08-09,AVGO,Equity,145.2586669921875,18438700,1.73%,281.82%,-18.68%,906,381.82,1.29%,2024,116.48%
2024-08-09,INTC,Equity,19.709999084472656,76394500,-3.81%,-56.11%,-68.25%,906,43.89,-4.25%,2024,-57.49%
2024-08-09,NVDA,Equity,104.46074676513672,290844200,-0.21%,700.7%,-22.74%,906,800.7,-0.65%,2024,178.87%
2024-08-09,SPY,Benchmark,519.3744506835938,45619600,0.44%,52.05%,-5.64%,906,152.05,0.0%,2024,25.59%
2024-08-09,TSM,Equity,162.49400329589844,20519400,1.56%,59.44%,-12.53%,906,159.44,1.12%,2024,97.27%
2024-08-12,AMD,Equity,136.77000427246094,39724300,1.86%,48.18%,-35.3%,907,148.18,1.81%,2024,-12.84%
2024-08-12,AVGO,Equity,145.6114044189453,17778500,0.24%,282.75%,-18.48%,907,382.75,0.19%,2024,116.48%
2024-08-12,INTC,Equity,19.360000610351562,54677600,-1.78%,-56.88%,-68.82%,907,43.12,-1.83%,2024,-57.49%
2024-08-12,NVDA,Equity,108.71895599365234,325559900,4.08%,733.34%,-19.59%,907,833.34,4.02%,2024,178.87%
2024-08-12,SPY,Benchmark,519.647216796875,42542100,0.05%,52.13%,-5.59%,907,152.13,0.0%,2024,25.59%
2024-08-12,TSM,Equity,162.98989868164062,14727300,0.31%,59.93%,-12.26%,907,159.93,0.25%,2024,97.27%
2024-08-13,AMD,Equity,141.1300048828125,42218000,3.19%,52.9%,-33.23%,908,152.9,1.54%,2024,-12.84%
2024-08-13,AVGO,Equity,152.99874877929688,22053600,5.07%,302.17%,-14.34%,908,402.17,3.43%,2024,116.48%
2024-08-13,INTC,Equity,20.469999313354492,77511300,5.73%,-54.41%,-67.03%,908,45.59,4.09%,2024,-57.49%
2024-08-13,NVDA,Equity,115.81929779052734,312646700,6.53%,787.76%,-14.34%,908,887.76,4.89%,2024,178.87%
2024-08-13,SPY,Benchmark,528.1932373046875,52333100,1.64%,54.63%,-4.04%,908,154.63,0.0%,2024,25.59%
2024-08-13,TSM,Equity,167.56951904296875,15243500,2.81%,64.42%,-9.79%,908,164.42,1.17%,2024,97.27%
2024-08-14,AMD,Equity,140.75,35506400,-0.27%,52.49%,-33.41%,909,152.49,-0.58%,2024,-12.84%
2024-08-14,AVGO,Equity,154.497802734375,20184200,0.98%,306.11%,-13.5%,909,406.11,0.66%,2024,116.48%
2024-08-14,INTC,Equity,19.920000076293945,56758200,-2.69%,-55.64%,-67.91%,909,44.36,-3.0%,2024,-57.49%
2024-08-14,NVDA,Equity,117.7539291381836,339246400,1.67%,802.59%,-12.91%,909,902.59,1.35%,2024,178.87%
2024-08-14,SPY,Benchmark,529.8595581054688,42446900,0.32%,55.12%,-3.74%,909,155.12,0.0%,2024,25.59%
2024-08-14,TSM,Equity,165.26510620117188,11510300,-1.38%,62.16%,-11.03%,909,162.16,-1.69%,2024,97.27%
2024-08-15,AMD,Equity,147.36000061035156,43582400,4.7%,59.65%,-30.29%,910,159.65,2.98%,2024,-12.84%
2024-08-15,AVGO,Equity,162.76690673828125,27945000,5.35%,327.84%,-8.87%,910,427.84,3.64%,2024,116.48%
2024-08-15,INTC,Equity,20.690000534057617,84814900,3.87%,-53.92%,-66.67%,910,46.08,2.15%,2024,-57.49%
2024-08-15,NVDA,Equity,122.52074432373047,318086700,4.05%,839.13%,-9.38%,910,939.13,2.33%,2024,178.87%
2024-08-15,SPY,Benchmark,538.94140625,60846800,1.71%,57.77%,-2.09%,910,157.77,0.0%,2024,25.59%
2024-08-15,TSM,Equity,169.14468383789062,15393500,2.35%,65.97%,-8.95%,910,165.97,0.63%,2024,97.27%
2024-08-16,AMD,Equity,148.55999755859375,31123900,0.81%,60.95%,-29.72%,911,160.95,0.59%,2024,-12.84%
2024-08-16,AVGO,Equity,162.365234375,19296900,-0.25%,326.79%,-9.1%,911,426.79,-0.47%,2024,116.48%
2024-08-16,INTC,Equity,20.8700008392334,48582700,0.87%,-53.52%,-66.38%,911,46.48,0.65%,2024,-57.49%
2024-08-16,NVDA,Equity,124.2359848022461,302589900,1.4%,852.28%,-8.11%,911,952.28,1.18%,2024,178.87%
2024-08-16,SPY,Benchmark,540.1497192382812,44430700,0.22%,58.13%,-1.87%,911,158.13,0.0%,2024,25.59%
2024-08-16,TSM,Equity,169.70860290527344,10710000,0.33%,66.52%,-8.64%,911,166.52,0.11%,2024,97.27%
2024-08-19,AMD,Equity,155.27999877929688,60766900,4.52%,68.23%,-26.54%,912,168.23,3.57%,2024,-12.84%
2024-08-19,AVGO,Equity,164.31495666503906,20441700,1.2%,331.91%,-8.01%,912,431.91,0.24%,2024,116.48%
2024-08-19,INTC,Equity,21.520000457763672,65956300,3.11%,-52.07%,-65.34%,912,47.93,2.16%,2024,-57.49%
2024-08-19,NVDA,Equity,129.6410369873047,318333600,4.35%,893.71%,-4.12%,912,993.71,3.39%,2024,178.87%
2024-08-19,SPY,Benchmark,545.3143920898438,39121800,0.96%,59.64%,-0.93%,912,159.64,0.0%,2024,25.59%
2024-08-19,TSM,Equity,170.59339904785156,11511000,0.52%,67.39%,-8.17%,912,167.39,-0.43%,2024,97.27%
2024-08-20,AMD,Equity,156.39999389648438,76851200,0.72%,69.45%,-26.01%,913,169.45,0.88%,2024,-12.84%
2024-08-20,AVGO,Equity,162.59056091308594,19417500,-1.05%,327.38%,-8.97%,913,427.38,-0.89%,2024,116.48%
2024-08-20,INTC,Equity,20.989999771118164,84161300,-2.46%,-53.25%,-66.19%,913,46.75,-2.3%,2024,-57.49%
2024-08-20,NVDA,Equity,126.89861297607422,300087400,-2.12%,872.69%,-6.14%,913,972.69,-1.95%,2024,178.87%
2024-08-20,SPY,Benchmark,544.4275512695312,33732300,-0.16%,59.38%,-1.09%,913,159.38,0.0%,2024,25.59%
2024-08-20,TSM,Equity,167.27781677246094,13555500,-1.94%,64.14%,-9.95%,913,164.14,-1.78%,2024,97.27%
2024-08-21,AMD,Equity,157.80999755859375,42791200,0.9%,70.98%,-25.34%,914,170.98,0.56%,2024,-12.84%
2024-08-21,AVGO,Equity,162.4239959716797,16097700,-0.1%,326.94%,-9.07%,914,426.94,-0.45%,2024,116.48%
2024-08-21,INTC,Equity,21.40999984741211,57028900,2.0%,-52.32%,-65.51%,914,47.68,1.66%,2024,-57.49%
2024-08-21,NVDA,Equity,128.14517211914062,257883600,0.98%,882.24%,-5.22%,914,982.24,0.64%,2024,178.87%
2024-08-21,SPY,Benchmark,546.2986450195312,41514600,0.34%,59.93%,-0.75%,914,159.93,0.0%,2024,25.59%
2024-08-21,TSM,Equity,166.69442749023438,9434800,-0.35%,63.57%,-10.26%,914,163.57,-0.69%,2024,97.27%
2024-08-22,AMD,Equity,151.6999969482422,45737300,-3.87%,64.36%,-28.23%,915,164.36,-3.09%,2024,-12.84%
2024-08-22,AVGO,Equity,159.05361938476562,30044500,-2.08%,318.08%,-10.95%,915,418.08,-1.29%,2024,116.48%
2024-08-22,INTC,Equity,20.100000381469727,81444700,-6.12%,-55.24%,-67.62%,915,44.76,-5.33%,2024,-57.49%
2024-08-22,NVDA,Equity,123.39830780029297,376189100,-3.7%,845.86%,-8.73%,915,945.86,-2.92%,2024,178.87%
2024-08-22,SPY,Benchmark,542.0108642578125,56121500,-0.78%,58.67%,-1.53%,915,158.67,0.0%,2024,25.59%
2024-08-22,TSM,Equity,161.83282470703125,13546100,-2.92%,58.79%,-12.88%,915,158.79,-2.13%,2024,97.27%
2024-08-23,AMD,Equity,154.97999572753906,43694600,2.16%,67.91%,-26.68%,916,167.91,1.1%,2024,-12.84%
2024-08-23,AVGO,Equity,162.99224853515625,18848000,2.48%,328.44%,-8.75%,916,428.44,1.41%,2024,116.48%
2024-08-23,INTC,Equity,20.540000915527344,73398400,2.19%,-54.26%,-66.92%,916,45.74,1.13%,2024,-57.49%
2024-08-23,NVDA,Equity,129.0127410888672,323230300,4.55%,888.89%,-4.58%,916,988.89,3.49%,2024,178.87%
2024-08-23,SPY,Benchmark,547.77001953125,50639400,1.06%,60.36%,-0.48%,916,160.36,0.0%,2024,25.59%
2024-08-23,TSM,Equity,166.53884887695312,12189100,2.91%,63.41%,-10.35%,916,163.41,1.85%,2024,97.27%
2024-08-26,AMD,Equity,149.99000549316406,49893300,-3.22%,62.5%,-29.04%,917,162.5,-2.98%,2024,-12.84%
2024-08-26,AVGO,Equity,156.3887176513672,18521200,-4.05%,311.08%,-12.44%,917,411.08,-3.81%,2024,116.48%
2024-08-26,INTC,Equity,20.1299991607666,58534800,-2.0%,-55.17%,-67.58%,917,44.83,-1.76%,2024,-57.49%
2024-08-26,NVDA,Equity,126.11080169677734,331964700,-2.25%,866.65%,-6.73%,917,966.65,-2.01%,2024,178.87%
2024-08-26,SPY,Benchmark,546.4641723632812,35788600,-0.24%,59.98%,-0.72%,917,159.98,0.0%,2024,25.59%
2024-08-26,TSM,Equity,164.39004516601562,9611300,-1.29%,61.3%,-11.5%,917,161.3,-1.05%,2024,97.27%
2024-08-27,AMD,Equity,150.5,35102700,0.34%,63.06%,-28.8%,918,163.06,0.2%,2024,-12.84%
2024-08-27,AVGO,Equity,158.1228790283203,16683100,1.11%,315.64%,-11.47%,918,415.64,0.97%,2024,116.48%
2024-08-27,INTC,Equity,20.06999969482422,43862000,-0.3%,-55.3%,-67.67%,918,44.7,-0.44%,2024,-57.49%
2024-08-27,NVDA,Equity,127.94572448730469,303134600,1.46%,880.71%,-5.37%,918,980.71,1.32%,2024,178.87%
2024-08-27,SPY,Benchmark,547.2145385742188,32693900,0.14%,60.2%,-0.58%,918,160.2,0.0%,2024,25.59%
2024-08-27,TSM,Equity,165.82907104492188,9186000,0.88%,62.72%,-10.73%,918,162.72,0.74%,2024,97.27%
2024-08-28,AMD,Equity,146.36000061035156,34075800,-2.75%,58.57%,-30.76%,919,158.57,-2.17%,2024,-12.84%
2024-08-28,AVGO,Equity,154.97784423828125,18063600,-1.99%,307.37%,-13.23%,919,407.37,-1.41%,2024,116.48%
2024-08-28,INTC,Equity,19.610000610351562,50144900,-2.29%,-56.33%,-68.41%,919,43.67,-1.71%,2024,-57.49%
2024-08-28,NVDA,Equity,125.26315307617188,448101100,-2.1%,860.15%,-7.35%,919,960.15,-1.52%,2024,178.87%
2024-08-28,SPY,Benchmark,544.0377807617188,41066000,-0.58%,59.27%,-1.16%,919,159.27,0.0%,2024,25.59%
2024-08-28,TSM,Equity,164.51641845703125,10581400,-0.79%,61.43%,-11.44%,919,161.43,-0.21%,2024,97.27%
2024-08-29,AMD,Equity,145.49000549316406,31602100,-0.59%,57.63%,-31.17%,920,157.63,-0.6%,2024,-12.84%
2024-08-29,AVGO,Equity,153.75315856933594,23519300,-0.79%,304.15%,-13.92%,920,404.15,-0.8%,2024,116.48%
2024-08-29,INTC,Equity,20.1299991607666,64529700,2.65%,-55.17%,-67.58%,920,44.83,2.64%,2024,-57.49%
2024-08-29,NVDA,Equity,117.2652816772461,453023300,-6.38%,798.85%,-13.27%,920,898.85,-6.39%,2024,178.87%
2024-08-29,SPY,Benchmark,544.0864868164062,38715200,0.01%,59.28%,-1.15%,920,159.28,0.0%,2024,25.59%
2024-08-29,TSM,Equity,164.46780395507812,13213200,-0.03%,61.38%,-11.46%,920,161.38,-0.04%,2024,97.27%
2024-08-30,AMD,Equity,148.55999755859375,31169100,2.11%,60.95%,-29.72%,921,160.95,1.16%,2024,-12.84%
2024-08-30,AVGO,Equity,159.52392578125,25158500,3.75%,319.32%,-10.69%,921,419.32,2.8%,2024,116.48%
2024-08-30,INTC,Equity,22.040000915527344,177785400,9.49%,-50.92%,-64.5%,921,49.08,8.53%,2024,-57.49%
2024-08-30,NVDA,Equity,119.04037475585938,333751600,1.51%,812.45%,-11.96%,921,912.45,0.56%,2024,178.87%
2024-08-30,SPY,Benchmark,549.2803344726562,62700100,0.95%,60.8%,-0.21%,921,160.8,0.0%,2024,25.59%
2024-08-30,TSM,Equity,166.94723510742188,9481400,1.51%,63.81%,-10.13%,921,163.81,0.55%,2024,97.27%
2024-09-03,AMD,Equity,136.94000244140625,42172700,-7.82%,48.36%,-35.22%,922,148.36,-5.76%,2024,-12.84%
2024-09-03,AVGO,Equity,149.69696044921875,37179100,-6.16%,293.49%,-16.19%,922,393.49,-4.1%,2024,116.48%
2024-09-03,INTC,Equity,20.100000381469727,115305500,-8.8%,-55.24%,-67.62%,922,44.76,-6.74%,2024,-57.49%
2024-09-03,NVDA,Equity,107.70177459716797,477155100,-9.53%,725.54%,-20.34%,922,825.54,-7.47%,2024,178.87%
2024-09-03,SPY,Benchmark,537.9767456054688,60600100,-2.06%,57.49%,-2.26%,922,157.49,0.0%,2024,25.59%
2024-09-03,TSM,Equity,156.0475616455078,18464400,-6.53%,53.12%,-16.0%,922,153.12,-4.47%,2024,97.27%
2024-09-04,AMD,Equity,140.8699951171875,42130600,2.87%,52.62%,-33.36%,923,152.62,3.07%,2024,-12.84%
2024-09-04,AVGO,Equity,151.0000457763672,20324100,0.87%,296.91%,-15.46%,923,396.91,1.08%,2024,116.48%
2024-09-04,INTC,Equity,19.43000030517578,85871900,-3.33%,-56.73%,-68.7%,923,43.27,-3.13%,2024,-57.49%
2024-09-04,NVDA,Equity,105.91670989990234,372470300,-1.66%,711.86%,-21.66%,923,811.86,-1.45%,2024,178.87%
2024-09-04,SPY,Benchmark,536.8756103515625,47224900,-0.2%,57.17%,-2.46%,923,157.17,0.0%,2024,25.59%
2024-09-04,TSM,Equity,156.41700744628906,11317400,0.24%,53.48%,-15.8%,923,153.48,0.44%,2024,97.27%
2024-09-05,AMD,Equity,139.44000244140625,25023000,-1.02%,51.07%,-34.03%,924,151.07,-0.77%,2024,-12.84%
2024-09-05,AVGO,Equity,149.72637939453125,31548500,-0.84%,293.57%,-16.17%,924,393.57,-0.6%,2024,116.48%
2024-09-05,INTC,Equity,19.399999618530273,65388800,-0.15%,-56.8%,-68.75%,924,43.2,0.09%,2024,-57.49%
2024-09-05,NVDA,Equity,106.91395568847656,306850700,0.94%,719.5%,-20.92%,924,819.5,1.18%,2024,178.87%
2024-09-05,SPY,Benchmark,535.56982421875,44264300,-0.24%,56.79%,-2.7%,924,156.79,0.0%,2024,25.59%
2024-09-05,TSM,Equity,159.16868591308594,10260600,1.76%,56.18%,-14.32%,924,156.18,2.0%,2024,97.27%
2024-09-06,AMD,Equity,134.35000610351562,39993500,-3.65%,45.56%,-36.44%,925,145.56,-1.97%,2024,-12.84%
2024-09-06,AVGO,Equity,134.22662353515625,76634600,-10.35%,252.82%,-24.85%,925,352.82,-8.67%,2024,116.48%
2024-09-06,INTC,Equity,18.889999389648438,92686500,-2.63%,-57.93%,-69.57%,925,42.07,-0.95%,2024,-57.49%
2024-09-06,NVDA,Equity,102.54605102539062,413638100,-4.09%,686.02%,-24.16%,925,786.02,-2.4%,2024,178.87%
2024-09-06,SPY,Benchmark,526.5560913085938,68493800,-1.68%,54.15%,-4.34%,925,154.15,0.0%,2024,25.59%
2024-09-06,TSM,Equity,152.47914123535156,14964400,-4.2%,49.62%,-17.92%,925,149.62,-2.52%,2024,97.27%
2024-09-09,AMD,Equity,138.14999389648438,27194500,2.83%,49.67%,-34.64%,926,149.67,1.71%,2024,-12.84%
2024-09-09,AVGO,Equity,137.9692840576172,39516700,2.79%,262.66%,-22.76%,926,362.66,1.67%,2024,116.48%
2024-09-09,INTC,Equity,19.06999969482422,64244100,0.95%,-57.53%,-69.28%,926,42.47,-0.17%,2024,-57.49%
2024-09-09,NVDA,Equity,106.17598724365234,273912000,3.54%,713.85%,-21.47%,926,813.85,2.42%,2024,178.87%
2024-09-09,SPY,Benchmark,532.4515380859375,40445800,1.12%,55.88%,-3.27%,926,155.88,0.0%,2024,25.59%
2024-09-09,TSM,Equity,158.27413940429688,10339000,3.8%,55.3%,-14.8%,926,155.3,2.68%,2024,97.27%
2024-09-10,AMD,Equity,142.83999633789062,37217500,3.39%,54.76%,-32.43%,927,154.76,2.96%,2024,-12.84%
2024-09-10,AVGO,Equity,145.20970153808594,36067500,5.25%,281.69%,-18.7%,927,381.69,4.81%,2024,116.48%
2024-09-10,INTC,Equity,18.979999542236328,55621300,-0.47%,-57.73%,-69.43%,927,42.27,-0.91%,2024,-57.49%
2024-09-10,NVDA,Equity,107.8014907836914,268283700,1.53%,726.31%,-20.27%,927,826.31,1.1%,2024,178.87%
2024-09-10,SPY,Benchmark,534.7706909179688,36394600,0.44%,56.55%,-2.84%,927,156.55,0.0%,2024,25.59%
2024-09-10,TSM,Equity,157.93382263183594,11910800,-0.22%,54.97%,-14.98%,927,154.97,-0.65%,2024,97.27%
2024-09-11,AMD,Equity,149.86000061035156,50935400,4.91%,62.36%,-29.1%,928,162.36,3.89%,2024,-12.84%
2024-09-11,AVGO,Equity,155.06605529785156,39700800,6.79%,307.6%,-13.19%,928,407.6,5.76%,2024,116.48%
2024-09-11,INTC,Equity,19.639999389648438,71403100,3.48%,-56.26%,-68.37%,928,43.74,2.45%,2024,-57.49%
2024-09-11,NVDA,Equity,116.5871810913086,441422400,8.15%,793.65%,-13.77%,928,893.65,7.12%,2024,178.87%
2024-09-11,SPY,Benchmark,540.2569580078125,75248600,1.03%,58.16%,-1.85%,928,158.16,0.0%,2024,25.59%
2024-09-11,TSM,Equity,165.51791381835938,15059500,4.8%,62.41%,-10.9%,928,162.41,3.78%,2024,97.27%
2024-09-12,AMD,Equity,150.77000427246094,29233700,0.61%,63.35%,-28.67%,929,163.35,-0.24%,2024,-12.84%
2024-09-12,AVGO,Equity,161.2286834716797,43530700,3.97%,323.8%,-9.74%,929,423.8,3.13%,2024,116.48%
2024-09-12,INTC,Equity,19.360000610351562,51520600,-1.43%,-56.88%,-68.82%,929,43.12,-2.27%,2024,-57.49%
2024-09-12,NVDA,Equity,118.82117462158203,366052700,1.92%,810.77%,-12.12%,929,910.77,1.07%,2024,178.87%
2024-09-12,SPY,Benchmark,544.8076782226562,51819600,0.84%,59.49%,-1.02%,929,159.49,0.0%,2024,25.59%
2024-09-12,TSM,Equity,167.29991149902344,13399900,1.08%,64.16%,-9.94%,929,164.16,0.23%,2024,97.27%
2024-09-13,AMD,Equity,152.30999755859375,25117200,1.02%,65.02%,-27.94%,930,165.02,0.5%,2024,-12.84%
2024-09-13,AVGO,Equity,164.2953338623047,29850000,1.9%,331.86%,-8.02%,930,431.86,1.38%,2024,116.48%
2024-09-13,INTC,Equity,19.65999984741211,44236300,1.55%,-56.22%,-68.33%,930,43.78,1.03%,2024,-57.49%
2024-09-13,NVDA,Equity,118.78128051757812,238358300,-0.03%,810.47%,-12.15%,930,910.47,-0.56%,2024,178.87%
2024-09-13,SPY,Benchmark,547.6531372070312,39310500,0.52%,60.33%,-0.5%,930,160.33,0.0%,2024,25.59%
2024-09-13,TSM,Equity,168.34414672851562,8787800,0.62%,65.18%,-9.38%,930,165.18,0.1%,2024,97.27%
2024-09-16,AMD,Equity,152.0800018310547,27677800,-0.15%,64.77%,-28.05%,931,164.77,-0.3%,2024,-12.84%
2024-09-16,AVGO,Equity,160.69961547851562,26126900,-2.19%,322.41%,-10.03%,931,422.41,-2.34%,2024,116.48%
2024-09-16,INTC,Equity,20.90999984741211,149337000,6.36%,-53.43%,-66.32%,931,46.57,6.21%,2024,-57.49%
2024-09-16,NVDA,Equity,116.46749114990234,248772300,-1.95%,792.73%,-13.86%,931,892.73,-2.1%,2024,178.87%
2024-09-16,SPY,Benchmark,548.4619140625,36656100,0.15%,60.56%,-0.36%,931,160.56,0.0%,2024,25.59%
2024-09-16,TSM,Equity,165.00656127929688,12194300,-1.98%,61.91%,-11.17%,931,161.91,-2.13%,2024,97.27%
2024-09-17,AMD,Equity,150.82000732421875,29889000,-0.83%,63.4%,-28.65%,932,163.4,-0.87%,2024,-12.84%
2024-09-17,AVGO,Equity,159.1810302734375,19844300,-0.94%,318.42%,-10.88%,932,418.42,-0.99%,2024,116.48%
2024-09-17,INTC,Equity,21.469999313354492,196249800,2.68%,-52.19%,-65.42%,932,47.81,2.64%,2024,-57.49%
2024-09-17,NVDA,Equity,115.28067779541016,231925900,-1.02%,783.63%,-14.74%,932,883.63,-1.06%,2024,178.87%
2024-09-17,SPY,Benchmark,548.6859741210938,49321000,0.04%,60.63%,-0.32%,932,160.63,0.0%,2024,25.59%
2024-09-17,TSM,Equity,163.31825256347656,8629100,-1.02%,60.25%,-12.08%,932,160.25,-1.06%,2024,97.27%
2024-09-18,AMD,Equity,148.2899932861328,26320100,-1.68%,60.66%,-29.85%,933,160.66,-1.38%,2024,-12.84%
2024-09-18,AVGO,Equity,158.39718627929688,26557600,-0.49%,316.36%,-11.32%,933,416.36,-0.2%,2024,116.48%
2024-09-18,INTC,Equity,20.770000457763672,118727900,-3.26%,-53.74%,-66.54%,933,46.26,-2.96%,2024,-57.49%
2024-09-18,NVDA,Equity,113.06661987304688,310318900,-1.92%,766.66%,-16.37%,933,866.66,-1.62%,2024,178.87%
2024-09-18,SPY,Benchmark,547.0586547851562,59044900,-0.3%,60.15%,-0.61%,933,160.15,0.0%,2024,25.59%
2024-09-18,TSM,Equity,163.24990844726562,9116000,-0.04%,60.19%,-12.12%,933,160.19,0.25%,2024,97.27%
2024-09-19,AMD,Equity,156.74000549316406,44500000,5.7%,69.82%,-25.85%,934,169.82,3.99%,2024,-12.84%
2024-09-19,AVGO,Equity,164.5703125,32453100,3.9%,332.59%,-7.86%,934,432.59,2.19%,2024,116.48%
2024-09-19,INTC,Equity,21.139999389648438,99829200,1.78%,-52.92%,-65.95%,934,47.08,0.07%,2024,-57.49%
2024-09-19,NVDA,Equity,117.55458068847656,293506400,3.97%,801.06%,-13.05%,934,901.06,2.26%,2024,178.87%
2024-09-19,SPY,Benchmark,556.3939819335938,75315500,1.71%,62.88%,0.0%,934,162.88,0.0%,2024,25.59%
2024-09-19,TSM,Equity,171.97454833984375,15855000,5.34%,68.75%,-7.42%,934,168.75,3.64%,2024,97.27%
2024-09-20,AMD,Equity,155.9499969482422,40248200,-0.5%,68.96%,-26.22%,935,168.96,-0.33%,2024,-12.84%
2024-09-20,AVGO,Equity,168.1876678466797,91758500,2.2%,342.09%,-5.84%,935,442.09,2.37%,2024,116.48%
2024-09-20,INTC,Equity,21.84000015258789,260377900,3.31%,-51.36%,-64.82%,935,48.64,3.48%,2024,-57.49%
2024-09-20,NVDA,Equity,115.6895751953125,382462400,-1.59%,786.77%,-14.43%,935,886.77,-1.41%,2024,178.87%
2024-09-20,SPY,Benchmark,555.43212890625,77503100,-0.17%,62.6%,-0.17%,935,162.6,0.0%,2024,25.59%
2024-09-20,TSM,Equity,169.88609313964844,18429800,-1.21%,66.7%,-8.55%,935,166.7,-1.04%,2024,97.27%
2024-09-23,AMD,Equity,156.75,21728500,0.51%,69.83%,-25.84%,936,169.83,0.26%,2024,-12.84%
2024-09-23,AVGO,Equity,169.99635314941406,29431100,1.08%,346.85%,-4.83%,936,446.85,0.83%,2024,116.48%
2024-09-23,INTC,Equity,22.559999465942383,184439100,3.3%,-49.76%,-63.66%,936,50.24,3.05%,2024,-57.49%
2024-09-23,NVDA,Equity,115.9488754272461,206228500,0.22%,788.76%,-14.24%,936,888.76,-0.03%,2024,178.87%
2024-09-23,SPY,Benchmark,556.8201293945312,44116900,0.25%,63.01%,0.0%,936,163.01,0.0%,2024,25.59%
2024-09-23,TSM,Equity,170.54969787597656,5794200,0.39%,67.35%,-8.19%,936,167.35,0.14%,2024,97.27%
2024-09-24,AMD,Equity,158.32000732421875,27531200,1.0%,71.53%,-25.1%,937,171.53,0.72%,2024,-12.84%
2024-09-24,AVGO,Equity,171.86398315429688,34223400,1.1%,351.76%,-3.78%,937,451.76,0.81%,2024,116.48%
2024-09-24,INTC,Equity,22.809999465942383,113082500,1.11%,-49.2%,-63.26%,937,50.8,0.82%,2024,-57.49%
2024-09-24,NVDA,Equity,120.54655456542969,354966800,3.97%,824.0%,-10.84%,937,924.0,3.68%,2024,178.87%
2024-09-24,SPY,Benchmark,558.413330078125,46805700,0.29%,63.48%,0.0%,937,163.48,0.0%,2024,25.59%
2024-09-24,TSM,Equity,177.58602905273438,14576100,4.13%,74.25%,-4.4%,937,174.25,3.84%,2024,97.27%
2024-09-25,AMD,Equity,162.02000427246094,35233300,2.34%,75.54%,-23.35%,938,175.54,2.56%,2024,-12.84%
2024-09-25,AVGO,Equity,172.53240966796875,16613800,0.39%,353.51%,-3.41%,938,453.51,0.61%,2024,116.48%
2024-09-25,INTC,Equity,23.540000915527344,117013400,3.2%,-47.58%,-62.08%,938,52.42,3.42%,2024,-57.49%
2024-09-25,NVDA,Equity,123.17948150634766,284692900,2.18%,844.18%,-8.89%,938,944.18,2.4%,2024,178.87%
2024-09-25,SPY,Benchmark,557.181640625,38428600,-0.22%,63.11%,-0.22%,938,163.11,0.0%,2024,25.59%
2024-09-25,TSM,Equity,177.95684814453125,8280900,0.21%,74.62%,-4.2%,938,174.62,0.43%,2024,97.27%
2024-09-26,AMD,Equity,167.49000549316406,38044900,3.38%,81.46%,-20.76%,939,181.46,2.98%,2024,-12.84%
2024-09-26,AVGO,Equity,175.05868530273438,24340000,1.46%,360.15%,-1.99%,939,460.15,1.07%,2024,116.48%
2024-09-26,INTC,Equity,23.920000076293945,95416900,1.61%,-46.73%,-61.47%,939,53.27,1.22%,2024,-57.49%
2024-09-26,NVDA,Equity,123.70806121826172,302582900,0.43%,848.23%,-8.5%,939,948.23,0.03%,2024,178.87%
2024-09-26,SPY,Benchmark,559.3907470703125,48336000,0.4%,63.76%,0.0%,939,163.76,0.0%,2024,25.59%
2024-09-26,TSM,Equity,182.3289337158203,15103400,2.46%,78.91%,-1.85%,939,178.91,2.06%,2024,97.27%
2024-09-27,AMD,Equity,164.35000610351562,27876000,-1.87%,78.06%,-22.25%,940,178.06,-1.73%,2024,-12.84%
2024-09-27,AVGO,Equity,169.7506103515625,20580900,-3.03%,346.2%,-4.96%,940,446.2,-2.89%,2024,116.48%
2024-09-27,INTC,Equity,23.90999984741211,85883300,-0.04%,-46.75%,-61.49%,940,53.25,0.1%,2024,-57.49%
2024-09-27,NVDA,Equity,121.07511901855469,271009200,-2.13%,828.05%,-10.45%,940,928.05,-1.98%,2024,178.87%
2024-09-27,SPY,Benchmark,558.5794677734375,42100900,-0.15%,63.52%,-0.15%,940,163.52,0.0%,2024,25.59%
2024-09-27,TSM,Equity,173.68238830566406,17908400,-4.74%,70.42%,-6.5%,940,170.42,-4.6%,2024,97.27%
2024-09-30,AMD,Equity,164.0800018310547,21881600,-0.16%,77.77%,-22.38%,941,177.77,-0.56%,2024,-12.84%
2024-09-30,AVGO,Equity,169.5638427734375,16902000,-0.11%,345.71%,-5.07%,941,445.71,-0.51%,2024,116.48%
2024-09-30,INTC,Equity,23.459999084472656,66308200,-1.88%,-47.75%,-62.21%,941,52.25,-2.28%,2024,-57.49%
2024-09-30,NVDA,Equity,121.1150131225586,226553700,0.03%,828.36%,-10.42%,941,928.36,-0.37%,2024,178.87%
2024-09-30,SPY,Benchmark,560.8177490234375,63557400,0.4%,64.18%,0.0%,941,164.18,0.0%,2024,25.59%
2024-09-30,TSM,Equity,169.48594665527344,13540200,-2.42%,66.3%,-8.76%,941,166.3,-2.82%,2024,97.27%
2024-10-01,AMD,Equity,159.75,31831900,-2.64%,73.08%,-24.43%,942,173.08,-1.74%,2024,-12.84%
2024-10-01,AVGO,Equity,164.61947631835938,23770400,-2.92%,332.71%,-7.84%,942,432.71,-2.02%,2024,116.48%
2024-10-01,INTC,Equity,22.690000534057617,86344400,-3.28%,-49.47%,-63.45%,942,50.53,-2.39%,2024,-57.49%
2024-10-01,NVDA,Equity,116.68689727783203,302094500,-3.66%,794.41%,-13.7%,942,894.41,-2.76%,2024,178.87%
2024-10-01,SPY,Benchmark,555.7937622070312,72668800,-0.9%,62.71%,-0.9%,942,162.71,0.0%,2024,25.59%
2024-10-01,TSM,Equity,167.92453002929688,11850200,-0.92%,64.77%,-9.6%,942,164.77,-0.03%,2024,97.27%
2024-10-02,AMD,Equity,159.77999877929688,24630400,0.02%,73.11%,-24.41%,943,173.11,-0.02%,2024,-12.84%
2024-10-02,AVGO,Equity,167.75514221191406,14317800,1.9%,340.96%,-6.08%,943,440.96,1.86%,2024,116.48%
2024-10-02,INTC,Equity,22.389999389648438,59033900,-1.32%,-50.14%,-63.94%,943,49.86,-1.36%,2024,-57.49%
2024-10-02,NVDA,Equity,118.53194427490234,221845900,1.58%,808.56%,-12.33%,943,908.56,1.54%,2024,178.87%
2024-10-02,SPY,Benchmark,556.0282592773438,38097800,0.04%,62.78%,-0.85%,943,162.78,0.0%,2024,25.59%
2024-10-02,TSM,Equity,171.56468200683594,11164400,2.17%,68.34%,-7.64%,943,168.34,2.13%,2024,97.27%
2024-10-03,AMD,Equity,162.85000610351562,29598800,1.92%,76.44%,-22.96%,944,176.44,2.1%,2024,-12.84%
2024-10-03,AVGO,Equity,168.96420288085938,13072300,0.72%,344.14%,-5.4%,944,444.14,0.9%,2024,116.48%
2024-10-03,INTC,Equity,22.260000228881836,49565900,-0.58%,-50.43%,-64.14%,944,49.57,-0.4%,2024,-57.49%
2024-10-03,NVDA,Equity,122.52124786376953,277118000,3.37%,839.13%,-9.38%,944,939.13,3.55%,2024,178.87%
2024-10-03,SPY,Benchmark,555.0117797851562,40846500,-0.18%,62.48%,-1.04%,944,162.48,0.0%,2024,25.59%
2024-10-03,TSM,Equity,175.15597534179688,12555000,2.09%,71.87%,-5.71%,944,171.87,2.28%,2024,97.27%
2024-10-04,AMD,Equity,170.89999389648438,44556500,4.94%,85.16%,-19.15%,945,185.16,4.03%,2024,-12.84%
2024-10-04,AVGO,Equity,173.6333770751953,17921400,2.76%,356.41%,-2.79%,945,456.41,1.85%,2024,116.48%
2024-10-04,INTC,Equity,22.59000015258789,49845500,1.48%,-49.69%,-63.61%,945,50.31,0.57%,2024,-57.49%
2024-10-04,NVDA,Equity,124.58570861816406,243678100,1.68%,854.96%,-7.85%,945,954.96,0.78%,2024,178.87%
2024-10-04,SPY,Benchmark,560.055419921875,42939100,0.91%,63.96%,-0.14%,945,163.96,0.0%,2024,25.59%
2024-10-04,TSM,Equity,176.79551696777344,9993800,0.94%,73.48%,-4.83%,945,173.48,0.03%,2024,97.27%
2024-10-07,AMD,Equity,170.97000122070312,38379900,0.04%,85.23%,-19.12%,946,185.23,0.95%,2024,-12.84%
2024-10-07,AVGO,Equity,172.0999298095703,15588300,-0.88%,352.38%,-3.65%,946,452.38,0.02%,2024,116.48%
2024-10-07,INTC,Equity,22.3799991607666,54928700,-0.93%,-50.16%,-63.95%,946,49.84,-0.03%,2024,-57.49%
2024-10-07,NVDA,Equity,127.37820434570312,346250200,2.24%,876.36%,-5.79%,946,976.36,3.15%,2024,178.87%
2024-10-07,SPY,Benchmark,554.9923095703125,49964700,-0.9%,62.47%,-1.04%,946,162.47,0.0%,2024,25.59%
2024-10-07,TSM,Equity,180.06478881835938,12054200,1.85%,76.68%,-3.07%,946,176.68,2.75%,2024,97.27%
2024-10-08,AMD,Equity,172.8000030517578,34730200,1.07%,87.22%,-18.25%,947,187.22,0.12%,2024,-12.84%
2024-10-08,AVGO,Equity,177.6537628173828,20774200,3.23%,366.98%,-0.54%,947,466.98,2.28%,2024,116.48%
2024-10-08,INTC,Equity,23.31999969482422,58650500,4.2%,-48.07%,-62.44%,947,51.93,3.25%,2024,-57.49%
2024-10-08,NVDA,Equity,132.53436279296875,285722500,4.05%,915.89%,-1.98%,947,1015.89,3.1%,2024,178.87%
2024-10-08,SPY,Benchmark,560.2410278320312,37398700,0.95%,64.01%,-0.1%,947,164.01,0.0%,2024,25.59%
2024-10-08,TSM,Equity,181.56771850585938,10394200,0.83%,78.16%,-2.26%,947,178.16,-0.11%,2024,97.27%
2024-10-09,AMD,Equity,171.02000427246094,33890700,-1.03%,85.29%,-19.09%,948,185.29,-1.72%,2024,-12.84%
2024-10-09,AVGO,Equity,182.784912109375,25504100,2.89%,380.46%,0.0%,948,480.46,2.2%,2024,116.48%
2024-10-09,INTC,Equity,23.459999084472656,44759000,0.6%,-47.75%,-62.21%,948,52.25,-0.09%,2024,-57.49%
2024-10-09,NVDA,Equity,132.29501342773438,246191600,-0.18%,914.05%,-2.15%,948,1014.05,-0.87%,2024,178.87%
2024-10-09,SPY,Benchmark,564.1215209960938,37912200,0.69%,65.15%,0.0%,948,165.15,0.0%,2024,25.59%
2024-10-09,TSM,Equity,182.63143920898438,11925000,0.59%,79.2%,-1.69%,948,179.2,-0.11%,2024,97.27%
2024-10-10,AMD,Equity,164.17999267578125,75113600,-4.0%,77.88%,-22.33%,949,177.88,-3.82%,2024,-12.84%
2024-10-10,AVGO,Equity,182.52931213378906,16318000,-0.14%,379.79%,-0.14%,949,479.79,0.04%,2024,116.48%
2024-10-10,INTC,Equity,23.219999313354492,44874600,-1.02%,-48.29%,-62.6%,949,51.71,-0.85%,2024,-57.49%
2024-10-10,NVDA,Equity,134.44923400878906,242311300,1.63%,930.56%,-0.56%,949,1030.56,1.8%,2024,178.87%
2024-10-10,SPY,Benchmark,563.1343383789062,44138100,-0.17%,64.86%,-0.17%,949,164.86,0.0%,2024,25.59%
2024-10-10,TSM,Equity,181.30421447753906,6443800,-0.73%,77.9%,-2.4%,949,177.9,-0.55%,2024,97.27%
2024-10-11,AMD,Equity,167.88999938964844,42136200,2.26%,81.9%,-20.57%,950,181.9,1.66%,2024,-12.84%
2024-10-11,AVGO,Equity,178.3909912109375,23070000,-2.27%,368.91%,-2.4%,950,468.91,-2.87%,2024,116.48%
2024-10-11,INTC,Equity,23.559999465942383,43585300,1.46%,-47.53%,-62.05%,950,52.47,0.87%,2024,-57.49%
2024-10-11,NVDA,Equity,134.4392547607422,170209500,-0.01%,930.49%,-0.57%,950,1030.49,-0.61%,2024,178.87%
2024-10-11,SPY,Benchmark,566.5065307617188,42268000,0.6%,65.84%,0.0%,950,165.84,0.0%,2024,25.59%
2024-10-11,TSM,Equity,186.21304321289062,12163900,2.71%,82.72%,0.0%,950,182.72,2.11%,2024,97.27%
2024-10-14,AMD,Equity,165.27000427246094,31757200,-1.56%,79.06%,-21.81%,951,179.06,-2.38%,2024,-12.84%
2024-10-14,AVGO,Equity,179.20684814453125,17195800,0.46%,371.06%,-1.96%,951,471.06,-0.36%,2024,116.48%
2024-10-14,INTC,Equity,23.440000534057617,35403600,-0.51%,-47.8%,-62.24%,951,52.2,-1.33%,2024,-57.49%
2024-10-14,NVDA,Equity,137.70053100585938,232347700,2.43%,955.48%,0.0%,951,1055.48,1.61%,2024,178.87%
2024-10-14,SPY,Benchmark,571.1395263671875,36217200,0.82%,67.2%,0.0%,951,167.2,0.0%,2024,25.59%
2024-10-14,TSM,Equity,187.57931518554688,11714400,0.73%,84.06%,0.0%,951,184.06,-0.08%,2024,97.27%
2024-10-15,AMD,Equity,156.63999938964844,50768000,-5.22%,69.71%,-25.9%,952,169.71,-4.44%,2024,-12.84%
2024-10-15,AVGO,Equity,172.98458862304688,27657500,-3.47%,354.7%,-5.36%,952,454.7,-2.7%,2024,116.48%
2024-10-15,INTC,Equity,22.65999984741211,68900600,-3.33%,-49.54%,-63.5%,952,50.46,-2.55%,2024,-57.49%
2024-10-15,NVDA,Equity,131.24783325195312,377831000,-4.69%,906.02%,-4.69%,952,1006.02,-3.91%,2024,178.87%
2024-10-15,SPY,Benchmark,566.7020263671875,54203600,-0.78%,65.9%,-0.78%,952,165.9,0.0%,2024,25.59%
2024-10-15,TSM,Equity,182.62167358398438,21812700,-2.64%,79.19%,-2.64%,952,179.19,-1.87%,2024,97.27%
2024-10-16,AMD,Equity,156.1300048828125,30575800,-0.33%,69.15%,-26.14%,953,169.15,-0.76%,2024,-12.84%
2024-10-16,AVGO,Equity,173.81028747558594,15285100,0.48%,356.87%,-4.91%,953,456.87,0.04%,2024,116.48%
2024-10-16,INTC,Equity,22.309999465942383,62151800,-1.54%,-50.32%,-64.06%,953,49.68,-1.98%,2024,-57.49%
2024-10-16,NVDA,Equity,135.35679626464844,264879700,3.13%,937.52%,-1.7%,953,1037.52,2.7%,2024,178.87%
2024-10-16,SPY,Benchmark,569.1651611328125,30725400,0.43%,66.62%,-0.35%,953,166.62,0.0%,2024,25.59%
2024-10-16,TSM,Equity,182.9632568359375,18689200,0.19%,79.53%,-2.46%,953,179.53,-0.25%,2024,97.27%
2024-10-17,AMD,Equity,156.25,29491900,0.08%,69.28%,-26.08%,954,169.28,0.07%,2024,-12.84%
2024-10-17,AVGO,Equity,178.4401397705078,25232400,2.66%,369.04%,-2.38%,954,469.04,2.66%,2024,116.48%
2024-10-17,INTC,Equity,22.440000534057617,43807600,0.58%,-50.03%,-63.86%,954,49.97,0.57%,2024,-57.49%
2024-10-17,NVDA,Equity,136.56356811523438,306435900,0.89%,946.77%,-0.83%,954,1046.77,0.88%,2024,178.87%
2024-10-17,SPY,Benchmark,569.214111328125,34393700,0.01%,66.64%,-0.34%,954,166.64,0.0%,2024,25.59%
2024-10-17,TSM,Equity,200.8809356689453,62274700,9.79%,97.11%,0.0%,954,197.11,9.78%,2024,97.27%
2024-10-18,AMD,Equity,155.97000122070312,23823000,-0.18%,68.98%,-26.21%,955,168.98,-0.56%,2024,-12.84%
2024-10-18,AVGO,Equity,176.8280487060547,17835200,-0.9%,364.81%,-3.26%,955,464.81,-1.29%,2024,116.48%
2024-10-18,INTC,Equity,22.770000457763672,39971700,1.47%,-49.29%,-63.32%,955,50.71,1.09%,2024,-57.49%
2024-10-18,NVDA,Equity,137.6306915283203,176090200,0.78%,954.95%,-0.05%,955,1054.95,0.4%,2024,178.87%
2024-10-18,SPY,Benchmark,571.403564453125,37416800,0.38%,67.28%,0.0%,955,167.28,0.0%,2024,25.59%
2024-10-18,TSM,Equity,195.94285583496094,21030800,-2.46%,92.26%,-2.46%,955,192.26,-2.84%,2024,97.27%
2024-10-21,AMD,Equity,157.89999389648438,25781200,1.24%,71.07%,-25.3%,956,171.07,1.4%,2024,-12.84%
2024-10-21,AVGO,Equity,176.92636108398438,13695100,0.06%,365.06%,-3.21%,956,465.06,0.22%,2024,116.48%
2024-10-21,INTC,Equity,22.84000015258789,39727000,0.31%,-49.13%,-63.21%,956,50.87,0.47%,2024,-57.49%
2024-10-21,NVDA,Equity,143.32545471191406,264554500,4.14%,998.6%,0.0%,956,1098.6,4.3%,2024,178.87%
2024-10-21,SPY,Benchmark,570.4651489257812,36439000,-0.16%,67.0%,-0.16%,956,167.0,0.0%,2024,25.59%
2024-10-21,TSM,Equity,197.08465576171875,14820000,0.58%,93.39%,-1.89%,956,193.39,0.75%,2024,97.27%
2024-10-22,AMD,Equity,154.08999633789062,34997400,-2.41%,66.94%,-27.1%,957,166.94,-2.36%,2024,-12.84%
2024-10-22,AVGO,Equity,176.3267364501953,12062600,-0.34%,363.49%,-3.53%,957,463.49,-0.29%,2024,116.48%
2024-10-22,INTC,Equity,22.399999618530273,50160400,-1.93%,-50.11%,-63.92%,957,49.89,-1.87%,2024,-57.49%
2024-10-22,NVDA,Equity,143.20571899414062,226311600,-0.08%,997.68%,-0.08%,957,1097.68,-0.03%,2024,178.87%
2024-10-22,SPY,Benchmark,570.1621704101562,34183800,-0.05%,66.91%,-0.22%,957,166.91,0.0%,2024,25.59%
2024-10-22,TSM,Equity,193.6982421875,11165100,-1.72%,90.06%,-3.58%,957,190.06,-1.67%,2024,97.27%
2024-10-23,AMD,Equity,152.91000366210938,26095900,-0.77%,65.67%,-27.66%,958,165.67,0.15%,2024,-12.84%
2024-10-23,AVGO,Equity,170.556640625,19513700,-3.27%,348.32%,-6.69%,958,448.32,-2.36%,2024,116.48%
2024-10-23,INTC,Equity,21.979999542236328,45799100,-1.88%,-51.05%,-64.6%,958,48.95,-0.96%,2024,-57.49%
2024-10-23,NVDA,Equity,139.18650817871094,285930000,-2.81%,966.87%,-2.89%,958,1066.87,-1.89%,2024,178.87%
2024-10-23,SPY,Benchmark,564.9523315429688,49314600,-0.91%,65.39%,-1.13%,958,165.39,0.0%,2024,25.59%
2024-10-23,TSM,Equity,196.02090454101562,16535700,1.2%,92.34%,-2.42%,958,192.34,2.11%,2024,97.27%
2024-10-24,AMD,Equity,153.44000244140625,22877000,0.35%,66.24%,-27.41%,959,166.24,0.13%,2024,-12.84%
2024-10-24,AVGO,Equity,168.4333953857422,20485200,-1.24%,342.74%,-7.85%,959,442.74,-1.46%,2024,116.48%
2024-10-24,INTC,Equity,22.34000015258789,40554400,1.64%,-50.25%,-64.02%,959,49.75,1.42%,2024,-57.49%
2024-10-24,NVDA,Equity,140.03427124023438,172354900,0.61%,973.37%,-2.3%,959,1073.37,0.39%,2024,178.87%
2024-10-24,SPY,Benchmark,566.174072265625,34979900,0.22%,65.75%,-0.92%,959,165.75,0.0%,2024,25.59%
2024-10-24,TSM,Equity,193.1614990234375,9935800,-1.46%,89.54%,-3.84%,959,189.54,-1.67%,2024,97.27%
2024-10-25,AMD,Equity,156.22999572753906,29758500,1.82%,69.26%,-26.09%,960,169.26,1.85%,2024,-12.84%
2024-10-25,AVGO,Equity,170.05532836914062,19977700,0.96%,347.0%,-6.96%,960,447.0,1.0%,2024,116.48%
2024-10-25,INTC,Equity,22.68000030517578,67503000,1.52%,-49.49%,-63.47%,960,50.51,1.56%,2024,-57.49%
2024-10-25,NVDA,Equity,141.1612091064453,205122100,0.8%,982.01%,-1.51%,960,1082.01,0.84%,2024,178.87%
2024-10-25,SPY,Benchmark,565.9786987304688,47268200,-0.03%,65.69%,-0.95%,960,165.69,0.0%,2024,25.59%
2024-10-25,TSM,Equity,198.53875732421875,13434900,2.78%,94.81%,-1.17%,960,194.81,2.82%,2024,97.27%
2024-10-28,AMD,Equity,159.9199981689453,36010100,2.36%,73.26%,-24.34%,961,173.26,2.05%,2024,-12.84%
2024-10-28,AVGO,Equity,169.09202575683594,13195800,-0.57%,344.47%,-7.49%,961,444.47,-0.88%,2024,116.48%
2024-10-28,INTC,Equity,22.920000076293945,41915000,1.06%,-48.96%,-63.08%,961,51.04,0.75%,2024,-57.49%
2024-10-28,NVDA,Equity,140.1439666748047,173586700,-0.72%,974.21%,-2.22%,961,1074.21,-1.03%,2024,178.87%
2024-10-28,SPY,Benchmark,567.7283325195312,30174700,0.31%,66.2%,-0.64%,961,166.2,0.0%,2024,25.59%
2024-10-28,TSM,Equity,189.98976135253906,20135300,-4.31%,86.42%,-5.42%,961,186.42,-4.62%,2024,97.27%
2024-10-29,AMD,Equity,166.25,71896000,3.96%,80.12%,-21.35%,962,180.12,3.8%,2024,-12.84%
2024-10-29,AVGO,Equity,176.1891326904297,23702300,4.2%,363.13%,-3.61%,962,463.13,4.04%,2024,116.48%
2024-10-29,INTC,Equity,22.899999618530273,83422200,-0.09%,-49.0%,-63.11%,962,51.0,-0.25%,2024,-57.49%
2024-10-29,NVDA,Equity,140.8720245361328,157593600,0.52%,979.79%,-1.71%,962,1079.79,0.36%,2024,178.87%
2024-10-29,SPY,Benchmark,568.6471557617188,42899700,0.16%,66.47%,-0.48%,962,166.47,0.0%,2024,25.59%
2024-10-29,TSM,Equity,192.1953582763672,13779100,1.16%,88.59%,-4.32%,962,188.59,1.0%,2024,97.27%
2024-10-30,AMD,Equity,148.60000610351562,87701700,-10.62%,61.0%,-29.7%,963,161.0,-10.31%,2024,-12.84%
2024-10-30,AVGO,Equity,173.6333770751953,17911500,-1.45%,356.41%,-5.01%,963,456.41,-1.15%,2024,116.48%
2024-10-30,INTC,Equity,22.299999237060547,50941200,-2.62%,-50.34%,-64.08%,963,49.66,-2.32%,2024,-57.49%
2024-10-30,NVDA,Equity,138.9670867919922,179418100,-1.35%,965.19%,-3.04%,963,1065.19,-1.05%,2024,178.87%
2024-10-30,SPY,Benchmark,566.9268188476562,41435800,-0.3%,65.97%,-0.78%,963,165.97,0.0%,2024,25.59%
2024-10-30,TSM,Equity,189.79461669921875,10007800,-1.25%,86.23%,-5.52%,963,186.23,-0.95%,2024,97.27%
2024-10-31,AMD,Equity,144.07000732421875,44386600,-3.05%,56.09%,-31.84%,964,156.09,-1.09%,2024,-12.84%
2024-10-31,AVGO,Equity,166.8802947998047,26086600,-3.89%,338.66%,-8.7%,964,438.66,-1.93%,2024,116.48%
2024-10-31,INTC,Equity,21.520000457763672,112485500,-3.5%,-52.07%,-65.34%,964,47.93,-1.54%,2024,-57.49%
2024-10-31,NVDA,Equity,132.40472412109375,270039600,-4.72%,914.89%,-7.62%,964,1014.89,-2.76%,2024,178.87%
2024-10-31,SPY,Benchmark,555.8133544921875,60182500,-1.96%,62.71%,-2.73%,964,162.71,0.0%,2024,25.59%
2024-10-31,TSM,Equity,185.94952392578125,13062700,-2.03%,82.46%,-7.43%,964,182.46,-0.07%,2024,97.27%
2024-11-01,AMD,Equity,141.86000061035156,39027400,-1.53%,53.69%,-32.89%,965,153.69,-1.96%,2024,-12.84%
2024-11-01,AVGO,Equity,166.04476928710938,17847000,-0.5%,336.46%,-9.16%,965,436.46,-0.92%,2024,116.48%
2024-11-01,INTC,Equity,23.200000762939453,173471100,7.81%,-48.33%,-62.63%,965,51.67,7.38%,2024,-57.49%
2024-11-01,NVDA,Equity,135.03765869140625,207127800,1.99%,935.07%,-5.78%,965,1035.07,1.57%,2024,178.87%
2024-11-01,SPY,Benchmark,558.1591796875,45667500,0.42%,63.4%,-2.32%,965,163.4,0.0%,2024,25.59%
2024-11-01,TSM,Equity,188.3014678955078,12691200,1.26%,84.77%,-6.26%,965,184.77,0.84%,2024,97.27%
2024-11-04,AMD,Equity,140.7100067138672,29117400,-0.81%,52.45%,-33.43%,966,152.45,-0.6%,2024,-12.84%
2024-11-04,AVGO,Equity,165.6810760498047,13621300,-0.22%,335.51%,-9.36%,966,435.51,-0.0%,2024,116.48%
2024-11-04,INTC,Equity,22.520000457763672,84616300,-2.93%,-49.85%,-63.73%,966,50.15,-2.72%,2024,-57.49%
2024-11-04,NVDA,Equity,135.6859130859375,187528200,0.48%,940.04%,-5.33%,966,1040.04,0.7%,2024,178.87%
2024-11-04,SPY,Benchmark,556.9569091796875,38217000,-0.22%,63.05%,-2.53%,966,163.05,0.0%,2024,25.59%
2024-11-04,TSM,Equity,186.9449462890625,10917300,-0.72%,83.44%,-6.94%,966,183.44,-0.5%,2024,97.27%
2024-11-05,AMD,Equity,141.66000366210938,27067300,0.68%,53.48%,-32.98%,967,153.48,-0.53%,2024,-12.84%
2024-11-05,AVGO,Equity,170.94000244140625,13441800,3.17%,349.33%,-6.48%,967,449.33,1.96%,2024,116.48%
2024-11-05,INTC,Equity,23.31999969482422,59153300,3.55%,-48.07%,-62.44%,967,51.93,2.34%,2024,-57.49%
2024-11-05,NVDA,Equity,139.5355987548828,160537400,2.84%,969.55%,-2.64%,967,1069.55,1.63%,2024,178.87%
2024-11-05,SPY,Benchmark,563.6914672851562,39478300,1.21%,65.02%,-1.35%,967,165.02,0.0%,2024,25.59%
2024-11-05,TSM,Equity,191.0437469482422,10339200,2.19%,87.46%,-4.9%,967,187.46,0.98%,2024,97.27%
2024-11-06,AMD,Equity,145.10000610351562,32911500,2.43%,57.2%,-31.36%,968,157.2,-0.06%,2024,-12.84%
2024-11-06,AVGO,Equity,176.49383544921875,24300800,3.25%,363.93%,-3.44%,968,463.93,0.76%,2024,116.48%
2024-11-06,INTC,Equity,25.049999237060547,116760500,7.42%,-44.21%,-59.65%,968,55.79,4.93%,2024,-57.49%
2024-11-06,NVDA,Equity,145.2203369140625,242043900,4.07%,1013.12%,0.0%,968,1113.12,1.59%,2024,178.87%
2024-11-06,SPY,Benchmark,577.7080078125,68182000,2.49%,69.12%,0.0%,968,169.12,0.0%,2024,25.59%
2024-11-06,TSM,Equity,188.56495666503906,19834900,-1.3%,85.03%,-6.13%,968,185.03,-3.78%,2024,97.27%
2024-11-07,AMD,Equity,149.82000732421875,30326400,3.25%,62.32%,-29.12%,969,162.32,2.48%,2024,-12.84%
2024-11-07,AVGO,Equity,180.68133544921875,18970600,2.37%,374.93%,-1.15%,969,474.93,1.6%,2024,116.48%
2024-11-07,INTC,Equity,26.229999542236328,101489300,4.71%,-41.59%,-57.75%,969,58.41,3.94%,2024,-57.49%
2024-11-07,NVDA,Equity,148.48158264160156,207323300,2.25%,1038.12%,0.0%,969,1138.12,1.47%,2024,178.87%
2024-11-07,SPY,Benchmark,582.1749877929688,47233200,0.77%,70.43%,0.0%,969,170.43,0.0%,2024,25.59%
2024-11-07,TSM,Equity,196.34295654296875,14865200,4.12%,92.66%,-2.26%,969,192.66,3.35%,2024,97.27%
2024-11-08,AMD,Equity,147.9499969482422,27560300,-1.25%,60.29%,-30.01%,970,160.29,-1.68%,2024,-12.84%
2024-11-08,AVGO,Equity,180.5142059326172,13503200,-0.09%,374.5%,-1.24%,970,474.5,-0.53%,2024,116.48%
2024-11-08,INTC,Equity,26.200000762939453,76428000,-0.11%,-41.65%,-57.8%,970,58.35,-0.55%,2024,-57.49%
2024-11-08,NVDA,Equity,147.2349395751953,175665800,-0.84%,1028.57%,-0.84%,970,1128.57,-1.27%,2024,178.87%
2024-11-08,SPY,Benchmark,584.69677734375,46444900,0.43%,71.17%,0.0%,970,171.17,0.0%,2024,25.59%
2024-11-08,TSM,Equity,196.35272216796875,13112100,0.0%,92.67%,-2.25%,970,192.67,-0.43%,2024,97.27%
2024-11-11,AMD,Equity,147.35000610351562,29868100,-0.41%,59.64%,-30.29%,971,159.64,-0.5%,2024,-12.84%
2024-11-11,AVGO,Equity,175.86473083496094,17036700,-2.58%,362.27%,-3.79%,971,462.27,-2.67%,2024,116.48%
2024-11-11,INTC,Equity,25.049999237060547,80185300,-4.39%,-44.21%,-59.65%,971,55.79,-4.48%,2024,-57.49%
2024-11-11,NVDA,Equity,144.8712615966797,182325600,-1.61%,1010.45%,-2.43%,971,1110.45,-1.7%,2024,178.87%
2024-11-11,SPY,Benchmark,585.2539672851562,37586800,0.1%,71.33%,0.0%,971,171.33,0.0%,2024,25.59%
2024-11-11,TSM,Equity,189.375,16610000,-3.55%,85.82%,-5.73%,971,185.82,-3.65%,2024,97.27%
2024-11-12,AMD,Equity,143.6300048828125,33560300,-2.52%,55.61%,-32.05%,972,155.61,-2.21%,2024,-12.84%
2024-11-12,AVGO,Equity,173.2205047607422,15862000,-1.5%,355.32%,-5.23%,972,455.32,-1.19%,2024,116.48%
2024-11-12,INTC,Equity,24.15999984741211,62539700,-3.55%,-46.2%,-61.08%,972,53.8,-3.24%,2024,-57.49%
2024-11-12,NVDA,Equity,147.89315795898438,198634700,2.09%,1033.61%,-0.4%,972,1133.61,2.4%,2024,178.87%
2024-11-12,SPY,Benchmark,583.4358520507812,43006100,-0.31%,70.8%,-0.31%,972,170.8,0.0%,2024,25.59%
2024-11-12,TSM,Equity,187.14991760253906,11819000,-1.17%,83.64%,-6.84%,972,183.64,-0.86%,2024,97.27%
2024-11-13,AMD,Equity,139.3000030517578,35146600,-3.01%,50.92%,-34.1%,973,150.92,-3.06%,2024,-12.84%
2024-11-13,AVGO,Equity,170.62547302246094,17472500,-1.5%,348.5%,-6.65%,973,448.5,-1.55%,2024,116.48%
2024-11-13,INTC,Equity,24.920000076293945,58202000,3.15%,-44.5%,-59.86%,973,55.5,3.1%,2024,-57.49%
2024-11-13,NVDA,Equity,145.87857055664062,191903300,-1.36%,1018.17%,-1.75%,973,1118.17,-1.41%,2024,178.87%
2024-11-13,SPY,Benchmark,583.71923828125,47388600,0.05%,70.88%,-0.26%,973,170.88,0.0%,2024,25.59%
2024-11-13,TSM,Equity,182.1630096435547,13882200,-2.66%,78.74%,-9.32%,973,178.74,-2.71%,2024,97.27%
2024-11-14,AMD,Equity,138.83999633789062,31681400,-0.33%,50.42%,-34.32%,974,150.42,0.31%,2024,-12.84%
2024-11-14,AVGO,Equity,167.4799041748047,20638900,-1.84%,340.23%,-8.37%,974,440.23,-1.2%,2024,116.48%
2024-11-14,INTC,Equity,25.030000686645508,49252100,0.44%,-44.26%,-59.68%,974,55.74,1.08%,2024,-57.49%
2024-11-14,NVDA,Equity,146.36727905273438,194463300,0.34%,1021.92%,-1.42%,974,1121.92,0.98%,2024,178.87%
2024-11-14,SPY,Benchmark,579.9658813476562,38904100,-0.64%,69.78%,-0.9%,974,169.78,0.0%,2024,25.59%
2024-11-14,TSM,Equity,183.9586944580078,11453900,0.99%,80.51%,-8.42%,974,180.51,1.63%,2024,97.27%
2024-11-15,AMD,Equity,134.89999389648438,44217500,-2.84%,46.15%,-36.18%,975,146.15,-1.56%,2024,-12.84%
2024-11-15,AVGO,Equity,162.03419494628906,20836200,-3.25%,325.92%,-11.35%,975,425.92,-1.97%,2024,116.48%
2024-11-15,INTC,Equity,24.350000381469727,55104900,-2.72%,-45.77%,-60.78%,975,54.23,-1.44%,2024,-57.49%
2024-11-15,NVDA,Equity,141.60003662109375,250132900,-3.26%,985.37%,-4.63%,975,1085.37,-1.98%,2024,178.87%
2024-11-15,SPY,Benchmark,572.537353515625,75988800,-1.28%,67.61%,-2.17%,975,167.61,0.0%,2024,25.59%
2024-11-15,TSM,Equity,181.5286865234375,9834800,-1.32%,78.12%,-9.63%,975,178.12,-0.04%,2024,97.27%
2024-11-18,AMD,Equity,138.92999267578125,38705400,2.99%,50.52%,-34.27%,976,150.52,2.58%,2024,-12.84%
2024-11-18,AVGO,Equity,162.85009765625,17856900,0.5%,328.06%,-10.91%,976,428.06,0.09%,2024,116.48%
2024-11-18,INTC,Equity,24.84000015258789,59589500,2.01%,-44.68%,-59.99%,976,55.32,1.6%,2024,-57.49%
2024-11-18,NVDA,Equity,139.7749481201172,221205300,-1.29%,971.38%,-5.86%,976,1071.38,-1.7%,2024,178.87%
2024-11-18,SPY,Benchmark,574.8832397460938,37001700,0.41%,68.3%,-1.77%,976,168.3,0.0%,2024,25.59%
2024-11-18,TSM,Equity,182.9632568359375,10681500,0.79%,79.53%,-8.92%,976,179.53,0.38%,2024,97.27%
2024-11-19,AMD,Equity,139.38999938964844,23131400,0.33%,51.02%,-34.06%,977,151.02,-0.03%,2024,-12.84%
2024-11-19,AVGO,Equity,162.53555297851562,18003400,-0.19%,327.24%,-11.08%,977,427.24,-0.56%,2024,116.48%
2024-11-19,INTC,Equity,24.200000762939453,61190900,-2.58%,-46.11%,-61.02%,977,53.89,-2.94%,2024,-57.49%
2024-11-19,NVDA,Equity,146.61659240722656,227834900,4.89%,1023.83%,-1.26%,977,1123.83,4.53%,2024,178.87%
2024-11-19,SPY,Benchmark,576.9846801757812,49412000,0.37%,68.91%,-1.41%,977,168.91,0.0%,2024,25.59%
2024-11-19,TSM,Equity,185.10049438476562,9390100,1.17%,81.63%,-7.86%,977,181.63,0.8%,2024,97.27%
2024-11-20,AMD,Equity,137.60000610351562,28843100,-1.28%,49.08%,-34.9%,978,149.08,-1.32%,2024,-12.84%
2024-11-20,AVGO,Equity,160.47128295898438,17196700,-1.27%,321.81%,-12.21%,978,421.81,-1.3%,2024,116.48%
2024-11-20,INTC,Equity,24.010000228881836,50191500,-0.79%,-46.53%,-61.33%,978,53.47,-0.82%,2024,-57.49%
2024-11-20,NVDA,Equity,145.4995880126953,309871700,-0.76%,1015.26%,-2.01%,978,1115.26,-0.8%,2024,178.87%
2024-11-20,SPY,Benchmark,577.1802368164062,50032600,0.03%,68.97%,-1.38%,978,168.97,0.0%,2024,25.59%
2024-11-20,TSM,Equity,183.82205200195312,10624500,-0.69%,80.37%,-8.49%,978,180.37,-0.72%,2024,97.27%
2024-11-21,AMD,Equity,137.49000549316406,29311400,-0.08%,48.96%,-34.96%,979,148.96,-0.62%,2024,-12.84%
2024-11-21,AVGO,Equity,161.14956665039062,24835300,0.42%,323.59%,-11.84%,979,423.59,-0.11%,2024,116.48%
2024-11-21,INTC,Equity,24.440000534057617,58928400,1.79%,-45.57%,-60.63%,979,54.43,1.25%,2024,-57.49%
2024-11-21,NVDA,Equity,146.27748107910156,400946600,0.53%,1021.23%,-1.48%,979,1121.23,-0.0%,2024,178.87%
2024-11-21,SPY,Benchmark,580.2787475585938,46750300,0.54%,69.88%,-0.85%,979,169.88,0.0%,2024,25.59%
2024-11-21,TSM,Equity,186.63267517089844,18137300,1.53%,83.13%,-7.09%,979,183.13,0.99%,2024,97.27%
2024-11-22,AMD,Equity,138.35000610351562,21784700,0.63%,49.89%,-34.55%,980,149.89,0.32%,2024,-12.84%
2024-11-22,AVGO,Equity,161.43458557128906,17332500,0.18%,324.34%,-11.68%,980,424.34,-0.13%,2024,116.48%
2024-11-22,INTC,Equity,24.5,36784700,0.25%,-45.44%,-60.54%,980,54.56,-0.06%,2024,-57.49%
2024-11-22,NVDA,Equity,141.57012939453125,236406200,-3.22%,985.14%,-4.65%,980,1085.14,-3.53%,2024,178.87%
2024-11-22,SPY,Benchmark,582.0771484375,38226400,0.31%,70.4%,-0.54%,980,170.4,0.0%,2024,25.59%
2024-11-22,TSM,Equity,185.50062561035156,8838900,-0.61%,82.02%,-7.66%,980,182.02,-0.92%,2024,97.27%
2024-11-25,AMD,Equity,141.1300048828125,30923100,2.01%,52.9%,-33.23%,981,152.9,1.67%,2024,-12.84%
2024-11-25,AVGO,Equity,162.01455688476562,26850600,0.36%,325.87%,-11.36%,981,425.87,0.02%,2024,116.48%
2024-11-25,INTC,Equity,24.8700008392334,91128400,1.51%,-44.61%,-59.94%,981,55.39,1.17%,2024,-57.49%
2024-11-25,NVDA,Equity,135.65599060058594,344941900,-4.18%,939.81%,-8.64%,981,1039.81,-4.52%,2024,178.87%
2024-11-25,SPY,Benchmark,584.0516357421875,42441400,0.34%,70.98%,-0.21%,981,170.98,0.0%,2024,25.59%
2024-11-25,TSM,Equity,180.62107849121094,14380000,-2.63%,77.23%,-10.09%,981,177.23,-2.97%,2024,97.27%
2024-11-26,AMD,Equity,137.72000122070312,32092400,-2.42%,49.21%,-34.85%,982,149.21,-2.94%,2024,-12.84%
2024-11-26,AVGO,Equity,161.9359130859375,16308800,-0.05%,325.66%,-11.41%,982,425.66,-0.57%,2024,116.48%
2024-11-26,INTC,Equity,24.049999237060547,69613600,-3.3%,-46.44%,-61.26%,982,53.56,-3.82%,2024,-57.49%
2024-11-26,NVDA,Equity,136.5535888671875,190287700,0.66%,946.69%,-8.03%,982,1046.69,0.14%,2024,178.87%
2024-11-26,SPY,Benchmark,587.101318359375,45621300,0.52%,71.87%,0.0%,982,171.87,0.0%,2024,25.59%
2024-11-26,TSM,Equity,179.41094970703125,10186600,-0.67%,76.04%,-10.69%,982,176.04,-1.19%,2024,97.27%
2024-11-27,AMD,Equity,136.24000549316406,30175300,-1.07%,47.61%,-35.55%,983,147.61,-0.77%,2024,-12.84%
2024-11-27,AVGO,Equity,156.9522247314453,19722700,-3.08%,312.56%,-14.13%,983,412.56,-2.77%,2024,116.48%
2024-11-27,INTC,Equity,23.649999618530273,53992300,-1.66%,-47.33%,-61.91%,983,52.67,-1.36%,2024,-57.49%
2024-11-27,NVDA,Equity,134.9778289794922,226370900,-1.15%,934.61%,-9.09%,983,1034.61,-0.85%,2024,178.87%
2024-11-27,SPY,Benchmark,585.3223266601562,34000200,-0.3%,71.35%,-0.3%,983,171.35,0.0%,2024,25.59%
2024-11-27,TSM,Equity,176.82481384277344,9895200,-1.44%,73.51%,-11.98%,983,173.51,-1.14%,2024,97.27%
2024-11-29,AMD,Equity,137.17999267578125,16085700,0.69%,48.62%,-35.1%,984,148.62,0.07%,2024,-12.84%
2024-11-29,AVGO,Equity,159.3212127685547,11024000,1.51%,318.79%,-12.84%,984,418.79,0.89%,2024,116.48%
2024-11-29,INTC,Equity,24.049999237060547,36616800,1.69%,-46.44%,-61.26%,984,53.56,1.07%,2024,-57.49%
2024-11-29,NVDA,Equity,137.88002014160156,141863200,2.15%,956.86%,-7.14%,984,1056.86,1.53%,2024,178.87%
2024-11-29,SPY,Benchmark,588.9583129882812,30177400,0.62%,72.42%,0.0%,984,172.42,0.0%,2024,25.59%
2024-11-29,TSM,Equity,180.21121215820312,8045300,1.92%,76.83%,-10.29%,984,176.83,1.29%,2024,97.27%
2024-12-02,AMD,Equity,142.05999755859375,33102400,3.56%,53.91%,-32.79%,985,153.91,3.38%,2024,-12.84%
2024-12-02,AVGO,Equity,163.67578125,21472400,2.73%,330.23%,-10.45%,985,430.23,2.55%,2024,116.48%
2024-12-02,INTC,Equity,23.93000030517578,150497900,-0.5%,-46.71%,-61.46%,985,53.29,-0.68%,2024,-57.49%
2024-12-02,NVDA,Equity,138.259033203125,171682800,0.27%,959.77%,-6.88%,985,1059.77,0.1%,2024,178.87%
2024-12-02,SPY,Benchmark,590.0139770507812,31746000,0.18%,72.73%,0.0%,985,172.73,0.0%,2024,25.59%
2024-12-02,TSM,Equity,189.71653747558594,16646900,5.27%,86.16%,-5.56%,985,186.16,5.1%,2024,97.27%
2024-12-03,AMD,Equity,141.97999572753906,22665300,-0.06%,53.82%,-32.83%,986,153.82,-0.1%,2024,-12.84%
2024-12-03,AVGO,Equity,165.2878875732422,17024400,0.98%,334.47%,-9.57%,986,434.47,0.94%,2024,116.48%
2024-12-03,INTC,Equity,22.469999313354492,138160500,-6.1%,-49.96%,-63.81%,986,50.04,-6.15%,2024,-57.49%
2024-12-03,NVDA,Equity,139.88465881347656,164414000,1.18%,972.23%,-5.79%,986,1072.23,1.13%,2024,178.87%
2024-12-03,SPY,Benchmark,590.2877197265625,26906600,0.05%,72.81%,0.0%,986,172.81,0.0%,2024,25.59%
2024-12-03,TSM,Equity,194.098388671875,11217700,2.31%,90.45%,-3.38%,986,190.45,2.26%,2024,97.27%
2024-12-04,AMD,Equity,143.99000549316406,25942700,1.42%,56.0%,-31.88%,987,156.0,0.79%,2024,-12.84%
2024-12-04,AVGO,Equity,167.6568603515625,32748200,1.43%,340.7%,-8.28%,987,440.7,0.81%,2024,116.48%
2024-12-04,INTC,Equity,21.959999084472656,104649000,-2.27%,-51.09%,-64.63%,987,48.91,-2.89%,2024,-57.49%
2024-12-04,NVDA,Equity,144.7515869140625,231224300,3.48%,1009.53%,-2.51%,987,1109.53,2.86%,2024,178.87%
2024-12-04,SPY,Benchmark,593.953125,42787600,0.62%,73.88%,0.0%,987,173.88,0.0%,2024,25.59%
2024-12-04,TSM,Equity,195.85501098632812,12761100,0.91%,92.18%,-2.5%,987,192.18,0.28%,2024,97.27%
2024-12-05,AMD,Equity,141.36000061035156,29576900,-1.83%,53.15%,-33.13%,988,153.15,-1.66%,2024,-12.84%
2024-12-05,AVGO,Equity,167.56838989257812,18490000,-0.05%,340.47%,-8.32%,988,440.47,0.11%,2024,116.48%
2024-12-05,INTC,Equity,20.799999237060547,167993500,-5.28%,-53.68%,-66.5%,988,46.32,-5.12%,2024,-57.49%
2024-12-05,NVDA,Equity,144.68179321289062,172621200,-0.05%,1009.0%,-2.56%,988,1109.0,0.12%,2024,178.87%
2024-12-05,SPY,Benchmark,592.9757080078125,28762200,-0.16%,73.59%,-0.16%,988,173.59,0.0%,2024,25.59%
2024-12-05,TSM,Equity,199.37803649902344,12483700,1.8%,95.64%,-0.75%,988,195.64,1.96%,2024,97.27%
2024-12-06,AMD,Equity,138.58999633789062,33576800,-1.96%,50.15%,-34.44%,989,150.15,-2.15%,2024,-12.84%
2024-12-06,AVGO,Equity,176.4741973876953,27830800,5.31%,363.88%,-3.45%,989,463.88,5.13%,2024,116.48%
2024-12-06,INTC,Equity,20.920000076293945,78539100,0.58%,-53.41%,-66.3%,989,46.59,0.39%,2024,-57.49%
2024-12-06,NVDA,Equity,142.06861877441406,188505600,-1.81%,988.97%,-4.32%,989,1088.97,-2.0%,2024,178.87%
2024-12-06,SPY,Benchmark,594.0997924804688,31241500,0.19%,73.92%,0.0%,989,173.92,0.0%,2024,25.59%
2024-12-06,TSM,Equity,198.12889099121094,9672900,-0.63%,94.41%,-1.37%,989,194.41,-0.82%,2024,97.27%
2024-12-09,AMD,Equity,130.8699951171875,57055600,-5.57%,41.79%,-38.09%,990,141.79,-5.06%,2024,-12.84%
2024-12-09,AVGO,Equity,175.8942108154297,20886300,-0.33%,362.35%,-3.77%,990,462.35,0.19%,2024,116.48%
2024-12-09,INTC,Equity,20.809999465942383,68818200,-0.53%,-53.66%,-66.48%,990,46.34,-0.01%,2024,-57.49%
2024-12-09,NVDA,Equity,138.44805908203125,189308600,-2.55%,961.21%,-6.76%,990,1061.21,-2.03%,2024,178.87%
2024-12-09,SPY,Benchmark,591.0403442382812,34742700,-0.51%,73.03%,-0.51%,990,173.03,0.0%,2024,25.59%
2024-12-09,TSM,Equity,194.3716278076172,9699700,-1.9%,90.72%,-3.24%,990,190.72,-1.38%,2024,97.27%
2024-12-10,AMD,Equity,127.73999786376953,38907200,-2.39%,38.4%,-39.57%,991,138.4,-2.08%,2024,-12.84%
2024-12-10,AVGO,Equity,168.8855743408203,27762600,-3.98%,343.93%,-7.6%,991,443.93,-3.67%,2024,116.48%
2024-12-10,INTC,Equity,20.15999984741211,90004800,-3.12%,-55.1%,-67.53%,991,44.9,-2.81%,2024,-57.49%
2024-12-10,NVDA,Equity,134.7178497314453,210020900,-2.69%,932.62%,-9.27%,991,1032.62,-2.38%,2024,178.87%
2024-12-10,SPY,Benchmark,589.2026977539062,37234500,-0.31%,72.49%,-0.82%,991,172.49,0.0%,2024,25.59%
2024-12-10,TSM,Equity,187.3157958984375,15307900,-3.63%,83.8%,-6.75%,991,183.8,-3.32%,2024,97.27%
2024-12-11,AMD,Equity,130.14999389648438,45588100,1.89%,41.01%,-38.43%,992,141.01,1.11%,2024,-12.84%
2024-12-11,AVGO,Equity,180.08168029785156,41295200,6.63%,373.36%,-1.48%,992,473.36,5.86%,2024,116.48%
2024-12-11,INTC,Equity,20.1200008392334,75209300,-0.2%,-55.19%,-67.59%,992,44.81,-0.97%,2024,-57.49%
2024-12-11,NVDA,Equity,138.94674682617188,184905200,3.14%,965.04%,-6.42%,992,1065.04,2.37%,2024,178.87%
2024-12-11,SPY,Benchmark,593.7576904296875,28677700,0.77%,73.82%,-0.06%,992,173.82,0.0%,2024,25.59%
2024-12-11,TSM,Equity,189.91172790527344,9027600,1.39%,86.35%,-5.46%,992,186.35,0.61%,2024,97.27%
2024-12-12,AMD,Equity,130.60000610351562,34267100,0.35%,41.5%,-38.22%,993,141.5,0.86%,2024,-12.84%
2024-12-12,AVGO,Equity,177.58494567871094,46967200,-1.39%,366.8%,-2.84%,993,466.8,-0.87%,2024,116.48%
2024-12-12,INTC,Equity,20.780000686645508,77695000,3.28%,-53.72%,-66.53%,993,46.28,3.8%,2024,-57.49%
2024-12-12,NVDA,Equity,136.98190307617188,159211400,-1.41%,949.98%,-7.74%,993,1049.98,-0.9%,2024,178.87%
2024-12-12,SPY,Benchmark,590.6982421875,31543800,-0.52%,72.93%,-0.57%,993,172.93,0.0%,2024,25.59%
2024-12-12,TSM,Equity,187.4407196044922,7944900,-1.3%,83.92%,-6.69%,993,183.92,-0.79%,2024,97.27%
2024-12-13,AMD,Equity,126.91000366210938,67544700,-2.83%,37.5%,-39.96%,994,137.5,-2.81%,2024,-12.84%
2024-12-13,AVGO,Equity,220.97361755371094,121336600,24.43%,480.85%,0.0%,994,580.85,24.45%,2024,116.48%
2024-12-13,INTC,Equity,20.34000015258789,55104100,-2.12%,-54.7%,-67.24%,994,45.3,-2.1%,2024,-57.49%
2024-12-13,NVDA,Equity,133.89996337890625,231514900,-2.25%,926.35%,-9.82%,994,1026.35,-2.23%,2024,178.87%
2024-12-13,SPY,Benchmark,590.5809936523438,35904700,-0.02%,72.89%,-0.59%,994,172.89,0.0%,2024,25.59%
2024-12-13,TSM,Equity,196.77064514160156,19477000,4.98%,93.08%,-2.05%,994,193.08,5.0%,2024,97.27%
2024-12-16,AMD,Equity,126.69000244140625,42090300,-0.17%,37.26%,-40.07%,995,137.26,-0.6%,2024,-12.84%
2024-12-16,AVGO,Equity,245.74468994140625,111623200,11.21%,545.96%,0.0%,995,645.96,10.78%,2024,116.48%
2024-12-16,INTC,Equity,20.829999923706055,73832900,2.41%,-53.61%,-66.45%,995,46.39,1.98%,2024,-57.49%
2024-12-16,NVDA,Equity,131.65582275390625,237951100,-1.68%,909.15%,-11.33%,995,1009.15,-2.1%,2024,178.87%
2024-12-16,SPY,Benchmark,593.1027221679688,43695200,0.43%,73.63%,-0.17%,995,173.63,0.0%,2024,25.59%
2024-12-16,TSM,Equity,197.974853515625,15139300,0.61%,94.26%,-1.45%,995,194.26,0.18%,2024,97.27%
2024-12-17,AMD,Equity,125.0199966430664,43314900,-1.32%,35.45%,-40.86%,996,135.45,-0.91%,2024,-12.84%
2024-12-17,AVGO,Equity,236.1409912109375,70382100,-3.91%,520.71%,-3.91%,996,620.71,-3.5%,2024,116.48%
2024-12-17,INTC,Equity,20.440000534057617,51767200,-1.87%,-54.48%,-67.08%,996,45.52,-1.46%,2024,-57.49%
2024-12-17,NVDA,Equity,130.05001831054688,259410300,-1.22%,896.84%,-12.41%,996,996.84,-0.81%,2024,178.87%
2024-12-17,SPY,Benchmark,590.6591186523438,55773500,-0.41%,72.92%,-0.58%,996,172.92,0.0%,2024,25.59%
2024-12-17,TSM,Equity,196.4475860595703,11169400,-0.77%,92.76%,-2.21%,996,192.76,-0.36%,2024,97.27%
2024-12-18,AMD,Equity,121.41000366210938,49724400,-2.89%,31.54%,-42.56%,997,131.54,0.09%,2024,-12.84%
2024-12-18,AVGO,Equity,219.81370544433594,53960100,-6.91%,477.8%,-10.55%,997,577.8,-3.93%,2024,116.48%
2024-12-18,INTC,Equity,19.299999237060547,86041200,-5.58%,-57.02%,-68.91%,997,42.98,-2.6%,2024,-57.49%
2024-12-18,NVDA,Equity,128.5738983154297,277444500,-1.14%,885.53%,-13.41%,997,985.53,1.85%,2024,178.87%
2024-12-18,SPY,Benchmark,573.055419921875,108248700,-2.98%,67.76%,-3.54%,997,167.76,0.0%,2024,25.59%
2024-12-18,TSM,Equity,191.45465087890625,14721100,-2.54%,87.86%,-4.69%,997,187.86,0.44%,2024,97.27%
2024-12-19,AMD,Equity,118.87999725341797,46160700,-2.08%,28.8%,-43.76%,998,128.8,-2.05%,2024,-12.84%
2024-12-19,AVGO,Equity,214.6039276123047,40845200,-2.37%,464.1%,-12.67%,998,564.1,-2.34%,2024,116.48%
2024-12-19,INTC,Equity,19.059999465942383,69117800,-1.24%,-57.55%,-69.3%,998,42.45,-1.21%,2024,-57.49%
2024-12-19,NVDA,Equity,130.33926391601562,209719200,1.37%,899.06%,-12.22%,998,999.06,1.4%,2024,178.87%
2024-12-19,SPY,Benchmark,572.8794555664062,85919500,-0.03%,67.71%,-3.57%,998,167.71,0.0%,2024,25.59%
2024-12-19,TSM,Equity,190.55393981933594,10553400,-0.47%,86.98%,-5.14%,998,186.98,-0.44%,2024,97.27%
2024-12-20,AMD,Equity,119.20999908447266,53591200,0.28%,29.15%,-43.6%,999,129.15,-0.92%,2024,-12.84%
2024-12-20,AVGO,Equity,217.03187561035156,131910400,1.13%,470.48%,-11.68%,999,570.48,-0.07%,2024,116.48%
2024-12-20,INTC,Equity,19.520000457763672,108453700,2.41%,-56.53%,-68.56%,999,43.47,1.21%,2024,-57.49%
2024-12-20,NVDA,Equity,134.3488006591797,306528600,3.08%,929.79%,-9.52%,999,1029.79,1.88%,2024,178.87%
2024-12-20,SPY,Benchmark,579.76025390625,125716700,1.2%,69.72%,-2.41%,999,169.72,0.0%,2024,25.59%
2024-12-20,TSM,Equity,193.07000732421875,16170100,1.32%,89.45%,-3.89%,999,189.45,0.12%,2024,97.27%
2024-12-23,AMD,Equity,124.5999984741211,47777900,4.52%,34.99%,-41.05%,1000,134.99,3.92%,2024,-12.84%
2024-12-23,AVGO,Equity,229.00706481933594,40643800,5.52%,501.96%,-6.81%,1000,601.96,4.92%,2024,116.48%
2024-12-23,INTC,Equity,20.200000762939453,57988400,3.48%,-55.01%,-67.46%,1000,44.99,2.88%,2024,-57.49%
2024-12-23,NVDA,Equity,139.3058319091797,176053500,3.69%,967.79%,-6.18%,1000,1067.79,3.09%,2024,178.87%
2024-12-23,SPY,Benchmark,583.2321166992188,57635800,0.6%,70.74%,-1.83%,1000,170.74,0.0%,2024,25.59%
2024-12-23,TSM,Equity,203.00694274902344,17847000,5.15%,99.2%,0.0%,1000,199.2,4.55%,2024,97.27%
2024-12-24,AMD,Equity,126.29000091552734,24829600,1.36%,36.83%,-40.25%,1001,136.83,0.24%,2024,-12.84%
2024-12-24,AVGO,Equity,236.23159790039062,22827200,3.15%,520.95%,-3.87%,1001,620.95,2.04%,2024,116.48%
2024-12-24,INTC,Equity,20.399999618530273,29884000,0.99%,-54.57%,-67.14%,1001,45.43,-0.12%,2024,-57.49%
2024-12-24,NVDA,Equity,139.85440063476562,105157000,0.39%,971.99%,-5.81%,1001,1071.99,-0.72%,2024,178.87%
2024-12-24,SPY,Benchmark,589.7147216796875,33160100,1.11%,72.64%,-0.74%,1001,172.64,0.0%,2024,25.59%
2024-12-24,TSM,Equity,201.99855041503906,7634500,-0.5%,98.21%,-0.5%,1001,198.21,-1.61%,2024,97.27%
2024-12-26,AMD,Equity,125.05999755859375,24998200,-0.97%,35.49%,-40.84%,1002,135.49,-0.98%,2024,-12.84%
2024-12-26,AVGO,Equity,241.8298797607422,28459000,2.37%,535.67%,-1.59%,1002,635.67,2.36%,2024,116.48%
2024-12-26,INTC,Equity,20.440000534057617,39846200,0.2%,-54.48%,-67.08%,1002,45.52,0.19%,2024,-57.49%
2024-12-26,NVDA,Equity,139.56515502929688,116205600,-0.21%,969.78%,-6.01%,1002,1069.78,-0.21%,2024,178.87%
2024-12-26,SPY,Benchmark,589.7539672851562,41219100,0.01%,72.65%,-0.73%,1002,172.65,0.0%,2024,25.59%
2024-12-26,TSM,Equity,198.79718017578125,8044900,-1.58%,95.07%,-2.07%,1002,195.07,-1.59%,2024,97.27%
2024-12-27,AMD,Equity,125.19000244140625,32924000,0.1%,35.63%,-40.77%,1003,135.63,1.16%,2024,-12.84%
2024-12-27,AVGO,Equity,238.27183532714844,29282200,-1.47%,526.32%,-3.04%,1003,626.32,-0.42%,2024,116.48%
2024-12-27,INTC,Equity,20.299999237060547,48260800,-0.68%,-54.79%,-67.3%,1003,45.21,0.37%,2024,-57.49%
2024-12-27,NVDA,Equity,136.65277099609375,170582600,-2.09%,947.45%,-7.97%,1003,1047.45,-1.03%,2024,178.87%
2024-12-27,SPY,Benchmark,583.5458984375,64969300,-1.05%,70.83%,-1.78%,1003,170.83,0.0%,2024,25.59%
2024-12-27,TSM,Equity,197.39720153808594,10664400,-0.7%,93.69%,-2.76%,1003,193.69,0.35%,2024,97.27%
2024-12-30,AMD,Equity,122.44000244140625,30501600,-2.2%,32.65%,-42.08%,1004,132.65,-1.06%,2024,-12.84%
2024-12-30,AVGO,Equity,232.19058227539062,27316800,-2.55%,510.33%,-5.52%,1004,610.33,-1.41%,2024,116.48%
2024-12-30,INTC,Equity,19.81999969482422,59608100,-2.36%,-55.86%,-68.08%,1004,44.14,-1.22%,2024,-57.49%
2024-12-30,NVDA,Equity,137.13153076171875,167734700,0.35%,951.12%,-7.64%,1004,1051.12,1.49%,2024,178.87%
2024-12-30,SPY,Benchmark,576.88671875,56578800,-1.14%,68.88%,-2.9%,1004,168.88,0.0%,2024,25.59%
2024-12-30,TSM,Equity,196.18325805664062,11235200,-0.61%,92.5%,-3.36%,1004,192.5,0.53%,2024,97.27%
2024-12-31,AMD,Equity,120.79000091552734,30203400,-1.35%,30.87%,-42.86%,1005,130.87,-0.98%,2024,-12.84%
2024-12-31,AVGO,Equity,228.50439453125,17927700,-1.59%,500.64%,-7.02%,1005,600.64,-1.22%,2024,116.48%
2024-12-31,INTC,Equity,20.049999237060547,49846700,1.16%,-55.35%,-67.7%,1005,44.65,1.52%,2024,-57.49%
2024-12-31,NVDA,Equity,133.93984985351562,155659200,-2.33%,926.66%,-9.79%,1005,1026.66,-1.96%,2024,178.87%
2024-12-31,SPY,Benchmark,574.7880249023438,57052700,-0.36%,68.27%,-3.25%,1005,168.27,0.0%,2024,25.59%
2024-12-31,TSM,Equity,193.34413146972656,6427900,-1.45%,89.71%,-4.76%,1005,189.71,-1.08%,2024,97.27%
2025-01-02,AMD,Equity,120.62999725341797,34256200,-0.13%,30.69%,-42.93%,1006,130.69,0.11%,2025,77.53%
2025-01-02,AVGO,Equity,228.6423797607422,31525800,0.06%,501.0%,-6.96%,1006,601.0,0.31%,2025,50.54%
2025-01-02,INTC,Equity,20.219999313354492,46438500,0.85%,-54.97%,-67.43%,1006,45.03,1.09%,2025,82.49%
2025-01-02,NVDA,Equity,137.9493865966797,198247200,2.99%,957.39%,-7.09%,1006,1057.39,3.24%,2025,34.88%
2025-01-02,SPY,Benchmark,573.3757934570312,50204000,-0.25%,67.86%,-3.49%,1006,167.86,0.0%,2025,18.01%
2025-01-02,TSM,Equity,197.3482666015625,10951400,2.07%,93.64%,-2.79%,1006,193.64,2.32%,2025,52.79%
2025-01-03,AMD,Equity,125.37000274658203,36785300,3.93%,35.83%,-40.69%,1007,135.83,2.68%,2025,77.53%
2025-01-03,AVGO,Equity,229.20419311523438,24973200,0.25%,502.48%,-6.73%,1007,602.48,-1.0%,2025,50.54%
2025-01-03,INTC,Equity,20.559999465942383,48983900,1.68%,-54.21%,-66.88%,1007,45.79,0.43%,2025,82.49%
2025-01-03,NVDA,Equity,144.0933074951172,229322500,4.45%,1004.49%,-2.96%,1007,1104.49,3.2%,2025,34.88%
2025-01-03,SPY,Benchmark,580.544921875,37888500,1.25%,69.95%,-2.28%,1007,169.95,0.0%,2025,18.01%
2025-01-03,TSM,Equity,204.230712890625,10261900,3.49%,100.4%,0.0%,1007,200.4,2.24%,2025,52.79%
2025-01-06,AMD,Equity,129.5500030517578,48020200,3.33%,40.36%,-38.71%,1008,140.36,2.76%,2025,77.53%
2025-01-06,AVGO,Equity,233.0086669921875,34028400,1.66%,512.48%,-5.18%,1008,612.48,1.08%,2025,50.54%
2025-01-06,INTC,Equity,19.8700008392334,83271000,-3.36%,-55.75%,-67.99%,1008,44.25,-3.93%,2025,82.49%
2025-01-06,NVDA,Equity,149.04037475585938,265377400,3.43%,1042.4%,0.0%,1008,1142.4,2.86%,2025,34.88%
2025-01-06,SPY,Benchmark,583.88916015625,47679400,0.58%,70.93%,-1.72%,1008,170.93,0.0%,2025,18.01%
2025-01-06,TSM,Equity,215.39137268066406,24339900,5.46%,111.35%,0.0%,1008,211.35,4.89%,2025,52.79%
2025-01-07,AMD,Equity,127.33000183105469,39220400,-1.71%,37.95%,-39.76%,1009,137.95,-0.58%,2025,77.53%
2025-01-07,AVGO,Equity,225.35043334960938,25928600,-3.29%,492.35%,-8.3%,1009,592.35,-2.16%,2025,50.54%
2025-01-07,INTC,Equity,20.010000228881836,61726100,0.7%,-55.44%,-67.77%,1009,44.56,1.83%,2025,82.49%
2025-01-07,NVDA,Equity,139.7746124267578,351782200,-6.22%,971.38%,-6.22%,1009,1071.38,-5.09%,2025,34.88%
2025-01-07,SPY,Benchmark,577.2888793945312,60393100,-1.13%,69.0%,-2.83%,1009,169.0,0.0%,2025,18.01%
2025-01-07,TSM,Equity,206.981689453125,17010000,-3.9%,103.1%,-3.9%,1009,203.1,-2.77%,2025,52.79%
2025-01-08,AMD,Equity,121.83999633789062,46723100,-4.31%,32.0%,-42.36%,1010,132.0,-4.46%,2025,77.53%
2025-01-08,AVGO,Equity,226.01080322265625,18756500,0.29%,494.09%,-8.03%,1010,594.09,0.15%,2025,50.54%
2025-01-08,INTC,Equity,19.8799991607666,47897100,-0.65%,-55.73%,-67.98%,1010,44.27,-0.8%,2025,82.49%
2025-01-08,NVDA,Equity,139.74468994140625,227349900,-0.02%,971.15%,-6.24%,1010,1071.15,-0.17%,2025,34.88%
2025-01-08,SPY,Benchmark,578.13232421875,47304700,0.15%,69.25%,-2.69%,1010,169.25,0.0%,2025,18.01%
2025-01-08,TSM,Equity,202.77195739746094,13262700,-2.03%,98.97%,-5.86%,1010,198.97,-2.18%,2025,52.79%
2025-01-10,AMD,Equity,116.04000091552734,59415600,-4.76%,25.72%,-45.1%,1011,125.72,-3.23%,2025,77.53%
2025-01-10,AVGO,Equity,221.08273315429688,23864000,-2.18%,481.13%,-10.04%,1011,581.13,-0.65%,2025,50.54%
2025-01-10,INTC,Equity,19.149999618530273,71244600,-3.67%,-57.35%,-69.15%,1011,42.65,-2.15%,2025,82.49%
2025-01-10,NVDA,Equity,135.55564880371094,207602500,-3.0%,939.04%,-9.05%,1011,1039.04,-1.47%,2025,34.88%
2025-01-10,SPY,Benchmark,569.3056030273438,73105000,-1.53%,66.66%,-4.17%,1011,166.66,0.0%,2025,18.01%
2025-01-10,TSM,Equity,203.9957275390625,17265200,0.6%,100.17%,-5.29%,1011,200.17,2.13%,2025,52.79%
2025-01-13,AMD,Equity,117.31999969482422,39128900,1.1%,27.11%,-44.5%,1012,127.11,0.95%,2025,77.53%
2025-01-13,AVGO,Equity,222.04864501953125,23772100,0.44%,483.67%,-9.64%,1012,583.67,0.28%,2025,50.54%
2025-01-13,INTC,Equity,19.200000762939453,50669000,0.26%,-57.24%,-69.07%,1012,42.76,0.11%,2025,82.49%
2025-01-13,NVDA,Equity,132.8826141357422,204808900,-1.97%,918.55%,-10.84%,1012,1018.55,-2.13%,2025,34.88%
2025-01-13,SPY,Benchmark,570.1884155273438,47910100,0.16%,66.92%,-4.02%,1012,166.92,0.0%,2025,18.01%
2025-01-13,TSM,Equity,197.1328887939453,16612400,-3.36%,93.43%,-8.48%,1012,193.43,-3.52%,2025,52.79%
2025-01-14,AMD,Equity,116.08999633789062,37005300,-1.05%,25.77%,-45.08%,1013,125.77,-1.19%,2025,77.53%
2025-01-14,AVGO,Equity,221.4671173095703,18143100,-0.26%,482.14%,-9.88%,1013,582.14,-0.4%,2025,50.54%
2025-01-14,INTC,Equity,19.200000762939453,47147500,0.0%,-57.24%,-69.07%,1013,42.76,-0.14%,2025,82.49%
2025-01-14,NVDA,Equity,131.4164581298828,195590500,-1.1%,907.32%,-11.82%,1013,1007.32,-1.24%,2025,34.88%
2025-01-14,SPY,Benchmark,570.9729614257812,48420600,0.14%,67.15%,-3.89%,1013,167.15,0.0%,2025,18.01%
2025-01-14,TSM,Equity,197.2209930419922,14182900,0.04%,93.52%,-8.44%,1013,193.52,-0.09%,2025,52.79%
2025-01-15,AMD,Equity,119.95999908447266,38185800,3.33%,29.97%,-43.25%,1014,129.97,1.51%,2025,77.53%
2025-01-15,AVGO,Equity,224.71963500976562,21745600,1.47%,490.69%,-8.56%,1014,590.69,-0.35%,2025,50.54%
2025-01-15,INTC,Equity,19.719999313354492,56306000,2.71%,-56.08%,-68.24%,1014,43.92,0.89%,2025,82.49%
2025-01-15,NVDA,Equity,135.88478088378906,185217300,3.4%,941.57%,-8.83%,1014,1041.57,1.58%,2025,34.88%
2025-01-15,SPY,Benchmark,581.3589477539062,56900200,1.82%,70.19%,-2.14%,1014,170.19,0.0%,2025,18.01%
2025-01-15,TSM,Equity,202.45867919921875,18286500,2.66%,98.66%,-6.0%,1014,198.66,0.84%,2025,52.79%
2025-01-16,AMD,Equity,118.44000244140625,29414100,-1.27%,28.32%,-43.97%,1015,128.32,-1.07%,2025,77.53%
2025-01-16,AVGO,Equity,226.109375,23471900,0.62%,494.35%,-7.99%,1015,594.35,0.81%,2025,50.54%
2025-01-16,INTC,Equity,19.670000076293945,44898100,-0.25%,-56.19%,-68.32%,1015,43.81,-0.06%,2025,82.49%
2025-01-16,NVDA,Equity,133.22174072265625,209235600,-1.96%,921.15%,-10.61%,1015,1021.15,-1.77%,2025,34.88%
2025-01-16,SPY,Benchmark,580.2409057617188,43319700,-0.19%,69.87%,-2.33%,1015,169.87,0.0%,2025,18.01%
2025-01-16,TSM,Equity,210.2809295654297,38539600,3.86%,106.33%,-2.37%,1015,206.33,4.06%,2025,52.79%
2025-01-17,AMD,Equity,121.45999908447266,35765900,2.55%,31.59%,-42.54%,1016,131.59,1.55%,2025,77.53%
2025-01-17,AVGO,Equity,234.02381896972656,31196600,3.5%,515.15%,-4.77%,1016,615.15,2.5%,2025,50.54%
2025-01-17,INTC,Equity,21.489999771118164,166483900,9.25%,-52.14%,-65.39%,1016,47.86,8.25%,2025,82.49%
2025-01-17,NVDA,Equity,137.3509521484375,201188800,3.1%,952.8%,-7.84%,1016,1052.8,2.1%,2025,34.88%
2025-01-17,SPY,Benchmark,586.0663452148438,58070600,1.0%,71.57%,-1.35%,1016,171.57,0.0%,2025,18.01%
2025-01-17,TSM,Equity,207.06002807617188,21606100,-1.53%,103.17%,-3.87%,1016,203.17,-2.54%,2025,52.79%
2025-01-21,AMD,Equity,122.27999877929688,31578800,0.68%,32.48%,-42.15%,1017,132.48,-0.24%,2025,77.53%
2025-01-21,AVGO,Equity,236.85252380371094,30903200,1.21%,522.58%,-3.62%,1017,622.58,0.29%,2025,50.54%
2025-01-21,INTC,Equity,21.770000457763672,96262200,1.3%,-51.52%,-64.93%,1017,48.48,0.39%,2025,82.49%
2025-01-21,NVDA,Equity,140.4628143310547,197749000,2.27%,976.66%,-5.76%,1017,1076.66,1.35%,2025,34.88%
2025-01-21,SPY,Benchmark,591.4310913085938,42532900,0.92%,73.14%,-0.45%,1017,173.14,0.0%,2025,18.01%
2025-01-21,TSM,Equity,214.10887145996094,19061300,3.4%,110.09%,-0.6%,1017,210.09,2.49%,2025,52.79%
2025-01-22,AMD,Equity,123.75,35023800,1.2%,34.07%,-41.46%,1018,134.07,0.64%,2025,77.53%
2025-01-22,AVGO,Equity,237.44390869140625,29610500,0.25%,524.14%,-3.38%,1018,624.14,-0.31%,2025,50.54%
2025-01-22,INTC,Equity,21.860000610351562,60972600,0.41%,-51.32%,-64.79%,1018,48.68,-0.15%,2025,82.49%
2025-01-22,NVDA,Equity,146.68655395507812,237651400,4.43%,1024.36%,-1.58%,1018,1124.36,3.87%,2025,34.88%
2025-01-22,SPY,Benchmark,594.7556762695312,48196000,0.56%,74.11%,0.0%,1018,174.11,0.0%,2025,18.01%
2025-01-22,TSM,Equity,218.51437377929688,17294500,2.06%,114.41%,0.0%,1018,214.41,1.5%,2025,52.79%
2025-01-23,AMD,Equity,123.04000091552734,24921100,-0.57%,33.3%,-41.79%,1019,133.3,-1.12%,2025,77.53%
2025-01-23,AVGO,Equity,236.82296752929688,17653900,-0.26%,522.51%,-3.63%,1019,622.51,-0.81%,2025,50.54%
2025-01-23,INTC,Equity,21.56999969482422,55778200,-1.33%,-51.96%,-65.26%,1019,48.04,-1.87%,2025,82.49%
2025-01-23,NVDA,Equity,146.83615112304688,155915500,0.1%,1025.51%,-1.48%,1019,1125.51,-0.44%,2025,34.88%
2025-01-23,SPY,Benchmark,598.0018920898438,41152100,0.55%,75.06%,0.0%,1019,175.06,0.0%,2025,18.01%
2025-01-23,TSM,Equity,219.90460205078125,8986800,0.64%,115.78%,0.0%,1019,215.78,0.09%,2025,52.79%
2025-01-24,AMD,Equity,122.83999633789062,31570300,-0.16%,33.09%,-41.89%,1020,133.09,0.13%,2025,77.53%
2025-01-24,AVGO,Equity,241.17938232421875,25387800,1.84%,533.96%,-1.86%,1020,633.96,2.13%,2025,50.54%
2025-01-24,INTC,Equity,20.829999923706055,66300600,-3.43%,-53.61%,-66.45%,1020,46.39,-3.14%,2025,82.49%
2025-01-24,NVDA,Equity,142.24813842773438,234657600,-3.12%,990.34%,-4.56%,1020,1090.34,-2.83%,2025,34.88%
2025-01-24,SPY,Benchmark,596.2561645507812,34604700,-0.29%,74.55%,-0.29%,1020,174.55,0.0%,2025,18.01%
2025-01-24,TSM,Equity,217.2221221923828,13183800,-1.22%,113.14%,-1.22%,1020,213.14,-0.93%,2025,52.79%
2025-01-27,AMD,Equity,115.01000213623047,61067900,-6.37%,24.6%,-45.59%,1021,124.6,-4.96%,2025,77.53%
2025-01-27,AVGO,Equity,199.2218475341797,90569400,-17.4%,423.67%,-18.93%,1021,523.67,-15.98%,2025,50.54%
2025-01-27,INTC,Equity,20.290000915527344,83582100,-2.59%,-54.81%,-67.32%,1021,45.19,-1.18%,2025,82.49%
2025-01-27,NVDA,Equity,118.11123657226562,818830900,-16.97%,805.33%,-20.75%,1021,905.33,-15.55%,2025,34.88%
2025-01-27,SPY,Benchmark,587.8218383789062,70361100,-1.41%,72.08%,-1.7%,1021,172.08,0.0%,2025,18.01%
2025-01-27,TSM,Equity,188.27285766601562,68667500,-13.33%,84.74%,-14.38%,1021,184.74,-11.91%,2025,52.79%
2025-01-28,AMD,Equity,114.16999816894531,40554800,-0.73%,23.69%,-45.99%,1022,123.69,-1.59%,2025,77.53%
2025-01-28,AVGO,Equity,204.37661743164062,50316000,2.59%,437.22%,-16.83%,1022,537.22,1.73%,2025,50.54%
2025-01-28,INTC,Equity,19.799999237060547,73411400,-2.41%,-55.9%,-68.11%,1022,44.1,-3.27%,2025,82.49%
2025-01-28,NVDA,Equity,128.6536865234375,579666400,8.93%,886.14%,-13.68%,1022,986.14,8.07%,2025,34.88%
2025-01-28,SPY,Benchmark,592.8726806640625,44433300,0.86%,73.56%,-0.86%,1022,173.56,0.0%,2025,18.01%
2025-01-28,TSM,Equity,198.1510467529297,31738800,5.25%,94.43%,-9.89%,1022,194.43,4.39%,2025,52.79%
2025-01-29,AMD,Equity,117.3499984741211,40199100,2.79%,27.14%,-44.48%,1023,127.14,3.23%,2025,77.53%
2025-01-29,AVGO,Equity,203.3811492919922,32533700,-0.49%,434.6%,-17.24%,1023,534.6,-0.04%,2025,50.54%
2025-01-29,INTC,Equity,19.75,86506800,-0.25%,-56.02%,-68.19%,1023,43.98,0.2%,2025,82.49%
2025-01-29,NVDA,Equity,123.37747955322266,467120600,-4.1%,845.7%,-17.22%,1023,945.7,-3.65%,2025,34.88%
2025-01-29,SPY,Benchmark,590.2149658203125,37177400,-0.45%,72.79%,-1.3%,1023,172.79,0.0%,2025,18.01%
2025-01-29,TSM,Equity,198.08251953125,15199500,-0.03%,94.36%,-9.92%,1023,194.36,0.41%,2025,52.79%
2025-01-30,AMD,Equity,118.86000061035156,29788400,1.29%,28.78%,-43.77%,1024,128.78,0.75%,2025,77.53%
2025-01-30,AVGO,Equity,212.55718994140625,42449500,4.51%,458.72%,-13.5%,1024,558.72,3.98%,2025,50.54%
2025-01-30,INTC,Equity,20.010000228881836,108167000,1.32%,-55.44%,-67.77%,1024,44.56,0.78%,2025,82.49%
2025-01-30,NVDA,Equity,124.32499694824219,392925500,0.77%,852.96%,-16.58%,1024,952.96,0.23%,2025,34.88%
2025-01-30,SPY,Benchmark,593.382568359375,39281300,0.54%,73.71%,-0.77%,1024,173.71,0.0%,2025,18.01%
2025-01-30,TSM,Equity,203.78033447265625,13539000,2.88%,99.96%,-7.33%,1024,199.96,2.34%,2025,52.79%
2025-01-31,AMD,Equity,115.94999694824219,40463400,-2.45%,25.62%,-45.15%,1025,125.62,-1.92%,2025,77.53%
2025-01-31,AVGO,Equity,218.08648681640625,41104700,2.6%,473.26%,-11.25%,1025,573.26,3.13%,2025,50.54%
2025-01-31,INTC,Equity,19.43000030517578,117081700,-2.9%,-56.73%,-68.7%,1025,43.27,-2.37%,2025,82.49%
2025-01-31,NVDA,Equity,119.7569351196289,388161100,-3.67%,817.95%,-19.65%,1025,917.95,-3.14%,2025,34.88%
2025-01-31,SPY,Benchmark,590.2246704101562,66566900,-0.53%,72.79%,-1.3%,1025,172.79,0.0%,2025,18.01%
2025-01-31,TSM,Equity,204.92578125,15746900,0.56%,101.08%,-6.81%,1025,201.08,1.09%,2025,52.79%
2025-02-03,AMD,Equity,114.2699966430664,34586100,-1.45%,23.8%,-45.94%,1026,123.8,-0.78%,2025,77.53%
2025-02-03,AVGO,Equity,214.59738159179688,24507300,-1.6%,464.09%,-12.67%,1026,564.09,-0.93%,2025,50.54%
2025-02-03,INTC,Equity,19.3799991607666,77523100,-0.26%,-56.84%,-68.78%,1026,43.16,0.42%,2025,82.49%
2025-02-03,NVDA,Equity,116.35582733154297,371235700,-2.84%,791.88%,-21.93%,1026,891.88,-2.17%,2025,34.88%
2025-02-03,SPY,Benchmark,586.2527465820312,65857200,-0.67%,71.63%,-1.96%,1026,171.63,0.0%,2025,18.01%
2025-02-03,TSM,Equity,195.60562133789062,17719800,-4.55%,91.93%,-11.05%,1026,191.93,-3.88%,2025,52.79%
2025-02-04,AMD,Equity,119.5,69412100,4.58%,29.47%,-43.47%,1027,129.47,3.91%,2025,77.53%
2025-02-04,AVGO,Equity,219.22979736328125,23768500,2.16%,476.26%,-10.79%,1027,576.26,1.49%,2025,50.54%
2025-02-04,INTC,Equity,19.290000915527344,54098200,-0.46%,-57.04%,-68.93%,1027,42.96,-1.14%,2025,82.49%
2025-02-04,NVDA,Equity,118.34064483642578,256550000,1.71%,807.09%,-20.6%,1027,907.09,1.04%,2025,34.88%
2025-02-04,SPY,Benchmark,590.1854248046875,33457800,0.67%,72.78%,-1.31%,1027,172.78,0.0%,2025,18.01%
2025-02-04,TSM,Equity,199.76641845703125,12692900,2.13%,96.02%,-9.16%,1027,196.02,1.46%,2025,52.79%
2025-02-05,AMD,Equity,112.01000213623047,110385200,-6.27%,21.35%,-47.01%,1028,121.35,-6.67%,2025,77.53%
2025-02-05,AVGO,Equity,228.66209411621094,29196000,4.3%,501.06%,-6.95%,1028,601.06,3.9%,2025,50.54%
2025-02-05,INTC,Equity,19.649999618530273,66059200,1.87%,-56.24%,-68.35%,1028,43.76,1.46%,2025,82.49%
2025-02-05,NVDA,Equity,124.50452423095703,262230800,5.21%,854.34%,-16.46%,1028,954.34,4.8%,2025,34.88%
2025-02-05,SPY,Benchmark,592.578369140625,30653100,0.41%,73.48%,-0.91%,1028,173.48,0.0%,2025,18.01%
2025-02-05,TSM,Equity,204.19154357910156,10997800,2.22%,100.36%,-7.15%,1028,200.36,1.81%,2025,52.79%
2025-02-06,AMD,Equity,110.16000366210938,50426600,-1.65%,19.35%,-47.89%,1029,119.35,-2.0%,2025,77.53%
2025-02-06,AVGO,Equity,228.03128051757812,21169500,-0.28%,499.4%,-7.21%,1029,599.4,-0.62%,2025,50.54%
2025-02-06,INTC,Equity,19.3799991607666,45553800,-1.37%,-56.84%,-68.78%,1029,43.16,-1.72%,2025,82.49%
2025-02-06,NVDA,Equity,128.34446716308594,251483600,3.08%,883.77%,-13.89%,1029,983.77,2.74%,2025,34.88%
2025-02-06,SPY,Benchmark,594.6380004882812,35771500,0.35%,74.08%,-0.56%,1029,174.08,0.0%,2025,18.01%
2025-02-06,TSM,Equity,206.0810089111328,8491400,0.93%,102.21%,-6.29%,1029,202.21,0.58%,2025,52.79%
2025-02-07,AMD,Equity,107.55999755859375,46082500,-2.36%,16.53%,-49.12%,1030,116.53,-1.44%,2025,77.53%
2025-02-07,AVGO,Equity,221.63470458984375,22117500,-2.81%,482.58%,-9.81%,1030,582.58,-1.89%,2025,50.54%
2025-02-07,INTC,Equity,19.100000381469727,58277900,-1.44%,-57.46%,-69.23%,1030,42.54,-0.53%,2025,82.49%
2025-02-07,NVDA,Equity,129.50144958496094,228186300,0.9%,892.64%,-13.11%,1030,992.64,1.82%,2025,34.88%
2025-02-07,SPY,Benchmark,589.1950073242188,50788500,-0.92%,72.49%,-1.47%,1030,172.49,0.0%,2025,18.01%
2025-02-07,TSM,Equity,201.79293823242188,11616200,-2.08%,98.0%,-8.24%,1030,198.0,-1.17%,2025,52.79%
2025-02-10,AMD,Equity,110.4800033569336,34905400,2.71%,19.7%,-47.73%,1031,119.7,2.04%,2025,77.53%
2025-02-10,AVGO,Equity,231.65834045410156,23901600,4.52%,508.93%,-5.73%,1031,608.93,3.84%,2025,50.54%
2025-02-10,INTC,Equity,19.770000457763672,73007300,3.51%,-55.97%,-68.16%,1031,44.03,2.83%,2025,82.49%
2025-02-10,NVDA,Equity,133.22174072265625,216989100,2.87%,921.15%,-10.61%,1031,1021.15,2.19%,2025,34.88%
2025-02-10,SPY,Benchmark,593.1962280273438,26048700,0.68%,73.66%,-0.8%,1031,173.66,0.0%,2025,18.01%
2025-02-10,TSM,Equity,203.5845184326172,9296500,0.89%,99.76%,-7.42%,1031,199.76,0.21%,2025,52.79%
2025-02-11,AMD,Equity,111.0999984741211,35033800,0.56%,20.37%,-47.44%,1032,120.37,0.49%,2025,77.53%
2025-02-11,AVGO,Equity,231.65834045410156,18476200,0.0%,508.93%,-5.73%,1032,608.93,-0.08%,2025,50.54%
2025-02-11,INTC,Equity,20.969999313354492,150960700,6.07%,-53.3%,-66.22%,1032,46.7,5.99%,2025,82.49%
2025-02-11,NVDA,Equity,132.45376586914062,178902400,-0.58%,915.27%,-11.13%,1032,1015.27,-0.65%,2025,34.88%
2025-02-11,SPY,Benchmark,593.6473999023438,30056700,0.08%,73.79%,-0.73%,1032,173.79,0.0%,2025,18.01%
2025-02-11,TSM,Equity,204.35797119140625,9224500,0.38%,100.52%,-7.07%,1032,200.52,0.3%,2025,52.79%
2025-02-12,AMD,Equity,111.72000122070312,25319700,0.56%,21.04%,-47.15%,1033,121.04,0.88%,2025,77.53%
2025-02-12,AVGO,Equity,232.9495086669922,16397300,0.56%,512.33%,-5.21%,1033,612.33,0.88%,2025,50.54%
2025-02-12,INTC,Equity,22.479999542236328,162631200,7.2%,-49.94%,-63.79%,1033,50.06,7.52%,2025,82.49%
2025-02-12,NVDA,Equity,130.79808044433594,160278600,-1.25%,902.58%,-12.24%,1033,1002.58,-0.93%,2025,34.88%
2025-02-12,SPY,Benchmark,591.7350463867188,45076100,-0.32%,73.23%,-1.05%,1033,173.23,0.0%,2025,18.01%
2025-02-12,TSM,Equity,202.0474853515625,7373700,-1.13%,98.25%,-8.12%,1033,198.25,-0.81%,2025,52.79%
2025-02-13,AMD,Equity,111.80999755859375,40911800,0.08%,21.14%,-47.1%,1034,121.14,-0.98%,2025,77.53%
2025-02-13,AVGO,Equity,232.40744018554688,20962000,-0.23%,510.9%,-5.43%,1034,610.9,-1.29%,2025,50.54%
2025-02-13,INTC,Equity,24.1299991607666,248661300,7.34%,-46.26%,-61.13%,1034,53.74,6.28%,2025,82.49%
2025-02-13,NVDA,Equity,134.93727111816406,197430000,3.16%,934.3%,-9.46%,1034,1034.3,2.11%,2025,34.88%
2025-02-13,SPY,Benchmark,597.9822998046875,40921300,1.06%,75.06%,-0.0%,1034,175.06,0.0%,2025,18.01%
2025-02-13,TSM,Equity,197.59300231933594,15580900,-2.2%,93.88%,-10.15%,1034,193.88,-3.26%,2025,52.79%
2025-02-14,AMD,Equity,113.0999984741211,32477200,1.15%,22.54%,-46.49%,1035,122.54,1.16%,2025,77.53%
2025-02-14,AVGO,Equity,229.68714904785156,16988800,-1.17%,503.75%,-6.53%,1035,603.75,-1.17%,2025,50.54%
2025-02-14,INTC,Equity,23.600000381469727,230254100,-2.2%,-47.44%,-61.99%,1035,52.56,-2.19%,2025,82.49%
2025-02-14,NVDA,Equity,138.48797607421875,195479600,2.63%,961.52%,-7.08%,1035,1061.52,2.64%,2025,34.88%
2025-02-14,SPY,Benchmark,597.952880859375,26910400,-0.0%,75.05%,-0.01%,1035,175.05,0.0%,2025,18.01%
2025-02-14,TSM,Equity,199.6195526123047,23220300,1.03%,95.87%,-9.22%,1035,195.87,1.03%,2025,52.79%
2025-02-18,AMD,Equity,114.27999877929688,31720300,1.04%,23.81%,-45.94%,1036,123.81,0.75%,2025,77.53%
2025-02-18,AVGO,Equity,225.24203491210938,26080500,-1.94%,492.07%,-8.34%,1036,592.07,-2.23%,2025,50.54%
2025-02-18,INTC,Equity,27.389999389648438,284292200,16.06%,-39.0%,-55.88%,1036,61.0,15.77%,2025,82.49%
2025-02-18,NVDA,Equity,139.03652954101562,219176600,0.4%,965.72%,-6.71%,1036,1065.72,0.1%,2025,34.88%
2025-02-18,SPY,Benchmark,599.7083740234375,26749000,0.29%,75.56%,0.0%,1036,175.56,0.0%,2025,18.01%
2025-02-18,TSM,Equity,198.48391723632812,14988100,-0.57%,94.76%,-9.74%,1036,194.76,-0.86%,2025,52.79%
2025-02-19,AMD,Equity,114.69000244140625,28807700,0.36%,24.26%,-45.74%,1037,124.26,0.12%,2025,77.53%
2025-02-19,AVGO,Equity,225.4391632080078,16375500,0.09%,492.58%,-8.26%,1037,592.58,-0.15%,2025,50.54%
2025-02-19,INTC,Equity,25.719999313354492,151881700,-6.1%,-42.72%,-58.57%,1037,57.28,-6.33%,2025,82.49%
2025-02-19,NVDA,Equity,138.86697387695312,167536000,-0.12%,964.43%,-6.83%,1037,1064.43,-0.36%,2025,34.88%
2025-02-19,SPY,Benchmark,601.12060546875,31011100,0.24%,75.98%,0.0%,1037,175.98,0.0%,2025,18.01%
2025-02-19,TSM,Equity,196.73147583007812,13163100,-0.88%,93.04%,-10.54%,1037,193.04,-1.12%,2025,52.79%
2025-02-20,AMD,Equity,114.16999816894531,27219600,-0.45%,23.69%,-45.99%,1038,123.69,-0.04%,2025,77.53%
2025-02-20,AVGO,Equity,223.477783203125,16104000,-0.87%,487.43%,-9.06%,1038,587.43,-0.45%,2025,50.54%
2025-02-20,INTC,Equity,26.09000015258789,144939600,1.44%,-41.9%,-57.98%,1038,58.1,1.85%,2025,82.49%
2025-02-20,NVDA,Equity,139.74468994140625,143903600,0.63%,971.15%,-6.24%,1038,1071.15,1.05%,2025,34.88%
2025-02-20,SPY,Benchmark,598.6198120117188,36554000,-0.42%,75.25%,-0.42%,1038,175.25,0.0%,2025,18.01%
2025-02-20,TSM,Equity,195.8993377685547,10639300,-0.42%,92.22%,-10.92%,1038,192.22,-0.01%,2025,52.79%
2025-02-21,AMD,Equity,110.83999633789062,41353700,-2.92%,20.09%,-47.56%,1039,120.09,-1.21%,2025,77.53%
2025-02-21,AVGO,Equity,215.5140380859375,24883600,-3.56%,466.49%,-12.3%,1039,566.49,-1.85%,2025,50.54%
2025-02-21,INTC,Equity,24.8700008392334,111630900,-4.68%,-44.61%,-59.94%,1039,55.39,-2.97%,2025,82.49%
2025-02-21,NVDA,Equity,134.07949829101562,228217600,-4.05%,927.73%,-10.04%,1039,1027.73,-2.34%,2025,34.88%
2025-02-21,SPY,Benchmark,588.3809204101562,76519800,-1.71%,72.25%,-2.12%,1039,172.25,0.0%,2025,18.01%
2025-02-21,TSM,Equity,194.07838439941406,13757300,-0.93%,90.44%,-11.74%,1039,190.44,0.78%,2025,52.79%
2025-02-24,AMD,Equity,108.11000061035156,29072200,-2.46%,17.13%,-48.86%,1040,117.13,-2.01%,2025,77.53%
2025-02-24,AVGO,Equity,204.9384002685547,33050400,-4.91%,438.7%,-16.61%,1040,538.7,-4.45%,2025,50.54%
2025-02-24,INTC,Equity,24.270000457763672,91358100,-2.41%,-45.95%,-60.91%,1040,54.05,-1.96%,2025,82.49%
2025-02-24,NVDA,Equity,129.94032287597656,251381100,-3.09%,896.0%,-12.82%,1040,996.0,-2.63%,2025,34.88%
2025-02-24,SPY,Benchmark,585.7035522460938,50737200,-0.46%,71.46%,-2.56%,1040,171.46,0.0%,2025,18.01%
2025-02-24,TSM,Equity,187.626708984375,15114300,-3.32%,84.1%,-14.68%,1040,184.1,-2.87%,2025,52.79%
2025-02-25,AMD,Equity,103.95999908447266,39169200,-3.84%,12.63%,-50.82%,1041,112.63,-3.34%,2025,77.53%
2025-02-25,AVGO,Equity,199.62594604492188,33100800,-2.59%,424.73%,-18.77%,1041,524.73,-2.09%,2025,50.54%
2025-02-25,INTC,Equity,22.989999771118164,88886500,-5.27%,-48.8%,-62.97%,1041,51.2,-4.78%,2025,82.49%
2025-02-25,NVDA,Equity,126.29981994628906,271428700,-2.8%,868.1%,-15.26%,1041,968.1,-2.3%,2025,34.88%
2025-02-25,SPY,Benchmark,582.7907104492188,58266500,-0.5%,70.61%,-3.05%,1041,170.61,0.0%,2025,18.01%
2025-02-25,TSM,Equity,185.39459228515625,20581000,-1.19%,81.91%,-15.69%,1041,181.91,-0.69%,2025,52.79%
2025-02-26,AMD,Equity,104.73999786376953,29178200,0.75%,13.48%,-50.45%,1042,113.48,0.7%,2025,77.53%
2025-02-26,AVGO,Equity,209.87631225585938,21368300,5.13%,451.68%,-14.6%,1042,551.68,5.08%,2025,50.54%
2025-02-26,INTC,Equity,23.520000457763672,67449300,2.31%,-47.62%,-62.12%,1042,52.38,2.25%,2025,82.49%
2025-02-26,NVDA,Equity,130.93771362304688,322553800,3.67%,903.65%,-12.15%,1042,1003.65,3.62%,2025,34.88%
2025-02-26,SPY,Benchmark,583.0848999023438,43321600,0.05%,70.7%,-3.0%,1042,170.7,0.0%,2025,18.01%
2025-02-26,TSM,Equity,190.5343780517578,14112300,2.77%,86.96%,-13.36%,1042,186.96,2.72%,2025,52.79%
2025-02-27,AMD,Equity,99.51000213623047,47263700,-4.99%,7.81%,-52.92%,1043,107.81,-3.4%,2025,77.53%
2025-02-27,AVGO,Equity,194.95416259765625,27572900,-7.11%,412.45%,-20.67%,1043,512.45,-5.51%,2025,50.54%
2025-02-27,INTC,Equity,23.09000015258789,97871900,-1.83%,-48.58%,-62.81%,1043,51.42,-0.23%,2025,82.49%
2025-02-27,NVDA,Equity,119.83673095703125,443175800,-8.48%,818.56%,-19.59%,1043,918.56,-6.88%,2025,34.88%
2025-02-27,SPY,Benchmark,573.7777709960938,74196700,-1.6%,67.97%,-4.55%,1043,167.97,0.0%,2025,18.01%
2025-02-27,TSM,Equity,177.2884063720703,24219200,-6.95%,73.96%,-19.38%,1043,173.96,-5.36%,2025,52.79%
2025-02-28,AMD,Equity,99.86000061035156,45194600,0.35%,8.19%,-52.76%,1044,108.19,-1.21%,2025,77.53%
2025-02-28,AVGO,Equity,196.56069946289062,39747200,0.82%,416.67%,-20.01%,1044,516.67,-0.74%,2025,50.54%
2025-02-28,INTC,Equity,23.729999542236328,104133800,2.77%,-47.15%,-61.78%,1044,52.85,1.21%,2025,82.49%
2025-02-28,NVDA,Equity,124.59429168701172,389091100,3.97%,855.02%,-16.4%,1044,955.02,2.41%,2025,34.88%
2025-02-28,SPY,Benchmark,582.7318725585938,88744100,1.56%,70.59%,-3.06%,1044,170.59,0.0%,2025,18.01%
2025-02-28,TSM,Equity,176.74017333984375,27929400,-0.31%,73.42%,-19.63%,1044,173.42,-1.87%,2025,52.79%
2025-03-03,AMD,Equity,98.2300033569336,38958000,-1.63%,6.42%,-53.53%,1045,106.42,0.12%,2025,77.53%
2025-03-03,AVGO,Equity,184.67420959472656,37435600,-6.05%,385.43%,-24.85%,1045,485.43,-4.3%,2025,50.54%
2025-03-03,INTC,Equity,22.739999771118164,141348700,-4.17%,-49.36%,-63.37%,1045,50.64,-2.42%,2025,82.49%
2025-03-03,NVDA,Equity,113.76260375976562,411381400,-8.69%,772.0%,-23.67%,1045,872.0,-6.94%,2025,34.88%
2025-03-03,SPY,Benchmark,572.5225219726562,74249200,-1.75%,67.61%,-4.76%,1045,167.61,0.0%,2025,18.01%
2025-03-03,TSM,Equity,169.33888244628906,37403000,-4.19%,66.16%,-22.99%,1045,166.16,-2.44%,2025,52.79%
2025-03-04,AMD,Equity,100.75,54156900,2.57%,9.15%,-52.34%,1046,109.15,3.75%,2025,77.53%
2025-03-04,AVGO,Equity,184.78262329101562,37910500,0.06%,385.71%,-24.81%,1046,485.71,1.24%,2025,50.54%
2025-03-04,INTC,Equity,21.329999923706055,152182200,-6.2%,-52.5%,-65.64%,1046,47.5,-5.02%,2025,82.49%
2025-03-04,NVDA,Equity,115.68758392333984,398163300,1.69%,786.75%,-22.38%,1046,886.75,2.88%,2025,34.88%
2025-03-04,SPY,Benchmark,565.74560546875,109648200,-1.18%,65.62%,-5.88%,1046,165.62,0.0%,2025,18.01%
2025-03-04,TSM,Equity,176.22128295898438,29395200,4.06%,72.91%,-19.86%,1046,172.91,5.25%,2025,52.79%
2025-03-05,AMD,Equity,101.66999816894531,27855500,0.91%,10.15%,-51.9%,1047,110.15,-0.16%,2025,77.53%
2025-03-05,AVGO,Equity,188.8236541748047,25644500,2.19%,396.34%,-23.16%,1047,496.34,1.11%,2025,50.54%
2025-03-05,INTC,Equity,20.809999465942383,127219300,-2.44%,-53.66%,-66.48%,1047,46.34,-3.51%,2025,82.49%
2025-03-05,NVDA,Equity,116.9941635131836,284337900,1.13%,796.77%,-21.5%,1047,896.77,0.05%,2025,34.88%
2025-03-05,SPY,Benchmark,571.8261108398438,71230500,1.07%,67.4%,-4.87%,1047,167.4,0.0%,2025,18.01%
2025-03-05,TSM,Equity,180.41143798828125,17334000,2.38%,77.02%,-17.96%,1047,177.02,1.3%,2025,52.79%
2025-03-06,AMD,Equity,98.8499984741211,28985000,-2.77%,7.1%,-53.24%,1048,107.1,-1.0%,2025,77.53%
2025-03-06,AVGO,Equity,176.8681640625,56864100,-6.33%,364.91%,-28.03%,1048,464.91,-4.56%,2025,50.54%
2025-03-06,INTC,Equity,20.75,96466400,-0.29%,-53.79%,-66.58%,1048,46.21,1.49%,2025,82.49%
2025-03-06,NVDA,Equity,110.2817153930664,321181900,-5.74%,745.32%,-26.01%,1048,845.32,-3.96%,2025,34.88%
2025-03-06,SPY,Benchmark,561.6755981445312,80094900,-1.78%,64.43%,-6.56%,1048,164.43,0.0%,2025,18.01%
2025-03-06,TSM,Equity,172.1584014892578,17864300,-4.57%,68.93%,-21.71%,1048,168.93,-2.8%,2025,52.79%
2025-03-07,AMD,Equity,100.30999755859375,33254400,1.48%,8.68%,-52.55%,1049,108.68,0.92%,2025,77.53%
2025-03-07,AVGO,Equity,192.15504455566406,74528900,8.64%,405.09%,-21.81%,1049,505.09,8.08%,2025,50.54%
2025-03-07,INTC,Equity,20.639999389648438,81099600,-0.53%,-54.03%,-66.75%,1049,45.97,-1.09%,2025,82.49%
2025-03-07,NVDA,Equity,112.39617919921875,341755500,1.92%,761.52%,-24.59%,1049,861.52,1.36%,2025,34.88%
2025-03-07,SPY,Benchmark,564.8236694335938,81158800,0.56%,65.35%,-6.04%,1049,165.35,0.0%,2025,18.01%
2025-03-07,TSM,Equity,173.38217163085938,21012700,0.71%,70.13%,-21.16%,1049,170.13,0.15%,2025,52.79%
2025-03-10,AMD,Equity,96.62999725341797,38733200,-3.67%,4.69%,-54.29%,1050,104.69,-1.01%,2025,77.53%
2025-03-10,AVGO,Equity,181.7962188720703,44217100,-5.39%,377.86%,-26.02%,1050,477.86,-2.73%,2025,50.54%
2025-03-10,INTC,Equity,19.93000030517578,82760600,-3.44%,-55.62%,-67.9%,1050,44.38,-0.78%,2025,82.49%
2025-03-10,NVDA,Equity,106.70106506347656,366487400,-5.07%,717.87%,-28.41%,1050,817.87,-2.4%,2025,34.88%
2025-03-10,SPY,Benchmark,549.7792358398438,99326600,-2.66%,60.95%,-8.54%,1050,160.95,0.0%,2025,18.01%
2025-03-10,TSM,Equity,167.06756591796875,18265100,-3.64%,63.93%,-24.03%,1050,163.93,-0.98%,2025,52.79%
2025-03-11,AMD,Equity,96.76000213623047,34078300,0.13%,4.83%,-54.22%,1051,104.83,0.97%,2025,77.53%
2025-03-11,AVGO,Equity,187.35507202148438,42153200,3.06%,392.48%,-23.76%,1051,492.48,3.89%,2025,50.54%
2025-03-11,INTC,Equity,19.780000686645508,80789000,-0.75%,-55.95%,-68.14%,1051,44.05,0.08%,2025,82.49%
2025-03-11,NVDA,Equity,108.47642517089844,354865700,1.66%,731.48%,-27.22%,1051,831.48,2.5%,2025,34.88%
2025-03-11,SPY,Benchmark,545.2090454101562,88102100,-0.83%,59.61%,-9.3%,1051,159.61,0.0%,2025,18.01%
2025-03-11,TSM,Equity,167.38087463378906,16561100,0.19%,64.24%,-23.88%,1051,164.24,1.02%,2025,52.79%
2025-03-12,AMD,Equity,100.79000091552734,34241300,4.16%,9.2%,-52.32%,1052,109.2,3.63%,2025,77.53%
2025-03-12,AVGO,Equity,191.43551635742188,30409700,2.18%,403.2%,-22.1%,1052,503.2,1.65%,2025,50.54%
2025-03-12,INTC,Equity,20.68000030517578,128671100,4.55%,-53.95%,-66.69%,1052,46.05,4.02%,2025,82.49%
2025-03-12,NVDA,Equity,115.4488525390625,323857500,6.43%,784.92%,-22.54%,1052,884.92,5.9%,2025,34.88%
2025-03-12,SPY,Benchmark,548.1021728515625,69588200,0.53%,60.46%,-8.82%,1052,160.46,0.0%,2025,18.01%
2025-03-12,TSM,Equity,173.45069885253906,14737600,3.63%,70.19%,-21.12%,1052,170.19,3.1%,2025,52.79%
2025-03-13,AMD,Equity,98.11000061035156,28575200,-2.66%,6.29%,-53.59%,1053,106.29,-1.33%,2025,77.53%
2025-03-13,AVGO,Equity,188.6068115234375,27236100,-1.48%,395.77%,-23.25%,1053,495.77,-0.14%,2025,50.54%
2025-03-13,INTC,Equity,23.700000762939453,243261000,14.6%,-47.22%,-61.83%,1053,52.78,15.94%,2025,82.49%
2025-03-13,NVDA,Equity,115.28925323486328,299033100,-0.14%,783.7%,-22.65%,1053,883.7,1.19%,2025,34.88%
2025-03-13,SPY,Benchmark,540.7957763671875,74079400,-1.33%,58.32%,-10.04%,1053,158.32,0.0%,2025,18.01%
2025-03-13,TSM,Equity,167.98782348632812,14381600,-3.15%,64.83%,-23.61%,1053,164.83,-1.82%,2025,52.79%
2025-03-14,AMD,Equity,100.97000122070312,24715300,2.92%,9.39%,-52.23%,1054,109.39,0.85%,2025,77.53%
2025-03-14,AVGO,Equity,192.7266387939453,25900900,2.18%,406.6%,-21.57%,1054,506.6,0.12%,2025,50.54%
2025-03-14,INTC,Equity,24.049999237060547,116901600,1.48%,-46.44%,-61.26%,1054,53.56,-0.59%,2025,82.49%
2025-03-14,NVDA,Equity,121.36392211914062,277593500,5.27%,830.26%,-18.57%,1054,930.26,3.2%,2025,34.88%
2025-03-14,SPY,Benchmark,551.9662475585938,62660300,2.07%,61.59%,-8.18%,1054,161.59,0.0%,2025,18.01%
2025-03-14,TSM,Equity,170.43536376953125,11449400,1.46%,67.24%,-22.5%,1054,167.24,-0.61%,2025,52.79%
2025-03-17,AMD,Equity,104.58999633789062,43689500,3.59%,13.32%,-50.52%,1055,113.32,2.81%,2025,77.53%
2025-03-17,AVGO,Equity,191.70164489746094,26830600,-0.53%,403.9%,-21.99%,1055,503.9,-1.3%,2025,50.54%
2025-03-17,INTC,Equity,25.690000534057617,160723600,6.82%,-42.79%,-58.62%,1055,57.21,6.05%,2025,82.49%
2025-03-17,NVDA,Equity,119.22930908203125,255501500,-1.76%,813.9%,-20.0%,1055,913.9,-2.53%,2025,34.88%
2025-03-17,SPY,Benchmark,556.2227172851562,49008700,0.77%,62.83%,-7.47%,1055,162.83,0.0%,2025,18.01%
2025-03-17,TSM,Equity,172.5402069091797,9678100,1.23%,69.3%,-21.54%,1055,169.3,0.46%,2025,52.79%
2025-03-18,AMD,Equity,103.51000213623047,27152800,-1.03%,12.15%,-51.03%,1056,112.15,0.05%,2025,77.53%
2025-03-18,AVGO,Equity,185.9555206298828,24951000,-3.0%,388.8%,-24.33%,1056,488.8,-1.92%,2025,50.54%
2025-03-18,INTC,Equity,25.920000076293945,132488800,0.9%,-42.28%,-58.25%,1056,57.72,1.98%,2025,82.49%
2025-03-18,NVDA,Equity,115.1396255493164,299686900,-3.43%,782.55%,-22.75%,1056,882.55,-2.35%,2025,34.88%
2025-03-18,SPY,Benchmark,550.2108764648438,66041400,-1.08%,61.07%,-8.47%,1056,161.07,0.0%,2025,18.01%
2025-03-18,TSM,Equity,170.15591430664062,9986000,-1.38%,66.96%,-22.62%,1056,166.96,-0.3%,2025,52.79%
2025-03-19,AMD,Equity,106.2300033569336,32287500,2.63%,15.09%,-49.74%,1057,115.09,1.54%,2025,77.53%
2025-03-19,AVGO,Equity,192.75624084472656,37962700,3.66%,406.67%,-21.56%,1057,506.67,2.57%,2025,50.54%
2025-03-19,INTC,Equity,24.1200008392334,135491400,-6.94%,-46.28%,-61.15%,1057,53.72,-8.03%,2025,82.49%
2025-03-19,NVDA,Equity,117.22435760498047,273426200,1.81%,798.53%,-21.35%,1057,898.53,0.72%,2025,34.88%
2025-03-19,SPY,Benchmark,556.203125,66556000,1.09%,62.83%,-7.47%,1057,162.83,0.0%,2025,18.01%
2025-03-19,TSM,Equity,170.7750701904297,10678500,0.36%,67.57%,-22.34%,1057,167.57,-0.73%,2025,52.79%
2025-03-20,AMD,Equity,107.13999938964844,26871800,0.86%,16.08%,-49.31%,1058,116.08,1.15%,2025,77.53%
2025-03-20,AVGO,Equity,188.36688232421875,31430000,-2.28%,395.14%,-23.35%,1058,495.14,-1.99%,2025,50.54%
2025-03-20,INTC,Equity,23.959999084472656,68937600,-0.66%,-46.64%,-61.41%,1058,53.36,-0.37%,2025,82.49%
2025-03-20,NVDA,Equity,118.23181915283203,248829700,0.86%,806.26%,-20.67%,1058,906.26,1.15%,2025,34.88%
2025-03-20,SPY,Benchmark,554.5947265625,62958200,-0.29%,62.36%,-7.74%,1058,162.36,0.0%,2025,18.01%
2025-03-20,TSM,Equity,174.42135620117188,12209700,2.14%,71.15%,-20.68%,1058,171.15,2.42%,2025,52.79%
2025-03-21,AMD,Equity,106.44000244140625,30767900,-0.65%,15.32%,-49.65%,1059,115.32,-0.69%,2025,77.53%
2025-03-21,AVGO,Equity,189.47412109375,43086500,0.59%,398.05%,-22.9%,1059,498.05,0.55%,2025,50.54%
2025-03-21,INTC,Equity,24.260000228881836,94110700,1.25%,-45.97%,-60.92%,1059,54.03,1.22%,2025,82.49%
2025-03-21,NVDA,Equity,117.4039077758789,266498500,-0.7%,799.91%,-21.23%,1059,899.91,-0.73%,2025,34.88%
2025-03-21,SPY,Benchmark,554.7776489257812,83763000,0.03%,62.41%,-7.71%,1059,162.41,0.0%,2025,18.01%
2025-03-21,TSM,Equity,173.69403076171875,9993200,-0.42%,70.43%,-21.01%,1059,170.43,-0.45%,2025,52.79%
2025-03-24,AMD,Equity,113.8499984741211,53342000,6.96%,23.35%,-46.14%,1060,123.35,5.17%,2025,77.53%
2025-03-24,AVGO,Equity,189.06878662109375,33180300,-0.21%,396.98%,-23.06%,1060,496.98,-2.0%,2025,50.54%
2025-03-24,INTC,Equity,24.219999313354492,69169000,-0.16%,-46.06%,-60.99%,1060,53.94,-1.96%,2025,82.49%
2025-03-24,NVDA,Equity,121.1045913696289,228452500,3.15%,828.28%,-18.74%,1060,928.28,1.36%,2025,34.88%
2025-03-24,SPY,Benchmark,564.712890625,58766800,1.79%,65.32%,-6.06%,1060,165.32,0.0%,2025,18.01%
2025-03-24,TSM,Equity,178.04795837402344,11440000,2.51%,74.71%,-19.03%,1060,174.71,0.72%,2025,52.79%
2025-03-25,AMD,Equity,114.80999755859375,29077500,0.84%,24.39%,-45.69%,1061,124.39,0.6%,2025,77.53%
2025-03-25,AVGO,Equity,186.1128692626953,23417300,-1.56%,389.21%,-24.27%,1061,489.21,-1.8%,2025,50.54%
2025-03-25,INTC,Equity,24.200000762939453,51743300,-0.08%,-46.11%,-61.02%,1061,53.89,-0.32%,2025,82.49%
2025-03-25,NVDA,Equity,120.38639068603516,167447200,-0.59%,822.77%,-19.23%,1061,922.77,-0.83%,2025,34.88%
2025-03-25,SPY,Benchmark,566.0703735351562,38355700,0.24%,65.72%,-5.83%,1061,165.72,0.0%,2025,18.01%
2025-03-25,TSM,Equity,177.7924346923828,8718800,-0.14%,74.45%,-19.15%,1061,174.45,-0.38%,2025,52.79%
2025-03-26,AMD,Equity,110.19000244140625,39824000,-4.02%,19.38%,-47.87%,1062,119.38,-2.83%,2025,77.53%
2025-03-26,AVGO,Equity,177.22540283203125,30578500,-4.78%,365.85%,-27.88%,1062,465.85,-3.58%,2025,50.54%
2025-03-26,INTC,Equity,23.420000076293945,59496700,-3.22%,-47.84%,-62.28%,1062,52.16,-2.03%,2025,82.49%
2025-03-26,NVDA,Equity,113.47382354736328,293463300,-5.74%,769.78%,-23.86%,1062,869.78,-4.55%,2025,34.88%
2025-03-26,SPY,Benchmark,559.3124389648438,51848300,-1.19%,63.74%,-6.96%,1062,163.74,0.0%,2025,18.01%
2025-03-26,TSM,Equity,170.51953125,14612400,-4.09%,67.32%,-22.46%,1062,167.32,-2.9%,2025,52.79%
2025-03-27,AMD,Equity,106.6500015258789,32773700,-3.21%,15.55%,-49.55%,1063,115.55,-2.95%,2025,77.53%
2025-03-27,AVGO,Equity,170.02842712402344,32151700,-4.06%,346.93%,-30.81%,1063,446.93,-3.8%,2025,50.54%
2025-03-27,INTC,Equity,23.6200008392334,57720600,0.85%,-47.4%,-61.95%,1063,52.6,1.12%,2025,82.49%
2025-03-27,NVDA,Equity,111.1496810913086,236902100,-2.05%,751.97%,-25.42%,1063,851.97,-1.78%,2025,34.88%
2025-03-27,SPY,Benchmark,557.8270874023438,42164200,-0.27%,63.3%,-7.2%,1063,163.3,0.0%,2025,18.01%
2025-03-27,TSM,Equity,165.34991455078125,17559100,-3.03%,62.25%,-24.81%,1063,162.25,-2.77%,2025,52.79%
2025-03-28,AMD,Equity,103.22000122070312,31069100,-3.22%,11.83%,-51.17%,1064,111.83,-1.2%,2025,77.53%
2025-03-28,AVGO,Equity,167.191162109375,30391500,-1.67%,339.47%,-31.97%,1064,439.47,0.35%,2025,50.54%
2025-03-28,INTC,Equity,22.709999084472656,58365300,-3.85%,-49.42%,-63.42%,1064,50.58,-1.84%,2025,82.49%
2025-03-28,NVDA,Equity,109.39411163330078,229872500,-1.58%,738.51%,-26.6%,1064,838.51,0.43%,2025,34.88%
2025-03-28,SPY,Benchmark,546.5933227539062,71662700,-2.01%,60.02%,-9.07%,1064,160.02,0.0%,2025,18.01%
2025-03-28,TSM,Equity,162.41127014160156,16332000,-1.78%,59.36%,-26.14%,1064,159.36,0.24%,2025,52.79%
2025-03-31,AMD,Equity,102.73999786376953,30865300,-0.47%,11.31%,-51.4%,1065,111.31,-1.14%,2025,77.53%
2025-03-31,AVGO,Equity,165.5204620361328,35656400,-1.0%,335.08%,-32.65%,1065,435.08,-1.67%,2025,50.54%
2025-03-31,INTC,Equity,22.709999084472656,65832000,0.0%,-49.42%,-63.42%,1065,50.58,-0.67%,2025,82.49%
2025-03-31,NVDA,Equity,108.10736083984375,299212700,-1.18%,728.65%,-27.46%,1065,828.65,-1.85%,2025,34.88%
2025-03-31,SPY,Benchmark,550.2625732421875,95328200,0.67%,61.09%,-8.46%,1065,161.09,0.0%,2025,18.01%
2025-03-31,TSM,Equity,163.14837646484375,19408300,0.45%,60.09%,-25.81%,1065,160.09,-0.22%,2025,52.79%
2025-04-01,AMD,Equity,102.77999877929688,23523200,0.04%,11.35%,-51.38%,1066,111.35,-0.24%,2025,77.53%
2025-04-01,AVGO,Equity,166.5980224609375,20472400,0.65%,337.92%,-32.21%,1066,437.92,0.37%,2025,50.54%
2025-04-01,INTC,Equity,22.049999237060547,64060400,-2.91%,-50.89%,-64.48%,1066,49.11,-3.19%,2025,82.49%
2025-04-01,NVDA,Equity,109.87291717529297,222614000,1.63%,742.18%,-26.28%,1066,842.18,1.35%,2025,34.88%
2025-04-01,SPY,Benchmark,551.8167114257812,54609600,0.28%,61.54%,-8.2%,1066,161.54,0.0%,2025,18.01%
2025-04-01,TSM,Equity,165.74302673339844,9180000,1.59%,62.63%,-24.63%,1066,162.63,1.31%,2025,52.79%
2025-04-02,AMD,Equity,102.95999908447266,20794000,0.18%,11.55%,-51.29%,1067,111.55,-0.46%,2025,77.53%
2025-04-02,AVGO,Equity,170.12728881835938,19523700,2.12%,347.19%,-30.77%,1067,447.19,1.49%,2025,50.54%
2025-04-02,INTC,Equity,21.979999542236328,58878800,-0.32%,-51.05%,-64.6%,1067,48.95,-0.95%,2025,82.49%
2025-04-02,NVDA,Equity,110.14221954345703,220601200,0.25%,744.25%,-26.1%,1067,844.25,-0.39%,2025,34.88%
2025-04-02,SPY,Benchmark,555.3087768554688,76014500,0.63%,62.57%,-7.62%,1067,162.57,0.0%,2025,18.01%
2025-04-02,TSM,Equity,167.4629669189453,10072700,1.04%,64.32%,-23.85%,1067,164.32,0.4%,2025,52.79%
2025-04-03,AMD,Equity,93.80000305175781,50472500,-8.9%,1.63%,-55.62%,1068,101.63,-3.97%,2025,77.53%
2025-04-03,AVGO,Equity,152.25350952148438,44354900,-10.51%,300.21%,-38.04%,1068,400.21,-5.58%,2025,50.54%
2025-04-03,INTC,Equity,22.43000030517578,242972100,2.05%,-50.05%,-63.87%,1068,49.95,6.98%,2025,82.49%
2025-04-03,NVDA,Equity,101.5439224243164,338769400,-7.81%,678.34%,-31.87%,1068,778.34,-2.88%,2025,34.88%
2025-04-03,SPY,Benchmark,527.9428100585938,125986000,-4.93%,54.56%,-12.17%,1068,154.56,0.0%,2025,18.01%
2025-04-03,TSM,Equity,154.6764678955078,28370500,-7.64%,51.77%,-29.66%,1068,151.77,-2.71%,2025,52.79%
2025-04-04,AMD,Equity,85.76000213623047,65847000,-8.57%,-7.09%,-59.43%,1069,92.91,-2.72%,2025,77.53%
2025-04-04,AVGO,Equity,144.6215362548828,72302200,-5.01%,280.15%,-41.15%,1069,380.15,0.84%,2025,50.54%
2025-04-04,INTC,Equity,19.850000381469727,175014700,-11.5%,-55.79%,-68.03%,1069,44.21,-5.65%,2025,82.49%
2025-04-04,NVDA,Equity,94.07275390625,532273800,-7.36%,621.07%,-36.88%,1069,721.07,-1.5%,2025,34.88%
2025-04-04,SPY,Benchmark,497.0354309082031,217965100,-5.85%,45.51%,-17.32%,1069,145.51,0.0%,2025,18.01%
2025-04-04,TSM,Equity,144.27821350097656,36085100,-6.72%,41.57%,-34.39%,1069,141.57,-0.87%,2025,52.79%
2025-04-07,AMD,Equity,83.63999938964844,70515400,-2.47%,-9.38%,-60.43%,1070,90.62,-2.29%,2025,77.53%
2025-04-07,AVGO,Equity,152.38201904296875,68503500,5.37%,300.55%,-37.99%,1070,400.55,5.54%,2025,50.54%
2025-04-07,INTC,Equity,19.56999969482422,142491200,-1.41%,-56.42%,-68.48%,1070,43.58,-1.23%,2025,82.49%
2025-04-07,NVDA,Equity,97.39436340332031,611041300,3.53%,646.53%,-34.65%,1070,746.53,3.71%,2025,34.88%
2025-04-07,SPY,Benchmark,496.150146484375,256611400,-0.18%,45.25%,-17.46%,1070,145.25,0.0%,2025,18.01%
2025-04-07,TSM,Equity,143.65902709960938,46388300,-0.43%,40.96%,-34.67%,1070,140.96,-0.25%,2025,52.79%
2025-04-08,AMD,Equity,78.20999908447266,69910200,-6.49%,-15.27%,-63.0%,1071,84.73,-4.93%,2025,77.53%
2025-04-08,AVGO,Equity,154.25045776367188,58888200,1.23%,305.46%,-37.23%,1071,405.46,2.79%,2025,50.54%
2025-04-08,INTC,Equity,18.1299991607666,163982700,-7.36%,-59.62%,-70.8%,1071,40.38,-5.79%,2025,82.49%
2025-04-08,NVDA,Equity,96.05775451660156,476243400,-1.37%,636.29%,-35.55%,1071,736.29,0.19%,2025,34.88%
2025-04-08,SPY,Benchmark,488.3789978027344,165816600,-1.57%,42.97%,-18.76%,1071,142.97,0.0%,2025,18.01%
2025-04-08,TSM,Equity,138.9414825439453,30479700,-3.28%,36.33%,-36.82%,1071,136.33,-1.72%,2025,52.79%
2025-04-09,AMD,Equity,96.83999633789062,97827400,23.82%,4.92%,-54.19%,1072,104.92,13.32%,2025,77.53%
2025-04-09,AVGO,Equity,183.03836059570312,72708300,18.66%,381.13%,-25.52%,1072,481.13,8.16%,2025,50.54%
2025-04-09,INTC,Equity,21.530000686645508,224183500,18.75%,-52.05%,-65.32%,1072,47.95,8.25%,2025,82.49%
2025-04-09,NVDA,Equity,114.04239654541016,612918300,18.72%,774.14%,-23.48%,1072,874.14,8.22%,2025,34.88%
2025-04-09,SPY,Benchmark,539.668212890625,241867300,10.5%,57.99%,-10.22%,1072,157.99,0.0%,2025,18.01%
2025-04-09,TSM,Equity,156.0229034423828,45612500,12.29%,53.09%,-29.05%,1072,153.09,1.79%,2025,52.79%
2025-04-10,AMD,Equity,88.69999694824219,65210600,-8.41%,-3.9%,-58.04%,1073,96.1,-4.02%,2025,77.53%
2025-04-10,AVGO,Equity,170.33493041992188,51212200,-6.94%,347.74%,-30.69%,1073,447.74,-2.56%,2025,50.54%
2025-04-10,INTC,Equity,19.8799991607666,129064900,-7.66%,-55.73%,-67.98%,1073,44.27,-3.28%,2025,82.49%
2025-04-10,NVDA,Equity,107.29939270019531,437812400,-5.91%,722.46%,-28.01%,1073,822.46,-1.53%,2025,34.88%
2025-04-10,SPY,Benchmark,516.0205078125,162331200,-4.38%,51.06%,-14.16%,1073,151.06,0.0%,2025,18.01%
2025-04-10,TSM,Equity,148.53384399414062,24503500,-4.8%,45.75%,-32.46%,1073,145.75,-0.42%,2025,52.79%
2025-04-11,AMD,Equity,93.4000015258789,57892600,5.3%,1.19%,-55.81%,1074,101.19,3.51%,2025,77.53%
2025-04-11,AVGO,Equity,179.86495971679688,33964100,5.59%,372.79%,-26.81%,1074,472.79,3.81%,2025,50.54%
2025-04-11,INTC,Equity,19.739999771118164,128425800,-0.7%,-56.04%,-68.2%,1074,43.96,-2.49%,2025,82.49%
2025-04-11,NVDA,Equity,110.65094757080078,313417300,3.12%,748.15%,-25.76%,1074,848.15,1.34%,2025,34.88%
2025-04-11,SPY,Benchmark,525.227783203125,97866300,1.78%,53.76%,-12.63%,1074,153.76,0.0%,2025,18.01%
2025-04-11,TSM,Equity,154.38162231445312,19632200,3.94%,51.48%,-29.8%,1074,151.48,2.15%,2025,52.79%
2025-04-14,AMD,Equity,94.5,36003000,1.18%,2.38%,-55.29%,1075,102.38,0.21%,2025,77.53%
2025-04-14,AVGO,Equity,176.32579040527344,25748300,-1.97%,363.49%,-28.25%,1075,463.49,-2.94%,2025,50.54%
2025-04-14,INTC,Equity,20.309999465942383,101964400,2.89%,-54.77%,-67.29%,1075,45.23,1.92%,2025,82.49%
2025-04-14,NVDA,Equity,110.43150329589844,264705000,-0.2%,746.47%,-25.9%,1075,846.47,-1.17%,2025,34.88%
2025-04-14,SPY,Benchmark,530.3233032226562,68034000,0.97%,55.25%,-11.78%,1075,155.25,0.0%,2025,18.01%
2025-04-14,TSM,Equity,153.16290283203125,17509400,-0.79%,50.29%,-30.35%,1075,150.29,-1.76%,2025,52.79%
2025-04-15,AMD,Equity,95.29000091552734,28116500,0.84%,3.24%,-54.92%,1076,103.24,1.12%,2025,77.53%
2025-04-15,AVGO,Equity,176.9090576171875,17242400,0.33%,365.02%,-28.01%,1076,465.02,0.61%,2025,50.54%
2025-04-15,INTC,Equity,19.850000381469727,64056900,-2.26%,-55.79%,-68.03%,1076,44.21,-1.98%,2025,82.49%
2025-04-15,NVDA,Equity,111.9177474975586,228966900,1.35%,757.86%,-24.91%,1076,857.86,1.63%,2025,34.88%
2025-04-15,SPY,Benchmark,528.8378295898438,56892900,-0.28%,54.82%,-12.02%,1076,154.82,0.0%,2025,18.01%
2025-04-15,TSM,Equity,154.62733459472656,14306600,0.96%,51.72%,-29.68%,1076,151.72,1.24%,2025,52.79%
2025-04-16,AMD,Equity,88.29000091552734,62109000,-7.35%,-4.34%,-58.23%,1077,95.66,-5.12%,2025,77.53%
2025-04-16,AVGO,Equity,172.61856079101562,34638600,-2.43%,353.74%,-29.76%,1077,453.74,-0.2%,2025,50.54%
2025-04-16,INTC,Equity,19.229999542236328,89469700,-3.12%,-57.17%,-69.03%,1077,42.83,-0.9%,2025,82.49%
2025-04-16,NVDA,Equity,104.22714233398438,397016900,-6.87%,698.91%,-30.07%,1077,798.91,-4.65%,2025,34.88%
2025-04-16,SPY,Benchmark,517.0828857421875,83484800,-2.22%,51.38%,-13.98%,1077,151.38,0.0%,2025,18.01%
2025-04-16,TSM,Equity,149.06454467773438,23806100,-3.6%,46.27%,-32.21%,1077,146.27,-1.37%,2025,52.79%
2025-04-17,AMD,Equity,87.5,34801400,-0.89%,-5.2%,-58.61%,1078,94.8,-1.04%,2025,77.53%
2025-04-17,AVGO,Equity,169.0398406982422,22501800,-2.07%,344.33%,-31.21%,1078,444.33,-2.22%,2025,50.54%
2025-04-17,INTC,Equity,18.93000030517578,85646700,-1.56%,-57.84%,-69.51%,1078,42.16,-1.7%,2025,82.49%
2025-04-17,NVDA,Equity,101.23468780517578,292517500,-2.87%,675.97%,-32.08%,1078,775.97,-3.01%,2025,34.88%
2025-04-17,SPY,Benchmark,517.8206176757812,79868100,0.14%,51.59%,-13.86%,1078,151.59,0.0%,2025,18.01%
2025-04-17,TSM,Equity,149.1333465576172,27239900,0.05%,46.33%,-32.18%,1078,146.33,-0.1%,2025,52.79%
2025-04-21,AMD,Equity,85.55999755859375,33855400,-2.22%,-7.3%,-59.52%,1079,92.7,0.16%,2025,77.53%
2025-04-21,AVGO,Equity,164.31436157226562,23469800,-2.8%,331.91%,-33.14%,1079,431.91,-0.42%,2025,50.54%
2025-04-21,INTC,Equity,18.84000015258789,72409900,-0.48%,-58.04%,-69.65%,1079,41.96,1.9%,2025,82.49%
2025-04-21,NVDA,Equity,96.66622161865234,288501100,-4.51%,640.95%,-35.14%,1079,740.95,-2.13%,2025,34.88%
2025-04-21,SPY,Benchmark,505.4951171875,69368100,-2.38%,47.98%,-15.91%,1079,147.98,0.0%,2025,18.01%
2025-04-21,TSM,Equity,145.3199920654297,15170500,-2.56%,42.59%,-33.92%,1079,142.59,-0.18%,2025,52.79%
2025-04-22,AMD,Equity,86.26000213623047,35236700,0.82%,-6.54%,-59.19%,1080,93.46,-1.78%,2025,77.53%
2025-04-22,AVGO,Equity,167.6459197998047,18504900,2.03%,340.67%,-31.78%,1080,440.67,-0.57%,2025,50.54%
2025-04-22,INTC,Equity,19.510000228881836,83365600,3.56%,-56.55%,-68.57%,1080,43.45,0.95%,2025,82.49%
2025-04-22,NVDA,Equity,98.64122772216797,241004800,2.04%,656.09%,-33.82%,1080,756.09,-0.56%,2025,34.88%
2025-04-22,SPY,Benchmark,518.64697265625,75948100,2.6%,51.83%,-13.72%,1080,151.83,0.0%,2025,18.01%
2025-04-22,TSM,Equity,148.79917907714844,12668600,2.39%,46.01%,-32.33%,1080,146.01,-0.21%,2025,52.79%
2025-04-23,AMD,Equity,90.38999938964844,41102600,4.79%,-2.07%,-57.24%,1081,97.93,3.24%,2025,77.53%
2025-04-23,AVGO,Equity,174.892333984375,24380500,4.32%,359.72%,-28.83%,1081,459.72,2.77%,2025,50.54%
2025-04-23,INTC,Equity,20.59000015258789,97188100,5.54%,-54.15%,-66.83%,1081,45.85,3.99%,2025,82.49%
2025-04-23,NVDA,Equity,102.45161437988281,247526000,3.86%,685.3%,-31.26%,1081,785.3,2.31%,2025,34.88%
2025-04-23,SPY,Benchmark,526.6836547851562,90590700,1.55%,54.19%,-12.38%,1081,154.19,0.0%,2025,18.01%
2025-04-23,TSM,Equity,155.0990753173828,17667900,4.23%,52.19%,-29.47%,1081,152.19,2.68%,2025,52.79%
2025-04-24,AMD,Equity,94.47000122070312,33681900,4.51%,2.35%,-55.31%,1082,102.35,2.41%,2025,77.53%
2025-04-24,AVGO,Equity,186.00411987304688,27576900,6.35%,388.93%,-24.31%,1082,488.93,4.25%,2025,50.54%
2025-04-24,INTC,Equity,21.489999771118164,117086200,4.37%,-52.14%,-65.39%,1082,47.86,2.27%,2025,82.49%
2025-04-24,NVDA,Equity,106.16226196289062,220815000,3.62%,713.74%,-28.77%,1082,813.74,1.52%,2025,34.88%
2025-04-24,SPY,Benchmark,537.769775390625,64150400,2.1%,57.43%,-10.54%,1082,157.43,0.0%,2025,18.01%
2025-04-24,TSM,Equity,161.35963439941406,18761100,4.04%,58.33%,-26.62%,1082,158.33,1.93%,2025,52.79%
2025-04-25,AMD,Equity,96.6500015258789,28575300,2.31%,4.71%,-54.28%,1083,104.71,1.59%,2025,77.53%
2025-04-25,AVGO,Equity,190.11668395996094,21242300,2.21%,399.74%,-22.64%,1083,499.74,1.49%,2025,50.54%
2025-04-25,INTC,Equity,20.049999237060547,147711200,-6.7%,-55.35%,-67.7%,1083,44.65,-7.42%,2025,82.49%
2025-04-25,NVDA,Equity,110.73074340820312,251064700,4.3%,748.76%,-25.7%,1083,848.76,3.58%,2025,34.88%
2025-04-25,SPY,Benchmark,541.6553344726562,61119600,0.72%,58.57%,-9.89%,1083,158.57,0.0%,2025,18.01%
2025-04-25,TSM,Equity,162.26385498046875,14654800,0.56%,59.22%,-26.21%,1083,159.22,-0.16%,2025,52.79%
2025-04-28,AMD,Equity,96.38999938964844,30456700,-0.27%,4.43%,-54.4%,1084,104.43,-0.31%,2025,77.53%
2025-04-28,AVGO,Equity,190.27488708496094,16385800,0.08%,400.15%,-22.57%,1084,500.15,0.05%,2025,50.54%
2025-04-28,INTC,Equity,20.510000228881836,96624400,2.29%,-54.32%,-66.96%,1084,45.68,2.26%,2025,82.49%
2025-04-28,NVDA,Equity,108.45648193359375,207708500,-2.05%,731.33%,-27.23%,1084,831.33,-2.09%,2025,34.88%
2025-04-28,SPY,Benchmark,541.86181640625,47613800,0.04%,58.63%,-9.86%,1084,158.63,0.0%,2025,18.01%
2025-04-28,TSM,Equity,160.59303283691406,11415600,-1.03%,57.58%,-26.97%,1084,157.58,-1.07%,2025,52.79%
2025-04-29,AMD,Equity,96.05999755859375,20700600,-0.34%,4.07%,-54.56%,1085,104.07,-0.97%,2025,77.53%
2025-04-29,AVGO,Equity,188.98968505859375,14630000,-0.68%,396.77%,-23.1%,1085,496.77,-1.31%,2025,50.54%
2025-04-29,INTC,Equity,20.34000015258789,70031900,-0.83%,-54.7%,-67.24%,1085,45.3,-1.46%,2025,82.49%
2025-04-29,NVDA,Equity,108.74574279785156,170444300,0.27%,733.54%,-27.04%,1085,833.54,-0.36%,2025,34.88%
2025-04-29,SPY,Benchmark,545.2752685546875,47775100,0.63%,59.63%,-9.29%,1085,159.63,0.0%,2025,18.01%
2025-04-29,TSM,Equity,161.65447998046875,9830100,0.66%,58.62%,-26.49%,1085,158.62,0.03%,2025,52.79%
2025-04-30,AMD,Equity,97.3499984741211,29730700,1.34%,5.47%,-53.95%,1086,105.47,1.3%,2025,77.53%
2025-04-30,AVGO,Equity,190.27488708496094,22768900,0.68%,400.15%,-22.57%,1086,500.15,0.64%,2025,50.54%
2025-04-30,INTC,Equity,20.100000381469727,68297300,-1.18%,-55.24%,-67.62%,1086,44.76,-1.22%,2025,82.49%
2025-04-30,NVDA,Equity,108.64599609375,235044600,-0.09%,732.78%,-27.1%,1086,832.78,-0.13%,2025,34.88%
2025-04-30,SPY,Benchmark,545.49169921875,93101500,0.04%,59.69%,-9.25%,1086,159.69,0.0%,2025,18.01%
2025-04-30,TSM,Equity,163.8265380859375,10073000,1.34%,60.75%,-25.5%,1086,160.75,1.3%,2025,52.79%
2025-05-01,AMD,Equity,96.6500015258789,29591500,-0.72%,4.71%,-54.28%,1087,104.71,-1.43%,2025,77.53%
2025-05-01,AVGO,Equity,195.0794677734375,24939700,2.53%,412.78%,-20.62%,1087,512.78,1.82%,2025,50.54%
2025-05-01,INTC,Equity,19.979999542236328,72607500,-0.6%,-55.5%,-67.82%,1087,44.5,-1.31%,2025,82.49%
2025-05-01,NVDA,Equity,111.32923889160156,236121500,2.47%,753.35%,-25.3%,1087,853.35,1.76%,2025,34.88%
2025-05-01,SPY,Benchmark,549.3574829101562,63186100,0.71%,60.82%,-8.61%,1087,160.82,0.0%,2025,18.01%
2025-05-01,TSM,Equity,169.75294494628906,22670600,3.62%,66.57%,-22.81%,1087,166.57,2.91%,2025,52.79%
2025-05-02,AMD,Equity,98.80000305175781,29957900,2.22%,7.04%,-53.26%,1088,107.04,0.74%,2025,77.53%
2025-05-02,AVGO,Equity,201.31747436523438,17766800,3.2%,429.18%,-18.08%,1088,529.18,1.71%,2025,50.54%
2025-05-02,INTC,Equity,20.6200008392334,63298500,3.2%,-54.08%,-66.79%,1088,45.92,1.72%,2025,82.49%
2025-05-02,NVDA,Equity,114.21196746826172,190194800,2.59%,775.44%,-23.37%,1088,875.44,1.1%,2025,34.88%
2025-05-02,SPY,Benchmark,557.51220703125,60717300,1.48%,63.21%,-7.25%,1088,163.21,0.0%,2025,18.01%
2025-05-02,TSM,Equity,176.2002716064453,21691200,3.8%,72.89%,-19.87%,1088,172.89,2.31%,2025,52.79%
2025-05-05,AMD,Equity,100.58999633789062,41268900,1.81%,8.98%,-52.41%,1089,108.98,2.39%,2025,77.53%
2025-05-05,AVGO,Equity,198.4307861328125,14025400,-1.43%,421.59%,-19.25%,1089,521.59,-0.86%,2025,50.54%
2025-05-05,INTC,Equity,20.270000457763672,44237000,-1.7%,-54.86%,-67.35%,1089,45.14,-1.12%,2025,82.49%
2025-05-05,NVDA,Equity,113.53369140625,133163200,-0.59%,770.24%,-23.82%,1089,870.24,-0.02%,2025,34.88%
2025-05-05,SPY,Benchmark,554.3153076171875,38659200,-0.57%,62.28%,-7.79%,1089,162.28,0.0%,2025,18.01%
2025-05-05,TSM,Equity,173.36973571777344,14618900,-1.61%,70.12%,-21.16%,1089,170.12,-1.03%,2025,52.79%
2025-05-06,AMD,Equity,98.62000274658203,54264300,-1.96%,6.85%,-53.34%,1090,106.85,-1.12%,2025,77.53%
2025-05-06,AVGO,Equity,197.80795288085938,16348800,-0.31%,419.95%,-19.51%,1090,519.95,0.52%,2025,50.54%
2025-05-06,INTC,Equity,19.940000534057617,51330800,-1.63%,-55.59%,-67.88%,1090,44.41,-0.79%,2025,82.49%
2025-05-06,NVDA,Equity,113.25438690185547,158525600,-0.25%,768.1%,-24.01%,1090,868.1,0.59%,2025,34.88%
2025-05-06,SPY,Benchmark,549.6821899414062,48264700,-0.84%,60.92%,-8.56%,1090,160.92,0.0%,2025,18.01%
2025-05-06,TSM,Equity,169.32049560546875,14565600,-2.34%,66.14%,-23.0%,1090,166.14,-1.5%,2025,52.79%
2025-05-07,AMD,Equity,100.36000061035156,86474400,1.76%,8.73%,-52.52%,1091,108.73,1.34%,2025,77.53%
2025-05-07,AVGO,Equity,202.47412109375,20253700,2.36%,432.22%,-17.61%,1091,532.22,1.94%,2025,50.54%
2025-05-07,INTC,Equity,20.309999465942383,61002600,1.86%,-54.77%,-67.29%,1091,45.23,1.44%,2025,82.49%
2025-05-07,NVDA,Equity,116.7655258178711,206758800,3.1%,795.02%,-21.66%,1091,895.02,2.68%,2025,34.88%
2025-05-07,SPY,Benchmark,551.9938354492188,55588000,0.42%,61.6%,-8.17%,1091,161.6,0.0%,2025,18.01%
2025-05-07,TSM,Equity,171.54168701171875,9682500,1.31%,68.32%,-21.99%,1091,168.32,0.89%,2025,52.79%
2025-05-08,AMD,Equity,101.69999694824219,54231400,1.34%,10.18%,-51.89%,1092,110.18,0.64%,2025,77.53%
2025-05-08,AVGO,Equity,205.400390625,18460900,1.45%,439.91%,-16.42%,1092,539.91,0.75%,2025,50.54%
2025-05-08,INTC,Equity,21.0,71651700,3.4%,-53.23%,-66.17%,1092,46.77,2.7%,2025,82.49%
2025-05-08,NVDA,Equity,117.07474517822266,198428100,0.26%,797.39%,-21.45%,1092,897.39,-0.43%,2025,34.88%
2025-05-08,SPY,Benchmark,555.8399658203125,65130800,0.7%,62.72%,-7.53%,1092,162.72,0.0%,2025,18.01%
2025-05-08,TSM,Equity,172.2100067138672,10343000,0.39%,68.98%,-21.69%,1092,168.98,-0.31%,2025,52.79%
2025-05-09,AMD,Equity,102.83999633789062,31704300,1.12%,11.42%,-51.35%,1093,111.42,1.25%,2025,77.53%
2025-05-09,AVGO,Equity,205.82545471191406,13289200,0.21%,441.03%,-16.24%,1093,541.03,0.33%,2025,50.54%
2025-05-09,INTC,Equity,21.420000076293945,51768600,2.0%,-52.3%,-65.5%,1093,47.7,2.13%,2025,82.49%
2025-05-09,NVDA,Equity,116.3565673828125,132972200,-0.61%,791.88%,-21.93%,1093,891.88,-0.49%,2025,34.88%
2025-05-09,SPY,Benchmark,555.1317749023438,37603400,-0.13%,62.51%,-7.65%,1093,162.51,0.0%,2025,18.01%
2025-05-09,TSM,Equity,173.48765563964844,11582800,0.74%,70.23%,-21.11%,1093,170.23,0.87%,2025,52.79%
2025-05-12,AMD,Equity,108.12000274658203,50543400,5.13%,17.14%,-48.85%,1094,117.14,1.83%,2025,77.53%
2025-05-12,AVGO,Equity,219.05287170410156,25437700,6.43%,475.8%,-10.86%,1094,575.8,3.12%,2025,50.54%
2025-05-12,INTC,Equity,22.18000030517578,94578700,3.55%,-50.6%,-64.27%,1094,49.4,0.24%,2025,82.49%
2025-05-12,NVDA,Equity,122.69058227539062,225023300,5.44%,840.43%,-17.68%,1094,940.43,2.14%,2025,34.88%
2025-05-12,SPY,Benchmark,573.4774169921875,78993600,3.3%,67.89%,-4.6%,1094,167.89,0.0%,2025,18.01%
2025-05-12,TSM,Equity,183.76797485351562,22064900,5.93%,80.32%,-16.43%,1094,180.32,2.62%,2025,52.79%
2025-05-13,AMD,Equity,112.45999908447266,55659500,4.01%,21.84%,-46.8%,1095,121.84,3.35%,2025,77.53%
2025-05-13,AVGO,Equity,229.76922607421875,28790500,4.89%,503.97%,-6.5%,1095,603.97,4.23%,2025,50.54%
2025-05-13,INTC,Equity,22.559999465942383,76850400,1.71%,-49.76%,-63.66%,1095,50.24,1.05%,2025,82.49%
2025-05-13,NVDA,Equity,129.6031494140625,330430100,5.63%,893.42%,-13.04%,1095,993.42,4.97%,2025,34.88%
2025-05-13,SPY,Benchmark,577.2646484375,67947200,0.66%,68.99%,-3.97%,1095,168.99,0.0%,2025,18.01%
2025-05-13,TSM,Equity,190.65757751464844,19996000,3.75%,87.08%,-13.3%,1095,187.08,3.09%,2025,52.79%
2025-05-14,AMD,Equity,117.72000122070312,86743700,4.68%,27.54%,-44.31%,1096,127.54,4.55%,2025,77.53%
2025-05-14,AVGO,Equity,229.47265625,19751400,-0.13%,503.19%,-6.62%,1096,603.19,-0.26%,2025,50.54%
2025-05-14,INTC,Equity,21.520000457763672,91584800,-4.61%,-52.07%,-65.34%,1096,47.93,-4.74%,2025,82.49%
2025-05-14,NVDA,Equity,134.99954223632812,281180800,4.16%,934.78%,-9.42%,1096,1034.78,4.04%,2025,34.88%
2025-05-14,SPY,Benchmark,578.00244140625,66283500,0.13%,69.21%,-3.85%,1096,169.21,0.0%,2025,18.01%
2025-05-14,TSM,Equity,191.41433715820312,12359000,0.4%,87.82%,-12.96%,1096,187.82,0.27%,2025,52.79%
2025-05-15,AMD,Equity,114.98999786376953,43843200,-2.32%,24.58%,-45.6%,1097,124.58,-2.81%,2025,77.53%
2025-05-15,AVGO,Equity,229.98672485351562,18803700,0.22%,504.54%,-6.41%,1097,604.54,-0.26%,2025,50.54%
2025-05-15,INTC,Equity,21.549999237060547,66705500,0.14%,-52.01%,-65.29%,1097,47.99,-0.35%,2025,82.49%
2025-05-15,NVDA,Equity,134.49081420898438,226632600,-0.38%,930.88%,-9.76%,1097,1030.88,-0.87%,2025,34.88%
2025-05-15,SPY,Benchmark,580.8255615234375,71268100,0.49%,70.04%,-3.38%,1097,170.04,0.0%,2025,18.01%
2025-05-15,TSM,Equity,190.8836212158203,10241800,-0.28%,87.3%,-13.2%,1097,187.3,-0.77%,2025,52.79%
2025-05-16,AMD,Equity,117.16999816894531,43419700,1.9%,26.94%,-44.57%,1098,126.94,1.26%,2025,77.53%
2025-05-16,AVGO,Equity,226.002685546875,23094600,-1.73%,494.06%,-8.03%,1098,594.06,-2.37%,2025,50.54%
2025-05-16,INTC,Equity,21.65999984741211,55795100,0.51%,-51.76%,-65.11%,1098,48.24,-0.12%,2025,82.49%
2025-05-16,NVDA,Equity,135.05938720703125,226542500,0.42%,935.24%,-9.38%,1098,1035.24,-0.21%,2025,34.88%
2025-05-16,SPY,Benchmark,584.5045776367188,76052100,0.63%,71.11%,-2.76%,1098,171.11,0.0%,2025,18.01%
2025-05-16,TSM,Equity,190.8836212158203,9146700,0.0%,87.3%,-13.2%,1098,187.3,-0.63%,2025,52.79%
2025-05-19,AMD,Equity,114.73999786376953,37737400,-2.07%,24.31%,-45.72%,1099,124.31,-2.18%,2025,77.53%
2025-05-19,AVGO,Equity,227.99964904785156,15355500,0.88%,499.31%,-7.22%,1099,599.31,0.77%,2025,50.54%
2025-05-19,INTC,Equity,21.3799991607666,64279100,-1.29%,-52.39%,-65.56%,1099,47.61,-1.4%,2025,82.49%
2025-05-19,NVDA,Equity,135.22898864746094,193154600,0.13%,936.54%,-9.27%,1099,1036.54,0.02%,2025,34.88%
2025-05-19,SPY,Benchmark,585.1438598632812,68168500,0.11%,71.3%,-2.66%,1099,171.3,0.0%,2025,18.01%
2025-05-19,TSM,Equity,190.1759796142578,10144400,-0.37%,86.61%,-13.52%,1099,186.61,-0.48%,2025,52.79%
2025-05-20,AMD,Equity,113.51000213623047,29030800,-1.07%,22.98%,-46.3%,1100,122.98,-0.74%,2025,77.53%
2025-05-20,AVGO,Equity,229.0376434326172,11787200,0.46%,502.04%,-6.8%,1100,602.04,0.79%,2025,50.54%
2025-05-20,INTC,Equity,21.270000457763672,48497400,-0.51%,-52.63%,-65.74%,1100,47.37,-0.18%,2025,82.49%
2025-05-20,NVDA,Equity,134.0419464111328,161514200,-0.88%,927.44%,-10.06%,1100,1027.44,-0.54%,2025,34.88%
2025-05-20,SPY,Benchmark,583.1764526367188,60614500,-0.34%,70.72%,-2.99%,1100,170.72,0.0%,2025,18.01%
2025-05-20,TSM,Equity,190.1268310546875,7054100,-0.03%,86.56%,-13.54%,1100,186.56,0.31%,2025,52.79%
2025-05-21,AMD,Equity,112.05999755859375,43594600,-1.28%,21.41%,-46.99%,1101,121.41,0.41%,2025,77.53%
2025-05-21,AVGO,Equity,227.1099090576172,17642900,-0.84%,496.98%,-7.58%,1101,596.98,0.84%,2025,50.54%
2025-05-21,INTC,Equity,20.690000534057617,62904700,-2.73%,-53.92%,-66.67%,1101,46.08,-1.04%,2025,82.49%
2025-05-21,NVDA,Equity,131.46844482421875,270608700,-1.92%,907.71%,-11.79%,1101,1007.71,-0.23%,2025,34.88%
2025-05-21,SPY,Benchmark,573.3495483398438,95197700,-1.69%,67.85%,-4.62%,1101,167.85,0.0%,2025,18.01%
2025-05-21,TSM,Equity,188.4658660888672,7375700,-0.87%,84.93%,-14.3%,1101,184.93,0.81%,2025,52.79%
2025-05-22,AMD,Equity,110.70999908447266,29252000,-1.2%,19.95%,-47.63%,1102,119.95,-1.24%,2025,77.53%
2025-05-22,AVGO,Equity,227.90078735351562,14340200,0.35%,499.05%,-7.26%,1102,599.05,0.31%,2025,50.54%
2025-05-22,INTC,Equity,20.549999237060547,56077500,-0.68%,-54.23%,-66.9%,1102,45.77,-0.72%,2025,82.49%
2025-05-22,NVDA,Equity,132.49586486816406,187344000,0.78%,915.59%,-11.1%,1102,1015.59,0.74%,2025,34.88%
2025-05-22,SPY,Benchmark,573.5758056640625,70860400,0.04%,67.91%,-4.58%,1102,167.91,0.0%,2025,18.01%
2025-05-22,TSM,Equity,192.81976318359375,11825000,2.31%,89.2%,-12.32%,1102,189.2,2.27%,2025,52.79%
2025-05-23,AMD,Equity,110.30999755859375,30867300,-0.36%,19.51%,-47.81%,1103,119.51,0.32%,2025,77.53%
2025-05-23,AVGO,Equity,226.11141967773438,15385600,-0.79%,494.35%,-7.99%,1103,594.35,-0.1%,2025,50.54%
2025-05-23,INTC,Equity,20.049999237060547,68206100,-2.43%,-55.35%,-67.7%,1103,44.65,-1.75%,2025,82.49%
2025-05-23,NVDA,Equity,130.959716796875,198821300,-1.16%,903.82%,-12.13%,1103,1003.82,-0.48%,2025,34.88%
2025-05-23,SPY,Benchmark,569.6607055664062,76029000,-0.68%,66.77%,-5.23%,1103,166.77,0.0%,2025,18.01%
2025-05-23,TSM,Equity,188.68206787109375,9403100,-2.15%,85.14%,-14.2%,1103,185.14,-1.46%,2025,52.79%
2025-05-27,AMD,Equity,114.55999755859375,37885000,3.85%,24.12%,-45.8%,1104,124.12,1.77%,2025,77.53%
2025-05-27,AVGO,Equity,232.96238708496094,17941700,3.03%,512.36%,-5.2%,1104,612.36,0.95%,2025,50.54%
2025-05-27,INTC,Equity,20.549999237060547,69504600,2.49%,-54.23%,-66.9%,1104,45.77,0.41%,2025,82.49%
2025-05-27,NVDA,Equity,135.1591339111328,192953600,3.21%,936.0%,-9.31%,1104,1036.0,1.13%,2025,34.88%
2025-05-27,SPY,Benchmark,581.5042724609375,72588500,2.08%,70.24%,-3.26%,1104,170.24,0.0%,2025,18.01%
2025-05-27,TSM,Equity,194.28416442871094,12228200,2.97%,90.64%,-11.65%,1104,190.64,0.89%,2025,52.79%
2025-05-28,AMD,Equity,112.86000061035156,27483700,-1.48%,22.28%,-46.61%,1105,122.28,-0.91%,2025,77.53%
2025-05-28,AVGO,Equity,236.69927978515625,20443000,1.6%,522.18%,-3.68%,1105,622.18,2.18%,2025,50.54%
2025-05-28,INTC,Equity,20.3700008392334,46096500,-0.88%,-54.64%,-67.19%,1105,45.36,-0.3%,2025,82.49%
2025-05-28,NVDA,Equity,134.4708709716797,304021100,-0.51%,930.73%,-9.78%,1105,1030.73,0.07%,2025,34.88%
2025-05-28,SPY,Benchmark,578.1400756835938,68445500,-0.58%,69.25%,-3.82%,1105,169.25,0.0%,2025,18.01%
2025-05-28,TSM,Equity,192.77061462402344,17787600,-0.78%,89.15%,-12.34%,1105,189.15,-0.2%,2025,52.79%
2025-05-29,AMD,Equity,113.02999877929688,30501400,0.15%,22.46%,-46.53%,1106,122.46,-0.24%,2025,77.53%
2025-05-29,AVGO,Equity,239.21031188964844,20743700,1.06%,528.78%,-2.66%,1106,628.78,0.67%,2025,50.54%
2025-05-29,INTC,Equity,20.25,66372200,-0.59%,-54.9%,-67.38%,1106,45.1,-0.98%,2025,82.49%
2025-05-29,NVDA,Equity,138.83984375,369241900,3.25%,964.22%,-6.84%,1106,1064.22,2.85%,2025,34.88%
2025-05-29,SPY,Benchmark,580.4222412109375,69973300,0.39%,69.92%,-3.44%,1106,169.92,0.0%,2025,18.01%
2025-05-29,TSM,Equity,193.76327514648438,14609900,0.51%,90.13%,-11.89%,1106,190.13,0.12%,2025,52.79%
2025-05-30,AMD,Equity,110.7300033569336,36088500,-2.03%,19.97%,-47.62%,1107,119.97,-1.92%,2025,77.53%
2025-05-30,AVGO,Equity,239.30918884277344,27088600,0.04%,529.04%,-2.62%,1107,629.04,0.15%,2025,50.54%
2025-05-30,INTC,Equity,19.549999237060547,114281900,-3.46%,-56.46%,-68.51%,1107,43.54,-3.34%,2025,82.49%
2025-05-30,NVDA,Equity,134.79006958007812,333170900,-2.92%,933.18%,-9.56%,1107,1033.18,-2.81%,2025,34.88%
2025-05-30,SPY,Benchmark,579.7730712890625,90601200,-0.11%,69.73%,-3.55%,1107,169.73,0.0%,2025,18.01%
2025-05-30,TSM,Equity,189.9990692138672,11998300,-1.94%,86.43%,-13.6%,1107,186.43,-1.83%,2025,52.79%
2025-06-02,AMD,Equity,114.62999725341797,34078400,3.52%,24.19%,-45.77%,1108,124.19,2.96%,2025,77.53%
2025-06-02,AVGO,Equity,245.8734588623047,19197000,2.74%,546.3%,0.0%,1108,646.3,2.18%,2025,50.54%
2025-06-02,INTC,Equity,19.739999771118164,67885500,0.97%,-56.04%,-68.2%,1108,43.96,0.41%,2025,82.49%
2025-06-02,NVDA,Equity,137.03439331054688,197663100,1.67%,950.38%,-8.06%,1108,1050.38,1.1%,2025,34.88%
2025-06-02,SPY,Benchmark,583.038818359375,61630500,0.56%,70.68%,-3.01%,1108,170.68,0.0%,2025,18.01%
2025-06-02,TSM,Equity,191.4929656982422,7447400,0.79%,87.9%,-12.92%,1108,187.9,0.22%,2025,52.79%
2025-06-03,AMD,Equity,117.30999755859375,37161500,2.34%,27.1%,-44.5%,1109,127.1,1.77%,2025,77.53%
2025-06-03,AVGO,Equity,253.92062377929688,30380200,3.27%,567.45%,0.0%,1109,667.45,2.7%,2025,50.54%
2025-06-03,INTC,Equity,20.290000915527344,80401900,2.79%,-54.81%,-67.32%,1109,45.19,2.22%,2025,82.49%
2025-06-03,NVDA,Equity,140.86476135253906,225578800,2.8%,979.74%,-5.49%,1109,1079.74,2.22%,2025,34.88%
2025-06-03,SPY,Benchmark,586.36376953125,63606200,0.57%,71.66%,-2.45%,1109,171.66,0.0%,2025,18.01%
2025-06-03,TSM,Equity,194.21539306640625,9548300,1.42%,90.57%,-11.68%,1109,190.57,0.85%,2025,52.79%
2025-06-04,AMD,Equity,118.58000183105469,31025000,1.08%,28.47%,-43.9%,1110,128.47,1.11%,2025,77.53%
2025-06-04,AVGO,Equity,258.10235595703125,31536000,1.65%,578.44%,0.0%,1110,678.44,1.67%,2025,50.54%
2025-06-04,INTC,Equity,20.25,71166500,-0.2%,-54.9%,-67.38%,1110,45.1,-0.17%,2025,82.49%
2025-06-04,NVDA,Equity,141.56298828125,167120800,0.5%,985.09%,-5.02%,1110,1085.09,0.52%,2025,34.88%
2025-06-04,SPY,Benchmark,586.2064208984375,57314200,-0.03%,71.61%,-2.48%,1110,171.61,0.0%,2025,18.01%
2025-06-04,TSM,Equity,198.92308044433594,13531100,2.42%,95.19%,-9.54%,1110,195.19,2.45%,2025,52.79%
2025-06-05,AMD,Equity,115.69000244140625,34091000,-2.44%,25.34%,-45.27%,1111,125.34,-1.95%,2025,77.53%
2025-06-05,AVGO,Equity,256.9654541015625,41970900,-0.44%,575.45%,-0.44%,1111,675.45,0.04%,2025,50.54%
2025-06-05,INTC,Equity,19.989999771118164,72458400,-1.28%,-55.48%,-67.8%,1111,44.52,-0.8%,2025,82.49%
2025-06-05,NVDA,Equity,139.63784790039062,231397900,-1.36%,970.33%,-6.31%,1111,1070.33,-0.88%,2025,34.88%
2025-06-05,SPY,Benchmark,583.373291015625,92278700,-0.48%,70.78%,-2.95%,1111,170.78,0.0%,2025,18.01%
2025-06-05,TSM,Equity,199.84693908691406,12214300,0.46%,96.1%,-9.12%,1111,196.1,0.95%,2025,52.79%
2025-06-06,AMD,Equity,116.19000244140625,27042100,0.43%,25.88%,-45.03%,1112,125.88,-0.59%,2025,77.53%
2025-06-06,AVGO,Equity,244.11373901367188,41146700,-5.0%,541.67%,-5.42%,1112,641.67,-6.03%,2025,50.54%
2025-06-06,INTC,Equity,20.059999465942383,70072800,0.35%,-55.33%,-67.69%,1112,44.67,-0.68%,2025,82.49%
2025-06-06,NVDA,Equity,141.3634796142578,153986200,1.24%,983.56%,-5.15%,1112,1083.56,0.21%,2025,34.88%
2025-06-06,SPY,Benchmark,589.364013671875,66588700,1.03%,72.54%,-1.96%,1112,172.54,0.0%,2025,18.01%
2025-06-06,TSM,Equity,201.65533447265625,8532000,0.9%,97.87%,-8.3%,1112,197.87,-0.12%,2025,52.79%
2025-06-09,AMD,Equity,121.7300033569336,55437700,4.77%,31.89%,-42.41%,1113,131.89,4.68%,2025,77.53%
2025-06-09,AVGO,Equity,241.4939727783203,25334100,-1.07%,534.78%,-6.43%,1113,634.78,-1.16%,2025,50.54%
2025-06-09,INTC,Equity,20.479999542236328,92893900,2.09%,-54.39%,-67.01%,1113,45.61,2.0%,2025,82.49%
2025-06-09,NVDA,Equity,142.27120971679688,185114500,0.64%,990.52%,-4.54%,1113,1090.52,0.55%,2025,34.88%
2025-06-09,SPY,Benchmark,589.8950805664062,53016400,0.09%,72.69%,-1.87%,1113,172.69,0.0%,2025,18.01%
2025-06-09,TSM,Equity,203.4440460205078,11472300,0.89%,99.63%,-7.49%,1113,199.63,0.8%,2025,52.79%
2025-06-10,AMD,Equity,123.23999786376953,41691900,1.24%,33.52%,-41.7%,1114,133.52,0.67%,2025,77.53%
2025-06-10,AVGO,Equity,241.83998107910156,25491300,0.14%,535.69%,-6.3%,1114,635.69,-0.42%,2025,50.54%
2025-06-10,INTC,Equity,22.079999923706055,171457000,7.81%,-50.83%,-64.43%,1114,49.17,7.25%,2025,82.49%
2025-06-10,NVDA,Equity,143.59783935546875,155881900,0.93%,1000.69%,-3.65%,1114,1100.69,0.37%,2025,34.88%
2025-06-10,SPY,Benchmark,593.2396240234375,66247000,0.57%,73.67%,-1.31%,1114,173.67,0.0%,2025,18.01%
2025-06-10,TSM,Equity,208.81028747558594,14514000,2.64%,104.89%,-5.05%,1114,204.89,2.07%,2025,52.79%
2025-06-11,AMD,Equity,121.13999938964844,32261900,-1.7%,31.25%,-42.69%,1115,131.25,-1.42%,2025,77.53%
2025-06-11,AVGO,Equity,250.02554321289062,24599000,3.38%,557.21%,-3.13%,1115,657.21,3.67%,2025,50.54%
2025-06-11,INTC,Equity,20.68000030517578,146784500,-6.34%,-53.95%,-66.69%,1115,46.05,-6.06%,2025,82.49%
2025-06-11,NVDA,Equity,142.4805908203125,167694000,-0.78%,992.12%,-4.4%,1115,1092.12,-0.49%,2025,34.88%
2025-06-11,SPY,Benchmark,591.5476684570312,73658200,-0.29%,73.18%,-1.59%,1115,173.18,0.0%,2025,18.01%
2025-06-11,TSM,Equity,210.42210388183594,13326400,0.77%,106.47%,-4.31%,1115,206.47,1.06%,2025,52.79%
2025-06-12,AMD,Equity,118.5,44718400,-2.18%,28.39%,-43.94%,1116,128.39,-2.58%,2025,77.53%
2025-06-12,AVGO,Equity,253.14950561523438,20410900,1.25%,565.42%,-1.92%,1116,665.42,0.85%,2025,50.54%
2025-06-12,INTC,Equity,20.770000457763672,78175900,0.44%,-53.74%,-66.54%,1116,46.26,0.04%,2025,82.49%
2025-06-12,NVDA,Equity,144.645263671875,162365000,1.52%,1008.72%,-2.95%,1116,1108.72,1.12%,2025,34.88%
2025-06-12,SPY,Benchmark,593.898681640625,64129000,0.4%,73.86%,-1.2%,1116,173.86,0.0%,2025,18.01%
2025-06-12,TSM,Equity,212.50343322753906,9796100,0.99%,108.51%,-3.37%,1116,208.51,0.59%,2025,52.79%
2025-06-13,AMD,Equity,116.16000366210938,39702700,-1.97%,25.85%,-45.05%,1117,125.85,-0.86%,2025,77.53%
2025-06-13,AVGO,Equity,245.86355590820312,19028400,-2.88%,546.27%,-4.74%,1117,646.27,-1.76%,2025,50.54%
2025-06-13,INTC,Equity,20.139999389648438,87655900,-3.03%,-55.15%,-67.56%,1117,44.85,-1.92%,2025,82.49%
2025-06-13,NVDA,Equity,141.6226806640625,180820600,-2.09%,985.55%,-4.98%,1117,1085.55,-0.97%,2025,34.88%
2025-06-13,SPY,Benchmark,587.2588500976562,89506000,-1.12%,71.92%,-2.31%,1117,171.92,0.0%,2025,18.01%
2025-06-13,TSM,Equity,208.2322540283203,10152500,-2.01%,104.32%,-5.31%,1117,204.32,-0.89%,2025,52.79%
2025-06-16,AMD,Equity,126.38999938964844,100968500,8.81%,36.93%,-40.21%,1118,136.93,7.86%,2025,77.53%
2025-06-16,AVGO,Equity,249.2247772216797,20363000,1.37%,555.11%,-3.44%,1118,655.11,0.42%,2025,50.54%
2025-06-16,INTC,Equity,20.739999771118164,86745100,2.98%,-53.81%,-66.59%,1118,46.19,2.03%,2025,82.49%
2025-06-16,NVDA,Equity,144.33602905273438,183133700,1.92%,1006.35%,-3.16%,1118,1106.35,0.96%,2025,34.88%
2025-06-16,SPY,Benchmark,592.8461303710938,79984100,0.95%,73.56%,-1.38%,1118,173.56,0.0%,2025,18.01%
2025-06-16,TSM,Equity,212.7500457763672,10932900,2.17%,108.76%,-3.25%,1118,208.76,1.22%,2025,52.79%
2025-06-17,AMD,Equity,127.0999984741211,86623900,0.56%,37.7%,-39.87%,1119,137.7,1.42%,2025,77.53%
2025-06-17,AVGO,Equity,246.52590942382812,22014300,-1.08%,548.01%,-4.49%,1119,648.01,-0.23%,2025,50.54%
2025-06-17,INTC,Equity,20.799999237060547,87512200,0.29%,-53.68%,-66.5%,1119,46.32,1.14%,2025,82.49%
2025-06-17,NVDA,Equity,143.7674102783203,139108000,-0.39%,1001.99%,-3.54%,1119,1101.99,0.46%,2025,34.88%
2025-06-17,SPY,Benchmark,587.7802124023438,82209400,-0.85%,72.07%,-2.22%,1119,172.07,0.0%,2025,18.01%
2025-06-17,TSM,Equity,210.9942169189453,8389700,-0.83%,107.03%,-4.05%,1119,207.03,0.03%,2025,52.79%
2025-06-18,AMD,Equity,126.79000091552734,49627100,-0.24%,37.37%,-40.02%,1120,137.37,-0.23%,2025,77.53%
2025-06-18,AVGO,Equity,248.39434814453125,30435500,0.76%,552.92%,-3.76%,1120,652.92,0.77%,2025,50.54%
2025-06-18,INTC,Equity,21.489999771118164,94200600,3.32%,-52.14%,-65.39%,1120,47.86,3.33%,2025,82.49%
2025-06-18,NVDA,Equity,145.1240997314453,161494100,0.94%,1012.39%,-2.63%,1120,1112.39,0.96%,2025,34.88%
2025-06-18,SPY,Benchmark,587.6917114257812,76605000,-0.02%,72.05%,-2.23%,1120,172.05,0.0%,2025,18.01%
2025-06-18,TSM,Equity,210.5996551513672,6932000,-0.19%,106.65%,-4.23%,1120,206.65,-0.17%,2025,52.79%
2025-06-20,AMD,Equity,128.24000549316406,79931000,1.14%,38.94%,-39.33%,1121,138.94,1.38%,2025,77.53%
2025-06-20,AVGO,Equity,247.72055053710938,42134900,-0.27%,551.15%,-4.02%,1121,651.15,-0.04%,2025,50.54%
2025-06-20,INTC,Equity,21.079999923706055,133472800,-1.91%,-53.05%,-66.05%,1121,46.95,-1.67%,2025,82.49%
2025-06-20,NVDA,Equity,143.49807739257812,242956200,-1.12%,999.92%,-3.72%,1121,1099.92,-0.89%,2025,34.88%
2025-06-20,SPY,Benchmark,586.3114624023438,94051400,-0.23%,71.64%,-2.46%,1121,171.64,0.0%,2025,18.01%
2025-06-20,TSM,Equity,206.6638641357422,16992000,-1.87%,102.78%,-6.02%,1121,202.78,-1.63%,2025,52.79%
2025-06-23,AMD,Equity,129.5800018310547,65152900,1.04%,40.39%,-38.7%,1122,140.39,0.06%,2025,77.53%
2025-06-23,AVGO,Equity,251.4662322998047,19747000,1.51%,561.0%,-2.57%,1122,661.0,0.52%,2025,50.54%
2025-06-23,INTC,Equity,21.190000534057617,81461000,0.52%,-52.81%,-65.87%,1122,47.19,-0.47%,2025,82.49%
2025-06-23,NVDA,Equity,143.81729125976562,154308900,0.22%,1002.37%,-3.5%,1122,1102.37,-0.77%,2025,34.88%
2025-06-23,SPY,Benchmark,592.102783203125,87426000,0.99%,73.34%,-1.5%,1122,173.34,0.0%,2025,18.01%
2025-06-23,TSM,Equity,207.4628448486328,7535500,0.39%,103.57%,-5.66%,1122,203.57,-0.6%,2025,52.79%
2025-06-24,AMD,Equity,138.42999267578125,78572000,6.83%,49.98%,-34.51%,1123,149.98,5.73%,2025,77.53%
2025-06-24,AVGO,Equity,261.37542724609375,32764900,3.94%,587.04%,0.0%,1123,687.04,2.84%,2025,50.54%
2025-06-24,INTC,Equity,22.549999237060547,130368700,6.42%,-49.78%,-63.68%,1123,50.22,5.31%,2025,82.49%
2025-06-24,NVDA,Equity,147.53817749023438,187566100,2.59%,1030.89%,-1.01%,1123,1130.89,1.48%,2025,34.88%
2025-06-24,SPY,Benchmark,598.6439819335938,67735300,1.1%,75.25%,-0.41%,1123,175.25,0.0%,2025,18.01%
2025-06-24,TSM,Equity,217.10012817382812,14814700,4.65%,113.02%,-1.28%,1123,213.02,3.54%,2025,52.79%
2025-06-25,AMD,Equity,143.39999389648438,74607200,3.59%,55.36%,-32.16%,1124,155.36,3.53%,2025,77.53%
2025-06-25,AVGO,Equity,262.2474365234375,18894200,0.33%,589.34%,0.0%,1124,689.34,0.28%,2025,50.54%
2025-06-25,INTC,Equity,22.200000762939453,64975100,-1.55%,-50.56%,-64.24%,1124,49.44,-1.61%,2025,82.49%
2025-06-25,NVDA,Equity,153.9324951171875,269146500,4.33%,1079.9%,0.0%,1124,1179.9,4.28%,2025,34.88%
2025-06-25,SPY,Benchmark,598.979248046875,62114800,0.06%,75.35%,-0.36%,1124,175.35,0.0%,2025,18.01%
2025-06-25,TSM,Equity,219.71414184570312,9168400,1.2%,115.59%,-0.09%,1124,215.59,1.15%,2025,52.79%
2025-06-26,AMD,Equity,143.67999267578125,58180100,0.2%,55.67%,-32.03%,1125,155.67,-0.59%,2025,77.53%
2025-06-26,AVGO,Equity,267.7173767089844,23569600,2.09%,603.72%,0.0%,1125,703.72,1.3%,2025,50.54%
2025-06-26,INTC,Equity,22.5,63229300,1.35%,-49.89%,-63.76%,1125,50.11,0.57%,2025,82.49%
2025-06-26,NVDA,Equity,154.64077758789062,198145700,0.46%,1085.33%,0.0%,1125,1185.33,-0.32%,2025,34.88%
2025-06-26,SPY,Benchmark,603.66552734375,78548400,0.78%,76.72%,0.0%,1125,176.72,0.0%,2025,18.01%
2025-06-26,TSM,Equity,220.96688842773438,7982200,0.57%,116.82%,0.0%,1125,216.82,-0.21%,2025,52.79%
2025-06-27,AMD,Equity,143.80999755859375,61937900,0.09%,55.81%,-31.97%,1126,155.81,-0.41%,2025,77.53%
2025-06-27,AVGO,Equity,266.90478515625,27477600,-0.3%,601.58%,-0.3%,1126,701.58,-0.8%,2025,50.54%
2025-06-27,INTC,Equity,22.690000534057617,95542400,0.84%,-49.47%,-63.45%,1126,50.53,0.35%,2025,82.49%
2025-06-27,NVDA,Equity,157.3640899658203,263234500,1.76%,1106.21%,0.0%,1126,1206.21,1.26%,2025,34.88%
2025-06-27,SPY,Benchmark,606.6647338867188,86258400,0.5%,77.6%,0.0%,1126,177.6,0.0%,2025,18.01%
2025-06-27,TSM,Equity,225.46495056152344,13133000,2.04%,121.23%,0.0%,1126,221.23,1.54%,2025,52.79%
2025-06-30,AMD,Equity,141.89999389648438,42972500,-1.33%,53.74%,-32.87%,1127,153.74,-1.81%,2025,77.53%
2025-06-30,AVGO,Equity,273.1475830078125,24708400,2.34%,617.99%,0.0%,1127,717.99,1.86%,2025,50.54%
2025-06-30,INTC,Equity,22.399999618530273,77102400,-1.28%,-50.11%,-63.92%,1127,49.89,-1.76%,2025,82.49%
2025-06-30,NVDA,Equity,157.60350036621094,194580300,0.15%,1108.04%,0.0%,1127,1208.04,-0.33%,2025,34.88%
2025-06-30,SPY,Benchmark,609.5653076171875,92502500,0.48%,78.45%,0.0%,1127,178.45,0.0%,2025,18.01%
2025-06-30,TSM,Equity,223.41319274902344,9279800,-0.91%,119.22%,-0.91%,1127,219.22,-1.39%,2025,52.79%
2025-07-01,AMD,Equity,136.11000061035156,55257200,-4.08%,47.46%,-35.61%,1128,147.46,-4.05%,2025,77.53%
2025-07-01,AVGO,Equity,262.3366394042969,28847600,-3.96%,589.57%,-3.96%,1128,689.57,-3.93%,2025,50.54%
2025-07-01,INTC,Equity,22.850000381469727,79094900,2.01%,-49.11%,-63.19%,1128,50.89,2.04%,2025,82.49%
2025-07-01,NVDA,Equity,152.92498779296875,213143600,-2.97%,1072.18%,-2.97%,1128,1172.18,-2.94%,2025,34.88%
2025-07-01,SPY,Benchmark,609.3681640625,70030100,-0.03%,78.39%,-0.03%,1128,178.39,0.0%,2025,18.01%
2025-07-01,TSM,Equity,221.62779235839844,9990200,-0.8%,117.47%,-1.7%,1128,217.47,-0.77%,2025,52.79%
2025-07-02,AMD,Equity,138.52000427246094,39228000,1.77%,50.08%,-34.47%,1129,150.08,1.32%,2025,77.53%
2025-07-02,AVGO,Equity,267.4498291015625,17582100,1.95%,603.01%,-2.09%,1129,703.01,1.5%,2025,50.54%
2025-07-02,INTC,Equity,21.8799991607666,138245300,-4.25%,-51.27%,-64.76%,1129,48.73,-4.7%,2025,82.49%
2025-07-02,NVDA,Equity,156.86532592773438,171224100,2.58%,1102.38%,-0.47%,1129,1202.38,2.12%,2025,34.88%
2025-07-02,SPY,Benchmark,612.1305541992188,66510400,0.45%,79.2%,0.0%,1129,179.2,0.0%,2025,18.01%
2025-07-02,TSM,Equity,230.42660522460938,12012500,3.97%,126.1%,0.0%,1129,226.1,3.52%,2025,52.79%
2025-07-03,AMD,Equity,137.91000366210938,28646000,-0.44%,49.41%,-34.76%,1130,149.41,-1.23%,2025,77.53%
2025-07-03,AVGO,Equity,272.68182373046875,10592700,1.96%,616.76%,-0.17%,1130,716.76,1.17%,2025,50.54%
2025-07-03,INTC,Equity,22.489999771118164,61176000,2.79%,-49.91%,-63.77%,1130,50.09,2.0%,2025,82.49%
2025-07-03,NVDA,Equity,158.9501953125,143716100,1.33%,1118.36%,0.0%,1130,1218.36,0.54%,2025,34.88%
2025-07-03,SPY,Benchmark,616.9549560546875,51065800,0.79%,80.61%,0.0%,1130,180.61,0.0%,2025,18.01%
2025-07-03,TSM,Equity,231.6103057861328,7779600,0.51%,127.26%,0.0%,1130,227.26,-0.27%,2025,52.79%
2025-07-07,AMD,Equity,134.8000030517578,37395000,-2.26%,46.05%,-36.23%,1131,146.05,-1.51%,2025,77.53%
2025-07-07,AVGO,Equity,271.69091796875,16760600,-0.36%,614.16%,-0.53%,1131,714.16,0.38%,2025,50.54%
2025-07-07,INTC,Equity,22.0,80725200,-2.18%,-51.01%,-64.56%,1131,48.99,-1.43%,2025,82.49%
2025-07-07,NVDA,Equity,157.85289001464844,140139000,-0.69%,1109.95%,-0.69%,1131,1209.95,0.05%,2025,34.88%
2025-07-07,SPY,Benchmark,612.357421875,74814500,-0.75%,79.27%,-0.75%,1131,179.27,0.0%,2025,18.01%
2025-07-07,TSM,Equity,226.05679321289062,13817500,-2.4%,121.81%,-2.4%,1131,221.81,-1.65%,2025,52.79%
2025-07-08,AMD,Equity,137.82000732421875,36124600,2.24%,49.32%,-34.8%,1132,149.32,2.3%,2025,77.53%
2025-07-08,AVGO,Equity,269.33251953125,14869400,-0.87%,607.96%,-1.4%,1132,707.96,-0.81%,2025,50.54%
2025-07-08,INTC,Equity,23.59000015258789,119545500,7.23%,-47.46%,-62.0%,1132,52.54,7.28%,2025,82.49%
2025-07-08,NVDA,Equity,159.6085968017578,138133000,1.11%,1123.41%,0.0%,1132,1223.41,1.17%,2025,34.88%
2025-07-08,SPY,Benchmark,612.0220947265625,59024600,-0.05%,79.17%,-0.8%,1132,179.17,0.0%,2025,18.01%
2025-07-08,TSM,Equity,224.76458740234375,8854400,-0.57%,120.55%,-2.96%,1132,220.55,-0.52%,2025,52.79%
2025-07-09,AMD,Equity,138.41000366210938,37013100,0.43%,49.96%,-34.52%,1133,149.96,-0.17%,2025,77.53%
2025-07-09,AVGO,Equity,275.3771667480469,20133000,2.24%,623.85%,0.0%,1133,723.85,1.64%,2025,50.54%
2025-07-09,INTC,Equity,23.440000534057617,70247700,-0.64%,-47.8%,-62.24%,1133,52.2,-1.24%,2025,82.49%
2025-07-09,NVDA,Equity,162.48153686523438,183656400,1.8%,1145.43%,0.0%,1133,1245.43,1.2%,2025,34.88%
2025-07-09,SPY,Benchmark,615.692138671875,66113300,0.6%,80.24%,-0.2%,1133,180.24,0.0%,2025,18.01%
2025-07-09,TSM,Equity,228.69052124023438,9475300,1.75%,124.4%,-1.26%,1133,224.4,1.15%,2025,52.79%
2025-07-10,AMD,Equity,144.16000366210938,61101500,4.15%,56.19%,-31.8%,1134,156.19,3.87%,2025,77.53%
2025-07-10,AVGO,Equity,272.89984130859375,17891600,-0.9%,617.34%,-0.9%,1134,717.34,-1.18%,2025,50.54%
2025-07-10,INTC,Equity,23.81999969482422,54599800,1.62%,-46.95%,-61.63%,1134,53.05,1.34%,2025,82.49%
2025-07-10,NVDA,Equity,163.69857788085938,167704100,0.75%,1154.76%,0.0%,1134,1254.76,0.47%,2025,34.88%
2025-07-10,SPY,Benchmark,617.4285278320312,57529000,0.28%,80.75%,0.0%,1134,180.75,0.0%,2025,18.01%
2025-07-10,TSM,Equity,226.6387481689453,13124700,-0.9%,122.38%,-2.15%,1134,222.38,-1.18%,2025,52.79%
2025-07-11,AMD,Equity,146.4199981689453,50049200,1.57%,58.63%,-30.73%,1135,158.63,1.92%,2025,77.53%
2025-07-11,AVGO,Equity,271.88916015625,14274700,-0.37%,614.68%,-1.27%,1135,714.68,-0.02%,2025,50.54%
2025-07-11,INTC,Equity,23.43000030517578,49367900,-1.64%,-47.82%,-62.26%,1135,52.18,-1.29%,2025,82.49%
2025-07-11,NVDA,Equity,164.5165557861328,193633300,0.5%,1161.03%,0.0%,1135,1261.03,0.85%,2025,34.88%
2025-07-11,SPY,Benchmark,615.258056640625,63670200,-0.35%,80.12%,-0.35%,1135,180.12,0.0%,2025,18.01%
2025-07-11,TSM,Equity,227.2700653076172,8817800,0.28%,123.0%,-1.87%,1135,223.0,0.63%,2025,52.79%
2025-07-14,AMD,Equity,146.24000549316406,44718600,-0.12%,58.44%,-30.82%,1136,158.44,-0.31%,2025,77.53%
2025-07-14,AVGO,Equity,273.0981140136719,11934200,0.44%,617.86%,-0.83%,1136,717.86,0.25%,2025,50.54%
2025-07-14,INTC,Equity,23.299999237060547,48420500,-0.55%,-48.11%,-62.47%,1136,51.89,-0.75%,2025,82.49%
2025-07-14,NVDA,Equity,163.66864013671875,136975800,-0.52%,1154.53%,-0.52%,1136,1254.53,-0.71%,2025,34.88%
2025-07-14,SPY,Benchmark,616.43212890625,51898500,0.19%,80.46%,-0.16%,1136,180.46,0.0%,2025,18.01%
2025-07-14,TSM,Equity,225.56356811523438,10673500,-0.75%,121.33%,-2.61%,1136,221.33,-0.94%,2025,52.79%
2025-07-15,AMD,Equity,155.61000061035156,93370100,6.41%,68.59%,-26.38%,1137,168.59,6.83%,2025,77.53%
2025-07-15,AVGO,Equity,278.3895568847656,17918400,1.94%,631.77%,0.0%,1137,731.77,2.36%,2025,50.54%
2025-07-15,INTC,Equity,22.920000076293945,66099400,-1.63%,-48.96%,-63.08%,1137,51.04,-1.2%,2025,82.49%
2025-07-15,NVDA,Equity,170.28240966796875,230627400,4.04%,1205.23%,0.0%,1137,1305.23,4.47%,2025,34.88%
2025-07-15,SPY,Benchmark,613.7978515625,74317300,-0.43%,79.69%,-0.59%,1137,179.69,0.0%,2025,18.01%
2025-07-15,TSM,Equity,233.73110961914062,14270100,3.62%,129.34%,0.0%,1137,229.34,4.05%,2025,52.79%
2025-07-16,AMD,Equity,160.0800018310547,59492800,2.87%,73.43%,-24.27%,1138,173.43,2.54%,2025,77.53%
2025-07-16,AVGO,Equity,278.2607116699219,15031000,-0.05%,631.43%,-0.05%,1138,731.43,-0.38%,2025,50.54%
2025-07-16,INTC,Equity,22.690000534057617,58865900,-1.0%,-49.47%,-63.45%,1138,50.53,-1.34%,2025,82.49%
2025-07-16,NVDA,Equity,170.9507598876953,158831500,0.39%,1210.35%,0.0%,1138,1310.35,0.06%,2025,34.88%
2025-07-16,SPY,Benchmark,615.8499145507812,88987500,0.33%,80.29%,-0.26%,1138,180.29,0.0%,2025,18.01%
2025-07-16,TSM,Equity,234.3328094482422,15092800,0.26%,129.93%,0.0%,1138,229.93,-0.08%,2025,52.79%
2025-07-17,AMD,Equity,160.41000366210938,50605100,0.21%,73.79%,-24.11%,1139,173.79,-0.41%,2025,77.53%
2025-07-17,AVGO,Equity,283.84954833984375,17231100,2.01%,646.12%,0.0%,1139,746.12,1.4%,2025,50.54%
2025-07-17,INTC,Equity,22.799999237060547,49384000,0.48%,-49.22%,-63.28%,1139,50.78,-0.13%,2025,82.49%
2025-07-17,NVDA,Equity,172.5767822265625,160841100,0.95%,1222.81%,0.0%,1139,1322.81,0.34%,2025,34.88%
2025-07-17,SPY,Benchmark,619.6187744140625,68885700,0.61%,81.39%,0.0%,1139,181.39,0.0%,2025,18.01%
2025-07-17,TSM,Equity,242.26358032226562,27395700,3.38%,137.72%,0.0%,1139,237.72,2.77%,2025,52.79%
2025-07-18,AMD,Equity,156.99000549316406,48859800,-2.13%,70.09%,-25.73%,1140,170.09,-2.06%,2025,77.53%
2025-07-18,AVGO,Equity,280.7677917480469,15012400,-1.09%,638.02%,-1.09%,1140,738.02,-1.01%,2025,50.54%
2025-07-18,INTC,Equity,23.100000381469727,60195600,1.32%,-48.56%,-62.79%,1140,51.44,1.39%,2025,82.49%
2025-07-18,NVDA,Equity,171.98822021484375,146456400,-0.34%,1218.3%,-0.34%,1140,1318.3,-0.27%,2025,34.88%
2025-07-18,SPY,Benchmark,619.1649169921875,65621600,-0.07%,81.26%,-0.07%,1140,181.26,0.0%,2025,18.01%
2025-07-18,TSM,Equity,237.1342315673828,16252000,-2.12%,132.68%,-2.12%,1140,232.68,-2.04%,2025,52.79%
2025-07-21,AMD,Equity,157.0,39021100,0.01%,70.1%,-25.73%,1141,170.1,-0.18%,2025,77.53%
2025-07-21,AVGO,Equity,285.59356689453125,17726800,1.72%,650.7%,0.0%,1141,750.7,1.53%,2025,50.54%
2025-07-21,INTC,Equity,23.260000228881836,61658000,0.69%,-48.2%,-62.53%,1141,51.8,0.5%,2025,82.49%
2025-07-21,NVDA,Equity,170.96075439453125,123126100,-0.6%,1210.43%,-0.94%,1141,1310.43,-0.79%,2025,34.88%
2025-07-21,SPY,Benchmark,620.3389892578125,63375000,0.19%,81.6%,0.0%,1141,181.6,0.0%,2025,18.01%
2025-07-21,TSM,Equity,235.6052703857422,11971800,-0.64%,131.18%,-2.75%,1141,231.18,-0.83%,2025,52.79%
2025-07-22,AMD,Equity,154.72000122070312,49028000,-1.45%,67.63%,-26.8%,1142,167.63,-1.47%,2025,77.53%
2025-07-22,AVGO,Equity,276.0608825683594,16564800,-3.34%,625.65%,-3.34%,1142,725.65,-3.35%,2025,50.54%
2025-07-22,INTC,Equity,23.239999771118164,53969800,-0.09%,-48.24%,-62.57%,1142,51.76,-0.1%,2025,82.49%
2025-07-22,NVDA,Equity,166.62139892578125,193114300,-2.54%,1177.16%,-3.45%,1142,1277.16,-2.55%,2025,34.88%
2025-07-22,SPY,Benchmark,620.427734375,60046300,0.01%,81.63%,0.0%,1142,181.63,0.0%,2025,18.01%
2025-07-22,TSM,Equity,231.41302490234375,11919500,-1.78%,127.07%,-4.48%,1142,227.07,-1.79%,2025,52.79%
2025-07-23,AMD,Equity,158.64999389648438,41510900,2.54%,71.89%,-24.95%,1143,171.89,1.69%,2025,77.53%
2025-07-23,AVGO,Equity,281.1145935058594,20556200,1.83%,638.93%,-1.57%,1143,738.93,0.98%,2025,50.54%
2025-07-23,INTC,Equity,23.489999771118164,68711700,1.08%,-47.69%,-62.16%,1143,52.31,0.22%,2025,82.49%
2025-07-23,NVDA,Equity,170.36219787597656,154082200,2.25%,1205.84%,-1.28%,1143,1305.84,1.39%,2025,34.88%
2025-07-23,SPY,Benchmark,625.7059936523438,70511000,0.85%,83.18%,0.0%,1143,183.18,0.0%,2025,18.01%
2025-07-23,TSM,Equity,237.065185546875,9885400,2.44%,132.62%,-2.15%,1143,232.62,1.59%,2025,52.79%
2025-07-24,AMD,Equity,162.1199951171875,48440100,2.19%,75.64%,-23.3%,1144,175.64,2.15%,2025,77.53%
2025-07-24,AVGO,Equity,286.0890197753906,16413800,1.77%,652.01%,0.0%,1144,752.01,1.74%,2025,50.54%
2025-07-24,INTC,Equity,22.6299991607666,131963300,-3.66%,-49.6%,-63.55%,1144,50.4,-3.69%,2025,82.49%
2025-07-24,NVDA,Equity,173.31500244140625,128984600,1.73%,1228.47%,0.0%,1144,1328.47,1.7%,2025,34.88%
2025-07-24,SPY,Benchmark,625.9132080078125,71307100,0.03%,83.24%,0.0%,1144,183.24,0.0%,2025,18.01%
2025-07-24,TSM,Equity,238.3179473876953,9081900,0.53%,133.84%,-1.63%,1144,233.84,0.5%,2025,52.79%
2025-07-25,AMD,Equity,166.47000122070312,53432300,2.68%,80.36%,-21.25%,1145,180.36,2.26%,2025,77.53%
2025-07-25,AVGO,Equity,287.545654296875,12476200,0.51%,655.84%,0.0%,1145,755.84,0.09%,2025,50.54%
2025-07-25,INTC,Equity,20.700000762939453,245077700,-8.53%,-53.9%,-66.66%,1145,46.1,-8.95%,2025,82.49%
2025-07-25,NVDA,Equity,173.0755615234375,122316800,-0.14%,1226.64%,-0.14%,1145,1326.64,-0.56%,2025,34.88%
2025-07-25,SPY,Benchmark,628.5573120117188,56865400,0.42%,84.01%,0.0%,1145,184.01,0.0%,2025,18.01%
2025-07-25,TSM,Equity,242.26358032226562,11593400,1.66%,137.72%,0.0%,1145,237.72,1.23%,2025,52.79%
2025-07-28,AMD,Equity,173.66000366210938,68267800,4.32%,88.15%,-17.84%,1146,188.15,4.34%,2025,77.53%
2025-07-28,AVGO,Equity,291.6282653808594,13683400,1.42%,666.57%,0.0%,1146,766.57,1.44%,2025,50.54%
2025-07-28,INTC,Equity,20.68000030517578,86105600,-0.1%,-53.95%,-66.69%,1146,46.05,-0.07%,2025,82.49%
2025-07-28,NVDA,Equity,176.317626953125,140023500,1.87%,1251.49%,0.0%,1146,1351.49,1.9%,2025,34.88%
2025-07-28,SPY,Benchmark,628.3994140625,54917100,-0.03%,83.96%,-0.03%,1146,183.96,0.0%,2025,18.01%
2025-07-28,TSM,Equity,239.45230102539062,11892200,-1.16%,134.96%,-1.16%,1146,234.96,-1.14%,2025,52.79%
2025-07-29,AMD,Equity,177.44000244140625,108154800,2.18%,92.24%,-16.06%,1147,192.24,2.44%,2025,77.53%
2025-07-29,AVGO,Equity,294.7199401855469,19210800,1.06%,674.69%,0.0%,1147,774.69,1.32%,2025,50.54%
2025-07-29,INTC,Equity,20.40999984741211,100831500,-1.31%,-54.55%,-67.12%,1147,45.45,-1.04%,2025,82.49%
2025-07-29,NVDA,Equity,175.08062744140625,154077500,-0.7%,1242.01%,-0.7%,1147,1342.01,-0.44%,2025,34.88%
2025-07-29,SPY,Benchmark,626.741943359375,60556300,-0.26%,83.48%,-0.29%,1147,183.48,0.0%,2025,18.01%
2025-07-29,TSM,Equity,238.0515899658203,9411500,-0.58%,133.58%,-1.74%,1147,233.58,-0.32%,2025,52.79%
2025-07-30,AMD,Equity,179.50999450683594,64820300,1.17%,94.49%,-15.08%,1148,194.49,1.29%,2025,77.53%
2025-07-30,AVGO,Equity,299.87274169921875,16738900,1.75%,688.24%,0.0%,1148,788.24,1.87%,2025,50.54%
2025-07-30,INTC,Equity,20.34000015258789,67420300,-0.34%,-54.7%,-67.24%,1148,45.3,-0.22%,2025,82.49%
2025-07-30,NVDA,Equity,178.8314666748047,174312200,2.14%,1270.76%,0.0%,1148,1370.76,2.27%,2025,34.88%
2025-07-30,SPY,Benchmark,625.95263671875,80418900,-0.13%,83.25%,-0.41%,1148,183.25,0.0%,2025,18.01%
2025-07-30,TSM,Equity,239.61013793945312,6823800,0.65%,135.11%,-1.1%,1148,235.11,0.78%,2025,52.79%
2025-07-31,AMD,Equity,176.30999755859375,71765300,-1.78%,91.02%,-16.59%,1149,191.02,-1.41%,2025,77.53%
2025-07-31,AVGO,Equity,291.0337219238281,25488500,-2.95%,665.0%,-2.95%,1149,765.0,-2.57%,2025,50.54%
2025-07-31,INTC,Equity,19.799999237060547,90665200,-2.65%,-55.9%,-68.11%,1149,44.1,-2.28%,2025,82.49%
2025-07-31,NVDA,Equity,177.4348907470703,221685400,-0.78%,1260.05%,-0.78%,1149,1360.05,-0.41%,2025,34.88%
2025-07-31,SPY,Benchmark,623.6046752929688,103385200,-0.38%,82.56%,-0.79%,1149,182.56,0.0%,2025,18.01%
2025-07-31,TSM,Equity,238.337646484375,13490700,-0.53%,133.86%,-1.62%,1149,233.86,-0.16%,2025,52.79%
2025-08-01,AMD,Equity,171.6999969482422,75396100,-2.61%,86.02%,-18.77%,1150,186.02,-0.98%,2025,77.53%
2025-08-01,AVGO,Equity,286.0196533203125,21428100,-1.72%,651.82%,-4.62%,1150,751.82,-0.08%,2025,50.54%
2025-08-01,INTC,Equity,19.309999465942383,86496100,-2.47%,-57.0%,-68.9%,1150,43.0,-0.84%,2025,82.49%
2025-08-01,NVDA,Equity,173.29502868652344,204529000,-2.33%,1228.32%,-3.1%,1150,1328.32,-0.69%,2025,34.88%
2025-08-01,SPY,Benchmark,613.3834838867188,140103600,-1.64%,79.57%,-2.41%,1150,179.57,0.0%,2025,18.01%
2025-08-01,TSM,Equity,232.0147247314453,13549800,-2.65%,127.66%,-4.23%,1150,227.66,-1.01%,2025,52.79%
2025-08-04,AMD,Equity,176.77999877929688,52951000,2.96%,91.53%,-16.37%,1151,191.53,1.44%,2025,77.53%
2025-08-04,AVGO,Equity,295.0172424316406,17164600,3.15%,675.47%,-1.62%,1151,775.47,1.63%,2025,50.54%
2025-08-04,INTC,Equity,19.5,69249400,0.98%,-56.57%,-68.59%,1151,43.43,-0.54%,2025,82.49%
2025-08-04,NVDA,Equity,179.55966186523438,148174600,3.62%,1276.34%,0.0%,1151,1376.34,2.1%,2025,34.88%
2025-08-04,SPY,Benchmark,622.7067260742188,73218000,1.52%,82.3%,-0.93%,1151,182.3,0.0%,2025,18.01%
2025-08-04,TSM,Equity,235.7532501220703,6450700,1.61%,131.33%,-2.69%,1151,231.33,0.09%,2025,52.79%
2025-08-05,AMD,Equity,174.30999755859375,88808500,-1.4%,88.85%,-17.54%,1152,188.85,-0.89%,2025,77.53%
2025-08-05,AVGO,Equity,290.2707214355469,18477500,-1.61%,663.0%,-3.2%,1152,763.0,-1.1%,2025,50.54%
2025-08-05,INTC,Equity,20.190000534057617,97338200,3.54%,-55.04%,-67.48%,1152,44.96,4.05%,2025,82.49%
2025-08-05,NVDA,Equity,177.82391357421875,156407600,-0.97%,1263.03%,-0.97%,1152,1363.03,-0.46%,2025,34.88%
2025-08-05,SPY,Benchmark,619.5496826171875,68051400,-0.51%,81.37%,-1.43%,1152,181.37,0.0%,2025,18.01%
2025-08-05,TSM,Equity,229.31195068359375,11868900,-2.73%,125.01%,-5.35%,1152,225.01,-2.23%,2025,52.79%
2025-08-06,AMD,Equity,163.1199951171875,133641800,-6.42%,76.73%,-22.83%,1153,176.73,-7.19%,2025,77.53%
2025-08-06,AVGO,Equity,298.931396484375,17392100,2.98%,685.76%,-0.31%,1153,785.76,2.22%,2025,50.54%
2025-08-06,INTC,Equity,20.40999984741211,67074200,1.09%,-54.55%,-67.12%,1153,45.45,0.32%,2025,82.49%
2025-08-06,NVDA,Equity,178.98106384277344,137192300,0.65%,1271.9%,-0.32%,1153,1371.9,-0.12%,2025,34.88%
2025-08-06,SPY,Benchmark,624.295166015625,64357500,0.77%,82.76%,-0.68%,1153,182.76,0.0%,2025,18.01%
2025-08-06,TSM,Equity,228.22691345214844,9457200,-0.47%,123.94%,-5.79%,1153,223.94,-1.24%,2025,52.79%
2025-08-07,AMD,Equity,172.39999389648438,95448300,5.69%,86.78%,-18.44%,1154,186.78,5.77%,2025,77.53%
2025-08-07,AVGO,Equity,301.00238037109375,16319400,0.69%,691.21%,0.0%,1154,791.21,0.78%,2025,50.54%
2025-08-07,INTC,Equity,19.770000457763672,131382800,-3.14%,-55.97%,-68.16%,1154,44.03,-3.05%,2025,82.49%
2025-08-07,NVDA,Equity,180.32777404785156,151878400,0.75%,1282.22%,0.0%,1154,1382.22,0.84%,2025,34.88%
2025-08-07,SPY,Benchmark,623.7722778320312,74205800,-0.08%,82.61%,-0.76%,1154,182.61,0.0%,2025,18.01%
2025-08-07,TSM,Equity,239.32406616210938,17691000,4.86%,134.83%,-1.21%,1154,234.83,4.95%,2025,52.79%
2025-08-08,AMD,Equity,172.75999450683594,68866700,0.21%,87.17%,-18.27%,1155,187.17,-0.57%,2025,77.53%
2025-08-08,AVGO,Equity,302.201416015625,12458700,0.4%,694.36%,0.0%,1155,794.36,-0.38%,2025,50.54%
2025-08-08,INTC,Equity,19.950000762939453,75415000,0.91%,-55.57%,-67.87%,1155,44.43,0.13%,2025,82.49%
2025-08-08,NVDA,Equity,182.2530517578125,123396700,1.07%,1296.98%,0.0%,1155,1396.98,0.29%,2025,34.88%
2025-08-08,SPY,Benchmark,628.6361694335938,64051600,0.78%,84.03%,0.0%,1155,184.03,0.0%,2025,18.01%
2025-08-08,TSM,Equity,238.5447998046875,10552500,-0.33%,134.07%,-1.54%,1155,234.07,-1.11%,2025,52.79%
2025-08-11,AMD,Equity,172.27999877929688,70651000,-0.28%,86.65%,-18.5%,1156,186.65,-0.08%,2025,77.53%
2025-08-11,AVGO,Equity,301.1410827636719,12396400,-0.35%,691.57%,-0.35%,1156,791.57,-0.15%,2025,50.54%
2025-08-11,INTC,Equity,20.649999618530273,175545600,3.51%,-54.01%,-66.74%,1156,45.99,3.71%,2025,82.49%
2025-08-11,NVDA,Equity,181.61460876464844,138323200,-0.35%,1292.09%,-0.35%,1156,1392.09,-0.15%,2025,34.88%
2025-08-11,SPY,Benchmark,627.39306640625,58742300,-0.2%,83.67%,-0.2%,1156,183.67,0.0%,2025,18.01%
2025-08-11,TSM,Equity,238.80126953125,8272900,0.11%,134.32%,-1.43%,1156,234.32,0.31%,2025,52.79%
2025-08-12,AMD,Equity,174.9499969482422,52243500,1.55%,89.54%,-17.23%,1157,189.54,0.49%,2025,77.53%
2025-08-12,AVGO,Equity,309.9900817871094,17609600,2.94%,714.83%,0.0%,1157,814.83,1.87%,2025,50.54%
2025-08-12,INTC,Equity,21.809999465942383,134153600,5.62%,-51.43%,-64.87%,1157,48.57,4.55%,2025,82.49%
2025-08-12,NVDA,Equity,182.71192932128906,145485700,0.6%,1300.5%,0.0%,1157,1400.5,-0.46%,2025,34.88%
2025-08-12,SPY,Benchmark,634.072265625,64730800,1.06%,85.62%,0.0%,1157,185.62,0.0%,2025,18.01%
2025-08-12,TSM,Equity,240.97137451171875,7295800,0.91%,136.45%,-0.53%,1157,236.45,-0.16%,2025,52.79%
2025-08-13,AMD,Equity,184.4199981689453,108305100,5.41%,99.8%,-12.75%,1158,199.8,5.07%,2025,77.53%
2025-08-13,AVGO,Equity,306.28399658203125,17371200,-1.2%,705.09%,-1.2%,1158,805.09,-1.54%,2025,50.54%
2025-08-13,INTC,Equity,22.219999313354492,86024400,1.88%,-50.52%,-64.21%,1158,49.48,1.54%,2025,82.49%
2025-08-13,NVDA,Equity,181.14576721191406,179871700,-0.86%,1288.49%,-0.86%,1158,1388.49,-1.2%,2025,34.88%
2025-08-13,SPY,Benchmark,636.2428588867188,60092800,0.34%,86.26%,0.0%,1158,186.26,0.0%,2025,18.01%
2025-08-13,TSM,Equity,238.1601104736328,7971900,-1.17%,133.69%,-1.69%,1158,233.69,-1.51%,2025,52.79%
2025-08-14,AMD,Equity,180.9499969482422,66308800,-1.88%,96.05%,-14.4%,1159,196.05,-1.89%,2025,77.53%
2025-08-14,AVGO,Equity,308.4046325683594,15717600,0.69%,710.66%,-0.51%,1159,810.66,0.68%,2025,50.54%
2025-08-14,INTC,Equity,23.860000610351562,188052500,7.38%,-46.86%,-61.57%,1159,53.14,7.37%,2025,82.49%
2025-08-14,NVDA,Equity,181.57470703125,129554000,0.24%,1291.78%,-0.62%,1159,1391.78,0.23%,2025,34.88%
2025-08-14,SPY,Benchmark,636.3020629882812,59327500,0.01%,86.28%,0.0%,1159,186.28,0.0%,2025,18.01%
2025-08-14,TSM,Equity,237.72607421875,11040500,-0.18%,133.26%,-1.87%,1159,233.26,-0.19%,2025,52.79%
2025-08-15,AMD,Equity,177.50999450683594,51543100,-1.9%,92.32%,-16.02%,1160,192.32,-1.67%,2025,77.53%
2025-08-15,AVGO,Equity,303.5589599609375,22806900,-1.57%,697.93%,-2.07%,1160,797.93,-1.34%,2025,50.54%
2025-08-15,INTC,Equity,24.559999465942383,310161100,2.93%,-45.3%,-60.44%,1160,54.7,3.17%,2025,82.49%
2025-08-15,NVDA,Equity,180.00856018066406,156602200,-0.86%,1279.78%,-1.48%,1160,1379.78,-0.63%,2025,34.88%
2025-08-15,SPY,Benchmark,634.8123168945312,68592500,-0.23%,85.84%,-0.23%,1160,185.84,0.0%,2025,18.01%
2025-08-15,TSM,Equity,235.6348876953125,8155500,-0.88%,131.21%,-2.74%,1160,231.21,-0.65%,2025,52.79%
2025-08-18,AMD,Equity,176.13999938964844,35937500,-0.77%,90.83%,-16.67%,1161,190.83,-0.75%,2025,77.53%
2025-08-18,AVGO,Equity,302.9842529296875,14724700,-0.19%,696.42%,-2.26%,1161,796.42,-0.17%,2025,50.54%
2025-08-18,INTC,Equity,23.65999984741211,212515600,-3.66%,-47.31%,-61.89%,1161,52.69,-3.64%,2025,82.49%
2025-08-18,NVDA,Equity,181.5647430419922,132008000,0.86%,1291.71%,-0.63%,1161,1391.71,0.89%,2025,34.88%
2025-08-18,SPY,Benchmark,634.6741333007812,43804900,-0.02%,85.8%,-0.26%,1161,185.8,0.0%,2025,18.01%
2025-08-18,TSM,Equity,238.13052368164062,6919800,1.06%,133.66%,-1.71%,1161,233.66,1.08%,2025,52.79%
2025-08-19,AMD,Equity,166.5500030517578,64455000,-5.44%,80.44%,-21.21%,1162,180.44,-4.9%,2025,77.53%
2025-08-19,AVGO,Equity,292.2327575683594,20149600,-3.55%,668.16%,-5.73%,1162,768.16,-3.01%,2025,50.54%
2025-08-19,INTC,Equity,25.309999465942383,297659200,6.97%,-43.63%,-59.23%,1162,56.37,7.52%,2025,82.49%
2025-08-19,NVDA,Equity,175.21034240722656,185229200,-3.5%,1243.0%,-4.11%,1162,1343.0,-2.96%,2025,34.88%
2025-08-19,SPY,Benchmark,631.2308959960938,69750700,-0.54%,84.79%,-0.8%,1162,184.79,0.0%,2025,18.01%
2025-08-19,TSM,Equity,229.53883361816406,14594700,-3.61%,125.23%,-5.25%,1162,225.23,-3.07%,2025,52.79%
2025-08-20,AMD,Equity,165.1999969482422,60233200,-0.81%,78.98%,-21.85%,1163,178.98,-0.54%,2025,77.53%
2025-08-20,AVGO,Equity,288.5267333984375,23600500,-1.27%,658.41%,-6.92%,1163,758.41,-1.0%,2025,50.54%
2025-08-20,INTC,Equity,23.540000915527344,161149400,-6.99%,-47.58%,-62.08%,1163,52.42,-6.73%,2025,82.49%
2025-08-20,NVDA,Equity,174.97091674804688,215142700,-0.14%,1241.16%,-4.24%,1163,1341.16,0.13%,2025,34.88%
2025-08-20,SPY,Benchmark,629.5537109375,88890300,-0.27%,84.3%,-1.06%,1163,184.3,0.0%,2025,18.01%
2025-08-20,TSM,Equity,225.49453735351562,17165200,-1.76%,121.26%,-6.92%,1163,221.26,-1.5%,2025,52.79%
2025-08-21,AMD,Equity,163.7100067138672,37880500,-0.9%,77.37%,-22.55%,1164,177.37,-0.5%,2025,77.53%
2025-08-21,AVGO,Equity,286.970947265625,14946300,-0.54%,654.32%,-7.43%,1164,754.32,-0.14%,2025,50.54%
2025-08-21,INTC,Equity,23.5,97718300,-0.17%,-47.66%,-62.15%,1164,52.34,0.23%,2025,82.49%
2025-08-21,NVDA,Equity,174.5519256591797,140040900,-0.24%,1237.95%,-4.47%,1164,1337.95,0.16%,2025,34.88%
2025-08-21,SPY,Benchmark,627.0280151367188,54805800,-0.4%,83.56%,-1.46%,1164,183.56,0.0%,2025,18.01%
2025-08-21,TSM,Equity,224.2417755126953,7449100,-0.56%,120.03%,-7.44%,1164,220.03,-0.15%,2025,52.79%
2025-08-22,AMD,Equity,167.75999450683594,43998600,2.47%,81.76%,-20.64%,1165,181.76,0.94%,2025,77.53%
2025-08-22,AVGO,Equity,291.3310241699219,16301300,1.52%,665.79%,-6.02%,1165,765.79,-0.02%,2025,50.54%
2025-08-22,INTC,Equity,24.799999237060547,200266800,5.53%,-44.77%,-60.05%,1165,55.23,4.0%,2025,82.49%
2025-08-22,NVDA,Equity,177.5545654296875,172789400,1.72%,1260.97%,-2.82%,1165,1360.97,0.18%,2025,34.88%
2025-08-22,SPY,Benchmark,636.6571655273438,84083200,1.54%,86.38%,0.0%,1165,186.38,0.0%,2025,18.01%
2025-08-22,TSM,Equity,229.82489013671875,10299500,2.49%,125.51%,-5.13%,1165,225.51,0.95%,2025,52.79%
2025-08-25,AMD,Equity,163.36000061035156,36134700,-2.62%,76.99%,-22.72%,1166,176.99,-2.18%,2025,77.53%
2025-08-25,AVGO,Equity,291.5589294433594,15124700,0.08%,666.38%,-5.95%,1166,766.38,0.52%,2025,50.54%
2025-08-25,INTC,Equity,24.549999237060547,156825600,-1.01%,-45.33%,-60.46%,1166,54.67,-0.57%,2025,82.49%
2025-08-25,NVDA,Equity,179.37014770507812,163012800,1.02%,1274.88%,-1.83%,1166,1374.88,1.46%,2025,34.88%
2025-08-25,SPY,Benchmark,633.855224609375,51274300,-0.44%,85.56%,-0.44%,1166,185.56,0.0%,2025,18.01%
2025-08-25,TSM,Equity,232.3895721435547,7655000,1.12%,128.03%,-4.08%,1166,228.03,1.56%,2025,52.79%
2025-08-26,AMD,Equity,166.6199951171875,52138600,2.0%,80.52%,-21.18%,1167,180.52,1.58%,2025,77.53%
2025-08-26,AVGO,Equity,295.3045959472656,25689100,1.28%,676.23%,-4.74%,1167,776.23,0.87%,2025,50.54%
2025-08-26,INTC,Equity,24.350000381469727,78558200,-0.81%,-45.77%,-60.78%,1167,54.23,-1.23%,2025,82.49%
2025-08-26,NVDA,Equity,181.3253173828125,168688200,1.09%,1289.87%,-0.76%,1167,1389.87,0.67%,2025,34.88%
2025-08-26,SPY,Benchmark,636.5092163085938,51581600,0.42%,86.34%,-0.02%,1167,186.34,0.0%,2025,18.01%
2025-08-26,TSM,Equity,235.47705078125,9793100,1.33%,131.06%,-2.8%,1167,231.06,0.91%,2025,52.79%
2025-08-27,AMD,Equity,167.1300048828125,37031000,0.31%,81.07%,-20.93%,1168,181.07,0.08%,2025,77.53%
2025-08-27,AVGO,Equity,297.5242614746094,13830300,0.75%,682.06%,-4.02%,1168,782.06,0.52%,2025,50.54%
2025-08-27,INTC,Equity,24.850000381469727,90934400,2.05%,-44.66%,-59.97%,1168,55.34,1.83%,2025,82.49%
2025-08-27,NVDA,Equity,181.15576171875,235518900,-0.09%,1288.57%,-0.85%,1168,1388.57,-0.32%,2025,34.88%
2025-08-27,SPY,Benchmark,637.9595336914062,48341100,0.23%,86.76%,0.0%,1168,186.76,0.0%,2025,18.01%
2025-08-27,TSM,Equity,236.039306640625,9516400,0.24%,131.61%,-2.57%,1168,231.61,0.01%,2025,52.79%
2025-08-28,AMD,Equity,168.5800018310547,36285200,0.87%,82.64%,-20.25%,1169,182.64,0.51%,2025,77.53%
2025-08-28,AVGO,Equity,305.8480224609375,18907100,2.8%,703.94%,-1.34%,1169,803.94,2.44%,2025,50.54%
2025-08-28,INTC,Equity,24.93000030517578,60035100,0.32%,-44.48%,-59.84%,1169,55.52,-0.03%,2025,82.49%
2025-08-28,NVDA,Equity,179.72923278808594,281787800,-0.79%,1277.64%,-1.63%,1169,1377.64,-1.14%,2025,34.88%
2025-08-28,SPY,Benchmark,640.21875,61519500,0.35%,87.42%,0.0%,1169,187.42,0.0%,2025,18.01%
2025-08-28,TSM,Equity,235.03317260742188,8466200,-0.43%,130.62%,-2.98%,1169,230.62,-0.78%,2025,52.79%
2025-08-29,AMD,Equity,162.6300048828125,37516800,-3.53%,76.2%,-23.06%,1170,176.2,-2.93%,2025,77.53%
2025-08-29,AVGO,Equity,294.69024658203125,21610700,-3.65%,674.62%,-4.94%,1170,774.62,-3.05%,2025,50.54%
2025-08-29,INTC,Equity,24.350000381469727,63734400,-2.33%,-45.77%,-60.78%,1170,54.23,-1.73%,2025,82.49%
2025-08-29,NVDA,Equity,173.75389099121094,243257900,-3.32%,1231.84%,-4.9%,1170,1331.84,-2.73%,2025,34.88%
2025-08-29,SPY,Benchmark,636.4006958007812,74522200,-0.6%,86.31%,-0.6%,1170,186.31,0.0%,2025,18.01%
2025-08-29,TSM,Equity,227.7336883544922,15526000,-3.11%,123.46%,-6.0%,1170,223.46,-2.51%,2025,52.79%
2025-09-02,AMD,Equity,162.32000732421875,38656100,-0.19%,75.86%,-23.21%,1171,175.86,0.55%,2025,77.53%
2025-09-02,AVGO,Equity,295.53253173828125,19693000,0.29%,676.83%,-4.66%,1171,776.83,1.03%,2025,50.54%
2025-09-02,INTC,Equity,24.209999084472656,57661800,-0.57%,-46.08%,-61.0%,1171,53.92,0.17%,2025,82.49%
2025-09-02,NVDA,Equity,170.36219787597656,231164900,-1.95%,1205.84%,-6.76%,1171,1305.84,-1.21%,2025,34.88%
2025-09-02,SPY,Benchmark,631.6847534179688,81983500,-0.74%,84.93%,-1.33%,1171,184.93,0.0%,2025,18.01%
2025-09-02,TSM,Equity,225.28736877441406,13974900,-1.07%,121.06%,-7.01%,1171,221.06,-0.33%,2025,52.79%
2025-09-03,AMD,Equity,162.1300048828125,30752800,-0.12%,75.66%,-23.3%,1172,175.66,-0.66%,2025,77.53%
2025-09-03,AVGO,Equity,299.64483642578125,18529400,1.39%,687.64%,-3.34%,1172,787.64,0.85%,2025,50.54%
2025-09-03,INTC,Equity,24.0,47822900,-0.87%,-46.55%,-61.34%,1172,53.45,-1.41%,2025,82.49%
2025-09-03,NVDA,Equity,170.20262145996094,164424900,-0.09%,1204.61%,-6.85%,1172,1304.61,-0.64%,2025,34.88%
2025-09-03,SPY,Benchmark,635.1082153320312,70820900,0.54%,85.93%,-0.8%,1172,185.93,0.0%,2025,18.01%
2025-09-03,TSM,Equity,228.2466278076172,7198500,1.31%,123.96%,-5.79%,1172,223.96,0.77%,2025,52.79%
2025-09-04,AMD,Equity,161.7899932861328,32103500,-0.21%,75.29%,-23.46%,1173,175.29,-1.05%,2025,77.53%
2025-09-04,AVGO,Equity,303.3211669921875,31220800,1.23%,697.3%,-2.15%,1173,797.3,0.39%,2025,50.54%
2025-09-04,INTC,Equity,24.610000610351562,59056500,2.54%,-45.19%,-60.36%,1173,54.81,1.71%,2025,82.49%
2025-09-04,NVDA,Equity,171.2400665283203,141670100,0.61%,1212.57%,-6.28%,1173,1312.57,-0.23%,2025,34.88%
2025-09-04,SPY,Benchmark,640.4160766601562,65219200,0.84%,87.48%,0.0%,1173,187.48,0.0%,2025,18.01%
2025-09-04,TSM,Equity,232.0147247314453,6241900,1.65%,127.66%,-4.23%,1173,227.66,0.82%,2025,52.79%
2025-09-05,AMD,Equity,151.13999938964844,78256000,-6.58%,63.75%,-28.5%,1174,163.75,-6.29%,2025,77.53%
2025-09-05,AVGO,Equity,331.8498229980469,78401600,9.41%,772.29%,0.0%,1174,872.29,9.7%,2025,50.54%
2025-09-05,INTC,Equity,24.489999771118164,55975300,-0.49%,-45.46%,-60.55%,1174,54.54,-0.2%,2025,82.49%
2025-09-05,NVDA,Equity,166.6114044189453,224441400,-2.7%,1177.09%,-8.81%,1174,1277.09,-2.41%,2025,34.88%
2025-09-05,SPY,Benchmark,638.561279296875,85178900,-0.29%,86.94%,-0.29%,1174,186.94,0.0%,2025,18.01%
2025-09-05,TSM,Equity,240.10333251953125,14056600,3.49%,135.6%,-0.89%,1174,235.6,3.78%,2025,52.79%
2025-09-08,AMD,Equity,151.41000366210938,41849000,0.18%,64.04%,-28.37%,1175,164.04,-0.07%,2025,77.53%
2025-09-08,AVGO,Equity,342.5121154785156,43535600,3.21%,800.32%,0.0%,1175,900.32,2.97%,2025,50.54%
2025-09-08,INTC,Equity,24.479999542236328,51122100,-0.04%,-45.48%,-60.57%,1175,54.52,-0.29%,2025,82.49%
2025-09-08,NVDA,Equity,167.89825439453125,163769100,0.77%,1186.95%,-8.11%,1175,1286.95,0.53%,2025,34.88%
2025-09-08,SPY,Benchmark,640.1300048828125,63133100,0.25%,87.4%,-0.04%,1175,187.4,0.0%,2025,18.01%
2025-09-08,TSM,Equity,243.8319854736328,12986600,1.55%,139.25%,0.0%,1175,239.25,1.31%,2025,52.79%
2025-09-09,AMD,Equity,155.82000732421875,42802500,2.91%,68.82%,-26.28%,1176,168.82,2.68%,2025,77.53%
2025-09-09,AVGO,Equity,333.6136779785156,26972300,-2.6%,776.93%,-2.6%,1176,876.93,-2.83%,2025,50.54%
2025-09-09,INTC,Equity,24.440000534057617,42146200,-0.16%,-45.57%,-60.63%,1176,54.43,-0.39%,2025,82.49%
2025-09-09,NVDA,Equity,170.34225463867188,157548400,1.46%,1205.69%,-6.77%,1176,1305.69,1.22%,2025,34.88%
2025-09-09,SPY,Benchmark,641.60986328125,66133900,0.23%,87.83%,0.0%,1176,187.83,0.0%,2025,18.01%
2025-09-09,TSM,Equity,247.5113067626953,13443400,1.51%,142.87%,0.0%,1176,242.87,1.28%,2025,52.79%
2025-09-10,AMD,Equity,159.5399932861328,52465300,2.39%,72.85%,-24.52%,1177,172.85,2.1%,2025,77.53%
2025-09-10,AVGO,Equity,366.2149353027344,51086800,9.77%,862.62%,0.0%,1177,962.62,9.48%,2025,50.54%
2025-09-10,INTC,Equity,24.770000457763672,61600700,1.35%,-44.84%,-60.1%,1177,55.16,1.06%,2025,82.49%
2025-09-10,NVDA,Equity,176.89620971679688,226852000,3.85%,1255.92%,-3.18%,1177,1355.92,3.56%,2025,34.88%
2025-09-10,SPY,Benchmark,643.4647216796875,78034500,0.29%,88.37%,0.0%,1177,188.37,0.0%,2025,18.01%
2025-09-10,TSM,Equity,256.9019775390625,18822400,3.79%,152.08%,0.0%,1177,252.08,3.5%,2025,52.79%
2025-09-11,AMD,Equity,155.6699981689453,48817700,-2.43%,68.66%,-26.36%,1178,168.66,-3.26%,2025,77.53%
2025-09-11,AVGO,Equity,356.3652038574219,29430900,-2.69%,836.73%,-2.69%,1178,936.73,-3.52%,2025,50.54%
2025-09-11,INTC,Equity,24.610000610351562,55536900,-0.65%,-45.19%,-60.36%,1178,54.81,-1.48%,2025,82.49%
2025-09-11,NVDA,Equity,176.7465362548828,151159300,-0.08%,1254.77%,-3.26%,1178,1354.77,-0.92%,2025,34.88%
2025-09-11,SPY,Benchmark,648.81201171875,69934400,0.83%,89.94%,0.0%,1178,189.94,0.0%,2025,18.01%
2025-09-11,TSM,Equity,255.39276123046875,10005000,-0.59%,150.6%,-0.59%,1178,250.6,-1.42%,2025,52.79%
2025-09-12,AMD,Equity,158.57000732421875,42232800,1.86%,71.8%,-24.98%,1179,171.8,1.9%,2025,77.53%
2025-09-12,AVGO,Equity,356.60302734375,31949800,0.07%,837.36%,-2.62%,1179,937.36,0.1%,2025,50.54%
2025-09-12,INTC,Equity,24.079999923706055,52672800,-2.15%,-46.37%,-61.21%,1179,53.63,-2.12%,2025,82.49%
2025-09-12,NVDA,Equity,177.39501953125,124911000,0.37%,1259.75%,-2.91%,1179,1359.75,0.4%,2025,34.88%
2025-09-12,SPY,Benchmark,648.5949096679688,72780100,-0.03%,89.88%,-0.03%,1179,189.88,0.0%,2025,18.01%
2025-09-12,TSM,Equity,255.80706787109375,8496600,0.16%,151.01%,-0.43%,1179,251.01,0.2%,2025,52.79%
2025-09-15,AMD,Equity,161.16000366210938,36808700,1.63%,74.6%,-23.76%,1180,174.6,1.1%,2025,77.53%
2025-09-15,AVGO,Equity,360.78472900390625,21792200,1.17%,848.35%,-1.48%,1180,948.35,0.64%,2025,50.54%
2025-09-15,INTC,Equity,24.770000457763672,83951600,2.87%,-44.84%,-60.1%,1180,55.16,2.33%,2025,82.49%
2025-09-15,NVDA,Equity,177.32516479492188,147061600,-0.04%,1259.21%,-2.95%,1180,1359.21,-0.57%,2025,34.88%
2025-09-15,SPY,Benchmark,652.0479736328125,63772400,0.53%,90.89%,0.0%,1180,190.89,0.0%,2025,18.01%
2025-09-15,TSM,Equity,257.8292236328125,8147700,0.79%,152.99%,0.0%,1180,252.99,0.26%,2025,52.79%
2025-09-16,AMD,Equity,160.4600067138672,27946500,-0.43%,73.85%,-24.09%,1181,173.85,-0.3%,2025,77.53%
2025-09-16,AVGO,Equity,356.7318420410156,21306500,-1.12%,837.7%,-2.59%,1181,937.7,-0.99%,2025,50.54%
2025-09-16,INTC,Equity,25.270000457763672,60336600,2.02%,-43.72%,-59.3%,1181,56.28,2.16%,2025,82.49%
2025-09-16,NVDA,Equity,174.46202087402344,140737800,-1.61%,1237.26%,-4.52%,1181,1337.26,-1.48%,2025,34.88%
2025-09-16,SPY,Benchmark,651.1502685546875,61169000,-0.14%,90.62%,-0.14%,1181,190.62,0.0%,2025,18.01%
2025-09-16,TSM,Equity,259.31549072265625,10381900,0.58%,154.45%,0.0%,1181,254.45,0.71%,2025,52.79%
2025-09-17,AMD,Equity,159.16000366210938,41823800,-0.81%,72.44%,-24.7%,1182,172.44,-0.69%,2025,77.53%
2025-09-17,AVGO,Equity,343.02740478515625,45197100,-3.84%,801.67%,-6.33%,1182,901.67,-3.72%,2025,50.54%
2025-09-17,INTC,Equity,24.899999618530273,63093700,-1.46%,-44.55%,-59.89%,1182,55.45,-1.34%,2025,82.49%
2025-09-17,NVDA,Equity,169.8829803466797,211843800,-2.62%,1202.16%,-7.02%,1182,1302.16,-2.5%,2025,34.88%
2025-09-17,SPY,Benchmark,650.3411865234375,101952200,-0.12%,90.39%,-0.26%,1182,190.39,0.0%,2025,18.01%
2025-09-17,TSM,Equity,260.037841796875,10422000,0.28%,155.16%,0.0%,1182,255.16,0.4%,2025,52.79%
2025-09-18,AMD,Equity,157.9199981689453,84549500,-0.78%,71.09%,-25.29%,1183,171.09,-1.25%,2025,77.53%
2025-09-18,AVGO,Equity,342.21484375,24663900,-0.24%,799.54%,-6.55%,1183,899.54,-0.7%,2025,50.54%
2025-09-18,INTC,Equity,30.56999969482422,523908000,22.77%,-31.92%,-50.76%,1183,68.08,22.3%,2025,82.49%
2025-09-18,NVDA,Equity,175.81878662109375,191763300,3.49%,1247.66%,-3.77%,1183,1347.66,3.03%,2025,34.88%
2025-09-18,SPY,Benchmark,653.3798828125,90459200,0.47%,91.28%,0.0%,1183,191.28,0.0%,2025,18.01%
2025-09-18,TSM,Equity,265.8265686035156,16917300,2.23%,160.84%,0.0%,1183,260.84,1.76%,2025,52.79%
2025-09-19,AMD,Equity,157.38999938964844,55448100,-0.34%,70.52%,-25.54%,1184,170.52,-0.83%,2025,77.53%
2025-09-19,AVGO,Equity,341.8085632324219,41240100,-0.12%,798.47%,-6.66%,1184,898.47,-0.61%,2025,50.54%
2025-09-19,INTC,Equity,29.579999923706055,225702900,-3.24%,-34.12%,-52.35%,1184,65.88,-3.73%,2025,82.49%
2025-09-19,NVDA,Equity,176.24774169921875,237182100,0.24%,1250.95%,-3.54%,1184,1350.95,-0.25%,2025,34.88%
2025-09-19,SPY,Benchmark,656.6160278320312,97945600,0.5%,92.22%,0.0%,1184,192.22,0.0%,2025,18.01%
2025-09-19,TSM,Equity,262.0960388183594,17640200,-1.4%,157.18%,-1.4%,1184,257.18,-1.9%,2025,52.79%
2025-09-22,AMD,Equity,159.7899932861328,46505500,1.52%,73.12%,-24.41%,1185,173.12,1.05%,2025,77.53%
2025-09-22,AVGO,Equity,336.28961181640625,28660000,-1.61%,783.96%,-8.17%,1185,883.96,-2.09%,2025,50.54%
2025-09-22,INTC,Equity,28.760000228881836,130314500,-2.77%,-35.95%,-53.68%,1185,64.05,-3.25%,2025,82.49%
2025-09-22,NVDA,Equity,183.17117309570312,269637000,3.93%,1304.02%,0.0%,1185,1404.02,3.46%,2025,34.88%
2025-09-22,SPY,Benchmark,659.7225341796875,69452200,0.47%,93.13%,0.0%,1185,193.13,0.0%,2025,18.01%
2025-09-22,TSM,Equity,269.7747802734375,15630300,2.93%,164.71%,0.0%,1185,264.71,2.46%,2025,52.79%
2025-09-23,AMD,Equity,160.89999389648438,39448300,0.69%,74.32%,-23.88%,1186,174.32,1.24%,2025,77.53%
2025-09-23,AVGO,Equity,336.4384765625,21944100,0.04%,784.35%,-8.13%,1186,884.35,0.59%,2025,50.54%
2025-09-23,INTC,Equity,29.34000015258789,126317900,2.02%,-34.66%,-52.74%,1186,65.34,2.56%,2025,82.49%
2025-09-23,NVDA,Equity,178.0035400390625,192559600,-2.82%,1264.41%,-2.82%,1186,1364.41,-2.28%,2025,34.88%
2025-09-23,SPY,Benchmark,656.1312866210938,81708900,-0.54%,92.08%,-0.54%,1186,192.08,0.0%,2025,18.01%
2025-09-23,TSM,Equity,279.7492370605469,17830300,3.7%,174.5%,0.0%,1186,274.5,4.24%,2025,52.79%
2025-09-24,AMD,Equity,160.8800048828125,38464100,-0.01%,74.3%,-23.89%,1187,174.3,0.31%,2025,77.53%
2025-09-24,AVGO,Equity,336.80572509765625,19677300,0.11%,785.32%,-8.03%,1187,885.32,0.43%,2025,50.54%
2025-09-24,INTC,Equity,31.219999313354492,164458500,6.41%,-30.47%,-49.71%,1187,69.53,6.73%,2025,82.49%
2025-09-24,NVDA,Equity,176.54702758789062,143564100,-0.82%,1253.25%,-3.62%,1187,1353.25,-0.5%,2025,34.88%
2025-09-24,SPY,Benchmark,654.043701171875,68082200,-0.32%,91.47%,-0.86%,1187,191.47,0.0%,2025,18.01%
2025-09-24,TSM,Equity,277.77020263671875,10231000,-0.71%,172.56%,-0.71%,1187,272.56,-0.39%,2025,52.79%
2025-09-25,AMD,Equity,161.27000427246094,36809900,0.24%,74.72%,-23.71%,1188,174.72,0.7%,2025,77.53%
2025-09-25,AVGO,Equity,333.6194763183594,21678200,-0.95%,776.94%,-8.9%,1188,876.94,-0.48%,2025,50.54%
2025-09-25,INTC,Equity,33.9900016784668,295709300,8.87%,-24.3%,-45.25%,1188,75.7,9.33%,2025,82.49%
2025-09-25,NVDA,Equity,177.2653045654297,191586700,0.41%,1258.75%,-3.22%,1188,1358.75,0.87%,2025,34.88%
2025-09-25,SPY,Benchmark,651.0263061523438,89622100,-0.46%,90.59%,-1.32%,1188,190.59,0.0%,2025,18.01%
2025-09-25,TSM,Equity,273.7626037597656,11863400,-1.44%,168.62%,-2.14%,1188,268.62,-0.98%,2025,52.79%
2025-09-26,AMD,Equity,159.4600067138672,30316900,-1.12%,72.76%,-24.56%,1189,172.76,-1.7%,2025,77.53%
2025-09-26,AVGO,Equity,332.06103515625,15464700,-0.47%,772.85%,-9.33%,1189,872.85,-1.04%,2025,50.54%
2025-09-26,INTC,Equity,35.5,268583300,4.44%,-20.94%,-42.82%,1189,79.06,3.87%,2025,82.49%
2025-09-26,NVDA,Equity,177.76409912109375,148573700,0.28%,1262.57%,-2.95%,1189,1362.57,-0.29%,2025,34.88%
2025-09-26,SPY,Benchmark,654.756103515625,69179200,0.57%,91.68%,-0.75%,1189,191.68,0.0%,2025,18.01%
2025-09-26,TSM,Equity,270.4971618652344,10451900,-1.19%,165.42%,-3.31%,1189,265.42,-1.77%,2025,52.79%
2025-09-29,AMD,Equity,161.36000061035156,39828800,1.19%,74.82%,-23.66%,1190,174.82,0.91%,2025,77.53%
2025-09-29,AVGO,Equity,325.4799499511719,21336000,-1.98%,755.55%,-11.12%,1190,855.55,-2.26%,2025,50.54%
2025-09-29,INTC,Equity,34.47999954223633,152605900,-2.87%,-23.21%,-44.46%,1190,76.79,-3.15%,2025,82.49%
2025-09-29,NVDA,Equity,181.41537475585938,193063500,2.05%,1290.56%,-0.96%,1190,1390.56,1.77%,2025,34.88%
2025-09-29,SPY,Benchmark,656.5962524414062,73499000,0.28%,92.22%,-0.47%,1190,192.22,0.0%,2025,18.01%
2025-09-29,TSM,Equity,270.3685302734375,8046200,-0.05%,165.29%,-3.35%,1190,265.29,-0.33%,2025,52.79%
2025-09-30,AMD,Equity,161.7899932861328,29669300,0.27%,75.29%,-23.46%,1191,175.29,-0.11%,2025,77.53%
2025-09-30,AVGO,Equity,327.4751281738281,20109500,0.61%,760.79%,-10.58%,1191,860.79,0.24%,2025,50.54%
2025-09-30,INTC,Equity,33.54999923706055,124818400,-2.7%,-25.28%,-45.96%,1191,74.72,-3.07%,2025,82.49%
2025-09-30,NVDA,Equity,186.13406372070312,236981000,2.6%,1326.73%,0.0%,1191,1426.73,2.22%,2025,34.88%
2025-09-30,SPY,Benchmark,659.0694580078125,86288000,0.38%,92.94%,-0.1%,1191,192.94,0.0%,2025,18.01%
2025-09-30,TSM,Equity,276.3650817871094,8348800,2.22%,171.18%,-1.21%,1191,271.18,1.84%,2025,52.79%
2025-10-01,AMD,Equity,164.00999450683594,39895200,1.37%,77.69%,-22.41%,1192,177.69,1.03%,2025,77.53%
2025-10-01,AVGO,Equity,330.9294738769531,21122700,1.05%,769.87%,-9.64%,1192,869.87,0.71%,2025,50.54%
2025-10-01,INTC,Equity,35.939998626708984,162649700,7.12%,-19.96%,-42.11%,1192,80.04,6.78%,2025,82.49%
2025-10-01,NVDA,Equity,186.79248046875,173844900,0.35%,1331.78%,0.0%,1192,1431.78,0.01%,2025,34.88%
2025-10-01,SPY,Benchmark,661.3153686523438,72545400,0.34%,93.6%,0.0%,1192,193.6,0.0%,2025,18.01%
2025-10-01,TSM,Equity,285.4488830566406,14620100,3.29%,180.09%,0.0%,1192,280.09,2.95%,2025,52.79%
2025-10-02,AMD,Equity,169.72999572753906,55475200,3.49%,83.89%,-19.7%,1193,183.89,3.37%,2025,77.53%
2025-10-02,AVGO,Equity,335.68408203125,19917600,1.44%,782.37%,-8.34%,1193,882.37,1.32%,2025,50.54%
2025-10-02,INTC,Equity,37.29999923706055,149361700,3.78%,-16.93%,-39.92%,1193,83.07,3.67%,2025,82.49%
2025-10-02,NVDA,Equity,188.43853759765625,136805800,0.88%,1344.39%,0.0%,1193,1444.39,0.77%,2025,34.88%
2025-10-02,SPY,Benchmark,662.0769653320312,56896000,0.12%,93.82%,0.0%,1193,193.82,0.0%,2025,18.01%
2025-10-02,TSM,Equity,285.0926818847656,10198000,-0.12%,179.74%,-0.12%,1193,279.74,-0.24%,2025,52.79%
2025-10-03,AMD,Equity,164.6699981689453,42699100,-2.98%,78.41%,-22.1%,1194,178.41,-2.98%,2025,77.53%
2025-10-03,AVGO,Equity,335.8727111816406,14749100,0.06%,782.87%,-8.29%,1194,882.87,0.06%,2025,50.54%
2025-10-03,INTC,Equity,36.83000183105469,125359300,-1.26%,-17.98%,-40.68%,1194,82.02,-1.26%,2025,82.49%
2025-10-03,NVDA,Equity,187.17156982421875,137596900,-0.67%,1334.68%,-0.67%,1194,1434.68,-0.67%,2025,34.88%
2025-10-03,SPY,Benchmark,662.0672607421875,70494400,-0.0%,93.82%,-0.0%,1194,193.82,0.0%,2025,18.01%
2025-10-03,TSM,Equity,289.1299743652344,10572500,1.42%,183.7%,0.0%,1194,283.7,1.42%,2025,52.79%
2025-10-06,AMD,Equity,203.7100067138672,248859600,23.71%,120.7%,-3.63%,1195,220.7,23.35%,2025,77.53%
2025-10-06,AVGO,Equity,333.013916015625,18465700,-0.85%,775.35%,-9.07%,1195,875.35,-1.21%,2025,50.54%
2025-10-06,INTC,Equity,36.59000015258789,112086100,-0.65%,-18.51%,-41.06%,1195,81.49,-1.01%,2025,82.49%
2025-10-06,NVDA,Equity,185.0965576171875,157678100,-1.11%,1318.78%,-1.77%,1195,1418.78,-1.47%,2025,34.88%
2025-10-06,SPY,Benchmark,664.4415893554688,54623300,0.36%,94.52%,0.0%,1195,194.52,0.0%,2025,18.01%
2025-10-06,TSM,Equity,299.2330017089844,15785000,3.49%,193.62%,0.0%,1195,293.62,3.14%,2025,52.79%
2025-10-07,AMD,Equity,211.50999450683594,115748100,3.83%,129.15%,0.0%,1196,229.15,4.2%,2025,77.53%
2025-10-07,AVGO,Equity,333.9271545410156,18086700,0.27%,777.75%,-8.82%,1196,877.75,0.64%,2025,50.54%
2025-10-07,INTC,Equity,37.16999816894531,111140200,1.59%,-17.22%,-40.13%,1196,82.78,1.96%,2025,82.49%
2025-10-07,NVDA,Equity,184.59771728515625,140088000,-0.27%,1314.95%,-2.04%,1196,1414.95,0.1%,2025,34.88%
2025-10-07,SPY,Benchmark,661.9781494140625,72020100,-0.37%,93.79%,-0.37%,1196,193.79,0.0%,2025,18.01%
2025-10-07,TSM,Equity,290.9506530761719,13081000,-2.77%,185.49%,-2.77%,1196,285.49,-2.4%,2025,52.79%
2025-10-08,AMD,Equity,235.55999755859375,159983500,11.37%,155.21%,0.0%,1197,255.21,10.77%,2025,77.53%
2025-10-08,AVGO,Equity,342.9501037597656,21478300,2.7%,801.47%,-6.35%,1197,901.47,2.11%,2025,50.54%
2025-10-08,INTC,Equity,37.43000030517578,103202100,0.7%,-16.64%,-39.71%,1197,83.36,0.1%,2025,82.49%
2025-10-08,NVDA,Equity,188.65802001953125,130168900,2.2%,1346.08%,0.0%,1197,1446.08,1.6%,2025,34.88%
2025-10-08,SPY,Benchmark,665.925537109375,60702200,0.6%,94.95%,0.0%,1197,194.95,0.0%,2025,18.01%
2025-10-08,TSM,Equity,301.3308410644531,12821200,3.57%,195.67%,0.0%,1197,295.67,2.97%,2025,52.79%
2025-10-09,AMD,Equity,232.88999938964844,94290700,-1.13%,152.32%,-1.13%,1198,252.32,-0.84%,2025,77.53%
2025-10-09,AVGO,Equity,342.4736022949219,17643700,-0.14%,800.22%,-6.48%,1198,900.22,0.15%,2025,50.54%
2025-10-09,INTC,Equity,37.79999923706055,89884700,0.99%,-15.82%,-39.11%,1198,84.18,1.28%,2025,82.49%
2025-10-09,NVDA,Equity,192.1097412109375,182997200,1.83%,1372.53%,0.0%,1198,1472.53,2.12%,2025,34.88%
2025-10-09,SPY,Benchmark,663.996337890625,66501900,-0.29%,94.38%,-0.29%,1198,194.38,0.0%,2025,18.01%
2025-10-09,TSM,Equity,296.7394104003906,10259900,-1.52%,191.17%,-1.52%,1198,291.17,-1.23%,2025,52.79%
2025-10-10,AMD,Equity,214.89999389648438,118656600,-7.72%,132.83%,-8.77%,1199,232.83,-5.02%,2025,77.53%
2025-10-10,AVGO,Equity,322.2341003417969,28941000,-5.91%,747.02%,-12.01%,1199,847.02,-3.21%,2025,50.54%
2025-10-10,INTC,Equity,36.369998931884766,183063300,-3.78%,-19.0%,-41.42%,1199,81.0,-1.08%,2025,82.49%
2025-10-10,NVDA,Equity,182.72222900390625,268774400,-4.89%,1300.58%,-4.89%,1199,1400.58,-2.18%,2025,34.88%
2025-10-10,SPY,Benchmark,646.0499877929688,159422600,-2.7%,89.13%,-2.98%,1199,189.13,0.0%,2025,18.01%
2025-10-10,TSM,Equity,277.7206726074219,23398000,-6.41%,172.51%,-7.84%,1199,272.51,-3.71%,2025,52.79%
2025-10-13,AMD,Equity,216.4199981689453,63104000,0.71%,134.47%,-8.13%,1200,234.47,-0.83%,2025,77.53%
2025-10-13,AVGO,Equity,354.0674133300781,45984300,9.88%,830.69%,-3.32%,1200,930.69,8.34%,2025,50.54%
2025-10-13,INTC,Equity,37.220001220703125,104020700,2.34%,-17.11%,-40.05%,1200,82.89,0.8%,2025,82.49%
2025-10-13,NVDA,Equity,187.8699188232422,153482800,2.82%,1340.04%,-2.21%,1200,1440.04,1.28%,2025,34.88%
2025-10-13,SPY,Benchmark,655.9629516601562,79560500,1.53%,92.03%,-1.5%,1200,192.03,0.0%,2025,18.01%
2025-10-13,TSM,Equity,299.7178955078125,20318300,7.92%,194.09%,-0.54%,1200,294.09,6.39%,2025,52.79%
2025-10-14,AMD,Equity,218.08999633789062,71216300,0.77%,136.28%,-7.42%,1201,236.28,0.89%,2025,77.53%
2025-10-14,AVGO,Equity,341.5901794433594,22078000,-3.52%,797.9%,-6.72%,1201,897.9,-3.4%,2025,50.54%
2025-10-14,INTC,Equity,35.630001068115234,117908300,-4.27%,-20.65%,-42.61%,1201,79.35,-4.15%,2025,82.49%
2025-10-14,NVDA,Equity,179.59971618652344,205641400,-4.4%,1276.64%,-6.51%,1201,1376.64,-4.28%,2025,34.88%
2025-10-14,SPY,Benchmark,655.16162109375,88779600,-0.12%,91.8%,-1.62%,1201,191.8,0.0%,2025,18.01%
2025-10-14,TSM,Equity,292.8406982421875,16567900,-2.29%,187.34%,-2.82%,1201,287.34,-2.17%,2025,52.79%
2025-10-15,AMD,Equity,238.60000610351562,108481000,9.4%,158.5%,0.0%,1202,258.5,8.96%,2025,77.53%
2025-10-15,AVGO,Equity,348.73699951171875,23918500,2.09%,816.68%,-4.77%,1202,916.68,1.65%,2025,50.54%
2025-10-15,INTC,Equity,37.150001525878906,99242700,4.27%,-17.27%,-40.16%,1202,82.73,3.82%,2025,82.49%
2025-10-15,NVDA,Equity,179.40017700195312,214450500,-0.11%,1275.11%,-6.62%,1202,1375.11,-0.56%,2025,34.88%
2025-10-15,SPY,Benchmark,658.0702514648438,81702600,0.44%,92.65%,-1.18%,1202,192.65,0.0%,2025,18.01%
2025-10-15,TSM,Equity,301.518798828125,20788000,2.96%,195.86%,0.0%,1202,295.86,2.52%,2025,52.79%
2025-10-16,AMD,Equity,234.55999755859375,69726400,-1.69%,154.13%,-1.69%,1203,254.13,-1.01%,2025,77.53%
2025-10-16,AVGO,Equity,351.5362243652344,20317200,0.8%,824.04%,-4.01%,1203,924.04,1.48%,2025,50.54%
2025-10-16,INTC,Equity,36.84000015258789,83357800,-0.83%,-17.96%,-40.66%,1203,82.04,-0.15%,2025,82.49%
2025-10-16,NVDA,Equity,181.37545776367188,179723300,1.1%,1290.26%,-5.59%,1203,1390.26,1.78%,2025,34.88%
2025-10-16,SPY,Benchmark,653.5886840820312,110563300,-0.68%,91.34%,-1.85%,1203,191.34,0.0%,2025,18.01%
2025-10-16,TSM,Equity,296.6998291015625,26341500,-1.6%,191.13%,-1.6%,1203,291.13,-0.92%,2025,52.79%
2025-10-17,AMD,Equity,233.0800018310547,55804200,-0.63%,152.52%,-2.31%,1204,252.52,-1.2%,2025,77.53%
2025-10-17,AVGO,Equity,346.75177001953125,20937900,-1.36%,811.46%,-5.31%,1204,911.46,-1.93%,2025,50.54%
2025-10-17,INTC,Equity,37.0099983215332,119394700,0.46%,-17.58%,-40.39%,1204,82.42,-0.11%,2025,82.49%
2025-10-17,NVDA,Equity,182.78208923339844,173135200,0.78%,1301.04%,-4.86%,1204,1401.04,0.21%,2025,34.88%
2025-10-17,SPY,Benchmark,657.2986450195312,96500900,0.57%,92.42%,-1.3%,1204,192.42,0.0%,2025,18.01%
2025-10-17,TSM,Equity,291.9896545410156,17633300,-1.59%,186.51%,-3.16%,1204,286.51,-2.16%,2025,52.79%
2025-10-20,AMD,Equity,240.55999755859375,56741700,3.21%,160.63%,0.0%,1205,260.63,2.17%,2025,77.53%
2025-10-20,AVGO,Equity,346.6624450683594,15640200,-0.03%,811.23%,-5.34%,1205,911.23,-1.07%,2025,50.54%
2025-10-20,INTC,Equity,38.099998474121094,80230200,2.95%,-15.15%,-38.63%,1205,84.85,1.91%,2025,82.49%
2025-10-20,NVDA,Equity,182.20347595214844,128544700,-0.32%,1296.6%,-5.16%,1205,1396.6,-1.36%,2025,34.88%
2025-10-20,SPY,Benchmark,664.1348876953125,60493400,1.04%,94.43%,-0.27%,1205,194.43,0.0%,2025,18.01%
2025-10-20,TSM,Equity,294.5822448730469,13391600,0.89%,189.05%,-2.3%,1205,289.05,-0.15%,2025,52.79%
2025-10-21,AMD,Equity,238.02999877929688,47122400,-1.05%,157.89%,-1.05%,1206,257.89,-1.05%,2025,77.53%
2025-10-21,AVGO,Equity,340.13104248046875,16092600,-1.88%,794.06%,-7.12%,1206,894.06,-1.88%,2025,50.54%
2025-10-21,INTC,Equity,38.119998931884766,73134900,0.05%,-15.11%,-38.6%,1206,84.89,0.05%,2025,82.49%
2025-10-21,NVDA,Equity,180.72702026367188,124240200,-0.81%,1285.29%,-5.93%,1206,1385.29,-0.81%,2025,34.88%
2025-10-21,SPY,Benchmark,664.125,56249000,-0.0%,94.42%,-0.27%,1206,194.42,0.0%,2025,18.01%
2025-10-21,TSM,Equity,291.4256896972656,11190500,-1.07%,185.96%,-3.35%,1206,285.96,-1.07%,2025,52.79%
2025-10-22,AMD,Equity,230.22999572753906,59668800,-3.28%,149.44%,-4.29%,1207,249.44,-2.76%,2025,77.53%
2025-10-22,AVGO,Equity,337.7884521484375,19268800,-0.69%,787.9%,-7.76%,1207,887.9,-0.17%,2025,50.54%
2025-10-22,INTC,Equity,36.91999816894531,87099900,-3.15%,-17.78%,-40.53%,1207,82.22,-2.63%,2025,82.49%
2025-10-22,NVDA,Equity,179.84912109375,162249600,-0.49%,1278.56%,-6.38%,1207,1378.56,0.03%,2025,34.88%
2025-10-22,SPY,Benchmark,660.6722412109375,80564000,-0.52%,93.41%,-0.79%,1207,193.41,0.0%,2025,18.01%
2025-10-22,TSM,Equity,285.8546447753906,15409100,-1.91%,180.49%,-5.2%,1207,280.49,-1.39%,2025,52.79%
2025-10-23,AMD,Equity,234.99000549316406,39024400,2.07%,154.59%,-2.32%,1208,254.59,1.47%,2025,77.53%
2025-10-23,AVGO,Equity,341.7489929199219,12859200,1.17%,798.31%,-6.68%,1208,898.31,0.58%,2025,50.54%
2025-10-23,INTC,Equity,38.15999984741211,121974200,3.36%,-15.02%,-38.53%,1208,84.98,2.77%,2025,82.49%
2025-10-23,NVDA,Equity,181.72462463378906,111363700,1.04%,1292.93%,-5.41%,1208,1392.93,0.45%,2025,34.88%
2025-10-23,SPY,Benchmark,664.5899658203125,65604500,0.59%,94.56%,-0.2%,1208,194.56,0.0%,2025,18.01%
2025-10-23,TSM,Equity,287.68524169921875,10379900,0.64%,182.28%,-4.59%,1208,282.28,0.05%,2025,52.79%
2025-10-24,AMD,Equity,252.9199981689453,71221100,7.63%,174.02%,0.0%,1209,274.02,6.81%,2025,77.53%
2025-10-24,AVGO,Equity,351.5163879394531,16143700,2.86%,823.99%,-4.01%,1209,923.99,2.04%,2025,50.54%
2025-10-24,INTC,Equity,38.279998779296875,246380000,0.31%,-14.75%,-38.34%,1209,85.25,-0.5%,2025,82.49%
2025-10-24,NVDA,Equity,185.8148193359375,131296700,2.25%,1324.28%,-3.28%,1209,1424.28,1.43%,2025,34.88%
2025-10-24,SPY,Benchmark,670.0213623046875,74356500,0.82%,96.15%,0.0%,1209,196.15,0.0%,2025,18.01%
2025-10-24,TSM,Equity,291.87091064453125,8747000,1.45%,186.39%,-3.2%,1209,286.39,0.64%,2025,52.79%
2025-10-27,AMD,Equity,259.6700134277344,65613100,2.67%,181.33%,0.0%,1210,281.33,1.49%,2025,77.53%
2025-10-27,AVGO,Equity,359.3778991699219,20065800,2.24%,844.65%,-1.87%,1210,944.65,1.06%,2025,50.54%
2025-10-27,INTC,Equity,39.540000915527344,160007600,3.29%,-11.94%,-36.31%,1210,88.06,2.11%,2025,82.49%
2025-10-27,NVDA,Equity,191.03233337402344,153452700,2.81%,1364.28%,-0.56%,1210,1464.28,1.63%,2025,34.88%
2025-10-27,SPY,Benchmark,677.9260864257812,63339800,1.18%,98.46%,0.0%,1210,198.46,0.0%,2025,18.01%
2025-10-27,TSM,Equity,295.12652587890625,13615000,1.12%,189.59%,-2.12%,1210,289.59,-0.06%,2025,52.79%
2025-10-28,AMD,Equity,258.010009765625,47448700,-0.64%,179.53%,-0.64%,1211,279.53,-0.9%,2025,77.53%
2025-10-28,AVGO,Equity,370.21734619140625,21056000,3.02%,873.14%,0.0%,1211,973.14,2.75%,2025,50.54%
2025-10-28,INTC,Equity,41.529998779296875,181256400,5.03%,-7.51%,-33.11%,1211,92.49,4.77%,2025,82.49%
2025-10-28,NVDA,Equity,200.5495147705078,297986200,4.98%,1437.23%,0.0%,1211,1537.23,4.72%,2025,34.88%
2025-10-28,SPY,Benchmark,679.7266235351562,61738100,0.27%,98.99%,0.0%,1211,198.99,0.0%,2025,18.01%
2025-10-28,TSM,Equity,298.3721618652344,11804200,1.1%,192.77%,-1.04%,1211,292.77,0.83%,2025,52.79%
2025-10-29,AMD,Equity,264.3299865722656,49335600,2.45%,186.38%,0.0%,1212,286.38,2.4%,2025,77.53%
2025-10-29,AVGO,Equity,383.1313171386719,24975200,3.49%,907.09%,0.0%,1212,1007.09,3.44%,2025,50.54%
2025-10-29,INTC,Equity,41.34000015258789,106962900,-0.46%,-7.93%,-33.41%,1212,92.07,-0.51%,2025,82.49%
2025-10-29,NVDA,Equity,206.54515075683594,308829600,2.99%,1483.18%,0.0%,1212,1583.18,2.94%,2025,34.88%
2025-10-29,SPY,Benchmark,680.05322265625,85657100,0.05%,99.09%,0.0%,1212,199.09,0.0%,2025,18.01%
2025-10-29,TSM,Equity,301.89483642578125,16177300,1.18%,196.23%,0.0%,1212,296.23,1.13%,2025,52.79%
2025-10-30,AMD,Equity,254.83999633789062,45162500,-3.59%,176.1%,-3.59%,1213,276.1,-2.49%,2025,77.53%
2025-10-30,AVGO,Equity,373.6915283203125,24295300,-2.46%,882.28%,-2.46%,1213,982.28,-1.36%,2025,50.54%
2025-10-30,INTC,Equity,40.15999984741211,84855500,-2.85%,-10.56%,-35.31%,1213,89.44,-1.75%,2025,82.49%
2025-10-30,NVDA,Equity,202.40505981445312,178864400,-2.0%,1451.45%,-2.0%,1213,1551.45,-0.9%,2025,34.88%
2025-10-30,SPY,Benchmark,672.5738525390625,76335800,-1.1%,96.9%,-1.1%,1213,196.9,0.0%,2025,18.01%
2025-10-30,TSM,Equity,300.0444030761719,14507100,-0.61%,194.41%,-0.61%,1213,294.41,0.49%,2025,52.79%
2025-10-31,AMD,Equity,256.1199951171875,34449200,0.5%,177.49%,-3.11%,1214,277.49,0.17%,2025,77.53%
2025-10-31,AVGO,Equity,366.9019775390625,21598400,-1.82%,864.43%,-4.24%,1214,964.43,-2.14%,2025,50.54%
2025-10-31,INTC,Equity,39.9900016784668,80471400,-0.42%,-10.94%,-35.59%,1214,89.06,-0.75%,2025,82.49%
2025-10-31,NVDA,Equity,202.00604248046875,179802200,-0.2%,1448.39%,-2.2%,1214,1548.39,-0.53%,2025,34.88%
2025-10-31,SPY,Benchmark,674.780029296875,87164100,0.33%,97.54%,-0.78%,1214,197.54,0.0%,2025,18.01%
2025-10-31,TSM,Equity,297.28363037109375,12667900,-0.92%,191.7%,-1.53%,1214,291.7,-1.25%,2025,52.79%
2025-11-03,AMD,Equity,259.6499938964844,36351400,1.38%,181.31%,-1.77%,1215,281.31,1.19%,2025,77.53%
2025-11-03,AVGO,Equity,359.87420654296875,17198900,-1.92%,845.96%,-6.07%,1215,945.96,-2.1%,2025,50.54%
2025-11-03,INTC,Equity,39.5,61267500,-1.23%,-12.03%,-36.38%,1215,87.97,-1.41%,2025,82.49%
2025-11-03,NVDA,Equity,206.3855438232422,180267300,2.17%,1481.96%,-0.08%,1215,1581.96,1.98%,2025,34.88%
2025-11-03,SPY,Benchmark,676.04638671875,57315000,0.19%,97.91%,-0.59%,1215,197.91,0.0%,2025,18.01%
2025-11-03,TSM,Equity,301.667236328125,12466600,1.47%,196.0%,-0.08%,1215,296.0,1.29%,2025,52.79%
2025-11-04,AMD,Equity,250.0500030517578,56491800,-3.7%,170.91%,-5.4%,1216,270.91,-2.51%,2025,77.53%
2025-11-04,AVGO,Equity,349.342529296875,24047500,-2.93%,818.27%,-8.82%,1216,918.27,-1.74%,2025,50.54%
2025-11-04,INTC,Equity,37.029998779296875,102250300,-6.25%,-17.53%,-40.35%,1216,82.47,-5.07%,2025,82.49%
2025-11-04,NVDA,Equity,198.21511840820312,188919300,-3.96%,1419.33%,-4.03%,1216,1519.33,-2.77%,2025,34.88%
2025-11-04,SPY,Benchmark,668.0328369140625,78427000,-1.19%,95.57%,-1.77%,1216,195.57,0.0%,2025,18.01%
2025-11-04,TSM,Equity,290.9704895019531,16224300,-3.55%,185.51%,-3.62%,1216,285.51,-2.36%,2025,52.79%
2025-11-05,AMD,Equity,256.3299865722656,67366600,2.51%,177.71%,-3.03%,1217,277.71,2.16%,2025,77.53%
2025-11-05,AVGO,Equity,356.3305969238281,17087600,2.0%,836.64%,-7.0%,1217,936.64,1.65%,2025,50.54%
2025-11-05,INTC,Equity,38.380001068115234,74631600,3.65%,-14.53%,-38.18%,1217,85.47,3.3%,2025,82.49%
2025-11-05,NVDA,Equity,194.74342346191406,171350300,-1.75%,1392.72%,-5.71%,1217,1492.72,-2.1%,2025,34.88%
2025-11-05,SPY,Benchmark,670.3478393554688,74402400,0.35%,96.24%,-1.43%,1217,196.24,0.0%,2025,18.01%
2025-11-05,TSM,Equity,290.56475830078125,10502500,-0.14%,185.11%,-3.75%,1217,285.11,-0.49%,2025,52.79%
2025-11-06,AMD,Equity,237.6999969482422,66049700,-7.27%,157.53%,-10.07%,1218,257.53,-6.2%,2025,77.53%
2025-11-06,AVGO,Equity,352.965576171875,19896900,-0.94%,827.8%,-7.87%,1218,927.8,0.13%,2025,50.54%
2025-11-06,INTC,Equity,37.2400016784668,77629900,-2.97%,-17.07%,-40.02%,1218,82.93,-1.9%,2025,82.49%
2025-11-06,NVDA,Equity,187.63047790527344,223029800,-3.65%,1338.2%,-9.16%,1218,1438.2,-2.58%,2025,34.88%
2025-11-06,SPY,Benchmark,663.1554565429688,85035300,-1.07%,94.14%,-2.48%,1218,194.14,0.0%,2025,18.01%
2025-11-06,TSM,Equity,286.2108154296875,11516900,-1.5%,180.84%,-5.2%,1218,280.84,-0.43%,2025,52.79%
2025-11-07,AMD,Equity,233.5399932861328,52162600,-1.75%,153.02%,-11.65%,1219,253.02,-1.85%,2025,77.53%
2025-11-07,AVGO,Equity,346.8510437011719,21903200,-1.73%,811.72%,-9.47%,1219,911.72,-1.83%,2025,50.54%
2025-11-07,INTC,Equity,38.130001068115234,95521400,2.39%,-15.08%,-38.58%,1219,84.92,2.29%,2025,82.49%
2025-11-07,NVDA,Equity,187.70028686523438,264942300,0.04%,1338.74%,-9.12%,1219,1438.74,-0.06%,2025,34.88%
2025-11-07,SPY,Benchmark,663.808349609375,100592400,0.1%,94.33%,-2.39%,1219,194.33,0.0%,2025,18.01%
2025-11-07,TSM,Equity,283.4995422363281,15715700,-0.95%,178.18%,-6.09%,1219,278.18,-1.05%,2025,52.79%
2025-11-10,AMD,Equity,243.97999572753906,43361600,4.47%,164.33%,-7.7%,1220,264.33,2.91%,2025,77.53%
2025-11-10,AVGO,Equity,355.7449645996094,16409000,2.56%,835.1%,-7.15%,1220,935.1,1.0%,2025,50.54%
2025-11-10,INTC,Equity,38.45000076293945,77820300,0.84%,-14.37%,-38.07%,1220,85.63,-0.72%,2025,82.49%
2025-11-10,NVDA,Equity,198.57424926757812,198897100,5.79%,1422.09%,-3.86%,1220,1522.09,4.23%,2025,34.88%
2025-11-10,SPY,Benchmark,674.1666259765625,75842900,1.56%,97.36%,-0.87%,1220,197.36,0.0%,2025,18.01%
2025-11-10,TSM,Equity,292.17767333984375,10869200,3.06%,186.69%,-3.22%,1220,286.69,1.5%,2025,52.79%
2025-11-11,AMD,Equity,237.52000427246094,61336800,-2.65%,157.33%,-10.14%,1221,257.33,-2.88%,2025,77.53%
2025-11-11,AVGO,Equity,349.3623962402344,16446800,-1.79%,818.33%,-8.81%,1221,918.33,-2.02%,2025,50.54%
2025-11-11,INTC,Equity,37.880001068115234,53741900,-1.48%,-15.64%,-38.99%,1221,84.36,-1.71%,2025,82.49%
2025-11-11,NVDA,Equity,192.69833374023438,176483300,-2.96%,1377.05%,-6.7%,1221,1477.05,-3.19%,2025,34.88%
2025-11-11,SPY,Benchmark,675.7099609375,58953400,0.23%,97.81%,-0.64%,1221,197.81,0.0%,2025,18.01%
2025-11-11,TSM,Equity,288.1206359863281,9666300,-1.39%,182.71%,-4.56%,1221,282.71,-1.62%,2025,52.79%
2025-11-12,AMD,Equity,258.8900146484375,108942000,9.0%,180.49%,-2.06%,1222,280.49,8.94%,2025,77.53%
2025-11-12,AVGO,Equity,352.5983581542969,12190500,0.93%,826.83%,-7.97%,1222,926.83,0.87%,2025,50.54%
2025-11-12,INTC,Equity,37.88999938964844,53876000,0.03%,-15.62%,-38.97%,1222,84.38,-0.03%,2025,82.49%
2025-11-12,NVDA,Equity,193.3367919921875,154935300,0.33%,1381.94%,-6.39%,1222,1481.94,0.28%,2025,34.88%
2025-11-12,SPY,Benchmark,676.0859375,62312500,0.06%,97.92%,-0.58%,1222,197.92,0.0%,2025,18.01%
2025-11-12,TSM,Equity,287.5763854980469,9715900,-0.19%,182.18%,-4.74%,1222,282.18,-0.24%,2025,52.79%
2025-11-13,AMD,Equity,247.9600067138672,63178600,-4.22%,168.65%,-6.19%,1223,268.65,-2.56%,2025,77.53%
2025-11-13,AVGO,Equity,337.47076416015625,22616600,-4.29%,787.07%,-11.92%,1223,887.07,-2.63%,2025,50.54%
2025-11-13,INTC,Equity,35.90999984741211,95593200,-5.23%,-20.03%,-42.16%,1223,79.97,-3.57%,2025,82.49%
2025-11-13,NVDA,Equity,186.41339111328125,207423100,-3.58%,1328.87%,-9.75%,1223,1428.87,-1.92%,2025,34.88%
2025-11-13,SPY,Benchmark,664.8670043945312,103457800,-1.66%,94.64%,-2.23%,1223,194.64,0.0%,2025,18.01%
2025-11-13,TSM,Equity,279.2445983886719,13827600,-2.9%,174.0%,-7.5%,1223,274.0,-1.24%,2025,52.79%
2025-11-14,AMD,Equity,246.80999755859375,47655600,-0.46%,167.4%,-6.63%,1224,267.4,-0.45%,2025,77.53%
2025-11-14,AVGO,Equity,339.9324951171875,18500800,0.73%,793.54%,-11.28%,1224,893.54,0.75%,2025,50.54%
2025-11-14,INTC,Equity,35.52000045776367,71716200,-1.09%,-20.9%,-42.79%,1224,79.1,-1.07%,2025,82.49%
2025-11-14,NVDA,Equity,189.71546936035156,186591900,1.77%,1354.18%,-8.15%,1224,1454.18,1.79%,2025,34.88%
2025-11-14,SPY,Benchmark,664.7581176757812,96846700,-0.02%,94.61%,-2.25%,1224,194.61,0.0%,2025,18.01%
2025-11-14,TSM,Equity,281.8371276855469,11486800,0.93%,176.55%,-6.64%,1224,276.55,0.94%,2025,52.79%
2025-11-17,AMD,Equity,240.52000427246094,37942200,-2.55%,160.59%,-9.01%,1225,260.59,-1.62%,2025,77.53%
2025-11-17,AVGO,Equity,340.1210632324219,14799600,0.06%,794.03%,-11.23%,1225,894.03,0.99%,2025,50.54%
2025-11-17,INTC,Equity,34.709999084472656,72580100,-2.28%,-22.7%,-44.09%,1225,77.3,-1.35%,2025,82.49%
2025-11-17,NVDA,Equity,186.15402221679688,173628900,-1.88%,1326.88%,-9.87%,1225,1426.88,-0.95%,2025,34.88%
2025-11-17,SPY,Benchmark,658.5650024414062,90456100,-0.93%,92.79%,-3.16%,1225,192.79,0.0%,2025,18.01%
2025-11-17,TSM,Equity,279.05657958984375,10227100,-0.99%,173.82%,-7.56%,1225,273.82,-0.05%,2025,52.79%
2025-11-18,AMD,Equity,230.2899932861328,45619900,-4.25%,149.5%,-12.88%,1226,249.5,-3.41%,2025,77.53%
2025-11-18,AVGO,Equity,337.98699951171875,21726800,-0.63%,788.42%,-11.78%,1226,888.42,0.21%,2025,50.54%
2025-11-18,INTC,Equity,34.33000183105469,61504800,-1.09%,-23.55%,-44.7%,1226,76.45,-0.26%,2025,82.49%
2025-11-18,NVDA,Equity,180.92654418945312,213598900,-2.81%,1286.81%,-12.4%,1226,1386.81,-1.97%,2025,34.88%
2025-11-18,SPY,Benchmark,653.0346069335938,114467500,-0.84%,91.18%,-3.97%,1226,191.18,0.0%,2025,18.01%
2025-11-18,TSM,Equity,274.99951171875,11850400,-1.45%,169.84%,-8.91%,1226,269.84,-0.61%,2025,52.79%
2025-11-19,AMD,Equity,223.5500030517578,52093400,-2.93%,142.2%,-15.43%,1227,242.2,-3.31%,2025,77.53%
2025-11-19,AVGO,Equity,351.8042297363281,21851900,4.09%,824.74%,-8.18%,1227,924.74,3.7%,2025,50.54%
2025-11-19,INTC,Equity,35.11000061035156,67115500,2.27%,-21.81%,-43.45%,1227,78.19,1.89%,2025,82.49%
2025-11-19,NVDA,Equity,186.07420349121094,247246400,2.85%,1326.27%,-9.91%,1227,1426.27,2.46%,2025,34.88%
2025-11-19,SPY,Benchmark,655.5574340820312,94703000,0.39%,91.91%,-3.6%,1227,191.91,0.0%,2025,18.01%
2025-11-19,TSM,Equity,279.41278076171875,11179200,1.6%,174.17%,-7.45%,1227,274.17,1.22%,2025,52.79%
2025-11-20,AMD,Equity,206.02000427246094,66342900,-7.84%,123.21%,-22.06%,1228,223.21,-6.32%,2025,77.53%
2025-11-20,AVGO,Equity,344.26031494140625,28867000,-2.14%,804.91%,-10.15%,1228,904.91,-0.62%,2025,50.54%
2025-11-20,INTC,Equity,33.619998931884766,96389100,-4.24%,-25.13%,-45.85%,1228,74.87,-2.72%,2025,82.49%
2025-11-20,NVDA,Equity,180.20823669433594,343504800,-3.15%,1281.31%,-12.75%,1228,1381.31,-1.63%,2025,34.88%
2025-11-20,SPY,Benchmark,645.5652465820312,165293500,-1.52%,88.99%,-5.07%,1228,188.99,0.0%,2025,18.01%
2025-11-20,TSM,Equity,274.5937805175781,15747300,-1.72%,169.44%,-9.04%,1228,269.44,-0.2%,2025,52.79%
2025-11-21,AMD,Equity,203.77999877929688,67421100,-1.09%,120.78%,-22.91%,1229,220.78,-2.08%,2025,77.53%
2025-11-21,AVGO,Equity,337.68914794921875,30280300,-1.91%,787.64%,-11.86%,1229,887.64,-2.9%,2025,50.54%
2025-11-21,INTC,Equity,34.5,105641700,2.62%,-23.17%,-44.43%,1229,76.83,1.62%,2025,82.49%
2025-11-21,NVDA,Equity,178.4524688720703,346926200,-0.97%,1267.85%,-13.6%,1229,1367.85,-1.97%,2025,34.88%
2025-11-21,SPY,Benchmark,651.9959106445312,123956200,1.0%,90.87%,-4.13%,1229,190.87,0.0%,2025,18.01%
2025-11-21,TSM,Equity,272.1793518066406,20872800,-0.88%,167.07%,-9.84%,1229,267.07,-1.88%,2025,52.79%
2025-11-24,AMD,Equity,215.0500030517578,46749600,5.53%,132.99%,-18.64%,1230,232.99,4.06%,2025,77.53%
2025-11-24,AVGO,Equity,375.17047119140625,47262400,11.1%,886.16%,-2.08%,1230,986.16,9.63%,2025,50.54%
2025-11-24,INTC,Equity,35.790000915527344,103804200,3.74%,-20.29%,-42.35%,1230,79.71,2.27%,2025,82.49%
2025-11-24,NVDA,Equity,182.11370849609375,256618300,2.05%,1295.91%,-11.83%,1230,1395.91,0.58%,2025,34.88%
2025-11-24,SPY,Benchmark,661.59228515625,80437900,1.47%,93.68%,-2.71%,1230,193.68,0.0%,2025,18.01%
2025-11-24,TSM,Equity,281.6590270996094,13570300,3.48%,176.37%,-6.7%,1230,276.37,2.01%,2025,52.79%
2025-11-25,AMD,Equity,206.1300048828125,69773500,-4.15%,123.33%,-22.02%,1231,223.33,-5.09%,2025,77.53%
2025-11-25,AVGO,Equity,382.18829345703125,33507600,1.87%,904.61%,-0.25%,1231,1004.61,0.93%,2025,50.54%
2025-11-25,INTC,Equity,35.83000183105469,62203300,0.11%,-20.21%,-42.29%,1231,79.79,-0.83%,2025,82.49%
2025-11-25,NVDA,Equity,177.39501953125,320600300,-2.59%,1259.75%,-14.11%,1231,1359.75,-3.53%,2025,34.88%
2025-11-25,SPY,Benchmark,667.8152465820312,81077100,0.94%,95.5%,-1.8%,1231,195.5,0.0%,2025,18.01%
2025-11-25,TSM,Equity,281.6985778808594,13726800,0.01%,176.41%,-6.69%,1231,276.41,-0.93%,2025,52.79%
2025-11-26,AMD,Equity,214.24000549316406,43270200,3.93%,132.11%,-18.95%,1232,232.11,3.24%,2025,77.53%
2025-11-26,AVGO,Equity,394.6357421875,28693000,3.26%,937.33%,0.0%,1232,1037.33,2.57%,2025,50.54%
2025-11-26,INTC,Equity,36.810001373291016,54563400,2.74%,-18.02%,-40.71%,1232,81.98,2.04%,2025,82.49%
2025-11-26,NVDA,Equity,179.8291473388672,183852000,1.37%,1278.4%,-12.93%,1232,1378.4,0.68%,2025,34.88%
2025-11-26,SPY,Benchmark,672.4254760742188,71879600,0.69%,96.85%,-1.12%,1232,196.85,0.0%,2025,18.01%
2025-11-26,TSM,Equity,286.92327880859375,12220300,1.85%,181.54%,-4.96%,1232,281.54,1.16%,2025,52.79%
2025-11-28,AMD,Equity,217.52999877929688,18658000,1.54%,135.68%,-17.71%,1233,235.68,0.99%,2025,77.53%
2025-11-28,AVGO,Equity,399.9859313964844,13365500,1.36%,951.39%,0.0%,1233,1051.39,0.81%,2025,50.54%
2025-11-28,INTC,Equity,40.560001373291016,95799500,10.19%,-9.67%,-34.67%,1233,90.33,9.64%,2025,82.49%
2025-11-28,NVDA,Equity,176.57696533203125,121332800,-1.81%,1253.47%,-14.51%,1233,1353.47,-2.35%,2025,34.88%
2025-11-28,SPY,Benchmark,676.0958862304688,49212000,0.55%,97.93%,-0.58%,1233,197.93,0.0%,2025,18.01%
2025-11-28,TSM,Equity,288.45703125,5515400,0.53%,183.04%,-4.45%,1233,283.04,-0.01%,2025,52.79%
2025-12-01,AMD,Equity,219.75999450683594,30768700,1.03%,138.09%,-16.86%,1234,238.09,1.48%,2025,77.53%
2025-12-01,AVGO,Equity,383.23052978515625,23252000,-4.19%,907.35%,-4.19%,1234,1007.35,-3.73%,2025,50.54%
2025-12-01,INTC,Equity,40.0099983215332,74534900,-1.36%,-10.9%,-35.55%,1234,89.1,-0.9%,2025,82.49%
2025-12-01,NVDA,Equity,179.48997497558594,188131000,1.65%,1275.8%,-13.1%,1234,1375.8,2.11%,2025,34.88%
2025-12-01,SPY,Benchmark,673.0091552734375,61201200,-0.46%,97.02%,-1.04%,1234,197.02,0.0%,2025,18.01%
2025-12-01,TSM,Equity,284.6671447753906,7713000,-1.31%,179.32%,-5.71%,1234,279.32,-0.86%,2025,52.79%
2025-12-02,AMD,Equity,215.24000549316406,42002500,-2.06%,133.2%,-18.57%,1235,233.2,-2.24%,2025,77.53%
2025-12-02,AVGO,Equity,378.7538757324219,22207000,-1.17%,895.58%,-5.31%,1235,995.58,-1.35%,2025,50.54%
2025-12-02,INTC,Equity,43.470001220703125,167205800,8.65%,-3.19%,-29.98%,1235,96.81,8.46%,2025,82.49%
2025-12-02,NVDA,Equity,181.02630615234375,182632200,0.86%,1287.58%,-12.36%,1235,1387.58,0.67%,2025,34.88%
2025-12-02,SPY,Benchmark,674.2556762695312,62953800,0.19%,97.39%,-0.85%,1235,197.39,0.0%,2025,18.01%
2025-12-02,TSM,Equity,289.0309753417969,10746400,1.53%,183.61%,-4.26%,1235,283.61,1.35%,2025,52.79%
2025-12-03,AMD,Equity,217.60000610351562,28545200,1.1%,135.75%,-17.68%,1236,235.75,0.75%,2025,77.53%
2025-12-03,AVGO,Equity,377.8009338378906,21336400,-0.25%,893.08%,-5.55%,1236,993.08,-0.6%,2025,50.54%
2025-12-03,INTC,Equity,43.7599983215332,91957200,0.67%,-2.55%,-29.51%,1236,97.45,0.32%,2025,82.49%
2025-12-03,NVDA,Equity,179.1607666015625,165138000,-1.03%,1273.28%,-13.26%,1236,1373.28,-1.38%,2025,34.88%
2025-12-03,SPY,Benchmark,676.590576171875,57238500,0.35%,98.07%,-0.51%,1236,198.07,0.0%,2025,18.01%
2025-12-03,TSM,Equity,292.3558349609375,9599200,1.15%,186.87%,-3.16%,1236,286.87,0.8%,2025,52.79%
2025-12-04,AMD,Equity,215.97999572753906,24478200,-0.74%,134.0%,-18.29%,1237,234.0,-0.82%,2025,77.53%
2025-12-04,AVGO,Equity,378.21783447265625,15845900,0.11%,894.17%,-5.44%,1237,994.17,0.04%,2025,50.54%
2025-12-04,INTC,Equity,40.5,107850200,-7.45%,-9.81%,-34.77%,1237,90.19,-7.52%,2025,82.49%
2025-12-04,NVDA,Equity,182.95188903808594,167364900,2.12%,1302.34%,-11.42%,1237,1402.34,2.04%,2025,34.88%
2025-12-04,SPY,Benchmark,677.0851440429688,61970300,0.07%,98.22%,-0.44%,1237,198.22,0.0%,2025,18.01%
2025-12-04,TSM,Equity,289.8622131347656,6753000,-0.85%,184.42%,-3.99%,1237,284.42,-0.93%,2025,52.79%
2025-12-05,AMD,Equity,217.97000122070312,33292400,0.92%,136.15%,-17.54%,1238,236.15,0.73%,2025,77.53%
2025-12-05,AVGO,Equity,387.35986328125,24779900,2.42%,918.2%,-3.16%,1238,1018.2,2.23%,2025,50.54%
2025-12-05,INTC,Equity,41.40999984741211,103042000,2.25%,-7.78%,-33.3%,1238,92.22,2.06%,2025,82.49%
2025-12-05,NVDA,Equity,181.98416137695312,143971100,-0.53%,1294.92%,-11.89%,1238,1394.92,-0.72%,2025,34.88%
2025-12-05,SPY,Benchmark,678.3712768554688,79241000,0.19%,98.59%,-0.25%,1238,198.59,0.0%,2025,18.01%
2025-12-05,TSM,Equity,291.6334533691406,10275300,0.61%,186.16%,-3.4%,1238,286.16,0.42%,2025,52.79%
2025-12-08,AMD,Equity,221.11000061035156,30943200,1.44%,139.56%,-16.35%,1239,239.56,1.74%,2025,77.53%
2025-12-08,AVGO,Equity,398.1396789550781,30410600,2.78%,946.54%,-0.46%,1239,1046.54,3.08%,2025,50.54%
2025-12-08,INTC,Equity,40.29999923706055,93953600,-2.68%,-10.25%,-35.09%,1239,89.75,-2.38%,2025,82.49%
2025-12-08,NVDA,Equity,185.11683654785156,204378100,1.72%,1318.93%,-10.37%,1239,1418.93,2.02%,2025,34.88%
2025-12-08,SPY,Benchmark,676.333251953125,55231500,-0.3%,98.0%,-0.55%,1239,198.0,0.0%,2025,18.01%
2025-12-08,TSM,Equity,298.7085876464844,16643100,2.43%,193.1%,-1.06%,1239,293.1,2.73%,2025,52.79%
2025-12-09,AMD,Equity,221.6199951171875,25166100,0.23%,140.11%,-16.16%,1240,240.11,0.32%,2025,77.53%
2025-12-09,AVGO,Equity,403.2914123535156,24546000,1.29%,960.08%,0.0%,1240,1060.08,1.38%,2025,50.54%
2025-12-09,INTC,Equity,40.5,61877200,0.5%,-9.81%,-34.77%,1240,90.19,0.58%,2025,82.49%
2025-12-09,NVDA,Equity,184.53817749023438,144719700,-0.31%,1314.5%,-10.65%,1240,1414.5,-0.23%,2025,34.88%
2025-12-09,SPY,Benchmark,675.7495727539062,58310100,-0.09%,97.83%,-0.63%,1240,197.83,0.0%,2025,18.01%
2025-12-09,TSM,Equity,300.23248291015625,11349100,0.51%,194.6%,-0.55%,1240,294.6,0.6%,2025,52.79%
2025-12-10,AMD,Equity,221.4199981689453,23279400,-0.09%,139.89%,-16.23%,1241,239.89,-0.75%,2025,77.53%
2025-12-10,AVGO,Equity,409.9220886230469,31531000,1.64%,977.51%,0.0%,1241,1077.51,0.98%,2025,50.54%
2025-12-10,INTC,Equity,40.779998779296875,75974900,0.69%,-9.18%,-34.31%,1241,90.82,0.03%,2025,82.49%
2025-12-10,NVDA,Equity,183.35096740722656,162785400,-0.64%,1305.4%,-11.23%,1241,1405.4,-1.31%,2025,34.88%
2025-12-10,SPY,Benchmark,680.2312622070312,85671300,0.66%,99.14%,0.0%,1241,199.14,0.0%,2025,18.01%
2025-12-10,TSM,Equity,306.8919982910156,12429200,2.22%,201.13%,0.0%,1241,301.13,1.55%,2025,52.79%
2025-12-11,AMD,Equity,221.42999267578125,30694600,0.0%,139.9%,-16.23%,1242,239.9,-0.23%,2025,77.53%
2025-12-11,AVGO,Equity,403.3708190917969,45681600,-1.6%,960.29%,-1.6%,1242,1060.29,-1.83%,2025,50.54%
2025-12-11,INTC,Equity,39.5099983215332,59096800,-3.11%,-12.01%,-36.36%,1242,87.99,-3.35%,2025,82.49%
2025-12-11,NVDA,Equity,180.50759887695312,182136600,-1.55%,1283.6%,-12.61%,1242,1383.6,-1.78%,2025,34.88%
2025-12-11,SPY,Benchmark,681.8140869140625,86173700,0.23%,99.6%,0.0%,1242,199.6,0.0%,2025,18.01%
2025-12-11,TSM,Equity,302.4717102050781,15028400,-1.44%,196.79%,-1.44%,1242,296.79,-1.67%,2025,52.79%
2025-12-12,AMD,Equity,210.77999877929688,37073900,-4.81%,128.36%,-20.26%,1243,228.36,-3.73%,2025,77.53%
2025-12-12,AVGO,Equity,357.2735595703125,95588500,-11.43%,839.12%,-12.84%,1243,939.12,-10.35%,2025,50.54%
2025-12-12,INTC,Equity,37.810001373291016,87784500,-4.3%,-15.8%,-39.1%,1243,84.2,-3.23%,2025,82.49%
2025-12-12,NVDA,Equity,174.6114044189453,204274900,-3.27%,1238.41%,-15.46%,1243,1338.41,-2.19%,2025,34.88%
2025-12-12,SPY,Benchmark,674.4832763671875,113160300,-1.08%,97.45%,-1.08%,1243,197.45,0.0%,2025,18.01%
2025-12-12,TSM,Equity,289.76165771484375,19306100,-4.2%,184.32%,-5.58%,1243,284.32,-3.13%,2025,52.79%
2025-12-15,AMD,Equity,207.5800018310547,27222200,-1.52%,124.9%,-21.47%,1244,224.9,-1.37%,2025,77.53%
2025-12-15,AVGO,Equity,337.30206298828125,65894900,-5.59%,786.62%,-17.72%,1244,886.62,-5.44%,2025,50.54%
2025-12-15,INTC,Equity,37.5099983215332,60898500,-0.79%,-16.46%,-39.58%,1244,83.54,-0.64%,2025,82.49%
2025-12-15,NVDA,Equity,175.87841796875,164775600,0.73%,1248.12%,-14.85%,1244,1348.12,0.88%,2025,34.88%
2025-12-15,SPY,Benchmark,673.4642333984375,90811000,-0.15%,97.16%,-1.22%,1244,197.16,0.0%,2025,18.01%
2025-12-15,TSM,Equity,285.4952087402344,12082400,-1.47%,180.14%,-6.97%,1244,280.14,-1.32%,2025,52.79%
2025-12-16,AMD,Equity,209.1699981689453,23467600,0.77%,126.62%,-20.87%,1245,226.62,1.04%,2025,77.53%
2025-12-16,AVGO,Equity,338.7810363769531,58061100,0.44%,790.51%,-17.35%,1245,890.51,0.71%,2025,50.54%
2025-12-16,INTC,Equity,37.310001373291016,50490300,-0.53%,-16.91%,-39.9%,1245,83.09,-0.26%,2025,82.49%
2025-12-16,NVDA,Equity,177.3050994873047,148588100,0.81%,1259.06%,-14.16%,1245,1359.06,1.08%,2025,34.88%
2025-12-16,SPY,Benchmark,671.6240844726562,122030600,-0.27%,96.62%,-1.49%,1245,196.62,0.0%,2025,18.01%
2025-12-16,TSM,Equity,284.6319885253906,11418400,-0.3%,179.29%,-7.25%,1245,279.29,-0.03%,2025,52.79%
2025-12-17,AMD,Equity,198.11000061035156,31595400,-5.29%,114.64%,-25.05%,1246,214.64,-4.19%,2025,77.53%
2025-12-17,AVGO,Equity,323.6138000488281,73300900,-4.48%,750.64%,-21.05%,1246,850.64,-3.38%,2025,50.54%
2025-12-17,INTC,Equity,36.04999923706055,54792000,-3.38%,-19.72%,-41.93%,1246,80.28,-2.28%,2025,82.49%
2025-12-17,NVDA,Equity,170.54092407226562,222775500,-3.81%,1207.21%,-17.43%,1246,1307.21,-2.71%,2025,34.88%
2025-12-17,SPY,Benchmark,664.2338256835938,110625200,-1.1%,94.45%,-2.58%,1246,194.45,0.0%,2025,18.01%
2025-12-17,TSM,Equity,274.7992858886719,16823000,-3.45%,169.64%,-10.46%,1246,269.64,-2.35%,2025,52.79%
2025-12-18,AMD,Equity,201.05999755859375,29720100,1.49%,117.83%,-23.94%,1247,217.83,0.73%,2025,77.53%
2025-12-18,AVGO,Equity,327.4453430175781,54501900,1.18%,760.71%,-20.12%,1247,860.71,0.43%,2025,50.54%
2025-12-18,INTC,Equity,36.279998779296875,69468400,0.64%,-19.2%,-41.56%,1247,80.8,-0.12%,2025,82.49%
2025-12-18,NVDA,Equity,173.73345947265625,176096000,1.87%,1231.68%,-15.89%,1247,1331.68,1.12%,2025,34.88%
2025-12-18,SPY,Benchmark,669.2496948242188,108650100,0.76%,95.92%,-1.84%,1247,195.92,0.0%,2025,18.01%
2025-12-18,TSM,Equity,282.4590759277344,11260300,2.79%,177.16%,-7.96%,1247,277.16,2.03%,2025,52.79%
2025-12-19,AMD,Equity,213.42999267578125,58445500,6.15%,131.24%,-19.26%,1248,231.24,5.25%,2025,77.53%
2025-12-19,AVGO,Equity,337.84796142578125,159095200,3.18%,788.06%,-17.58%,1248,888.06,2.27%,2025,50.54%
2025-12-19,INTC,Equity,36.81999969482422,163221300,1.49%,-18.0%,-40.69%,1248,82.0,0.58%,2025,82.49%
2025-12-19,NVDA,Equity,180.56748962402344,324925900,3.93%,1284.06%,-12.58%,1248,1384.06,3.03%,2025,34.88%
2025-12-19,SPY,Benchmark,675.3153686523438,103599500,0.91%,97.7%,-0.95%,1248,197.7,0.0%,2025,18.01%
2025-12-19,TSM,Equity,286.6957702636719,12735800,1.5%,181.31%,-6.58%,1248,281.31,0.59%,2025,52.79%
2025-12-22,AMD,Equity,214.9499969482422,24950700,0.71%,132.88%,-18.68%,1249,232.88,0.09%,2025,77.53%
2025-12-22,AVGO,Equity,339.5784912109375,28739600,0.51%,792.61%,-17.16%,1249,892.61,-0.11%,2025,50.54%
2025-12-22,INTC,Equity,36.369998931884766,51685400,-1.22%,-19.0%,-41.42%,1249,81.0,-1.85%,2025,82.49%
2025-12-22,NVDA,Equity,183.26116943359375,129064400,1.49%,1304.71%,-11.27%,1249,1404.71,0.87%,2025,34.88%
2025-12-22,SPY,Benchmark,679.5225219726562,69556700,0.62%,98.93%,-0.34%,1249,198.93,0.0%,2025,18.01%
2025-12-22,TSM,Equity,290.9919738769531,6091100,1.5%,185.53%,-5.18%,1249,285.53,0.88%,2025,52.79%
2025-12-23,AMD,Equity,214.89999389648438,20272300,-0.02%,132.83%,-18.7%,1250,232.83,-0.48%,2025,77.53%
2025-12-23,AVGO,Equity,347.40533447265625,28232600,2.3%,813.18%,-15.25%,1250,913.18,1.85%,2025,50.54%
2025-12-23,INTC,Equity,36.349998474121094,35958000,-0.05%,-19.05%,-41.45%,1250,80.95,-0.51%,2025,82.49%
2025-12-23,NVDA,Equity,188.76829528808594,174873600,3.01%,1346.92%,-8.61%,1250,1446.92,2.55%,2025,34.88%
2025-12-23,SPY,Benchmark,682.6282348632812,64840000,0.46%,99.84%,0.0%,1250,199.84,0.0%,2025,18.01%
2025-12-23,TSM,Equity,294.63336181640625,6802300,1.25%,189.1%,-3.99%,1250,289.1,0.79%,2025,52.79%
2025-12-24,AMD,Equity,215.0399932861328,7956800,0.07%,132.98%,-18.65%,1251,232.98,-0.29%,2025,77.53%
2025-12-24,AVGO,Equity,348.3003845214844,11424400,0.26%,815.53%,-15.03%,1251,915.53,-0.09%,2025,50.54%
2025-12-24,INTC,Equity,36.15999984741211,37443800,-0.52%,-19.47%,-41.76%,1251,80.53,-0.87%,2025,82.49%
2025-12-24,NVDA,Equity,188.169677734375,65528500,-0.32%,1342.33%,-8.9%,1251,1442.33,-0.67%,2025,34.88%
2025-12-24,SPY,Benchmark,685.0294799804688,39445600,0.35%,100.54%,0.0%,1251,200.54,0.0%,2025,18.01%
2025-12-24,TSM,Equity,296.4689025878906,2753900,0.62%,190.9%,-3.4%,1251,290.9,0.27%,2025,52.79%
2025-12-26,AMD,Equity,214.99000549316406,15792600,-0.02%,132.93%,-18.67%,1252,232.93,-0.01%,2025,77.53%
2025-12-26,AVGO,Equity,350.1999206542969,15028100,0.55%,820.53%,-14.57%,1252,920.53,0.56%,2025,50.54%
2025-12-26,INTC,Equity,36.20000076293945,28779400,0.11%,-19.38%,-41.69%,1252,80.62,0.12%,2025,82.49%
2025-12-26,NVDA,Equity,190.085205078125,139740300,1.02%,1357.02%,-7.97%,1252,1457.02,1.03%,2025,34.88%
2025-12-26,SPY,Benchmark,684.9599609375,41613300,-0.01%,100.52%,-0.01%,1252,200.52,0.0%,2025,18.01%
2025-12-26,TSM,Equity,300.4773864746094,5125900,1.35%,194.84%,-2.09%,1252,294.84,1.36%,2025,52.79%
2025-12-29,AMD,Equity,215.61000061035156,20326900,0.29%,133.6%,-18.43%,1253,233.6,0.64%,2025,77.53%
2025-12-29,AVGO,Equity,347.4749755859375,21946900,-0.78%,813.36%,-15.23%,1253,913.36,-0.42%,2025,50.54%
2025-12-29,INTC,Equity,36.68000030517578,38062300,1.33%,-18.31%,-40.92%,1253,81.69,1.68%,2025,82.49%
2025-12-29,NVDA,Equity,187.7805938720703,120006100,-1.21%,1339.35%,-9.08%,1253,1439.35,-0.86%,2025,34.88%
2025-12-29,SPY,Benchmark,682.51904296875,62559500,-0.36%,99.81%,-0.37%,1253,199.81,0.0%,2025,18.01%
2025-12-29,TSM,Equity,298.5723876953125,6205100,-0.63%,192.97%,-2.71%,1253,292.97,-0.28%,2025,52.79%
2025-12-30,AMD,Equity,215.33999633789062,16409600,-0.13%,133.3%,-18.53%,1254,233.3,-0.0%,2025,77.53%
2025-12-30,AVGO,Equity,347.9324035644531,16633600,0.13%,814.57%,-15.12%,1254,914.57,0.25%,2025,50.54%
2025-12-30,INTC,Equity,37.29999923706055,61935300,1.69%,-16.93%,-39.92%,1254,83.07,1.81%,2025,82.49%
2025-12-30,NVDA,Equity,187.1021728515625,97687300,-0.36%,1334.15%,-9.41%,1254,1434.15,-0.24%,2025,34.88%
2025-12-30,SPY,Benchmark,681.6856079101562,47160700,-0.12%,99.56%,-0.49%,1254,199.56,0.0%,2025,18.01%
2025-12-30,TSM,Equity,297.2427978515625,6190600,-0.45%,191.66%,-3.14%,1254,291.66,-0.32%,2025,52.79%
2025-12-31,AMD,Equity,214.16000366210938,17591600,-0.55%,132.03%,-18.98%,1255,232.03,0.19%,2025,77.53%
2025-12-31,AVGO,Equity,344.2030029296875,15346100,-1.07%,804.76%,-16.03%,1255,904.76,-0.33%,2025,50.54%
2025-12-31,INTC,Equity,36.900001525878906,51524700,-1.07%,-17.82%,-40.56%,1255,82.18,-0.33%,2025,82.49%
2025-12-31,NVDA,Equity,186.06460571289062,120100500,-0.55%,1326.2%,-9.92%,1255,1426.2,0.19%,2025,34.88%
2025-12-31,SPY,Benchmark,676.635009765625,74144800,-0.74%,98.08%,-1.23%,1255,198.08,0.0%,2025,18.01%
2025-12-31,TSM,Equity,301.51922607421875,8175100,1.44%,195.86%,-1.75%,1255,295.86,2.18%,2025,52.79%
