Price,Close,Close,Close,Close,Close,Close,High,High,High,High,High,High,Low,Low,Low,Low,Low,Low,Open,Open,Open,Open,Open,Open,Volume,Volume,Volume,Volume,Volume,Volume
Ticker,AMD,AVGO,INTC,NVDA,SPY,TSM,AMD,AVGO,INTC,NVDA,SPY,TSM,AMD,AVGO,INTC,NVDA,SPY,TSM,AMD,AVGO,INTC,NVDA,SPY,TSM,AMD,AVGO,INTC,NVDA,SPY,TSM
Date,,,,,,,,,,,,,,,,,,,,,,,,,,,,,,
2021-01-04,92.30000305175781,38.043434143066406,44.9029426574707,13.046196937561035,341.5887145996094,101.91310119628906,96.05999755859375,39.566173269082284,46.45786754233409,13.582431124501683,347.75748825794324,104.1028201314783,90.91999816894531,37.68735395543657,44.65885881957557,12.895971895425573,337.91153359546706,100.77262330930766,92.11000061035156,39.3058220759492,45.10182936095326,13.036994722740106,347.6278008405059,101.70325716320227,51802600,24171000,46102500,560640000,110210800,11262100
2021-01-05,92.7699966430664,38.30109405517578,45.75271987915039,13.335951805114746,343.94134521484375,102.88933563232422,93.20999908447266,38.41650533331049,45.95160654389077,13.374502622372711,345.0250605268472,104.87832906812025,91.41000366210938,37.79112883157024,44.59556862665967,13.019832636772176,340.9032733293273,102.19593018566037,92.0999984741211,38.02821750762483,44.70405069443499,13.032516872741898,340.949602377982,102.56088445075503,34208000,15069000,24866600,322760000,66426200,10583600
2021-01-06,90.33000183105469,38.064918518066406,46.19569396972656,12.549758911132812,345.9975891113281,105.48049926757812,92.27999877929688,38.88086259954369,47.14492334535654,13.177022849780169,349.17461974787045,106.19215621969278,89.45999908447266,37.62473703565071,45.382073224507614,12.521405575778882,341.8943450056138,102.68861215976733,91.62000274658203,37.87166869384602,45.59903737713279,13.154638288108194,342.4408242377529,103.87470475965065,51911700,17226000,36809600,580424000,107997700,10609300
2021-01-07,95.16000366210938,39.669071197509766,47.18107986450195,13.275513648986816,351.13824462890625,110.7905502319336,95.51000213623047,39.77643144688854,47.633092521198556,13.30909096314701,351.879226704414,112.16824904692106,91.19999694824219,38.524780288261816,46.37649788735526,12.820362197139659,348.18353125617296,107.28699961545388,91.33000183105469,38.655403005764235,46.548264903993015,12.900945853564691,348.35951944577056,108.88366816868306,42897200,21267000,32092300,461480000,68766800,13556100
2021-01-08,94.58000183105469,39.87036895751953,46.69290542602539,13.208609580993652,353.1389465332031,108.29066467285156,96.4000015258789,40.25955452368997,47.48844516107108,13.35211916574799,353.351964049799,115.22476922543615,93.2699966430664,39.24499222645099,46.34937486627501,12.975064589250893,349.28577737519294,106.7304916705894,95.9800033569336,39.992046400059046,47.41612493451358,13.293920064625954,352.51835210952186,114.87806643413067,39816400,15271000,34625400,292528000,71677200,18976800
2021-01-11,97.25,39.881103515625,46.59346389770508,13.551591873168945,350.7585144042969,111.85803985595703,99.2300033569336,40.15129417791959,47.226282285307384,13.88934991932038,352.5090967320955,112.77042192160255,93.76000213623047,39.40334586583016,46.33129573806397,13.293921285257271,349.86005871507695,108.39099218305768,94.02999877929688,39.42034562190137,46.367457577031594,13.349882219992052,349.9804746734245,109.248626591337,48600200,11660000,32925000,518344000,51034700,12006800
2021-01-12,95.36000061035156,40.205867767333984,48.130306243896484,13.415543556213379,350.8325500488281,112.22300720214844,98.97000122070312,40.68631135650445,48.681758754359336,13.683909741204818,351.8421500854146,114.23024519700444,94.06999969482422,39.86678732895658,46.611543534866485,13.276511249736272,348.600304213812,111.01866301305013,97.86000061035156,40.06093128918988,46.91891226046976,13.68191920101054,350.9437227941285,114.19375603572216,67672300,13846000,39883900,291476000,52547700,14163200
2021-01-13,91.77999877929688,40.36870193481445,51.48424530029297,13.462301254272461,351.7773742675781,108.7833251953125,93.88999938964844,40.57268877557879,54.46752831935426,13.555072944184918,352.768431491567,113.86529341706897,90.83999633789062,40.09135436955699,51.43904472169477,13.316304914526613,349.98046294933357,107.6610921046359,93.01000213623047,40.28728671812297,53.789509294632005,13.420765571709692,350.75850265414215,113.50033917029234,60712900,13118000,124070700,210028000,45303600,20650500
2021-01-14,90.79000091552734,40.445640563964844,53.56349182128906,13.132500648498535,350.5454406738281,115.3707275390625,92.36000061035156,41.020915524100744,54.36807367830824,13.529950146558164,353.01851855461456,122.8522588681935,90.44999694824219,40.37943332994643,52.28881645766244,13.112852370232488,350.2120072157381,111.00954169396488,91.7699966430664,40.57447487897908,52.84027236827083,13.505327416462048,352.51834010082484,112.63358091217205,53408200,19692000,74680900,283120000,49989100,37125400
2021-01-15,88.20999908447266,39.889156341552734,52.05377960205078,12.793501853942871,347.9890441894531,114.25763702392578,91.58999633789062,40.26044795849308,53.9251117393238,13.256861253737839,349.73035497253096,117.27761320970743,87.86000061035156,39.42482168700757,51.98145592110162,12.78255862740494,346.1365606500185,112.41462090348548,90.75,40.09761752330397,53.20188872416388,13.160110379541644,348.9338006185688,117.21375368888934,49340300,18165000,50265400,277780000,107160000,17343100
2021-01-19,89.44999694824219,41.089805603027344,52.42443084716797,12.958399772644043,350.7214660644531,119.7957763671875,89.58000183105469,41.10949132541055,52.74083833590907,13.026796351578763,351.25870215945235,122.30482722288247,87.23999786376953,40.10655701153755,51.61984539985793,12.7780794490241,348.96161222679353,117.18636292039086,89.55999755859375,40.10655701153755,52.37922682141954,12.94944518994785,350.43433335620296,119.14797892974109,45115100,18819000,35647100,226188000,51233300,20443800
2021-01-20,88.75,41.32331848144531,53.03916931152344,13.297154426574707,355.5749206542969,119.19361114501953,90.77999877929688,41.67313596003275,53.53638604741006,13.361571834901874,356.40853248612547,124.20259448085433,88.5999984741211,40.707781287054814,52.514836365383815,12.989740265412832,352.6109360670709,118.7009308781109,90.55000305175781,41.11217477005299,52.65044155673167,13.044457348491646,352.99994173082,123.34495297748776,35185800,14710000,28701300,258572000,61836100,17360700
2021-01-21,91.52999877929688,41.765296936035156,56.465423583984375,13.796327590942383,355.8990783691406,122.40518188476562,92.06999969482422,42.00238571510749,57.81242289792434,13.927401511527409,356.5567302849031,123.53652674188322,88.43000030517578,41.19091602449664,52.63235795986955,13.184981367786673,354.9821081917429,120.74463983444127,89.33999633789062,41.34390361030156,53.373658484776186,13.349631654463508,356.13063877891994,121.57491085960345,54221900,15749000,86519500,337780000,47840100,15460100
2021-01-22,92.79000091552734,41.60425567626953,51.222076416015625,13.64212417602539,354.6394348144531,117.8250503540039,95.94999694824219,41.83061082402054,53.89799063600339,13.770711361469516,355.79723696621016,119.75017757513334,91.87999725341797,41.36806107778551,51.21303767985282,13.55731179569324,353.67613550952814,117.52396252262167,94.41999816894531,41.487950160459654,53.20189069964345,13.66948319202541,354.0558980073029,118.64618886006515,71294700,16248000,85729300,246820000,52860500,19163200
2021-01-25,94.12999725341797,41.583675384521484,50.119163513183594,13.583176612854004,356.0380554199219,119.0841064453125,95.73999786376953,42.04980182927205,51.0774316132585,13.75752722329833,356.39000351678175,120.58953122596829,91.4000015258789,40.804413482806254,48.87161102932623,13.168565561333795,350.545420736657,116.19185012011555,94.13999938964844,42.01043720408806,50.9689495382672,13.71101709190849,355.3711602750166,120.27932467703296,55086900,14692000,61968500,251112000,70402000,20469300
2021-01-26,94.70999908447266,41.50136184692383,49.91123580932617,13.366296768188477,355.4823303222656,115.55321502685547,95.72000122070312,41.7840779152071,50.806222370546415,13.574720917203404,357.3903860722406,117.98928095991013,93.62999725341797,41.32332004031406,49.58578615070063,13.318791364133517,355.25076988400014,115.18826072938938,94.91000366210938,41.39220983398474,49.97451730421638,13.510800674012138,356.98283743956097,117.74293385072772,59449100,10742000,31485900,163980000,42665300,17084600
2021-01-27,88.83999633789062,39.78626251220703,48.44672393798828,12.851452827453613,346.794189453125,111.07340240478516,91.87999725341797,40.88313397469288,49.58579448607261,13.164835741319445,352.2682817840443,114.13900702465324,86.22000122070312,39.50086050846415,48.18455573018247,12.728088683861888,344.57121482669146,110.85443263505843,91.0999984741211,40.756091448775386,49.36883030957246,13.162099460401164,352.17565195238956,114.00214830822773,73341200,21857000,49722900,371272000,123351100,16732700
2021-01-28,87.5199966430664,40.41611862182617,50.68869400024414,12.984018325805664,349.7767028808594,114.80504608154297,89.87999725341797,41.01913043052395,51.89104920268796,13.271287026648704,353.7595313987344,116.40171482285356,87.30000305175781,39.99472536252337,49.45018040978699,12.89398291811221,348.1650511599813,112.75218627128649,89.83000183105469,40.75520248423413,49.53154281783644,12.9295498263929,348.6003576792307,113.59157616752533,47048400,16946000,49202600,228316000,94198100,14148100
2021-01-29,85.63999938964844,40.305179595947266,50.18243408203125,12.92308235168457,342.7742919921875,110.8726806640625,88.33000183105469,40.985135713879295,51.67407694478287,13.26631196684961,348.8874932095309,113.4638497032977,85.0199966430664,40.048408534698375,50.0468323799698,12.845234024057874,341.1070398783729,109.98767578695382,87.55999755859375,40.251501184950754,50.60732700203805,13.007894722708423,347.92419387265943,113.13539155802953,56735800,22069000,37256200,271552000,126765100,15169200
2021-02-01,87.66000366210938,41.75813293457031,51.249183654785156,13.169062614440918,348.47998046875,115.56233215332031,87.94999694824219,41.98895896477223,51.8820019389167,13.202638977790059,349.5080953515023,115.73568003693224,84.66000366210938,40.58163450473318,50.36323943643387,12.83652767812877,343.0614600074217,112.56971270671589,86.83000183105469,40.78382954758626,50.58020698618094,12.986255544880906,346.1551043861422,113.62807939409862,42359300,17027000,26926600,217204000,75817600,10179900
2021-02-02,88.86000061035156,42.66532516479492,52.4334602355957,13.487174987792969,353.40753173828125,117.18637084960938,89.27999877929688,42.673376241651276,52.686586181462566,13.50234597862409,354.95436791269526,118.83778038796575,86.94999694824219,41.870852135998895,51.42095300354588,13.217316363082297,348.563305430762,116.28310746857666,88.48999786376953,42.02831741111485,51.70119860116066,13.329985875476133,351.64767805001776,118.12612339267237,33850000,16141000,23580900,220440000,64450700,9302400
2021-02-03,87.88999938964844,41.619449615478516,52.14418411254883,13.461057662963867,353.6854248046875,116.32872772216797,89.4800033569336,42.812053342066235,52.73180198806097,13.860248208938296,355.3989777290151,117.82503393756353,87.33999633789062,41.565767806357876,51.872977188690584,13.447129576053145,352.41647810504685,115.01489515804558,88.5999984741211,42.669799448878024,52.334028614391286,13.566015475389744,354.2319040558715,117.69730098948759,32312900,17857000,21893200,245408000,52427100,9676600
2021-02-04,87.83999633789062,42.10615158081055,53.47024917602539,13.594120025634766,357.70526123046875,116.92176818847656,88.5999984741211,42.15357068192574,53.55210545276996,13.603322239769158,357.7515620058104,116.9673900808277,87.05999755859375,40.92965344367732,52.01502686384589,13.269295813752072,353.79652037881107,114.93278176295895,88.22000122070312,41.1551108943517,52.39702397849234,13.46155368214579,354.7134905571275,116.32872535345264,30791600,15243000,29853800,201340000,47142600,7445100
2021-02-05,87.9000015258789,41.69282150268555,52.915435791015625,13.521247863769531,359.1131896972656,116.58417510986328,88.36000061035156,42.66891321790164,53.73399840195849,13.666748000470225,359.8171424896875,117.58780091530477,86.87999725341797,41.63466534540079,52.860863793781185,13.476230156579192,357.6590115971153,115.59880084320574,88.1500015258789,42.43718959965014,53.66123573897924,13.654560923062117,359.56706738711136,117.50567595169956,30268700,12488000,23432600,169152000,48669800,6226800
2021-02-08,91.47000122070312,42.291358947753906,53.80677032470703,14.36464786529541,361.70660400390625,120.93626403808594,91.98999786376953,42.35577440038302,53.861342334851784,14.39946808686002,361.75290477567705,121.5749287971159,87.9800033569336,41.65434766308368,52.706260808154454,13.656799251100956,359.7059188237069,117.42358698064974,88.30999755859375,41.937961317501355,53.09735154040298,13.656799251100956,360.55804523750606,117.42358698064974,47639900,17610000,34358300,434624000,38365200,11160000
2021-02-09,90.91000366210938,42.46403121948242,53.46115493774414,14.190048217773438,361.46588134765625,121.05486297607422,93.30000305175781,42.514132884324674,53.943199023885,14.50840560388812,362.0586896986438,122.63329419749289,90.55000305175781,41.92632909453478,52.69716413750876,14.149506854766857,360.46555258868733,120.20635421702903,91.38999938964844,42.22873086656117,53.452061337408914,14.267149863534422,360.8730729966688,122.24096261419807,37596400,12758000,28754100,287560000,35551100,7929100
2021-02-10,92.3499984741211,42.05427551269531,53.53392028808594,14.688474655151367,361.3083801269531,121.97637939453125,93.2699966430664,42.71991445435593,54.04324520063118,14.82850221001609,363.346123344099,124.08398006370594,90.45999908447266,41.64630182690441,52.860879335702315,14.267894829975646,358.918688778351,120.89976115167657,91.5,42.694863618189146,53.93410464358802,14.389019846164402,363.1979212677015,122.36869706077523,42441300,14587000,16325100,485352000,59154400,12196300
2021-02-11,92.66000366210938,42.80043411254883,55.17103958129883,15.172478675842285,361.89190673828125,126.96710205078125,93.6500015258789,42.88632366605458,55.47118043406535,15.193868916559543,362.79963383055735,127.03096156127489,91.33000183105469,41.97732987319249,53.5339174348435,14.848401111304003,359.4744293353658,122.31394756411616,92.9000015258789,42.37993502217546,53.75219853729591,14.903367720561645,362.3828137358075,123.53653629150462,35571000,17123000,27539100,450828000,42913300,12347900
2021-02-12,93.7699966430664,43.50991439819336,56.216976165771484,14.884465217590332,363.6795959472656,125.96347045898438,94.22000122070312,43.57254149005906,56.853632222738476,15.212771494540394,363.92039959528154,127.56013913348343,91.9000015258789,42.48729760457968,54.96184778150815,14.699170418654422,361.0212582224557,125.1423321379804,92.75,42.799542291647846,55.11646326119576,14.972759615299346,361.09537339619646,126.74811962161203,38538400,13551000,26214200,374756000,50593300,11114100
2021-02-16,91.45999908447266,43.76129913330078,56.81725311279297,15.251571655273438,363.3645935058594,127.77910614013672,94.0,44.266793414158336,57.18105607031898,15.293605449198264,365.09668916164804,129.74072193673183,90.75,43.57252374938326,56.1169279959235,14.873273202629141,362.6513976005245,127.20430100600221,93.9000015258789,43.91787021213721,56.38978108144681,14.986937029281831,364.9021580602048,129.202419880046,35105900,15163000,26326300,321960000,50972400,11833600
2021-02-17,89.94000244140625,43.166351318359375,56.25335693359375,14.829498291015625,363.44805908203125,124.33031463623047,90.95999908447266,43.49201213374677,56.56259137842572,15.145368904266707,363.6981342096576,127.40503790698594,88.56999969482422,42.50250085868825,55.67126938320781,14.70414455668863,360.61373296897347,124.17521134739302,90.55999755859375,43.32291901806485,55.925935288638264,15.093137628175583,361.6233614767793,127.01272028025228,32245500,14084000,21055400,274756000,52290600,12311200
2021-02-18,88.63999938964844,43.23613739013672,56.03506851196289,14.752893447875977,361.90118408203125,122.83401489257812,89.5999984741211,43.42849297708989,56.37158718250536,14.796915880160729,362.6421661884554,123.97449259477662,87.30999755859375,42.508765630263404,55.15284023213303,14.500196394226357,359.14097344228867,121.711774809885,89.08999633789062,42.96504915054391,55.16193730052108,14.653406299348754,360.8545263633819,123.03474008191282,35624900,16715000,17846100,233868000,59712800,11614600
2021-02-19,89.58000183105469,43.835567474365234,57.30839157104492,14.849893569946289,361.26202392578125,124.68611907958984,90.41999816894531,44.29901128461164,57.53576973759639,15.099107664393724,363.4386974223099,125.8630856548602,88.69000244140625,43.550165458119345,56.25335701702674,14.770552807333134,360.817417764793,123.8284778297471,89.75,43.59311022960148,56.30792902602466,14.947390182953654,363.1515647766669,124.22079538088937,29548300,17992000,28290100,271724000,83241000,10771900
2021-02-22,85.37000274658203,42.61881637573242,55.21651077270508,14.282073020935059,358.4832763671875,121.86685180664062,88.30000305175781,43.53585785241246,57.02644242768457,15.055582861112889,360.8822386592953,123.42701699208374,85.20999908447266,42.5257699264653,55.1710358352415,14.251480563869782,358.21465839523194,121.51100951602683,88.1500015258789,43.3023492505562,56.28064235083271,14.698922288674808,358.5110624838278,121.8850894201267,36930200,16967000,32288200,325884000,67414200,10363800
2021-02-23,84.73999786376953,42.219783782958984,55.58941650390625,14.069416999816895,358.918701171875,117.78854370117188,85.11000061035156,42.46313863613761,55.93503230915076,14.16567069273427,360.26176310227765,120.1972320728001,79.36000061035156,40.80261650181799,53.81586600507882,13.320778641894504,352.1571472693643,114.39447395452032,83.4000015258789,42.15178817626262,55.007328917925406,14.00300906755109,356.28817782496253,117.78854370117188,49720900,21303000,27374600,391780000,107284100,18444700
2021-02-24,86.94000244140625,43.023197174072266,57.47209930419922,14.424586296081543,362.8737487792969,120.70816040039062,87.08999633789062,43.07061286336605,57.55395557606719,14.432297029257633,363.2998403698214,120.78115264251096,82.80999755859375,41.393094717416126,54.91637114718362,13.685399568921875,356.85317693048404,116.49295239040669,84.33000183105469,41.84222467235707,55.052795953953435,14.050268009256117,357.83499100141944,118.16260642313836,40821200,15125000,24669900,448320000,72433900,12782900
2021-02-25,82.41999816894531,40.901031494140625,54.93456268310547,13.239200592041016,354.12994384765625,114.96014404296875,87.08999633789062,42.88900283374748,57.790431705255216,14.300973298154094,362.9755682214557,120.01473472686484,81.91999816894531,40.726569845515044,54.6889938636224,13.148419454042376,352.6942806525989,114.70467816995428,86.16999816894531,42.47476648493429,56.76268149101465,13.973412803941994,361.6139919181929,119.99649710868235,54625100,23148000,36394000,824436000,146670500,13581200
2021-02-26,84.51000213623047,42.03817367553711,55.28018569946289,13.644111633300781,352.3052978515625,114.90538787841797,85.58999633789062,42.5651388799335,56.107842191100715,13.783392485059872,357.1402809088511,116.22833895456876,82.91000366210938,41.22133545915129,54.27972302852166,13.292425585049788,350.33242667147107,112.06787938622286,83.56999969482422,41.828818290161934,55.380232660460194,13.681915758221361,356.00102164898425,114.440071123246,48962900,22640000,38216800,500932000,152701600,17281000
2021-03-01,86.38999938964844,43.80156707763672,57.190162658691406,13.770709037780762,360.84521484375,117.81592559814453,86.5,43.83914332237862,57.37206590249032,13.853531812773983,362.08640354754476,118.8834111709014,83.97000122070312,42.39513704169768,56.07146239317437,13.483689896095202,352.4997966765975,116.09151672402099,85.37000274658203,42.917627728348606,56.13512800807663,13.803788241965915,357.1495196515627,118.27211672779355,32746200,24677000,28495400,353184000,105348800,9714900
2021-03-02,84.12999725341797,42.99010467529297,55.69855880737305,13.337442398071289,358.0295104980469,114.96014404296875,86.94999694824219,43.91609483146651,57.42663084116816,13.84905281168705,361.29914289591414,117.25935082194499,84.04000091552734,42.90868945860885,55.58032118590048,13.327244915131649,357.52933201527884,114.96014404296875,86.91999816894531,43.8722558686366,57.11739638698148,13.828657845807768,361.0675824477177,117.17722585273995,34828200,18546000,23320000,264116000,79595300,8274500
2021-03-03,80.86000061035156,41.428897857666016,54.47980880737305,12.739032745361328,353.287109375,112.12265014648438,84.37999725341797,43.068840365318074,55.95321832037783,13.382462935621067,358.2980519232204,116.56595405143526,80.8499984741211,41.33137706264895,54.29790558452317,12.733063022967233,353.18520809288117,111.95842106890507,84.27999877929688,42.76554434478257,55.15284622154759,13.357343042088633,357.33478094068346,115.61707570996853,43541000,23991000,28740400,377592000,119940200,10660300
2021-03-04,77.75,39.68696212768555,53.05186080932617,12.306760787963867,348.9153137207031,105.46224975585938,81.80999755859375,41.781399787847185,54.78902938244276,12.908407604408795,355.6768678709619,112.35986356804926,76.77999877929688,39.493712328309435,52.669863791044165,12.02173124079755,344.45082125144995,103.54624862616573,80.2300033569336,41.30453629212586,54.41612943123495,12.735051323937004,353.10191667693744,111.26500080756475,60549400,34575000,40210400,573344000,183433000,24454200
2021-03-05,78.5199966430664,40.272972106933594,55.24378967285156,12.397542953491211,355.3340759277344,110.21576690673828,79.4800033569336,40.797251279925355,55.64397391583079,12.48558876020493,356.3807334772414,110.67195798340371,74.19999694824219,38.739495798392866,53.21557378520093,11.619307359237807,345.15468960580324,105.27065034538317,79.0,40.640683558717946,53.89770814657233,12.48558876020493,352.3978775655479,110.30700372988667,58548900,42414000,39511700,542840000,152039600,17448700
2021-03-08,73.95999908447266,37.68825149536133,54.434329986572266,11.5337495803833,353.56494140625,103.94772338867188,79.0,40.07793395948846,56.1169304482748,12.407242680598653,359.08533337643155,110.39826644727832,73.86000061035156,37.51020967923775,54.31609584170488,11.507136309244094,353.28708023548506,103.7378723813783,78.02999877929688,39.976833019832576,54.99823032008055,12.38610197088301,356.28809394634715,109.9785713936162,54563900,45243000,33112400,543112000,123149200,17246900
2021-03-09,78.52999877929688,39.68784713745117,56.9991569519043,12.46029281616211,358.613037109375,106.18302154541016,79.22000122070312,39.98308858579776,57.4539132836202,12.556330138602013,361.15093050380403,108.02603720313944,75.7699966430664,38.524768456446324,55.33475058197212,12.001500032074086,356.89021272533046,105.22502455978892,76.7300033569336,38.98015775088877,55.643985026319555,12.072160122978335,357.39039119381505,106.81256739376319,45088300,37884000,36387500,521824000,113633600,17717100
2021-03-10,77.5199966430664,39.15015411376953,56.6171760559082,12.408538818359375,360.84521484375,103.85645294189453,80.04000091552734,40.6210034122267,58.31796761780807,12.917837277415549,362.5309814553855,107.68845486049781,77.41000366210938,38.92737913875417,56.50803548316859,12.397840483205071,359.53923897281567,103.47325414221876,79.75,40.02336007146485,57.49940464847037,12.779005688253813,360.9471161253984,107.47861088202322,45416600,19914000,27160300,384376000,109899400,15240300
2021-03-11,81.2300033569336,40.590576171875,57.58124542236328,12.931273460388184,364.50390625,110.01504516601562,81.88999938964844,40.926974032045564,58.29066068868114,12.98377142356223,366.4675341915617,110.21577035978486,79.37000274658203,39.55275160655139,56.74449200489245,12.67351399449824,362.8459256414853,106.81258175843293,79.4000015258789,40.17276310814165,57.24472325373675,12.887981836461481,363.29980330973046,107.88006724065262,43583700,26170000,30701800,299916000,86245000,15091600
2021-03-12,81.05000305175781,40.3651123046875,57.208351135253906,12.79443359375,364.9948425292969,107.93482208251953,81.19000244140625,40.5726758197753,57.57215413937883,12.82702688570475,365.1337731463777,108.57348686796144,79.2300033569336,39.77015172900643,56.608072882407896,12.529707651427094,362.3458045414346,107.00418829696237,79.7300033569336,39.845304212723704,56.98097295660745,12.587678172940858,363.15163038715974,108.57348686796144,32938000,18906000,20173000,243964000,64653600,8171000
2021-03-15,82.5,42.118682861328125,58.017818450927734,13.128079414367676,367.1715393066406,108.6464614868164,83.38999938964844,42.1598392612127,58.099674736214745,13.143505256096866,367.43088589690996,108.67383183590452,81.19999694824219,40.545842183792104,56.826355513864755,12.706110083817578,363.1145954350534,106.48411341685676,81.91000366210938,40.72388397106955,57.854105880353714,12.803143022661203,365.2449404075043,108.25413690773317,39086800,31241000,21247400,221988000,73427200,8935000
2021-03-16,82.75,42.78164291381836,58.91822814941406,13.227602005004883,366.7083740234375,108.89280700683594,84.75,43.30234530824929,59.78226932729189,13.447792080632617,368.48674235114737,110.62633446486173,82.26000213623047,41.818076593769,58.281572072266876,13.053937175424602,365.9395775428918,107.75232933194046,83.66000366210938,42.16341974033501,58.345237679981594,13.29253898601918,367.7828178436457,109.23039090453739,42971600,31190000,30186600,272128000,73722500,10793400
2021-03-17,82.62999725341797,43.26565933227539,59.827735900878906,13.277359962463379,367.9588317871094,108.76276397705078,83.25,43.59490029203118,60.29158925572092,13.388823115161827,368.7553861785309,109.45878201076582,80.41000366210938,42.050687188422096,57.945045153614544,12.92729410030536,364.2908938545459,105.67644866267361,81.75,42.07663220470778,58.40889850845656,12.977303509185077,365.4301814608711,107.83778400076936,43320600,23754000,32394700,243864000,97959300,9890400
2021-03-18,78.12000274658203,41.52641677856445,57.96324157714844,12.66157341003418,362.60516357421875,104.86135864257812,81.62000274658203,43.2441942773263,59.75497916338515,13.120863512138007,367.45866174204525,108.3689498705952,78.01000213623047,41.49062889411012,57.89048236828096,12.656099908286295,361.92899685898453,104.4950293546937,81.05999755859375,42.45777548202732,59.69131355455781,13.07359132528923,365.38388907793455,108.06672768405431,51036500,28728000,30094200,293896000,115349100,10283800
2021-03-19,79.05999755859375,42.78063201904297,57.99052429199219,12.784235000610352,361.93414306640625,104.06460571289062,79.33999633789062,42.98080285960945,59.10922442077035,12.859622603426773,363.8763249813413,105.21854066557566,77.58999633789062,40.94483261906113,57.22653353703205,12.552102306453984,359.76891580196445,103.67996305771257,78.48999786376953,41.21082704502731,57.46300876592099,12.688943665971406,362.3058475032764,104.7514705916304,42283400,108602000,54951700,299208000,113624500,11536000
2021-03-22,80.30000305175781,42.854576110839844,59.69131088256836,13.123102188110352,364.82415771484375,107.31575775146484,81.2699966430664,43.39557679131557,60.37344534905419,13.330354946608361,366.19949525918395,108.36895185321964,79.22000122070312,42.52907315192335,58.71813265460981,12.844940676234321,362.3894611592487,105.12694912492714,79.98999786376953,42.640880738863984,58.95460787925347,12.850912459188029,362.44521540409215,105.12694912492714,39648600,31805000,34380100,297804000,73778600,9376400
2021-03-23,78.37999725341797,41.842899322509766,57.735870361328125,13.008155822753906,361.9527282714844,105.21853637695312,80.33999633789062,42.86268863093654,60.07332137777253,13.280594218123273,365.6326505079344,106.92196176576955,77.94999694824219,41.7157648893409,57.45392015292815,12.958892409753085,361.1721404249181,104.97126810503165,80.12999725341797,42.71932273328729,60.02784296355107,13.190776400457926,364.1922851409189,106.3266774976949,40466600,24712000,35160000,222048000,90686600,8977400
2021-03-24,76.4800033569336,41.23066711425781,56.42616653442383,12.582452774047852,360.1127014160156,99.78772735595703,78.80000305175781,42.37759083067966,61.337536310195794,13.096231078614293,364.97282073403,105.03537803083566,76.4000015258789,41.1945994870475,56.38069159510502,12.576233274539561,360.0662490014973,99.68698661617196,77.55000305175781,42.32889987790555,60.55535486365655,13.088269018279323,363.3465891967046,103.00225690011987,43753600,20882000,74584700,245840000,97588600,24196100
2021-03-25,76.22000122070312,41.630104064941406,56.40797805786133,12.475218772888184,362.1386413574219,101.15229797363281,76.94999694824219,41.83929355030854,56.78997172640932,12.653859729796126,362.928502774503,103.25868638884204,74.95999908447266,40.51293631708219,55.462084017386864,12.21323006912664,356.7488269231494,98.80780143208928,75.8499984741211,41.02237865104929,56.08055293081127,12.439640540443962,358.6817356717282,98.90854217290412,44735100,17537000,35401400,295144000,116128600,16772400
2021-03-26,77.41000366210938,43.46410369873047,59.000083923339844,12.777761459350586,367.9744873046875,106.74797058105469,77.5,43.55066463268733,59.091033794089796,12.79468024246044,368.3740689250356,106.87618481441588,75.02999877929688,41.17386428561322,56.18059282639418,12.314242229995006,362.6869079495488,101.83917511560678,76.62000274658203,41.17386428561322,56.20787709371613,12.494375164135345,363.28162946554033,102.57183386665787,49148700,28925000,34705800,363968000,114409100,12910900
2021-03-29,77.13999938964844,42.6147346496582,58.6635627746582,12.886242866516113,367.78863525390625,104.76063537597656,78.0199966430664,43.38476102377115,59.23655321533646,12.999945925065388,368.6900335718035,106.93113100408661,76.26000213623047,42.22250690457634,57.85409711475047,12.639181685648806,365.02868604213734,102.92899561839376,77.02999877929688,43.316233901225345,58.21790354301957,12.758855578432918,366.506230599657,106.73880966799855,37144300,28410000,26161600,273520000,108107600,10863600
2021-03-30,76.0,41.130577087402344,57.9996223449707,12.810107231140137,366.8128967285156,105.38339233398438,76.55999755859375,41.83748667956275,58.20880983898771,12.913111935410978,367.4819761652533,106.31752552856757,74.8499984741211,40.72121678747495,57.43572547111983,12.644155840330791,365.22381534174167,104.66905395215879,76.47000122070312,41.82666570468944,57.9996223449707,12.78049983259111,366.5248236170681,105.57571366854117,39169300,27935000,20709500,200204000,76262200,8206200
2021-03-31,78.5,41.80683517456055,58.20881271362305,13.284326553344727,368.2997131347656,108.32316589355469,79.12999725341797,42.11430430843844,58.654471993032985,13.405990711832604,369.85161555750506,108.39643315519285,76.5199966430664,40.79155517855117,57.826819045557386,12.92032779315816,367.35186241979716,105.83213489506208,76.56999969482422,41.38665728276618,58.21790978353829,12.953169750877729,367.379739547907,106.04277652548416,43659500,28684000,33013200,314776000,112734200,9806500
2021-04-01,81.08999633789062,42.91498947143555,58.70904541015625,13.745607376098633,372.2770690917969,114.2943115234375,81.30999755859375,42.971794440033186,59.018276386094435,13.803577899001159,372.332851715989,114.36757179572149,79.4800033569336,42.30635940280614,57.82681701322644,13.446545573751832,370.0189362834983,111.4003176601317,80.16000366210938,42.565141032682725,58.86366089812534,13.507254271126333,370.2233780414043,112.47182512754601,40182400,23528000,31416300,308276000,99682900,17904000
2021-04-05,81.43000030517578,44.04478454589844,60.51898193359375,13.920516967773438,377.62030029296875,114.01956939697266,81.9000015258789,44.1493793048486,60.70088171614423,13.946889814232557,378.15929585241673,116.67544831449295,80.38999938964844,42.993436786330314,58.845474790195354,13.667235327991516,374.85107802689595,112.35277757764351,81.73999786376953,43.307217623582034,59.0728529878994,13.801091736654401,374.9254075734241,116.37322609218718,32610600,22966000,27947500,255672000,91684800,14113900
2021-04-06,81.44000244140625,43.62910079956055,59.62765121459961,13.79511833190918,377.3973388671875,112.13298034667969,82.45999908447266,44.02132499044816,60.555358067263,13.986945247012809,378.43812282723076,113.57081717625886,80.87999725341797,43.076374666942655,59.382085835383606,13.707540408844991,376.72825941298316,111.30874111602746,81.20999908447266,43.56147487160137,60.08240757087699,13.932706614577354,377.0628133197033,113.56165702170975,29327900,18063000,28771400,191744000,62021000,13042300
2021-04-07,82.19999694824219,43.50196838378906,60.255210876464844,14.075769424438477,377.83404541015625,109.79766082763672,83.0999984741211,43.63271094360205,60.546254636344656,14.175289971373456,378.1778727378527,112.2886923815772,80.3499984741211,43.09982434329828,59.445745202454404,13.645838042143147,376.77468630209785,109.75186703211415,81.31999969482422,43.28106020184202,59.72769189323562,13.814277068484714,377.2300221296708,112.13300465624397,35590900,12074000,17793300,251284000,55836300,11193200
2021-04-08,83.3499984741211,43.77427291870117,60.98284149169922,14.248437881469727,379.6275634765625,113.03963470458984,83.79000091552734,43.999690405600816,61.201122640371295,14.402198005906836,379.68331772995526,113.396803856594,82.44000244140625,43.290978459674335,60.35527538285533,14.180762736178757,378.15001904318626,111.16220137767539,83.31999969482422,43.999690405600816,60.91007879579766,14.184495575099847,379.0792944120443,111.16220137767539,41925300,18121000,22224200,244416000,57863100,10226700
2021-04-09,82.76000213623047,43.73910140991211,62.08333969116211,14.331039428710938,382.3875427246094,112.46269226074219,83.58999633789062,43.758937568612055,62.21067091577521,14.339001489543403,382.5548338572635,113.04881646771601,82.16000366210938,42.968174106653,60.60082952897462,14.107117501169766,379.3860011955182,111.45528472955121,82.80000305175781,43.28015247779963,60.75545196374595,14.145930293598289,379.50681154051,112.41689846854197,32759900,16614000,27177100,195172000,61104600,8315200
2021-04-12,78.58000183105469,43.61106872558594,59.4912223815918,15.136163711547852,382.52691650390625,110.72261047363281,82.18000030517578,43.768860270707194,62.292515910506864,15.278976816323755,382.79638593522094,112.15128706453443,78.02999877929688,43.15392211223595,58.85455939940576,14.071536912958104,381.1887577388025,109.2023463169347,82.05999755859375,43.45417835506571,62.0287564243337,14.221316464351995,381.7927810410096,111.92233212434377,62098800,23247000,51266900,869324000,56704900,9868400
2021-04-13,80.19000244140625,43.727386474609375,59.318424224853516,15.604413986206055,383.6606140136719,111.06147003173828,80.72000122070312,44.021331084625366,59.691320853861335,15.624815998489474,384.2832409869861,112.55426085762487,78.9800033569336,43.30630744135638,58.399814380272446,15.05331573395659,382.04368395170513,110.21891744743905,79.66999816894531,43.730994612967024,59.67313365155706,15.158559404224146,382.42469025489237,112.09635093305126,37767300,15281000,26822000,676212000,56551000,8384800
2021-04-14,78.55000305175781,43.036712646484375,58.381614685058594,15.203838348388672,382.3504333496094,110.66765594482422,80.12999725341797,44.10879763215949,59.463929935872045,15.645213978889275,384.6828956772721,112.12381298996677,77.94000244140625,42.846461579787565,58.06328320059831,15.154574942421624,381.81143765372315,110.35628058166243,79.87999725341797,43.502877978028195,59.40026433288302,15.550171339256597,383.6328097766472,111.72085006149835,34263800,18220000,25768400,385500000,61659900,9521900
2021-04-15,83.01000213623047,43.28015899658203,59.13650894165039,16.059972763061523,386.45782470703125,108.38726806640625,83.94999694824219,43.48844385369921,59.31841563350572,16.136603691041266,386.7273225614878,111.73001161460103,79.97000122070312,42.98982252908536,57.917765331858185,15.556644047872503,384.4320107814022,106.74794984442251,80.31999969482422,43.42803419395932,58.18152483077533,15.587495731609307,384.47846321595966,111.45526288954105,68942800,18370000,24927700,598480000,60229800,18709100
2021-04-16,82.1500015258789,43.17105484008789,58.89094924926758,15.836294174194336,387.7494812011719,108.8360366821289,83.58999633789062,43.440653949066686,59.59127099797693,16.088331461648316,388.35350456848977,110.44788170873744,81.52999877929688,42.989818996564566,58.72723668035701,15.789269714035138,386.3276909048911,107.92937691154042,83.30000305175781,43.323435898328775,59.41846829787181,15.976120427948292,387.7401793717676,109.15657924603885,47280600,16263000,24625500,335208000,82037300,9512100
2021-04-19,81.11000061035156,41.657161712646484,57.87228012084961,15.288183212280273,385.8444519042969,105.68561553955078,83.18000030517578,42.99163312492918,58.88183606007684,15.731798779412195,387.2662422093501,108.8726648088482,80.38999938964844,41.48133630816456,57.36295188261077,15.160049939654558,384.52489664561284,105.5024473712772,82.12999725341797,42.96728764558877,58.84545472816376,15.46209667219749,386.82020814297175,108.06674582989797,39115500,26319000,23997700,404420000,78498500,12630300
2021-04-20,79.2699966430664,41.22976303100586,57.02643966674805,15.098597526550293,383.0194396972656,105.27349090576172,81.11000061035156,41.65985724457459,57.990520784555244,15.422786959373079,385.7329078820872,106.94944293911242,78.51000213623047,40.98450593495569,56.76268018490771,14.891344758656516,381.55116873929074,104.90716854872096,80.81999969482422,41.477720211488865,57.88138024602362,15.249869097697879,384.63636975752553,106.28089834907705,34977800,19128000,19872100,334132000,81851800,9299200
2021-04-21,81.61000061035156,41.45787811279297,57.93596267700195,15.28693962097168,386.6436462402344,107.51724243164062,81.66000366210938,41.50747022970729,58.00872189261274,15.28892989880131,386.84808797516496,107.59966285713621,78.86000061035156,40.80957589471519,56.662643443413245,15.029926132714714,382.2667384186611,104.19281219364477,78.98999786376953,41.045814330969144,57.10830621602403,15.046346636639578,382.40615242461456,104.86136370031609,35069000,25947000,24364200,216776000,66793000,8472200
2021-04-22,79.05999755859375,41.03589630126953,56.90821075439453,14.779135704040527,383.11236572265625,105.61234283447266,81.79000091552734,41.579600336908655,58.12695794100672,15.364568865290124,387.303406925715,107.60883034937692,78.58999633789062,40.484975990345916,56.64445123225468,14.712704831012775,382.05300649472724,104.77895041997888,81.61000061035156,41.03499168716094,57.61762956751415,15.301372550222148,386.47636655189376,107.60883034937692,38846100,27057000,38257600,277788000,97582800,7411800
2021-04-23,82.76000213623047,42.029544830322266,53.87953186035156,15.192147254943848,387.2662048339844,108.65287017822266,83.30000305175781,42.18463287589522,54.57075995992379,15.261563065807191,388.66941970392514,108.72613744565626,79.95999908447266,41.25140451782988,52.660784749132645,14.828895411965819,383.5955841738986,106.17099913790638,80.20999908447266,41.34066897165918,53.80676918170424,14.86273203688158,383.6699137247093,106.76628345828989,49194000,22890000,77479500,227500000,73209200,8380300
2021-04-26,85.41000366210938,42.5452995300293,53.44296646118164,15.403876304626465,388.07470703125,111.2904281616211,85.9000015258789,42.72382842619303,54.13419807856082,15.404871918096893,388.6415798025078,111.30874847193,82.69999694824219,41.79871413996853,53.17011333622279,15.05256711564777,387.3312980150035,109.3488944979448,83.3499984741211,42.10979138582719,53.752200928005855,15.112280196193051,387.9167460859348,109.8983850256428,57594500,18271000,39645900,197796000,52182400,8444000
2021-04-27,85.20999908447266,42.049381256103516,52.72444534301758,15.308088302612305,387.99102783203125,111.06147003173828,87.1500015258789,42.76260259564762,53.32472350669738,15.59545520137398,388.5672023617423,111.40948604619084,85.12999725341797,41.933067800895934,52.54254213321745,15.28096851185869,386.8573107884589,109.79764115528944,85.66999816894531,42.712109292996594,53.26105790369461,15.503895773425132,388.3720341226582,111.27211167138856,61909900,13267000,38167700,164572000,51303100,5491800
2021-04-28,84.0199966430664,41.40467834472656,52.40612030029297,15.203588485717773,387.8796081542969,109.58700561523438,89.19999694824219,42.015110601382204,52.897257986269814,15.45786567297515,389.37575653373204,110.28302366420047,83.91999816894531,41.12065357691339,51.9786516946603,15.142632080810174,387.4149703801879,108.73529288293952,88.8499984741211,41.96100917149503,52.315170418970844,15.290918679330277,388.2606145321749,109.89838100759013,108920300,15940000,30387400,209416000,51238900,6476500
2021-04-29,83.91000366210938,42.04397201538086,53.00640106201172,15.251362800598145,390.3514404296875,109.07415008544922,85.2699966430664,42.35053995389075,53.02459173304553,15.362577303047306,390.96476562535156,110.65852160702828,82.62999725341797,41.389358024946915,52.26969796747901,14.999325442438934,386.9874678625414,107.70958037342601,84.69999694824219,42.35053995389075,52.64259804988275,15.326252116986469,390.59306111989224,110.5577808577697,51294500,14650000,23290600,173196000,78544300,8831800
2021-04-30,81.62000274658203,41.134185791015625,52.324256896972656,14.937621116638184,387.78662109375,106.91278839111328,84.0999984741211,41.54264495607309,53.14281959551216,15.291418896124943,388.9389418978536,108.23157097735601,81.41999816894531,40.921391608977046,51.90588194861474,14.925181167243966,386.8945246318917,106.83036797304797,82.97000122070312,41.450673539890865,52.39701956773844,15.101831865428135,388.0932978632619,108.07588330735506,46601900,19367000,30731800,201912000,85527000,7950700
2021-05-03,78.55000305175781,40.58777618408203,52.07869338989258,14.76569938659668,388.6229553222656,106.18016052246094,82.0,41.462397246364155,52.64259373719654,15.173735815261006,390.1469521204787,107.65463110766542,78.45999908447266,40.420064809314795,51.69669973802421,14.716685585647,388.13044053050237,105.98783918358444,81.97000122070312,41.45427979431529,52.624403067652985,15.0525689765553,389.7659458311173,107.58136383938353,66323300,15098000,22281700,203912000,68128300,10229500
2021-05-04,78.61000061035156,40.08283233642578,51.75127029418945,14.282524108886719,386.2254943847656,105.64897918701172,78.66999816894531,40.36776173012066,51.824029500806155,14.567403422368976,387.13619462090406,106.07025548247262,77.04000091552734,39.430925385666576,50.75990138373999,13.94315749215213,382.5548730269321,104.16534850435733,77.94999694824219,40.32448127234932,51.73307962515644,14.567154756246032,386.64367972036484,105.31928347975519,59194300,23497000,35323600,405324000,101591200,9638300
2021-05-05,77.83000183105469,40.01881408691406,51.70579147338867,14.389259338378906,386.3462219238281,105.66727447509766,79.30000305175781,40.70498630205108,52.115072849570325,14.742559766034404,388.0932640974251,106.68383490111266,77.36000061035156,39.88717036591302,51.351082103869686,14.318599252847807,385.7886510489646,105.1818911520211,79.05000305175781,40.61211372580284,51.80583841751256,14.638559441083883,387.8609452628347,106.23508520449562,42310200,16388000,21001900,292024000,60162200,7059000
2021-05-06,77.88999938964844,40.447113037109375,52.33538818359375,14.453451156616211,389.4315490722656,107.1509017944336,78.05999755859375,40.4930970223371,52.39029630106427,14.501470291554716,389.5616329149968,107.73702582647391,76.47000122070312,39.659052988379734,51.475181955194145,14.1499124041879,384.4227397626572,104.82471898539562,77.62999725341797,40.016114213789685,51.81377328571852,14.42583403228446,386.42067671584044,105.59401114441705,38661300,13495000,25529300,193380000,74321400,8581700
2021-05-07,78.80999755859375,40.80778121948242,52.7746467590332,14.741314888000488,392.26568603515625,106.9952392578125,79.56999969482422,41.33075148179659,53.08578580048553,14.899055557162523,392.9161900904021,109.36720941535987,78.22000122070312,40.503015624704936,52.38115077129017,14.601487668316276,389.5150390811732,106.28090086267702,78.75,40.9890170860184,52.802102565347894,14.737334332362575,390.1934202611164,108.43307620337146,36954200,11712000,19959000,229328000,67733800,9614300
2021-05-10,75.98999786376953,39.32182693481445,51.218955993652344,14.197434425354004,388.38140869140625,102.85574340820312,78.30000305175781,40.44260270633278,52.37199864462898,14.735097113534144,392.841919793107,105.66731056819137,75.91999816894531,39.29207097354635,51.13659555494798,14.181759916939434,388.2605983376987,102.78248311741015,78.19999694824219,40.42907820746488,52.29879130516095,14.716436713295641,392.6189027457934,105.30098815276989,45134500,25239000,35046500,268904000,81852400,12281200
2021-05-11,76.83000183105469,39.67979431152344,50.367897033691406,14.237737655639648,384.9151611328125,103.35027313232422,76.93000030517578,39.832175395991506,50.90781466525208,14.28600545214214,385.90019080250545,103.47848735788172,72.75,38.145152171754695,49.69071084681292,13.684151890616677,381.058673838158,99.94342202545057,73.56999969482422,38.320977558325026,50.37704664163322,13.758792529289508,383.8836790361329,100.49291954886988,51008200,17887000,35968100,285584000,116888000,10007700
2021-05-12,74.63999938964844,38.084739685058594,49.06843185424805,13.692611694335938,376.7375183105469,99.10086059570312,76.12999725341797,38.84935552327861,50.01100203514834,14.191958844362496,383.40970843345315,100.82259931955099,74.16000366210938,37.79260083719051,48.88540828090633,13.643597898091196,375.4272366804108,98.96348622705847,75.08999633789062,38.707795412806256,49.77307034253882,13.942409127844432,382.1459075857726,100.1448946179615,42531400,29940000,30232300,303408000,134811000,15058900
2021-05-13,73.08999633789062,38.82591247558594,49.42532730102539,13.599808692932129,381.2630920410156,99.59541320800781,75.69999694824219,39.20641458414067,49.77307175112745,14.013319554436475,383.1866988347354,102.0498107968958,72.5,38.378682162428575,48.92201507825508,13.39454620795062,378.2336453045816,98.81696769760536,75.20999908447266,38.76189123474734,49.45278310687846,13.966543750646617,378.2801260879357,100.15406390083632,48646800,21841000,29192500,285404000,106394000,10552000
2021-05-14,74.58999633789062,39.819557189941406,50.651588439941406,14.174792289733887,387.1175231933594,102.99309539794922,75.02999877929688,40.13514381534518,51.109145710368644,14.25938527455248,387.9631671876168,103.33195124435201,72.72000122070312,38.95666161058346,49.654113450774624,13.68266022181972,383.95799259058225,100.95997429383381,74.0199966430664,39.34798476098169,49.96525253430055,13.823483068810868,383.9858697174596,101.2988301402366,38355800,16964000,28158300,258616000,82201600,8425200
2021-05-17,74.6500015258789,39.668060302734375,50.63328552246094,14.097661018371582,386.13250732421875,100.55702209472656,75.5199966430664,39.86642875735182,51.14574739373896,14.101392907740392,386.94100075093894,100.76765674693998,73.41000366210938,39.02787557686551,50.11166706066274,13.787155864136253,384.12526903982337,98.78948950878569,74.22000122070312,39.86642875735182,50.596680105688314,14.089201626218934,386.0117253429356,99.88847053141019,40779200,15725000,20010200,216980000,65129200,10688600
2021-05-18,74.44000244140625,39.109031677246094,50.18488311767578,13.948631286621094,382.8057556152344,101.50946807861328,75.7699966430664,40.0738182182511,51.374531359532554,14.335271049826762,386.6343661765269,103.92723889312968,74.23999786376953,39.06755356756111,50.1482776970931,13.936937334846162,382.6477663005699,101.41788749171249,74.73999786376953,40.02692962125088,51.20066084809238,14.198678365986758,386.39274546912407,103.48764229399464,31982500,17824000,18703400,186256000,59810200,7476600
2021-05-19,76.2300033569336,39.82856369018555,50.660743713378906,13.998391151428223,381.8020324707031,102.93815612792969,76.97000122070312,39.89889314452142,50.72480145471573,14.012075380470698,381.97859704474223,103.02057656347206,72.76000213623047,38.38408743471415,49.269769132706934,13.478393295136081,376.6631412455345,98.90854724994608,73.16000366210938,38.411136431090014,49.4802450672258,13.50153158198769,378.14071391443656,99.36645719091806,73966200,21369000,23769700,344000000,106467100,7280500
2021-05-20,78.05999755859375,41.0259895324707,51.200660705566406,14.542520523071289,385.9094543457031,103.74407196044922,78.2699966430664,41.41370795047292,51.46604476772453,14.613429266885895,387.1639817014691,104.14703493216463,76.25,40.154075399163666,50.660742971572475,14.202158362939752,382.55478404780166,102.66340425306325,76.80999755859375,40.191945378246764,50.85291619276904,14.234004704040196,382.67556601783144,102.9289928492256,49135000,21886000,23145200,321592000,78022200,6442500
2021-05-21,77.16999816894531,40.686954498291016,51.319618225097656,14.919955253601074,385.59356689453125,102.43444061279297,78.80999755859375,41.29558101434312,51.896137794866405,15.14910295826252,388.62301401036063,104.40345452986524,77.04000091552734,40.51563500990453,51.228104688788314,14.798291095690491,385.13823098788333,102.28791308185873,78.55000305175781,41.29558101434312,51.63075377589602,15.091131488505768,387.3870617505494,104.40345452986524,40201100,13216000,17723100,672992000,76578700,5979400
2021-05-24,77.44000244140625,41.40379333496094,52.124916076660156,15.537235260009766,389.5244140625,104.06460571289062,78.01000213623047,41.69683684196359,52.5184155531434,15.669597751616458,390.59307518890176,104.89800511959395,76.80000305175781,41.148623251384066,51.61245424003785,15.10332242541384,387.5822033599882,102.68172278777654,77.26000213623047,41.19911656315325,51.84123284306836,15.139647605689639,387.82382405889604,102.80993700616922,33194300,14420000,19164400,554816000,51376700,6653600
2021-05-25,77.86000061035156,41.435340881347656,52.04255676269531,15.57281494140625,388.6601257324219,104.65987396240234,78.7699966430664,41.74371460044321,52.67398795484802,15.742746908648106,390.95543705465997,105.26431831687329,76.83999633789062,41.1612358771265,51.63075457017931,15.408356475957715,388.08397953448286,104.03711628831857,77.33000183105469,41.64813505121811,52.67398795484802,15.690498551838248,390.60230787289504,105.18189091074098,47353100,9600000,22309900,435408000,57451400,5331700
2021-05-26,78.33999633789062,41.5210075378418,52.088314056396484,15.624813079833984,389.4315490722656,106.23509216308594,78.58999633789062,41.66617579558529,52.37200079935752,15.718114114485589,389.9333374989682,106.23509216308594,77.58999633789062,41.07378061267695,51.786328095978945,15.51160831799245,388.21420025319503,104.40345264303274,77.83000183105469,41.54625419136241,52.20727991517172,15.658899315983863,389.24568260065894,104.40345264303274,30354000,9873000,15173600,370440000,43088600,6605100
2021-05-27,78.41999816894531,42.16929626464844,52.82955551147461,15.41382884979248,389.6358947753906,106.0244369506836,78.43000030517578,42.237823364755165,52.96682407203346,15.67457423164348,390.96475180607416,106.72046183546948,77.47000122070312,41.4452541210623,52.161522397916215,15.385963061533063,389.3570951367238,105.31925890021915,78.11000061035156,41.47681242771688,52.26218554354143,15.624564822611564,390.4536616740374,106.23507854282975,35883200,19098000,32387600,581476000,56707700,6513700
2021-05-28,80.08000183105469,42.58856964111328,52.271339416503906,16.166704177856445,390.3328857421875,107.4806137084961,81.08999633789062,42.795052100284614,52.75635247673404,16.19954708212294,391.4573011473298,107.92020330550572,78.66000366210938,42.16929306191906,52.10661852674799,15.426765997018279,390.10056686910303,106.18930441958513,78.66000366210938,42.37847904448512,52.664838931933645,15.426765997018279,391.19710514384474,106.50984694354504,40952700,19946000,20303900,644536000,58520200,5386500
2021-06-01,80.80999755859375,42.226104736328125,52.06085205078125,16.186607360839844,389.9890441894531,108.53379821777344,82.91000366210938,43.09982103601957,52.911908630397726,16.309765393162294,392.8233229944938,109.93500128749206,80.66000366210938,42.12601932122433,51.78631845852394,15.827087498879644,389.5522835895408,107.54471123191911,81.01000213623047,42.86899307113536,52.71973546490601,16.192081810450947,392.68393734755085,109.63277909951157,43433000,16277000,20326400,472804000,54216600,7596100
2021-06-02,81.97000122070312,42.71481704711914,52.60077667236328,16.697900772094727,390.60235595703125,108.93677520751953,82.5999984741211,43.07277948563536,52.79294986359009,16.837728952367616,391.43872658911135,109.39468516129162,80.66000366210938,42.33070334244771,51.94189317000338,16.157750527142543,389.6359298618181,107.99348182069325,81.0,42.543497533156405,52.079161729956525,16.174420647544324,390.63953491738175,108.89098840443316,35203200,13286000,18483600,594168000,49097100,5383400
2021-06-03,80.27999877929688,41.90962600708008,51.466033935546875,16.888486862182617,389.1526794433594,106.98607635498047,81.88999938964844,42.356856359722464,52.25302936493272,17.176353059547317,390.2863966542775,108.3048591965325,80.26000213623047,41.770769416480086,51.328765383077695,16.50358961055061,386.83879259158886,106.65638064459246,81.12999725341797,42.27029542439823,52.14321661748795,16.620775911295805,388.2977618897576,108.11253786333134,29812000,20389000,21831300,580008000,58138800,4912200
2021-06-04,81.58000183105469,42.82932662963867,52.500118255615234,17.49407386779785,392.71173095703125,109.44961547851562,82.19000244140625,43.13589457888738,52.847862745500905,17.57642602333586,393.00910584675637,109.76099082602683,80.80999755859375,42.33521114815315,51.74057503055038,17.013635674761947,389.2176469008369,108.11251954061778,80.91999816894531,42.42357442628035,51.74972463962523,17.030552566015743,390.9925660523939,108.27736736787367,26387800,23865000,21493800,617120000,55938800,5352100
2021-06-07,81.3499984741211,41.81765365600586,52.24388122558594,17.534626007080078,392.3306884765625,108.26823425292969,81.68000030517578,42.78244380999709,52.56416986917057,17.727199894884183,392.8789574268094,108.75361770241516,80.37999725341797,41.69953784685397,51.96019450492212,17.11041866627379,391.4014133013859,107.67294989544403,81.4000015258789,42.648994271165556,52.53671755425886,17.487106098679014,392.7023928747876,108.19496698092956,29006800,24142000,17364400,575756000,51555000,6266000
2021-06-08,80.88999938964844,41.795101165771484,52.16151809692383,17.373401641845703,392.41436767578125,106.16183471679688,82.6500015258789,42.593978606508294,52.74719072403202,17.53711316104232,393.2785868878319,107.77367959981174,80.44999694824219,41.79329881676048,51.795470959539095,17.16838687091044,390.5929960509878,105.3742290914118,81.87000274658203,42.202655616085416,52.57332025376059,17.443314784213733,393.18565368713985,107.65462553537947,26956600,16615000,33254500,323848000,47134300,11564800
2021-06-09,79.95999908447266,41.8311767578125,52.16151809692383,17.27907943725586,391.8289794921875,107.26998138427734,81.68000030517578,42.12512136371546,52.60077256725497,17.494841943488854,393.32512768168914,107.7462116406987,79.80000305175781,41.63190708699512,52.13406578342945,17.177047922626723,391.6059624638834,106.20763394337423,81.08999633789062,42.12512136371546,52.49095982239324,17.435862301693522,393.2507697660974,106.23510742217714,28454600,12126000,13904800,381656000,48436300,6401600
2021-06-10,81.55999755859375,42.25856399536133,52.5092658996582,17.345523834228516,393.6503601074219,108.28652954101562,81.70999908447266,42.33700746105353,53.104088172493114,17.412219583949422,394.5982392171646,108.84518016945168,79.69999694824219,41.49575064973201,52.097463716382066,17.097660874799708,391.7360549474813,106.81205912657299,80.0199966430664,41.97273342450182,52.298790003958054,17.27086704833761,393.0463367362392,107.18754859266792,28606400,15413000,26738100,287772000,51020100,8566600
2021-06-11,81.30999755859375,42.44160842895508,52.93937301635742,17.743955612182617,394.30084228515625,108.29569244384766,82.33000183105469,42.57054864779213,53.02173346190715,17.857436015238456,394.4123507955599,108.45138013450405,80.69999694824219,42.12151597810024,52.11577205174501,17.364195263212135,392.91623101558656,107.29745220559714,81.61000061035156,42.23783287143427,52.59163201593399,17.399781657404368,394.19863560369777,108.33232607467573,24310900,14508000,18119700,416308000,45570800,6036600
2021-06-14,81.55000305175781,42.9041633605957,53.25051498413086,17.936574935913086,395.1836853027344,110.8050308227539,81.55000305175781,42.91047502301794,53.25966808462551,17.957230351341476,395.2858919893771,110.81419097675737,80.19999694824219,42.02323070595195,52.37200584443483,17.58219947235514,393.1764469359521,108.48800794754757,81.51000213623047,42.422671227529285,53.09494718457188,17.824340027169793,394.41237080126155,108.57043535927818,27830200,14675000,21784500,321376000,42358500,7610300
2021-06-15,80.47000122070312,42.44521713256836,53.06748962402344,17.707368850708008,394.4588623046875,109.3946762084961,81.68000030517578,42.970890937012854,53.46098563430737,17.9340808879031,395.36953411673755,111.73001957647118,80.22000122070312,42.24774979557196,52.89361564064659,17.64714558818746,393.58534109284255,109.22982835914313,81.58999633789062,42.9699863226664,53.26881243351843,17.833292979468382,395.33238351653245,110.21891545526088,26194300,11131000,20806500,243032000,51508500,8196900
2021-06-16,80.11000061035156,41.99528121948242,52.362850189208984,17.72902488708496,392.25640869140625,108.0850601196289,81.44999694824219,42.4794768845406,53.415229717064534,17.872866617430287,394.82121776057716,109.80680598104028,78.95999908447266,41.610266365826824,51.951047986620026,17.50430446047181,390.2213217430121,107.60883685216163,80.75,42.40283575953029,53.21390691093129,17.709614987278727,394.5982007490782,109.48627041763432,29598300,20437000,21879700,307124000,80386100,8059400
2021-06-17,84.55999755859375,42.48399353027344,52.32624435424805,18.572160720825195,392.1263122558594,109.51095581054688,85.37000274658203,42.850971194797545,52.98512787311466,18.74909970508031,393.1020400089684,110.54060434109032,80.56999969482422,41.83208638862033,51.88698983863183,17.6752707710507,389.6637383024435,108.10437034757882,80.7699966430664,41.91684154019251,52.20727849870055,17.693437053578737,391.84754100046604,108.18711396961439,77822800,20881000,21498800,809656000,90949700,7608100
2021-06-18,84.6500015258789,41.79240417480469,50.94441604614258,18.553739547729492,386.83636474609375,106.44956970214844,85.7699966430664,42.35685255329064,51.932741255798106,19.286631467550436,389.54937784816065,108.38016761369386,83.4800033569336,41.52280503064457,50.422801126896935,18.49923881961197,386.63125419537954,105.9163548748399,84.27999877929688,42.13233622234427,51.86868352823351,18.698327387768984,388.85947347394546,108.0308235961232,58736800,28537000,55118300,968856000,118676300,12532800
2021-06-21,82.58999633789062,42.220401763916016,51.127437591552734,18.34320831298828,392.37432861328125,104.93267059326172,84.19000244140625,42.290373500753596,51.28300884580894,18.451961071599868,392.5608031135424,106.09103216514612,82.20999908447266,41.65971964057772,50.66988041803385,17.74146545273779,387.7780195471861,103.90301508336954,83.48999786376953,41.90780125300186,51.017624847355776,18.351171250009127,388.58912956449535,106.0726415768876,44417100,18591000,19254600,672384000,72822000,11116200
2021-06-22,83.58000183105469,42.205875396728516,51.127437591552734,18.80060577392578,394.47198486328125,105.10733032226562,84.04000091552734,42.58118192407863,51.50263433420285,18.87725613721242,395.30175928856414,105.25441993646558,82.4800033569336,41.921443757288586,50.78884626059634,18.302140132099126,391.6470701272005,102.97447831171654,82.9000015258789,42.3994356147808,51.191495316574645,18.3872508758273,392.3649712484025,104.34428234511554,32107700,13722000,18682800,580144000,57700300,11792400
2021-06-23,83.81999969482422,42.40669631958008,50.56922149658203,18.97032928466797,393.9965515136719,106.6885986328125,84.48999786376953,42.51755915388692,51.21895539021026,19.065394652543972,395.3483919707271,107.9480803677793,83.16000366210938,42.07773726500448,50.54176918096552,18.82151125791564,393.9126465296074,106.46795366033085,83.83000183105469,42.15225361803471,51.12744185334773,18.921055539369025,394.5466142661028,106.82649297317073,25992400,17674000,20287900,332356000,49445400,8913700
2021-06-24,86.0999984741211,42.715660095214844,51.31046676635742,19.11790657043457,396.327392578125,107.78258514404297,87.13999938964844,43.04189443425486,51.33791908268561,19.331428697030866,396.7469175537267,108.17789856394278,84.37000274658203,42.582985917570824,50.64243363892313,19.001190887629537,395.87987081880055,106.8908311260862,84.38999938964844,42.70020980885737,50.77970220233321,19.14005621589849,396.13161425617756,107.30453513144363,42217700,12502000,21209700,320924000,45110300,6772200
2021-06-25,85.62000274658203,42.00141143798828,51.16404724121094,18.944204330444336,397.73516845703125,107.12987518310547,86.36000061035156,42.93285560616914,51.621604452629704,19.257270776737716,398.1826902147583,108.41694280770594,85.0999984741211,41.801490158378435,51.01762907319232,18.80832746643894,396.74691613756454,107.12987518310547,86.33999633789062,42.83289496636422,51.26471038626459,19.192566694456715,397.0732323076562,107.97565987408846,27804500,19100000,21101200,278364000,58129500,6712800
2021-06-28,87.08000183105469,42.964656829833984,52.60077667236328,19.893856048583984,398.5370178222656,109.96141815185547,88.0,43.28180546689495,52.82955527836219,19.987178487793155,398.70482783005764,110.27398799793951,86.1500015258789,42.30219406394669,51.55754678754977,19.230893075901268,397.0639714449484,107.727438732885,86.37999725341797,42.34672153985142,51.575849494935824,19.272950069531685,398.2573344759455,107.82856592166607,30262000,13987000,22480900,495436000,53159600,11026600
2021-06-29,89.5199966430664,43.35995864868164,51.93274688720703,19.935413360595703,398.7513732910156,110.53141784667969,90.30000305175781,43.37449724352614,52.921072204033166,20.00708358846568,399.5531510094126,110.58657558629164,86.66000366210938,42.777465027770646,51.136598264798,19.56734872951691,398.2199465974664,108.86742022418728,87.41000366210938,42.92558606237023,52.66483777510525,19.791820384449192,398.91918326202716,109.76836971692578,46181000,14184000,26360000,367632000,35970500,7874900
2021-06-30,93.93000030517578,43.331783294677734,51.37451934814453,19.911273956298828,399.0870361328125,110.46705627441406,94.33999633789062,43.49081346445326,51.59414832940621,20.070544083019442,399.75830454102925,111.01865466976429,90.5999984741211,42.94012175701277,50.68818358166761,19.77315668561849,398.2665938058792,109.40982192518621,90.81999969482422,43.449010673945736,51.55754291738189,19.90803865725093,398.2945621373876,110.46705627441406,70721500,15381000,29891600,326568000,64827900,7936400
2021-07-01,93.30999755859375,42.67750930786133,51.255558013916016,20.11981773376465,401.29656982421875,108.86739349365234,94.18000030517578,43.42266611063101,51.83208108592609,20.36270439094077,401.45507598441856,110.51300012292027,91.69999694824219,42.61299038596427,51.12744255144368,19.927697171358744,399.7768909463528,108.50885424629847,94.04000091552734,43.42266611063101,51.36537425965049,20.033214626548176,399.8421598624358,110.41187294915862,58059000,11153000,24871600,480136000,53441000,8295600
2021-07-02,94.69999694824219,42.543922424316406,51.94189453125,20.393566131591797,404.3639221191406,109.31786346435547,95.2699966430664,43.48990865909262,52.1523739262634,20.41173431290762,404.7182065985421,109.56608022706315,92.20999908447266,41.41164527497739,51.53924543085807,20.195225563823374,401.3805008260889,108.85819707760221,93.27999877929688,43.32542563704032,51.74972133498689,20.347030221460038,402.4526865249136,109.17076685389726,51316700,37054000,17219400,342764000,57697700,5144300
2021-07-06,94.47000122070312,43.008277893066406,51.32876205444336,20.604095458984375,403.6274108886719,110.36590576171875,95.41000366210938,43.323606619359445,52.17066554839688,20.746940344072726,404.6343277321894,111.20249496485974,93.31999969482422,42.55573381814251,50.97186803022897,20.257434361701367,400.90506510112056,108.68352504955102,94.87999725341797,42.746565865792476,52.088305120433255,20.642917142581126,404.4198848881772,110.18203499282048,44930100,13870000,26186600,446708000,68710400,7181500
2021-07-07,90.54000091552734,42.66841506958008,51.20980453491211,20.27883529663086,405.0538024902344,108.71112823486328,95.44000244140625,43.19729545421958,51.65821215797489,20.779790118854034,405.3335142240967,111.28526346376519,90.30999755859375,42.38035052732248,50.98102591905827,20.23926744508326,402.30348871200215,108.67435407285562,95.0199966430664,43.16458188263286,51.58500132527703,20.758388543871092,404.307961437293,110.90833356365242,51498500,12581000,14857400,418428000,63549500,7391800
2021-07-08,89.73999786376953,42.75564193725586,50.68818664550781,19.811981201171875,401.75341796875,108.36177825927734,90.33999633789062,42.80835039551865,50.9901760766358,20.041180526798016,402.50859126674294,108.73870112471367,87.44999694824219,41.94323837572394,50.139119395491676,19.61090277990758,398.5835224267415,106.07263414434306,87.86000061035156,42.203137353020516,50.614979307918404,19.765942737262215,399.75824909118023,106.52311234370504,45673500,16011000,19162000,503300000,97595200,7565400
2021-07-09,90.9000015258789,43.63530349731445,51.23725891113281,19.95880126953125,406.0419921875,110.83477020263672,91.26000213623047,43.6989141814198,51.347071666226974,19.988665125073833,406.3403399435574,111.0462198520047,88.52999877929688,42.53119881388259,50.614980814125,19.664151776378613,401.5575573960418,108.13193629433397,90.04000091552734,42.671142318914356,50.798000908987085,19.871452007779578,403.25437825010926,108.48128026507969,35278400,16782000,18708000,296624000,76238600,8374200
2021-07-12,90.80999755859375,44.14147186279297,51.91443634033203,20.4189453125,407.4964294433594,112.73780059814453,91.9000015258789,44.89298975963637,51.94188865358184,20.4391013746128,407.7481728272815,112.82973950713304,89.6500015258789,43.006469871268,51.34706642423602,20.09567556838624,405.5292574763186,109.87867447466132,91.22000122070312,43.73890455960318,51.484331481369274,20.14768717026247,405.95811462209826,111.4139658789489,28526600,33142000,15392800,321984000,52889600,10668700
2021-07-13,90.26000213623047,43.98334884643555,52.04255676269531,20.15764045715332,406.1073303222656,113.9053726196289,91.41000366210938,44.30321874678384,52.43605624766788,20.3679272570643,408.20504032687353,115.35792060259556,89.83000183105469,43.800694307570296,51.557547230890094,20.022261067377123,405.84628310421715,112.27814910300218,90.4800033569336,44.10330092569679,51.81377815472915,20.3074533787736,406.7133297443053,113.25264695957667,30367600,11806000,15716000,290708000,52911300,13460200
2021-07-14,89.05000305175781,43.763431549072266,51.72227096557617,19.751005172729492,406.7133483886719,114.35581970214844,91.4000015258789,44.709417717679,52.582477322337326,20.324627057304227,408.2796602207777,115.63369188133233,88.94000244140625,43.68709873084117,51.54840047063389,19.66266101165078,405.47338115910287,114.06163345256553,90.76000213623047,44.45497152371984,52.3170932846217,20.264901240088385,407.7948378993106,115.05451467514038,28108500,14020000,16263600,380100000,64130400,10587700
2021-07-15,86.93000030517578,43.37722396850586,51.072540283203125,18.87974739074707,405.3241882324219,108.04918670654297,89.77999877929688,44.0233282537425,51.61245796495688,19.756481081917247,406.0513932284904,110.96347010289493,86.18000030517578,42.99373994329821,50.852911272453845,18.77248888227508,403.4315887906017,107.44243068420779,89.77999877929688,43.91700654945193,51.61245796495688,19.72139214020743,405.3801248896569,110.4302623905255,38944700,12624000,18917000,550564000,55126400,23734500
2021-07-16,85.88999938964844,42.53483581542969,50.30384063720703,18.078170776367188,402.1450500488281,106.4035873413086,88.02999877929688,43.64439344502248,52.097464057343515,19.06962851714903,406.5455812846176,109.39141925112327,85.68000030517578,42.461231140478134,50.23978290726534,17.990572779108614,401.7534933885176,105.87956787153,87.31999969482422,43.533527118346996,51.292162392653566,18.94370627742423,406.4989768804911,109.17078132015159,35860700,13980000,25263800,688224000,75874700,12110000
2021-07-19,86.58000183105469,42.31674575805664,50.001853942871094,18.6940975189209,396.2061767578125,106.0450439453125,87.2300033569336,42.34400649376976,50.15742521759744,18.95515041008201,402.2102917266134,106.29326774520241,84.23999786376953,41.58249115307147,49.38872892530491,17.784016036287866,393.40922985130334,104.09606277201466,84.98999786376953,42.11773268108687,49.791378034263985,17.83354040544613,397.34360297120685,104.80394598772219,39244800,14938000,27007700,749060000,147987000,9230200
2021-07-20,87.11000061035156,42.58208084106445,50.55092239379883,18.527114868164062,401.88397216796875,107.01036834716797,87.7699966430664,42.914672805168664,50.84375873064862,18.752083971986252,403.1519362165868,107.44245600259534,85.16999816894531,42.09863624936578,49.663260284100375,18.081158128932074,396.07563556513816,105.1992811177151,87.08999633789062,42.51847016669907,50.258082566064544,18.644576730253064,396.8681095390226,106.53231123369126,28089000,20727000,19867000,434687000,99608200,7108000
2021-07-21,89.41000366210938,43.52988815307617,51.456886291503906,19.321474075317383,405.1377868652344,108.36177825927734,89.48999786376953,43.55351596802213,51.502641316882375,19.43794103502016,405.27765698558056,108.36177825927734,86.9000015258789,42.57390454178836,50.34044551966889,18.656521440989437,401.8374096846167,106.57827007670697,87.25,42.67659332731422,50.496016795017304,18.795882316770854,403.0773770798175,106.85407276962435,29469900,13660000,18497200,371017000,64724400,5564700
2021-07-22,91.20999908447266,43.285438537597656,51.20980453491211,19.5046329498291,405.9861755371094,107.15745544433594,91.36000061035156,43.52715912194931,51.74057259931766,19.7962958674944,406.2285867170565,108.56403385422288,89.08000183105469,43.12005076935706,50.95357360223889,19.18808253655946,404.33598703643406,106.8356902874916,89.4000015258789,43.30997458085079,51.30131807578444,19.552414359226333,405.31490711357736,108.56403385422288,33730100,12583000,36691000,323826000,47878500,5746500
2021-07-23,92.1500015258789,43.90520095825195,48.50106430053711,19.468799591064453,410.1629333496094,107.36890411376953,92.37000274658203,43.944279071111126,50.06590912223273,19.610152148792288,410.49855331355985,108.15953107110131,90.19000244140625,43.33088477374532,47.878786215146256,19.162203768763973,407.2261448569842,106.0266787479155,91.3499984741211,43.621677515278584,49.94694676097013,19.566352203135214,407.9067170456665,108.15953107110131,31708900,13489000,67742300,195672000,63766600,5773900
2021-07-26,91.81999969482422,43.822505950927734,49.699867248535156,19.206005096435547,411.1697998046875,106.32086181640625,92.75,43.94791088086722,49.910343154028155,19.35332891748849,411.17913206497195,106.73455885679198,91.12000274658203,43.58987107025245,48.28143705226798,18.827737126381447,409.52894375936796,105.60378320562879,92.01000213623047,43.81523665255082,48.32719556767113,19.222927760778727,409.5755481567641,106.44956787403532,27668500,11160000,32881200,203943000,43719200,6440600
2021-07-27,91.02999877929688,43.19729995727539,48.6657829284668,19.120393753051758,409.2958984375,104.38105773925781,94.0999984741211,43.78343001992274,48.68408563494312,19.532505085696283,410.16294515467484,106.09101748506234,89.0999984741211,42.5103010162493,47.869634396610145,18.655522752528007,406.48028699392114,103.01125368962416,92.94000244140625,43.688013981797276,48.6108748090378,19.177132989949083,410.1349768235407,106.01746917011404,69427000,14715000,39878000,248863000,67397100,11127500
2021-07-28,97.93000030517578,43.405391693115234,48.565120697021484,19.414051055908203,409.1280822753906,105.78764343261719,98.70999908447266,43.5353412094437,49.34296653695657,19.556398512743925,410.498587479619,106.19215217950527,89.6500015258789,43.102785107408785,48.44615484814145,18.908368517411507,407.71097266740617,104.69363496569017,93.44000244140625,43.31906142516517,48.528515283383875,19.230890227163382,409.9205563033624,104.7487997127819,140561000,8359000,28478800,202191000,52472400,6819700
2021-07-29,102.94999694824219,43.992435455322266,49.14165115356445,19.572324752807617,410.8248596191406,106.7805404663086,105.73999786376953,44.14873749291206,49.50769487248146,19.762453610725807,411.8970168587412,107.66309939648917,96.58000183105469,43.38631397840827,48.793906653341125,19.239846550542488,410.0417179366842,106.28409975296547,96.58000183105469,43.47991355517781,48.94032483908491,19.429975408460677,410.0510501972417,106.64263909916525,164091800,9162000,16886600,190781000,47435300,7162000
2021-07-30,106.19000244140625,44.10966110229492,49.15995407104492,19.41006851196289,408.8297424316406,107.23098754882812,106.97000122070312,44.195079682339646,49.32467496706391,19.540469658257,410.274820300012,107.9480660795942,101.37999725341797,43.57987247406414,48.72984912134146,19.17514481205662,408.1398095072434,105.89795766614282,101.5999984741211,43.797057039502306,49.09589633269142,19.32943666500641,408.27034735445915,106.18294861710028,125632000,11548000,16465700,183497000,68951200,6482600
2021-08-02,108.62999725341797,44.04423904418945,49.12334060668945,19.659929275512695,407.9720153808594,107.43324279785156,110.33000183105469,44.94569798654708,49.846281810721166,19.86996744142398,411.08594634074757,108.83062571376442,103.83000183105469,43.93792077955995,48.99522515096421,19.27270338750117,407.6177308698033,107.24937902421549,105.93000030517578,44.44135353526092,49.40702732356989,19.61015806212333,410.535883503272,108.02161529023101,115581900,15619000,18098100,217444000,58783300,6028800
2021-08-03,112.55999755859375,44.2359733581543,49.4710807800293,19.724628448486328,411.29095458984375,108.85820770263672,114.8499984741211,44.32412008960563,49.56259081453641,20.129771796246487,411.4121601505217,109.06965033336758,107.66000366210938,43.61530985600298,48.73898654043621,19.132340904279957,406.58277295372534,107.41484837395903,108.1500015258789,44.11783774146679,49.31550953230634,19.649969748387328,408.76438768989965,107.8469359419131,157723100,11135000,16375900,301811000,58053900,5874700
2021-08-04,118.7699966430664,44.32775115966797,49.324668884277344,20.181533813476562,409.2679443359375,109.16158294677734,122.48999786376953,44.52585597323051,49.818828020509,20.225333759526567,411.2630850809124,109.90624734046673,114.16000366210938,43.983345241051985,49.141645301173085,19.737566897497963,409.0348654177105,108.73869066853497,114.36000061035156,44.39408999597276,49.64495753654643,19.89882869548474,410.0137854934574,108.87659200173324,225368700,12123000,17612700,231309000,46732200,4254000
2021-08-05,112.3499984741211,44.31593704223633,49.635990142822266,20.542879104614258,411.8597412109375,109.60286712646484,117.68000030517578,44.56674685890681,49.75572908898309,20.638441941721155,411.9436461991985,109.6212506979339,111.58999633789062,44.063310767915254,49.35046340433776,20.249224447514635,410.10698336189347,108.70191781750921,116.62999725341797,44.56674685890681,49.72809837585745,20.40650479203226,410.4239672459952,109.46496579161048,137860900,8372000,15310000,211435000,38969700,4452300
2021-08-06,110.11000061035156,44.11238098144531,49.663612365722656,20.27311134338379,412.54022216796875,108.67434692382812,116.26000213623047,44.35682971942501,49.85703786524464,20.476181384713264,412.95977546852737,109.03288621237382,109.69999694824219,43.98515962086765,49.48861202322767,20.117822711619997,411.8969222815162,107.97565191955408,110.55000305175781,44.07966741251421,49.60835094891857,20.430391658316715,412.176633965891,108.82144356218214,143899000,9964000,19256000,178497000,46930000,4338100
2021-08-09,107.58000183105469,44.04423904418945,49.783348083496094,20.202434539794922,412.20477294921875,108.68355560302734,112.33000183105469,44.23961575474646,50.11493061723116,20.414462393227705,412.82940857745217,109.20757516728436,107.05999755859375,43.70982702363049,49.58071704565611,20.0511273868057,411.44026719488556,107.85615444526505,111.30999755859375,44.20871863402123,49.81098230368668,20.352744901947933,412.51242463219626,108.86741940966135,115749900,5952000,14670100,146443000,41222600,4280200
2021-08-10,106.4800033569336,43.824317932128906,49.682037353515625,19.845075607299805,412.717529296875,106.97359466552734,109.16999816894531,44.205073797843056,50.096515575292926,20.33682202830791,413.4260983713757,109.44660282388817,104.36000061035156,43.42175070871457,49.28598077643614,19.744534522125157,411.9716880778355,104.8775164257967,107.9000015258789,44.15509348072269,49.95835851041347,20.229314798148827,412.6522603659039,108.94096683888536,113012300,9319000,16215700,179238000,43339300,5132800
2021-08-11,107.68000030517578,43.941551208496094,49.86625289916992,19.609155654907227,413.7430419921875,106.63343811035156,109.79000091552734,44.16146395737271,50.06888748789151,19.957559744802627,413.83627924848605,107.82857387650355,105.62000274658203,43.5998699082585,49.58993524136663,19.341383413828332,412.66155241355983,105.90716416186898,107.5999984741211,44.05605046124905,49.97677925957731,19.951586593338543,413.78034258511013,107.10229992802098,91788300,9816000,18590800,185925000,44034300,4490400
2021-08-12,106.5,44.006065368652344,49.31361770629883,19.814220428466797,414.9829406738281,106.36681365966797,108.44000244140625,44.0733124399104,49.903096314698224,19.93765355280868,415.1228107611535,106.59664688452806,105.86000061035156,43.32179461325705,49.05571817994685,19.53052037300829,412.69878475833394,105.20845925641957,107.38999938964844,43.82613898138608,49.893883735059056,19.779380204017492,413.5937996763557,106.22891933591464,60578700,8702000,15070100,151652000,38909400,6338400
2021-08-13,110.55000305175781,44.17872619628906,49.267555236816406,20.09592628479004,415.7381896972656,106.18294525146484,111.70999908447266,44.43407718311684,49.33202922677892,20.121808676083944,415.75682576675683,106.20132882251188,106.56999969482422,43.810688959715,48.87149871929298,19.760463380904792,414.9457157376628,105.25441709964474,107.16999816894531,43.8561281377897,49.276764300995794,19.814217948269306,415.43050961256574,105.7876318413991,100135700,8582000,15281100,183063000,39470300,4593200
2021-08-16,107.4800033569336,44.35865020751953,49.249141693115234,19.859012603759766,416.7171630859375,105.38311767578125,111.58000183105469,44.428621962195024,49.26756333807209,20.194475504529578,416.84767249312245,106.16455617685605,105.87000274658203,44.01878541822575,48.81624182055299,19.364277685801866,412.8946629015271,104.89587240783287,110.19999694824219,44.05786352525854,49.02808546720252,20.043168322323123,414.4423104279769,105.81520521949477,73325400,9188000,17690300,210876000,73740000,5435900
2021-08-17,107.55999755859375,43.49990463256836,48.530704498291016,19.36925506591797,413.9854736328125,102.1470947265625,108.69999694824219,44.18417885589991,48.98202594982137,19.679832352567306,414.84318814832017,104.66606529450047,105.3499984741211,43.12096518400449,48.09780820259304,19.179126204409833,411.0113842575715,101.81613427075115,106.63999938964844,44.12692576908138,48.97281337190518,19.595219037943533,414.17191970261024,104.555749818533,74053900,16499000,22014900,204585000,92673900,13398800
2021-08-18,103.44000244140625,42.61661911010742,48.0701789855957,18.953161239624023,409.45440673828125,101.54032897949219,108.06999969482422,43.35359831316127,48.843870473339166,19.544451924086907,414.5355387391959,103.88463097974967,103.2699966430664,42.56027772097937,47.996495922442186,18.91334276455746,409.2120240010242,101.47597594882396,107.3499984741211,43.314523672279506,48.447813907377075,19.41106231099318,412.978558984422,102.72626941376738,79387900,15616000,15061700,285913000,89351900,9167300
2021-08-19,103.69999694824219,43.03099822998047,48.300445556640625,19.70770263671875,410.08837890625,101.60466766357422,106.18000030517578,43.240005257221014,48.51228920001898,20.401524155483223,411.2817703416824,102.01837167141572,101.9800033569336,42.04320924254875,47.508335917144386,18.676426581461318,406.60152721840166,98.9937656291753,103.31999969482422,42.37852940827288,47.94123226945256,19.40508831506733,406.7413688859858,100.20728476039442,71117500,14044000,22999400,766555000,92812200,12146900
2021-08-20,104.6500015258789,43.180030822753906,47.90439224243164,20.721065521240234,413.3514709472656,99.39828491210938,105.9800033569336,43.27635855103707,48.24518742172516,20.769841836804602,413.67778712939463,100.86002099228034,103.98999786376953,42.75020282718953,47.36096598508137,19.842093151241713,409.94852436681583,99.03974560889937,104.31999969482422,42.96648263485165,48.042552830098714,19.89982729696695,410.4333467352419,100.33600147113079,55227600,10007000,25728300,675741000,72008700,13042000
2021-08-23,108.7699966430664,43.841590881347656,49.0280876159668,21.857852935791016,416.98748779296875,102.00918579101562,109.0199966430664,44.18145572610968,49.313617854957734,21.89667462197285,417.89183507049324,102.34934151587768,104.86000061035156,43.22820004184921,48.337291710871995,20.854450854471086,413.42603534317016,100.45551082296306,105.30000305175781,43.28544966865451,48.43860900579038,20.87535498538819,415.02961932645024,101.20017530020661,68835300,15707000,23976300,575807000,54973000,9533500
2021-08-24,107.6500015258789,43.74888229370117,49.56229782104492,21.693603515625,417.6493225097656,103.06641387939453,109.61000061035156,43.895186826323766,49.70966745283045,21.85884677029652,418.1807491056021,103.94897263798366,107.27999877929688,43.6334713991483,49.101767282519,21.436780805743606,417.13656043084046,102.78142291960788,109.44999694824219,43.837028998014105,49.33203255178196,21.65378693903574,417.6493225097656,102.79980649180716,51239300,9429000,20348800,297299000,38744700,6719800
2021-08-25,108.30000305175781,43.92882537841797,49.56229782104492,22.111684799194336,418.5257873535156,107.58953857421875,109.91000366210938,44.188720981063845,49.9491417868935,22.367512579613624,419.03854953793854,109.56610590324532,107.44999694824219,43.76162112491309,49.48861124836757,21.622925048155796,417.4629339431671,106.28408741326318,108.12999725341797,43.76162112491309,49.81098473347722,21.63785602487588,417.83588293403466,106.37601930936705,45485500,10017000,15048400,347701000,40529700,22106800
2021-08-26,107.2699966430664,44.14055252075195,48.93598175048828,21.967348098754883,416.05517578125,108.57321166992188,109.2300033569336,44.35592060062588,49.50703870147794,22.238106862114968,418.4791736205417,108.9041720676696,106.83999633789062,43.673466411133546,48.788612101408056,21.690616185109878,415.9619385292738,106.96437913074112,108.56999969482422,43.89155917731286,49.50703870147794,22.098746013128036,418.2460947166087,108.46289621330813,51442500,10836000,19570000,237940000,57829600,9892100
2021-08-27,111.4000015258789,45.06745910644531,49.635990142822266,22.532760620117188,419.77508544921875,108.93177032470703,111.77999877929688,45.11289481421556,49.68204250255494,22.61836882879445,420.14800598686645,109.67643485918704,107.80000305175781,44.222341769134005,48.74255960701502,22.06589978843184,416.80099650435585,108.19630809852077,108.01000213623047,44.34683498445046,49.147828805230176,22.0828224516965,416.85693316240236,108.78468068505158,61030000,16459000,16525000,304722000,77235100,6827700
2021-08-30,111.31999969482422,45.335540771484375,49.682037353515625,22.584524154663086,421.6211242675781,109.39142608642578,114.48999786376953,46.14976114933026,50.53862450733223,22.937904612772638,422.4042660135,109.86028785624653,111.26000213623047,45.277382915893156,49.516246064804704,22.448149850901924,420.203986244658,108.91337603712404,112.61000061035156,45.43640965638592,49.976776641541825,22.725876717636822,420.4463974226872,109.29029890050457,56130500,19614000,14581300,262580000,48357400,6434200
2021-08-31,110.72000122070312,45.1828727722168,49.79256057739258,22.286836624145508,420.9964294433594,109.40982055664062,111.26000213623047,45.55363471560424,50.19782616595767,22.59547666794216,421.8634761216063,111.0554274421853,109.02999877929688,44.773036184110886,49.42413475973777,22.022999320495497,420.39976225528045,109.12482256167714,111.26000213623047,45.55363471560424,50.14256123923875,22.59547666794216,421.5278561630646,110.32915354204297,49339000,17378000,22350100,259850000,59300200,8424900
2021-09-01,109.98999786376953,44.8148307800293,49.433349609375,22.342592239379883,421.22015380859375,110.74284362792969,111.8499984741211,45.36733547833619,49.884671113142915,22.597470150724345,422.4414849020611,111.57024466564191,109.8499984741211,44.79029473631939,49.304401612175425,22.258960958809393,420.98707492126005,109.91544259021747,111.30000305175781,45.097442464049344,49.83861875893869,22.386399914481622,421.9287227307321,110.52220568919097,38579600,12586000,18615000,201767000,48721400,8603900
2021-09-02,109.19999694824219,44.7003288269043,49.48861312866211,22.297792434692383,422.5161437988281,111.04621887207031,110.87999725341797,45.071090708568455,49.63598276604687,22.49392908210364,423.31792162382027,111.59781719457347,108.7699966430664,44.5422103498967,49.1386089222848,22.197235491376624,421.3227808707356,110.74283733980995,110.31999969482422,45.05382396150129,49.55308712541986,22.419257200905932,422.6373493891215,111.1841202061844,40090500,16991000,15869500,187834000,42501000,6866400
2021-09-03,109.91999816894531,45.2255744934082,49.285987854003906,22.742828369140625,422.4136047363281,113.96969604492188,111.16999816894531,45.98163335460642,49.81099601936037,22.885200930384197,422.92639546669517,114.43855776853329,108.5,44.98567036761404,49.110987474598396,22.102648427978476,420.98716278621146,111.47830483012704,108.8499984741211,45.06472786975059,49.22151384508767,22.227100272958122,421.3880801796311,111.77249106546196,42605800,25191000,13456200,280532000,47170500,10361400
2021-09-07,109.1500015258789,45.126522064208984,49.41493606567383,22.562620162963867,420.9032287597656,114.64081573486328,110.58000183105469,45.21830170225499,49.69125373011876,22.798580352130667,422.16186061767115,115.17403052770263,108.66000366210938,44.618541388139214,49.22151053834962,22.423232818730735,420.23196033235047,113.89615829193667,109.95999908447266,45.21830170225499,49.341249481251324,22.73286979951559,422.0686233593047,114.56727442967636,28815200,12398000,13915000,198107000,51671500,9739900
2021-09-08,106.16999816894531,44.92569351196289,49.341251373291016,22.241039276123047,420.3904724121094,112.05747985839844,109.30000305175781,45.426401435192204,49.66362140857675,22.510850790435214,421.09904144321104,113.2066459140584,105.5199966430664,44.355922068303116,48.80703767002182,21.880625312807148,418.47920817085276,111.45072382826552,108.87999725341797,45.401868858065946,49.48862103421733,22.414276035210346,420.37183634098136,113.05036101383736,43067900,13987000,18235100,254434000,56181900,7983300
2021-09-09,106.1500015258789,44.84481430053711,49.18467330932617,22.079748153686523,418.591064453125,112.78377532958984,107.30000305175781,45.31826147489252,49.635991364815226,22.43916513590544,421.9380740118784,113.5284328323507,105.83999633789062,44.78665646104612,49.12940836814449,22.033950346554978,418.34865329472603,112.04830610699453,106.55999755859375,44.78665646104612,49.424147693973644,22.21415637158111,420.1946484083509,112.33330411307624,31857900,13174000,13495800,196856000,57970400,5101300
2021-09-10,105.19999694824219,45.268287658691406,49.589935302734375,22.37942886352539,415.2906494140625,113.05036926269531,106.98999786376953,45.980730827657105,50.63994451182806,22.526778660735864,420.9311472268283,114.30985086266834,104.9800033569336,45.11925839026139,49.56230459099075,22.172340814379883,415.16944383774626,112.97682094641782,106.98999786376953,45.16833048265039,49.599144368792366,22.24999788331724,420.5116222919028,113.09633169990363,32602300,16110000,20324700,248376000,89948200,5163900
2021-09-13,104.80000305175781,45.34189987182617,50.64915466308594,22.054855346679688,416.3534851074219,113.64795684814453,105.27999877929688,45.66086503449525,51.10968524243778,22.8632946864074,418.535128633361,114.08923279474422,102.62999725341797,44.823925101561755,50.11493750452445,21.76214402740333,414.0506644540541,112.34249855572993,105.26000213623047,45.61815400703994,50.29915043897908,22.584521910954482,418.2740814053361,113.02281007883273,37767800,14927000,22639200,297500000,83738600,6622800
2021-09-14,105.7300033569336,45.60633087158203,50.21625900268555,22.144458770751953,414.10662841796875,113.16069030761719,106.81999969482422,45.92892888488998,51.0636336531965,22.311721281201365,417.9943684978522,113.6571309460593,104.41999816894531,45.28736577343668,49.985993693711514,21.989142768627215,413.2209172260456,112.52635533679158,105.5199966430664,45.618144778904686,50.99915964776935,22.177313092882805,417.7892579298286,113.6571309460593,40629500,14134000,22072700,199755000,78197100,5110500
2021-09-15,105.5999984741211,46.321502685546875,50.76888656616211,22.243030548095703,417.5655212402344,111.6989517211914,106.31999969482422,46.408741188364935,50.79652078823569,22.268917505986135,418.05964737696985,112.61828465716829,104.02999877929688,45.383697446558685,50.12414309703003,21.86967498640837,413.4260376429731,111.12896277586242,106.0,45.62905443578859,50.354408370750825,22.211171283679054,414.5261632376649,112.53554805962814,37998900,23346000,18796200,166538000,78792200,5566500
2021-09-16,106.22000122070312,46.10432052612305,50.50178527832031,22.144458770751953,416.90362548828125,111.50232696533203,106.75,46.26789186079907,50.61231163413451,22.17930512709558,418.013054999152,111.81618061668689,103.76000213623047,45.45548802744449,49.95835905134372,21.83083966467531,413.9668082618026,110.17304787074171,104.91999816894531,45.90894384673349,50.52941598888149,22.085717498774983,417.04346715334754,110.77307007553662,38150300,17569000,19863100,156033000,77786700,7301400
2021-09-17,103.87999725341797,45.98163604736328,49.97677230834961,21.803964614868164,412.84246826171875,108.69607543945312,105.9800033569336,46.12885231489596,50.280724149155574,22.22311799153432,416.5556198829702,111.20693283122341,103.70999908447266,45.52727204109873,49.43334613437432,21.73427187990997,412.48704878745247,108.64069115788124,105.55999755859375,45.79716506505304,50.280724149155574,22.20221017104686,416.13475093436307,110.94846346020509,44528300,34470000,35359200,294503000,118425000,10722700
2021-09-20,101.55000305175781,44.965667724609375,48.79781723022461,21.02041244506836,405.95867919921875,105.88060760498047,102.51000213623047,45.709007788349474,49.276769429485306,21.339008821253724,408.31563107334745,107.08988527682264,99.51000213623047,44.38590240921937,48.189917037618585,20.57139003647495,401.1137908654286,104.81903780775781,101.58000183105469,45.345518747135884,49.009660864087536,21.05326677060768,406.74432982392835,106.34216214038624,45228400,30105000,35051900,349440000,166445500,8991000
2021-09-21,102.81999969482422,44.94462585449219,48.69650650024414,21.152828216552734,405.5753173828125,106.12059783935547,103.43000030517578,45.197273787725095,49.23072370294347,21.331042182861882,409.5784118268432,106.9606303152438,101.18000030517578,44.5793877052151,48.65966672116504,20.85812676400177,405.05155015037286,105.74212685423052,102.1500015258789,45.17347281037941,49.00045839424268,21.323077843301743,408.2876895243407,106.75754523128126,35481500,16935000,17968900,204688000,92526100,8182200
2021-09-22,104.37999725341797,45.823394775390625,49.27677536010742,21.844783782958984,409.531494140625,106.96061706542969,104.55999755859375,46.04400426219192,49.617567028331074,21.863699567380518,411.561112902549,107.30216280727389,102.20999908447266,45.05721705348201,48.816244749265294,21.103049939355934,405.68741498694294,106.07443348017495,102.81999969482422,45.24303996118784,49.184670643366886,21.272304527219312,407.83859908430554,106.36982800859319,34126300,20610000,18594100,268726000,102350100,5345600
2021-09-23,106.1500015258789,46.16301345825195,49.76493453979492,22.383407592773438,414.50732421875,107.25605010986328,106.86000061035156,46.436714252997284,50.013621480566655,22.436174664784662,416.1067119256756,107.97607409127328,103.88999938964844,45.82340252583528,49.36887795044397,21.794002797589656,411.1589540771979,106.7021790077661,104.88999938964844,45.99915823705511,49.50703853317368,22.04290644543416,411.39277968477785,107.97607409127328,32816700,18370000,16474300,248555000,76396000,5484700
2021-09-24,105.80000305175781,46.219757080078125,49.939945220947266,21.98417091369629,415.19012451171875,106.74832916259766,106.05000305175781,46.272848338439815,50.124154671605815,22.051873513577714,415.90096352552064,107.59758779184278,104.68000030517578,45.84536314113015,49.4886236342657,21.765136329994856,412.66479641554514,106.64678660445279,105.19000244140625,45.97717989408301,49.53467599693034,21.97321946935891,412.8799262600289,107.08064898147846,26482600,10605000,12976200,217655000,62094800,4455900
2021-09-27,108.16000366210938,46.21335220336914,50.3452033996582,21.56501579284668,414.0023193359375,107.2191162109375,108.44000244140625,46.30214492894724,50.538625402055416,21.703406185279654,415.3210707653603,107.60682031677426,103.44000244140625,45.52955602953893,49.57151187649982,21.231485755998357,413.31017606482214,106.16677247065886,105.06999969482422,45.74925063114921,49.68203823307401,21.614795771814215,414.1613047794656,106.8037129180298,51944300,9831000,13899900,245215000,61371100,5198800
2021-09-28,101.5199966430664,44.9473762512207,49.7373046875,20.60822868347168,405.6593322753906,103.2958984375,107.6500015258789,45.9021251285221,50.28073093481362,21.32507250371504,411.5704499178845,106.1944601320852,101.41999816894531,44.90343732620138,49.70046139632662,20.560438842257536,404.9297975915055,103.24974017042665,106.83999633789062,45.494777806007264,49.903095984210566,21.120971560225616,411.2430883900673,105.53905358766755,74469000,20124000,24691300,343069000,130436300,9792300
2021-09-29,100.3499984741211,44.8064079284668,49.267555236816406,20.427026748657227,406.3421936035156,103.03742980957031,102.66000366210938,45.244875317548356,49.78334715651654,20.924834092595493,408.7646237192778,104.17284994327264,99.80999755859375,44.63888968263266,48.98202505729031,20.37724487487281,405.78100637960586,102.48355877162861,102.30000305175781,45.186291247126256,49.737294808481735,20.84817209585024,407.03430833854253,103.66514421550981,52224700,15783000,20514300,218394000,82329200,6522400
2021-09-30,102.9000015258789,44.389896392822266,49.07413101196289,20.625152587890625,401.37567138671875,103.06513214111328,104.44000244140625,45.267752874332196,49.71887444169271,20.97361809338779,408.5120044691004,104.63441478970742,101.98999786376953,44.34870562186373,49.05570936956272,20.59727549936959,401.0389476922281,103.06513214111328,102.08000183105469,45.267752874332196,49.51623988885988,20.676924594998866,407.81052769400486,103.78515611029796,57636700,15735000,20534100,221009000,140506000,6433400
2021-10-01,102.44999694824219,44.61143112182617,49.60835647583008,20.65103530883789,406.145751953125,102.98201751708984,103.0,44.73134741500615,49.83862177435245,20.767520876721406,407.8199514345855,103.66512311342817,100.63999938964844,43.709773456219786,48.862295643732544,20.114397666814803,399.5893007811886,101.8189054768062,102.5999984741211,44.65719981972984,49.414934468328,20.658999647073383,403.09668518630104,103.38818765083032,41491600,16052000,19895100,240978000,129240100,5315200
2021-10-04,100.33999633789062,43.56788635253906,49.249141693115234,19.645475387573242,400.9080810546875,100.63733673095703,101.8499984741211,44.539110135184366,50.04125485841231,20.45192300003493,405.8838687084721,102.86203272742279,99.81999969482422,43.27770717150465,48.8899284003804,19.469251488269936,398.77556393327893,100.17578224632223,101.73999786376953,44.38990356206259,49.672828986414295,20.414089523964932,404.98598629215144,102.46509558892636,41967100,20093000,27353300,345635000,128570000,8514500
2021-10-05,101.80999755859375,44.43475341796875,49.69124984741211,20.36132049560547,405.0794372558594,100.85888671875,102.87000274658203,44.834778128966825,50.05046313447978,20.557457131881208,407.31479494030964,101.8650721024011,100.61000061035156,43.5111281822073,49.25834998167956,19.76693827984998,401.6094736685398,100.82196151530007,100.91999816894531,43.56696759100441,49.3228239812266,19.86251797851901,402.4044577996425,101.35736640118022,31455200,16557000,18129400,279282000,90682500,8039600
2021-10-06,103.63999938964844,44.74232482910156,49.71887969970703,20.609224319458008,406.762939453125,100.93273162841797,103.72000122070312,44.79450470099813,49.801775342489904,20.629135169524517,406.96870708815,101.0988915251057,100.3499984741211,43.91115530570915,48.880714206488875,19.991942391773726,399.879128650759,99.30806490831857,100.44999694824219,44.225131962443406,49.25834913170652,20.031767889875287,401.4971832622584,100.10193918774188,39071700,12042000,20059600,297202000,113032200,7553600
2021-10-07,106.44999694824219,45.21283721923828,49.90309524536133,20.982580184936523,410.27978515625,102.30817413330078,107.94999694824219,45.76024227975192,50.64915606951296,21.22849675315436,413.10438834176847,103.12050753357224,104.45999908447266,45.094754192463284,49.84783030941949,20.880031234621082,409.8495540118839,101.99431340501127,104.5999984741211,45.094754192463284,50.03204324898936,20.99950393304236,410.0272637647416,102.4651009760641,41543100,13261000,20704400,256919000,72437500,7821900
2021-10-08,105.05999755859375,45.11488342285156,49.56229782104492,20.739648818969727,409.531494140625,101.57891082763672,107.27999877929688,45.586307537668695,50.27151527200315,21.113004324739432,411.4301854093212,102.52971192982035,104.88999938964844,44.97116618266958,49.460980540398154,20.683894639844777,408.90485751836167,101.08966420556261,106.55000305175781,45.478291759294436,50.24388105046455,21.00846523888015,411.04670800109915,102.44663550392661,30623000,10279000,16068000,151258000,74557400,5143400
2021-10-11,104.68000030517578,45.068206787109375,49.22150421142578,20.604246139526367,406.5666198730469,101.78199005126953,107.19999694824219,45.73186158628086,50.11493460807374,20.970632383544228,411.7762613135145,103.12049514922893,104.0199966430664,44.93181209688639,49.20308256768807,20.421053017517437,406.5011418518959,101.44967028134987,104.62000274658203,44.967513564189,49.56229935021952,20.484773437642136,408.8768180412666,101.6158301663097,31284400,11186000,14398800,163388000,65233300,5318500
2021-10-12,105.04000091552734,44.42194366455078,48.051761627197266,20.580350875854492,405.5658874511719,100.80352020263672,106.04000091552734,45.46731507643914,49.4794093131968,20.964657828842242,407.8854480523545,102.49281170174746,104.33999633789062,44.12352701518089,47.90439197417682,20.437978323976292,404.780236733796,100.21273088755387,105.16999816894531,45.388593058355674,49.3412487263034,20.73666197268602,407.48327480593025,101.975872811741,34039900,20991000,32784300,162134000,71181200,9294600
2021-10-13,109.16000366210938,44.3972282409668,48.13465881347656,20.847177505493164,407.02484130859375,101.5235366821289,109.87999725341797,44.43109644807158,48.42940164249776,20.897954452846133,407.8385497291835,101.5881540340866,106.25,43.897428624211734,47.77544549236827,20.62216872749453,403.6203558355388,100.57272844223247,106.27999877929688,44.04572031934719,48.24518869194818,20.826269685815685,406.5852480931628,100.91428132701643,55631900,16424000,18534000,180652000,72974000,7845100
2021-10-14,111.98999786376953,45.54970932006836,49.645198822021484,21.6506404876709,413.87127685546875,103.9051284790039,112.22000122070312,45.691596846966334,49.73730353424968,21.659599896985824,414.02092865194055,105.91750602614843,109.62999725341797,44.92907840878547,48.56755541838991,21.029376283806112,410.2048791998145,102.612781740916,110.5,45.0242788529028,48.724137645461305,21.194648710999132,410.67253036010317,105.3636421322877,46900200,19233000,26586700,243589000,70236800,16930500
2021-10-15,112.12000274658203,46.066898345947266,50.16099166870117,21.766132354736328,417.0232849121094,106.0282974243164,112.83999633789062,46.30581255675607,50.18862589368611,21.834830025581528,417.388066556168,106.11137385153441,111.11000061035156,45.86826003083219,49.562304002095004,21.56701051506873,415.3584477483374,104.27438896338968,112.51000213623047,46.17216600257835,49.92151730477263,21.714360334605505,415.975750769938,105.95444701605868,34203000,25103000,25231100,226994000,66260200,11558800
2021-10-18,116.43000030517578,46.07695770263672,50.170204162597656,22.124553680419922,418.25787353515625,106.47137451171875,116.87999725341797,46.13371199610688,50.253099810271756,22.193251349264553,418.5945686911891,106.48060757246371,111.37000274658203,45.64672782288663,49.479408269836654,21.54908726984362,414.5914756470946,104.69900715782423,111.9000015258789,45.805090215255134,49.91230464007288,21.653628274033302,415.24619873026535,104.69900715782423,47537800,16042000,22407600,189494000,62213200,6773800
2021-10-19,116.33000183105469,46.72047805786133,50.85178756713867,22.19224739074707,421.48468017578125,107.9668197631836,117.16999816894531,46.76441697841557,50.861000146657666,22.2808558781914,421.5501296498801,107.98528588575704,114.47000122070312,45.93141074968988,50.078096025314736,21.940356672222972,419.26798954865865,106.73908319425223,116.16000366210938,46.16483561039793,50.31757390283408,22.178306949986503,419.8759589330048,106.89601706507757,39593900,16383000,18392900,161473000,46996800,5406100
2021-10-20,116.38999938964844,46.62894058227539,50.99915313720703,22.006071090698242,423.1402282714844,106.70216369628906,118.30000305175781,46.99875665628365,51.10968300117454,22.334623846905142,423.4395319365722,108.03144288215248,115.41999816894531,46.541981111697446,50.732048083208866,21.88560143025834,421.8308104156858,106.66524553469296,116.29000091552734,46.77631738248991,50.88862678680885,22.207184914348492,421.94304215430157,107.89297512649793,34244800,13458000,16850300,146276000,49571600,8205800
2021-10-21,119.33000183105469,47.06467056274414,51.57942581176758,22.592491149902344,424.24371337890625,107.34833526611328,119.68000030517578,47.123254635141045,51.64389981294672,22.61140883432753,424.4681767688133,107.40371954665645,116.26000213623047,46.5566299897558,50.5017859232851,21.98616246311229,422.11122554531715,105.79751202604655,116.5,46.63169246935548,50.593890635378294,22.000101009958392,422.5414565570248,106.16675699611234,34794900,11787000,38390900,187590000,41305400,4640300
2021-10-22,119.81999969482422,47.18000411987305,45.555686950683594,22.626340866088867,423.8042907714844,105.44673156738281,121.55999755859375,47.726490761938834,46.55964381778107,23.02856856064082,425.2540268631663,108.14220783499631,118.37000274658203,46.96122439089319,45.26094764232192,22.46206541817937,421.8682076248878,105.44673156738281,120.83000183105469,47.11867190657437,46.41227416360024,22.72291561933294,423.8136529308841,107.30217536485844,38992700,15367000,109971900,249384000,58845100,6283000
2021-10-25,122.36000061035156,47.78965377807617,45.5096321105957,23.064411163330078,426.0769958496094,104.90211486816406,123.45999908447266,48.012093051805316,46.11753234013492,23.252581526641404,426.40435739743305,105.74214750813029,118.5999984741211,47.15895230866223,45.41752739934442,22.67014782202449,423.1214653908989,104.41286818456321,120.5199966430664,47.370405978473826,45.89647962770403,22.87225673076628,424.8891720800844,105.6036797381315,47834100,12416000,43178800,230235000,45214500,6667700
2021-10-26,122.93000030517578,48.869808197021484,44.468833923339844,24.608610153198242,426.46044921875,105.40059661865234,127.19999694824219,48.97233118107149,45.537264782285696,25.14823509331115,428.8267630097883,106.43448133917046,122.58000183105469,47.96632090815354,44.14646390650821,23.819088343329533,426.086333989396,104.97596728060833,122.98999786376953,48.07891111846432,45.500425004340414,23.883803837264775,427.62024353585866,106.10216150195976,59458900,24043000,68405400,485898000,56075100,4852300
2021-10-27,122.27999877929688,47.884857177734375,44.109622955322266,24.343774795532227,424.5711669921875,105.0036392211914,128.0800018310547,49.07119771683895,44.9662102038597,24.97997251638669,427.58284181405264,106.21290964776917,121.05000305175781,47.77043369026645,44.091201308587394,24.175515291453934,424.496326817205,104.96671401941074,121.62999725341797,48.68215855783354,44.6898925299763,24.36667464722999,426.91878511269175,105.26210859089394,98245300,23500000,41081500,245990000,72438000,5394500
2021-10-28,121.16000366210938,48.476200103759766,44.28461837768555,24.831628799438477,428.6678161621094,107.08987426757812,123.5,48.51098319750129,44.54251435553826,24.84059010745586,428.742627797446,107.0991002865482,120.26000213623047,47.91414986589669,44.10040545911825,24.415462540776538,425.98350275745725,104.80979397023233,122.86000061035156,47.979145119767885,44.33987979375731,24.768905340270393,425.9928363723962,104.92056958273635,58002500,11872000,31317200,234204000,51437900,5714300
2021-10-29,120.2300033569336,48.668426513671875,45.13199996948242,25.454875946044922,429.53759765625,104.95748901367188,122.56999969482422,48.71236543853822,45.38989598782286,25.5962534057975,429.8275390968546,105.40981748812925,119.87999725341797,47.92055339784288,44.137252161192606,24.890363073634163,426.08632975417635,104.51440064382149,120.94999694824219,47.92055339784288,44.30304346257424,24.891358141249718,426.37627119478094,105.29904187428532,43320100,15564000,42301000,292503000,70162400,7118900
2021-11-01,125.2300033569336,48.337059020996094,45.638580322265625,25.7137393951416,430.2765197753906,105.34519958496094,125.66999816894531,48.751728935420765,45.68463267810367,25.78044501501722,430.893822778383,105.54827764512608,118.12999725341797,48.05145774074684,45.13199738090812,25.116370221539132,428.55556680181957,104.63440172471378,119.44999694824219,48.54668293686061,45.5004232547515,25.53652048764444,430.5196789876019,104.84671988943715,54559800,16896000,28013700,265740000,48433600,4955700
2021-11-02,127.62999725341797,49.16273498535156,45.924110412597656,26.28522491455078,432.0161437988281,105.33594512939453,128.4600067138672,49.50600542250292,45.96095370258553,26.56101063434502,432.3248095542426,105.97289245143779,124.19999694824219,48.211645686584056,45.34384089278197,25.68686059809661,430.3138866949434,104.80977339811221,124.9800033569336,48.28213024238951,45.693845120527726,25.708765384211045,430.4448427228555,104.8559246121917,53491900,16262000,27193300,294112000,48908400,4479700
2021-11-03,130.52999877929688,49.64789581298828,46.41227340698242,26.481353759765625,434.6536865234375,105.24366760253906,130.60000610351562,49.77788282947387,46.46753834398794,26.66653887512765,435.0558596625653,105.32674403875463,126.79000091552734,48.8606616170292,45.78595150853181,26.119946733214228,431.01534687131965,104.06208911349553,127.75,49.34398634304137,45.988586097315725,26.553038504323563,431.4549400945778,104.71749571155051,59537800,14038000,23962100,239910000,52509800,6073000
2021-11-04,137.5,50.22001647949219,46.66083526611328,29.670318603515625,436.7020568847656,108.73299407958984,139.0,50.2612107556807,46.69793123276029,31.22745940153133,436.7862306774894,108.78837835781938,130.77000427246094,49.515167293857814,46.12290306269151,26.999083410913848,434.90626367716334,103.76667092009157,132.00999450683594,49.77880088406556,46.595912901976654,27.109596719532924,435.2523210060828,104.65285458557295,84825200,15956000,24806000,1153631000,52847100,14682800
2021-11-05,136.33999633789062,51.162864685058594,47.22658157348633,29.62152671813965,438.21722412109375,108.74225616455078,141.22000122070312,51.23151948365011,47.838712718581654,31.26229841246148,440.2000606050428,110.33923098368534,134.4199981689453,50.32894685707236,46.87414693225358,29.28102556401493,436.71140098602126,107.31143422445264,139.19000244140625,50.34634015099354,46.88342003838998,30.054618542304095,438.9187009079529,109.08380202847711,64920600,18674000,36816200,851260000,66390600,8668100
2021-11-08,150.16000366210938,51.16560745239258,47.81088638305664,30.668914794921875,438.5914306640625,111.61310577392578,153.60000610351562,51.61780860329737,48.218973813622846,30.963616262925747,439.807341140291,112.8500683780757,137.6999969482422,51.08780031840343,47.356429883748234,29.775847185212836,437.90867805035356,108.04990468748335,137.6999969482422,51.44205289609237,47.72741427571384,30.016786509890455,439.3116319161153,109.28686729163326,141493800,17231000,31647800,503101000,50405200,15776300
2021-11-09,148.9199981689453,51.060333251953125,47.48627471923828,30.522558212280273,437.1416320800781,112.41619873046875,155.64999389648438,51.43564213148437,48.014930221093216,32.16831102221569,439.189946581114,113.79162899521239,143.88999938964844,50.81684114493953,47.08746393180342,29.832598362114123,435.73867850639124,110.9299928642865,154.00999450683594,51.187572107472434,47.80161339911694,32.14043393327905,438.9561209854995,111.92695214894823,98442600,15838000,22508400,646746000,51149100,10874100
2021-11-10,139.8699951171875,50.233741760253906,47.078189849853516,29.329811096191406,433.6249084472656,109.11145782470703,146.3000030517578,51.344108449915716,47.66249463454768,30.714711794494157,437.14165472126496,111.51154634951426,138.52000427246094,50.16783511520066,47.03181724046583,28.65179777448314,432.1471431654352,108.63144434540234,143.92999267578125,50.73995256383498,47.282233576763325,29.227264049962503,435.45809321974474,110.40381155896603,82989200,18450000,25040700,636206000,69429700,9046100
2021-11-11,146.00999450683594,50.840641021728516,46.8648796081543,30.25672721862793,433.76519775390625,109.10224914550781,146.47000122070312,50.9980885389423,47.36571235119507,30.45585089909229,435.1868757153558,111.20693642642755,140.83999633789062,50.23740007734667,46.75358462236873,29.646416499206612,433.7465019808427,108.74223721812744,142.9600067138672,50.59257100309017,47.310063089300385,30.33438617562301,435.11203553677166,110.08997544112408,67934800,14157000,25420000,332172000,34848500,6994000
2021-11-12,147.88999938964844,51.55646896362305,46.66083526611328,30.25672721862793,437.0387878417969,109.56380462646484,148.58999633789062,51.79630151040795,47.208040576695936,30.54545636540284,437.59061289028136,109.6838062557722,144.25,50.766490263830526,46.540263645000906,29.500059891441172,434.08322852376944,108.25298455183759,146.02999877929688,51.11616836584407,46.92979782982067,29.87839450452663,435.02789318029676,109.28686912158638,52162100,13592000,23884800,413054000,53466700,6947200
2021-11-15,146.49000549316406,51.78989791870117,46.670108795166016,29.893333435058594,437.18841552734375,109.03762817382812,148.97999572753906,51.96565361450494,46.95762465180126,30.50961846828987,438.4791374698599,110.44075063351616,142.86000061035156,51.24615940919047,46.48461480824017,29.11874525657836,436.06606971793025,108.47453116916567,148.0,51.96565361450494,46.753580912382475,30.4180228502872,438.32015203819657,110.14535606080489,52271300,13972000,24695800,384909000,46980500,5157000
2021-11-16,152.4499969482422,52.06450653076172,46.93907165527344,30.07054901123047,438.91876220703125,109.00070190429688,153.0800018310547,52.13407619327817,47.43990432395882,30.256729228063044,440.0504702557984,109.27763035194765,145.33999633789062,51.51252714698607,46.68865532093074,29.57572877826621,436.8517516451615,108.1514433964152,145.92999267578125,51.63610644510669,46.716478178745504,29.628497753453818,436.926563287216,108.64068999241744,53100800,13194000,30927800,264484000,48857500,5555100
2021-11-17,151.33999633789062,52.14415740966797,46.58663558959961,29.132686614990234,437.8525085449219,109.90534210205078,154.66000366210938,52.301604939898255,47.24513586669924,30.37521507607435,438.83456471339144,110.35767052857857,149.69000244140625,51.637031726679105,46.35476899586001,28.67370771584327,437.23520549442225,108.47452754934922,151.97999572753906,52.006847826760485,46.92979715769325,30.284612618215128,438.65685496204304,108.92684893311508,54527500,12532000,23546900,428508000,47858300,6391400
2021-11-18,155.02000427246094,52.61739730834961,46.076534271240234,31.53609275817871,439.339599609375,113.90240478515625,158.88999938964844,52.793152968714715,46.5959167654005,32.61633372407065,439.601483135465,114.05933160538255,152.55999755859375,52.14414345120183,45.4180339301111,31.18364508674992,436.1689108233059,110.58844726770486,157.07000732421875,52.27778996612581,46.5959167654005,32.22505942148186,438.88128203134477,110.74537408793118,60612700,12712000,30658200,781711000,50625600,13229700
2021-11-19,155.41000366210938,52.059940338134766,45.92814636230469,32.84035110473633,438.55389404296875,114.70552825927734,156.9199981689453,52.83710374414414,46.122913498783944,32.94290005570085,440.47125227466637,115.20400797287134,153.4499969482422,51.80454424561086,45.668456846999014,31.765087317217567,438.1891124578153,112.63775899338458,155.75999450683594,52.75197054932698,46.00234185039018,32.10160442864808,439.2272842743412,112.64699205551489,41668900,19612000,27607600,533867000,57315600,9071800
2021-11-22,152.52000427246094,50.64658737182617,46.21565246582031,31.815858840942383,437.31939697265625,115.1578369140625,161.8800048828125,52.36385478811346,47.16166508151487,34.49505765592671,442.90315404190204,118.24101730342021,152.38999938964844,50.57335814630153,45.82611473759002,31.760104667628156,437.11362928083673,113.73624834269732,157.13999938964844,52.33090146203096,45.9559594676656,33.37001211902883,440.42460812441726,114.00395077263903,58674100,25898000,33389600,754335000,72762000,16076100
2021-11-23,149.9199981689453,50.81501388549805,45.538597106933594,31.60678482055664,437.89923095703125,112.02850341796875,152.66000366210938,50.882750299168045,46.7906788225031,32.21809257052514,438.7503595623578,113.72702051579124,145.3000030517578,50.21177289824508,45.111963428148464,30.744581358909567,434.4012091306797,110.32997927738384,150.41000366210938,50.567858734289224,46.52171272752853,31.39670967652622,436.9919864914119,113.28393216103859,62852700,17109000,44713300,532163000,73206500,10984000
2021-11-24,157.8000030517578,51.145469665527344,46.15072250366211,32.530723571777344,439.0683288574219,111.4284896850586,157.92999267578125,51.17750810267795,46.16927225461333,32.71092963968812,439.18992272744345,111.57619050974711,147.19000244140625,50.107417317992294,45.10268810994258,30.79237953190212,435.0932939478714,109.29611008864963,149.4600067138672,50.64200701376312,45.31600493887673,31.32304325696318,435.9070024095088,110.77308312171996,60677100,12084000,26035800,435162000,61858800,6992600
2021-11-26,154.80999755859375,50.03418731689453,45.2418098449707,31.364850997924805,429.2757568359375,108.08684539794922,158.10000610351562,51.01456697026593,45.6127978200502,32.56655680344716,433.88679095900204,109.88691243954419,152.80999755859375,49.73485578251361,44.62968216269201,31.212522066253175,428.1533825042478,107.56067347192442,155.8000030517578,50.508356179292136,45.35310836029668,32.45703857581968,432.4277214537044,108.46532352439073,36245100,14219000,25269000,283069000,112669600,6766900
2021-11-29,161.91000366210938,51.65899658203125,46.373313903808594,33.22964096069336,434.5415344238281,110.10843658447266,162.50999450683594,51.95283879381903,46.493885510599355,33.26548239676256,436.37471927780655,110.66230055676178,156.10000610351562,50.68319488655016,45.186158200032075,31.89551689877383,431.8572208947111,108.83454874393142,157.5,50.913871620803704,45.724086801554655,32.22407162500823,434.0458252551393,109.25917802411183,57438900,18703000,31478900,454964000,86268800,7634000
2021-11-30,158.3699951171875,50.68320083618164,45.63134765625,32.532711029052734,426.08636474609375,108.14220428466797,164.4600067138672,51.718505098725196,46.74430804552508,33.206744258077826,434.0083773215289,110.92998994117394,155.67999267578125,50.52941632862673,45.14906470296401,31.72427335918427,425.8431769850362,106.85908353355369,163.27999877929688,51.56105755873556,45.90958686906789,33.02354920307182,432.10971456592034,109.01915488397225,75182500,22574000,49460800,622066000,148559600,10561800
2021-12-01,149.11000061035156,50.78205108642578,45.07487106323242,31.300979614257812,421.35369873046875,111.35462951660156,160.8800048828125,52.03796106324474,46.66084148746774,33.1470772684117,434.6069452761653,114.01318778596688,148.9199981689453,50.651149216884704,45.00067558204233,31.24621379716434,421.1572932336897,110.05304956619341,160.3699951171875,51.58026720018587,46.22493109471257,33.07737601000796,431.77298036427726,110.05304956619341,64039100,21980000,35093500,484368000,131939200,12924400
2021-12-02,150.67999267578125,50.57060623168945,45.90958023071289,31.989030838012695,427.8073425292969,112.34235382080078,152.52999877929688,51.180254940549794,46.178546297346884,32.33953127754449,429.369310207567,113.91164322545926,146.47000122070312,49.797105789801336,44.8244463962284,30.892725098561222,421.1760514660489,110.79153053866564,147.67999267578125,49.98658827364266,45.08413581890783,31.080920379263713,421.56889106102784,111.09615817544055,56161200,22619000,37240800,472890000,127637800,8425500
2021-12-03,144.00999450683594,51.08963394165039,45.677711486816406,30.56214714050293,424.0848693847656,110.15457916259766,152.3800048828125,52.08557720437847,46.42896040119432,31.992025853618237,430.51972656716913,112.48081033203269,140.72000122070312,50.38295501118581,45.22325148078469,30.00154575602389,419.8760081618024,108.90838364173027,151.64999389648438,51.71392781464023,46.076522245782144,31.863574209549956,429.4628587252186,111.6961692294689,65910000,20305000,32224900,544325000,137331600,7809000
2021-12-06,139.05999755859375,51.717586517333984,47.29150390625,29.9089412689209,429.107421875,109.97919464111328,141.30999755859375,52.027903657573425,47.495544067909464,30.11207010956424,430.9780267874127,110.31151441112844,134.1999969482422,50.89099135637526,45.61278878176201,27.918463234495462,424.2157797535011,107.61603809234953,141.13999938964844,51.68737785067244,45.891027938936084,29.75260913184593,426.61951391631123,109.74841741431176,66776500,22482000,40336000,658938000,98977500,5681200
2021-12-07,144.85000610351562,54.04450607299805,48.75690460205078,32.28874588012695,437.9833984375,112.91470336914062,145.75999450683594,54.288913094280446,51.01064806315403,32.31065524359192,438.5445855755073,113.15471370400861,141.0,52.36019208453568,48.4230161577387,30.520318769347558,428.97643192913154,111.01310090143224,143.89999389648438,52.36019208453568,50.695309369970765,30.82501579680724,434.36378278494004,111.27157031924541,53359400,29562000,91731500,593053000,95484700,7459200
2021-12-08,145.24000549316406,53.876068115234375,47.99638748168945,31.6903076171875,439.1431884765625,112.43466186523438,147.0399932861328,54.09393297268376,49.04442553231712,32.15233001645978,439.592143920361,112.82236589582719,142.6999969482422,53.31493629489216,47.6532258951667,31.287033682077222,436.6272226459906,110.87460563953636,144.9600067138672,54.09393297268376,48.75690966695806,31.862570352661642,438.376262173592,112.27772800667489,40977500,17998000,37143400,475551000,72238800,5795700
2021-12-09,138.10000610351562,53.40556335449219,46.81850051879883,30.360008239746094,436.1783142089844,110.31151580810547,146.69000244140625,54.02985721523323,47.84798872448175,32.06769853366914,439.24610518022257,112.70236452752101,137.8000030517578,53.3167706108663,46.77212790930029,30.298272298007166,435.9819086816433,110.3022827469431,145.16000366210938,53.3167706108663,47.579022636185556,31.598704034532002,437.8618472439546,111.86233907356171,53019900,29080000,31694200,488507000,61272600,6103900
2021-12-10,138.5500030517578,57.82322311401367,46.9205207824707,30.06925392150879,440.2842712402344,109.96996307373047,141.3699951171875,59.019634391971664,47.36570418688159,31.171534691574287,440.4339230591345,111.50232726103164,135.82000732421875,56.62498206590183,46.41968812575726,29.733690792322534,436.3279600988827,109.1483966985791,141.2899932861328,57.118374000801154,47.152387360059905,31.017194834238797,438.8719839338528,110.77307036930227,42224300,57087000,23783600,488825000,77159800,5973900
2021-12-13,133.8000030517578,56.906005859375,46.373313903808594,28.040943145751953,436.384033203125,107.46835327148438,139.39999389648438,58.07404174106413,47.31932993200666,30.164851048363072,440.115880522037,109.87766844107412,133.4199981689453,56.86664484920328,46.3269412975054,27.996134914071114,436.10342536649597,107.44066112699119,138.25,58.03559561597624,47.16165882497211,30.120042816682233,439.7698232123747,109.72074159377073,42174000,26898000,35726900,598344000,87724700,5854300
2021-12-14,135.60000610351562,56.28811264038086,46.09507751464844,28.216188430786133,433.3816833496094,107.34833526611328,137.24000549316406,56.62772003599874,46.6237330420713,28.555734222401295,435.60770751030805,107.98528266340774,130.60000610351562,55.43954635592957,45.7426393170321,27.13382283364954,430.4729067407916,106.38830116104701,131.6699981689453,56.55632059722234,46.20637248410502,27.580907982463,433.129161990558,106.56369410644973,50754600,35956000,34120400,667035000,97264100,6267300
2021-12-15,146.5,58.57201385498047,46.99471664428711,30.329143524169922,440.1533508300781,111.14231872558594,146.69000244140625,58.663551253881955,47.09673850536818,30.369969093174348,440.3965100644385,111.24386127326667,133.80999755859375,55.869788914013135,45.7519151743998,27.7193173668591,430.9312535760348,107.5237333404106,135.11000061035156,56.348535725899644,46.25274429733826,28.278921661014024,433.437885904042,107.80989486054958,72425800,29092000,32590300,698297000,116899300,6700700
2021-12-16,138.63999938964844,56.81629180908203,47.14311218261719,28.265972137451172,436.2718200683594,108.05193328857422,147.92999267578125,58.64523767496459,47.67176767325576,31.02715026159255,442.2764455495963,111.92649033844549,137.02000427246094,55.97596646268002,46.9112456152142,27.973226872595866,434.72854825907325,107.65335419952423,147.0,58.34315801892529,47.05964007683199,31.019184946678816,441.9958662441794,111.54644668688597,63369600,42748000,33132300,707366000,116568600,9116100
2021-12-17,137.75,58.12346267700195,46.94834518432617,27.682476043701172,431.628662109375,107.8201904296875,142.0399932861328,58.58390472705494,47.319333135876505,28.798697151084145,436.19958323758465,108.90469374561798,136.11000061035156,56.3055024375455,46.3825901503134,27.641650475156073,429.9298193213432,107.45868932437733,136.3000030517578,56.527941702445325,46.92052232626106,27.865691608084173,433.20548381703225,107.79238374033973,55642100,50661000,50102300,713758000,135511600,11725600
2021-12-20,135.8000030517578,59.04526138305664,46.00233459472656,27.6008243560791,427.0389404296875,106.5410385131836,138.25999450683594,59.14229506587761,46.49389422003003,28.024011677111307,427.4331314987916,108.09827684112896,133.52000427246094,57.21997847260013,45.408756631646796,27.02927210549903,423.43476458066107,105.58630441467388,135.97000122070312,57.33074241455642,46.28985046846996,27.188589819244115,426.5696462517917,107.44942341254637,38195400,32770000,30140300,461847000,107134800,6980800
2021-12-21,144.25,59.534446716308594,47.087467193603516,28.951045989990234,434.6227111816406,108.85836029052734,144.5,59.83200659882433,47.15238955531079,28.99585421850797,434.7634937029002,108.91397367365214,135.14999389648438,58.3423586826293,46.31766842192668,27.28418102866078,428.28723993397614,106.6708109769475,138.19000244140625,59.70579527015995,46.31766842192668,28.25303433423604,430.4459816424699,107.58846715798211,57785200,36534000,31956300,524385000,69806300,6122900
2021-12-22,143.8800048828125,60.359867095947266,47.27295684814453,29.274658203125,438.9683532714844,112.4363021850586,144.5,60.54043705152071,47.319329453979265,29.42899807324993,439.0809792816994,112.5660714619276,140.27000427246094,58.89140693624051,46.56808050264569,28.327712401555452,434.1721522845949,108.29293536416819,142.64999389648438,59.2654336565246,46.96689128122984,28.767829354035246,434.3692764459122,108.37635543991462,46923700,28383000,23307900,395184000,58890200,9300100
2021-12-23,146.13999938964844,61.24427032470703,47.58831024169922,29.513629913330078,441.6997375488281,111.86161041259766,149.02000427246094,61.790562822571346,47.977844496810725,29.930844139118374,443.1920897716103,112.89050049810396,143.85000610351562,60.445548170222615,47.347166955959985,29.305521344818228,439.86011217679714,111.08298763918143,143.88999938964844,60.445548170222615,47.3749933584709,29.628139385488993,439.96334315913737,112.12114897977122,48653800,23596000,25198200,343022000,56439700,6512500
2021-12-27,154.36000061035156,62.11761474609375,48.172603607177734,30.813072204589844,447.9507141113281,113.73399353027344,154.88999938964844,62.30370212974911,48.28390212269013,30.954467015008788,447.9976320744908,114.25307770314791,147.25,61.212951450564475,47.57902567645911,29.513635493426495,443.02312495455095,112.34360237674004,147.50999450683594,61.24427761270951,47.62539828892084,29.53355068344991,443.07004291771364,112.36214488571508,53296400,19442000,20985400,403686000,56808600,6309900
2021-12-28,153.14999389648438,61.63117980957031,48.005653381347656,30.192729949951172,447.5846252441406,113.14079284667969,156.72999572753906,62.438188455710346,48.33954181021225,31.196432007116783,449.4054889482958,114.62388282482249,151.3800048828125,61.44969616790838,47.885085311593414,29.884050192927987,446.8243709664045,112.9646813924955,155.8800048828125,62.41883891597543,48.16332448964621,31.178509095241882,448.382431076323,114.3643371283195,58699100,17247000,19290400,420591000,47274600,6321000
2021-12-29,148.25999450683594,61.963768005371094,48.07058334350586,29.87309455871582,448.15716552734375,112.53826904296875,154.33999633789062,62.36818967740968,48.35809565201856,30.41776338511472,449.1708283192884,114.15112088236127,147.2899932861328,61.64225488465971,47.9129122218669,29.240801560831677,446.6929700259556,112.13041868766896,152.82000732421875,61.70490018119916,48.05203359166578,30.14393618740853,447.6878713629644,112.89977019538611,51300200,14797000,14174800,343139000,54503000,5847700
2021-12-30,145.14999389648438,61.270057678222656,47.98710632324219,29.459863662719727,446.91827392578125,111.62061309814453,148.85000610351562,62.2484148862431,48.35809070810577,30.32715053513794,449.583861651596,112.66804574837982,144.85000610351562,61.15582299308382,47.90363421749735,29.41406024985419,446.4583747572178,111.40742372338764,147.44000244140625,62.00888963952886,48.15404699672882,29.699835409860693,448.57956514884495,112.15823277066389,44358000,11473000,18359400,308864000,55329000,4187800
2021-12-31,143.89999389648438,61.30046463012695,47.764522552490234,29.285606384277344,445.7919006347656,111.51863861083984,148.61000061035156,61.84399492639125,48.37665027280782,29.90196867896362,447.5752127148281,112.85341639423811,143.5500030517578,61.103321386968666,47.72742304507614,29.205947537847756,445.5197306451295,111.43521853532503,146.16000366210938,61.44417698681909,48.1262339047683,29.547485577861092,446.43016246165064,112.48264400197246,49448100,12046000,16319000,266530000,65237400,3888200
2022-01-03,150.24000549316406,61.10792922973633,49.350486755371094,29.992586135864258,448.373046875,119.38825988769531,151.64999389648438,61.879928980691304,49.36903650810461,30.58007095463998,448.50446299701963,120.12052635912124,145.02000427246094,60.91446892323916,47.8572652713572,29.65801815616507,444.7501094779795,114.93900524307618,145.13999938964844,61.384305112464084,47.90364142219277,29.68789094158686,447.04963382232506,115.05950326720676,59396600,22591000,33857600,391547000,72668200,18592000
2022-01-04,144.4199981689453,61.80807876586914,49.28556442260742,29.16512680053711,448.22283935546875,123.65213012695312,152.4199981689453,61.925075691929756,50.02753684242391,30.33810404913154,450.503630734945,125.59868364914301,140.6999969482422,60.546893230697705,48.83110786334639,28.22813864702251,446.3738192251194,120.77866319394906,151.00999450683594,61.067398118138804,49.68437526163446,30.147918368019972,449.7902944480765,121.30700454530275,80200500,21103000,45681400,527154000,71178700,25554900
2022-01-05,136.14999389648438,59.235965728759766,49.96260452270508,27.486318588256836,439.6159973144531,117.77539825439453,143.75999450683594,61.83479311247935,52.09577613143448,29.29059393480364,448.6264508210621,121.31626786394332,135.2899932861328,59.144756484347184,49.92550856260761,27.41562212664079,439.52213275474475,117.60855103233148,142.82000732421875,61.83479311247935,50.25939343150206,28.825583894199266,447.85680153227196,121.15869189641019,65403200,34961000,59109300,498064000,104538900,17891200
2022-01-06,136.22999572753906,58.68598556518555,50.09245681762695,28.057863235473633,439.2030334472656,119.08236694335938,138.0,59.756469572924814,50.70458447701535,28.316754959283724,441.9061724699496,119.57363734513463,131.77000427246094,58.44646375370965,49.54525152074919,26.949609518873476,436.8471675300687,115.68980918696455,136.19000244140625,58.97433458514548,50.64893875943675,27.522156879900578,439.15611548728646,117.7197825025744,64802900,28581000,35757900,454186000,86858900,16249000
2022-01-07,132.0,57.038787841796875,49.563804626464844,27.130834579467773,437.46661376953125,114.47554016113281,137.44000244140625,58.95128940027902,50.44489844044916,28.300826210955492,440.38563825349837,117.84955551591985,131.1300048828125,56.97522182018058,49.29484205129368,26.941644095796043,436.11504433699366,114.29942168249383,136.27999877929688,58.57726268385688,50.25940444729399,28.02102409273095,439.21240288799294,117.30267171451807,58441100,27832000,30717200,409939000,85111600,21248100
2022-01-10,132.0,57.223968505859375,51.205421447753906,27.283180236816406,436.92230224609375,115.87520599365234,132.4199981689453,57.30503558108438,51.29817021481781,27.351886299717222,437.13815924974546,116.67236419040653,125.02999877929688,55.60349853918892,49.443237329584164,25.53466639311799,428.55947603097115,114.25308290730996,129.0800018310547,56.09083929941208,50.05536504019112,26.467671784773447,434.2848710913376,115.96789732706425,84671300,29793000,49260800,594681000,119362000,11857700
2022-01-11,137.30999755859375,57.30595397949219,51.854644775390625,27.698408126831055,440.90191650390625,119.7312240600586,138.99000549316406,57.854091475880246,52.01231589856995,27.945351930449434,440.9957810759172,120.08346103778489,131.58999633789062,56.61686282487281,50.76023417215799,26.724578863489402,433.6747741107534,116.32940181576875,133.4499969482422,56.70622355741428,51.47438370396257,27.206514697544513,436.65950709740383,117.29340726908467,77153900,19037000,39795200,404089000,74303100,12113100
2022-01-12,137.47000122070312,57.30134201049805,51.69697570800781,27.879627227783203,442.0938720703125,122.56761169433594,140.57000732421875,58.129538251008945,52.19780484620986,28.473084959973825,444.140016431985,123.20719389231684,135.77000427246094,57.093139392952665,50.83443172276632,27.490293505962637,440.1416209152974,120.7044926276966,138.58999633789062,57.80894593118119,52.06796012378698,27.94733620165416,442.62887430153415,120.96403117995112,69669600,18806000,29136800,383413000,67605400,16389200
2022-01-13,132.74000549316406,55.0157470703125,50.95499801635742,26.461700439453125,436.0025329589844,129.01905822753906,141.25,57.84304033238292,52.13288065967188,28.358577413604603,443.8397529898171,134.40450545913617,131.80999755859375,54.735688234360936,50.797330441222435,26.38502715764647,434.9794748884934,128.76878380883585,139.44000244140625,57.80527252244,51.93811358285694,28.258008185903833,443.1921246063078,130.4650630577477,76618100,30048000,29605400,540171000,91173100,52020000
2022-01-14,136.8800048828125,54.94020462036133,51.65987777709961,26.827138900756836,436.18072509765625,130.38162231445312,137.0,55.30962068323765,51.72480014028671,27.08105283504242,436.5279981611644,133.36632992201368,131.42999267578125,54.53762092079301,50.57474027896593,26.098259251810827,431.656722936933,126.14555695537706,131.67999267578125,54.88584947767059,50.871529235822244,26.187875711062546,432.8675097785327,126.14555695537706,71078400,25661000,30151500,395832000,95890900,28255300
2022-01-18,131.92999267578125,53.22853088378906,50.788055419921875,25.79256820678711,428.4562072753906,124.05073547363281,136.38999938964844,54.449179300180724,51.613503437666665,26.524435305727852,431.71311015183727,127.15593477448073,131.58999633789062,53.062706762318065,50.713859952193985,25.660135800028776,427.34867984369737,123.55018659637754,134.5,54.19860164296786,51.29816473931565,26.148046566250244,431.50661955919577,126.75736265351284,56527400,35825000,35313800,424270000,109709100,15191400
2022-01-19,128.27000427246094,51.95537567138672,49.730743408203125,24.96013069152832,424.0073547363281,121.43677520751953,134.57000732421875,53.86787761685063,50.871526564593466,26.429837857961516,431.3846465950604,125.96945043494014,128.02000427246094,51.896416838987065,49.67509769296664,24.945195249139907,423.73515605125175,121.37189763273686,133.5500030517578,53.577687142665646,50.667486378720916,25.967817240669206,429.99555394732135,124.78298428315915,69831800,22692000,30595100,488315000,109357600,11155100
2022-01-20,121.88999938964844,50.458351135253906,48.26534652709961,24.047039031982422,419.3143310546875,118.95260620117188,128.50999450683594,52.52377970872896,50.1666517118867,25.46994751510898,430.56799582128895,123.04962399980501,121.41000366210938,50.37083187343026,48.17259777540078,23.97534549383341,417.202507339247,118.83210110175028,126.04000091552734,52.326632942384414,49.95333488998406,25.19612032401024,425.8844492805024,122.28027248771137,91157300,25225000,28582600,435181000,122379700,11421900
2022-01-21,118.80999755859375,49.123470306396484,48.26534652709961,23.27434539794922,411.0829772949219,115.4302749633789,125.0199966430664,51.1658663342682,49.27628492359662,24.717166987692867,420.5439362137734,118.62817892969396,118.38999938964844,48.94935252460529,48.181874419572225,23.16381858614929,411.0548207873205,115.1892718446899,120.13999938964844,50.35885751065044,48.30244602777915,23.406777774518208,418.1974651021742,117.79394280492068,95685300,38010000,46372400,718958000,202271200,15573700
2022-01-24,116.52999877929688,49.89270782470703,48.172603607177734,23.272356033325195,412.82867431640625,116.75578308105469,116.7699966430664,50.070508556448985,48.34882448773726,23.280321348926336,413.33552001842463,116.85774566833906,107.5,47.296642833722316,46.26202508492762,20.798947012783948,394.9204221606559,111.35179424256411,115.4000015258789,48.90789826907768,47.74596991172417,22.234798657209716,405.4983019869836,114.72580966207799,116210100,54256000,64198400,913982000,251783900,17083400
2022-01-25,111.12999725341797,49.20730972290039,47.300785064697266,22.22882080078125,407.7884216308594,113.53009033203125,114.81999969482422,50.24462956784913,47.87581322582321,22.845183070459672,412.7160097440706,116.62602497896567,109.86000061035156,48.29343548696029,46.60518528433407,21.906202770713605,400.91794904429946,112.80708089692997,114.0999984741211,48.64166406886781,47.310058171713926,22.44987442301741,406.46500881466994,116.32013718779545,85102900,38158000,44095400,664616000,167997300,11370500
2022-01-26,110.70999908447266,51.32432556152344,47.940738677978516,22.674911499023438,406.76544189453125,114.08624267578125,117.16000366210938,52.89504408617061,48.89603151040661,23.954432781138927,416.7707975901355,117.41390913106737,108.62999725341797,50.674847130860186,47.068921504096274,22.20492373788374,402.5230040310263,112.9831966464076,114.55000305175781,50.85264787821954,47.42135973949704,23.140916602745857,413.6546772543713,116.21817176259668,94752600,49715000,54895400,755959000,186391100,13592100
2022-01-27,102.5999984741211,49.9599609375,44.56475830078125,21.850444793701172,404.75677490234375,107.87582397460938,112.75,52.53483863689935,46.42896768283003,23.89270120895478,414.47116870984235,115.06878362615298,101.94000244140625,49.84204327440557,44.31434195671484,21.582590638157097,403.0767226115069,107.551400751747,111.95999908447266,52.48509069511105,46.35476867510513,23.46752162349448,411.34568253977307,114.93901433700803,125954100,34183000,89642800,573353000,149878300,18599800
2022-01-28,105.23999786376953,51.598854064941406,44.26796340942383,22.742624282836914,414.80914306640625,109.01595306396484,105.4000015258789,51.635704653490095,44.703873676342205,22.760547192328307,414.8560610276969,110.86053696489371,99.3499984741211,49.04608805575252,42.941686397227976,21.205206336859245,401.54688476779603,105.84586244301664,101.55000305175781,50.05669242826091,44.24941365998018,21.91815335328116,406.1084105135008,110.03557198584981,98749500,30254000,61945400,543774000,164457400,14005900
2022-01-31,114.25,53.97382736206055,45.278907775878906,24.381608963012695,422.28033447265625,113.66912841796875,114.30999755859375,54.01896810682409,45.32528038665073,24.40451162128033,422.6276076174351,113.7988977155045,106.9000015258789,51.2211486120721,43.87843511775059,22.95372251615152,412.8005853653847,110.12826528828722,107.93000030517578,51.53437161246368,44.22159668306622,23.083167451846627,414.14275997921226,110.78638303204599,97206000,40288000,51828400,564680000,152251400,10189100
2022-02-01,116.77999877929688,54.60395050048828,45.399478912353516,24.5329647064209,425.1336364746094,114.05843353271484,117.26000213623047,54.712657274261815,45.47367438120014,25.03780325301419,425.77186972605006,114.23454495164982,112.7300033569336,53.04705006931538,44.85227361984658,23.78815245747841,419.49271090214194,111.32399312073002,116.75,53.97290087862925,45.24180779179895,24.996977677997187,423.0030224285111,113.91939299110618,122467900,25719000,35386100,518925000,123155400,6956300
2022-02-02,122.76000213623047,55.590599060058594,45.91885757446289,25.13438606262207,429.263427734375,115.07806396484375,130.05999755859375,55.71681038433208,45.98378347412771,25.706933518845947,429.98613051980317,117.22853573285052,120.63999938964844,54.68778078815398,44.60185705161216,24.448322405650178,425.2274802659756,113.59498120620054,129.88999938964844,55.182490944099484,44.750251526553136,25.6840327601272,427.52703339584536,117.00607508702815,180065000,24443000,37962700,543419000,117361000,8562900
2022-02-03,120.08000183105469,53.51043701171875,44.778079986572266,23.84590721130371,419.1734924316406,111.0829849243164,125.37000274658203,55.184337974707276,46.08580756620817,24.970093881576357,425.15229463395207,114.82777276233018,118.81999969482422,53.44318802401364,44.750257124666334,23.67862414157377,418.3381351915998,110.53610110998017,120.31999969482422,54.875722192815154,45.677723593571336,24.35373325769198,423.25635679704544,112.57533872098685,103599500,30602000,42145800,410178000,118024400,9926800
2022-02-04,123.5999984741211,54.368106842041016,44.86685562133789,24.215320587158203,421.14459228515625,112.17676544189453,124.95999908447266,54.95493992376685,45.08180100289884,24.529973363145128,424.97402004258834,112.92758154254004,118.58000183105469,53.07652302546735,44.044470470398004,23.531249213857308,416.5736430884237,110.66587612905735,120.33999633789062,53.09863478184345,44.72667803570154,23.869799837318162,418.9389039958587,111.6391528545369,86212000,20548000,32431500,354829000,118454400,5743200
2022-02-07,123.66999816894531,54.135032653808594,45.025726318359375,24.62257194519043,419.7930603027344,113.37252044677734,127.62999725341797,55.42016776783625,45.474300994257604,25.074634872099356,423.293976730891,115.03172181580815,122.79000091552734,53.815361044410466,44.82012825504803,24.098813592190186,418.46964721095105,112.97394126793868,123.55999755859375,54.368105742926296,44.97900045804897,24.26808886721252,421.90488421960123,113.60425236303477,81672500,18671000,27558500,376868000,84472900,6562900
2022-02-08,128.22999572753906,55.29487609863281,45.6144905090332,25.00095558166504,423.2469787597656,114.67019653320312,128.7100067138672,55.445040642850756,45.73597705513846,25.122435194530542,424.1668055368736,114.80923706816482,122.05000305175781,54.07607276215986,44.76406686151994,23.877764383475125,417.878252938021,112.72365025942568,122.37999725341797,54.20412555088472,44.838827538742,24.255148284706152,419.29553033132913,113.08515140718883,84902800,14570000,28051200,410359000,81012000,7036200
2022-02-09,132.85000610351562,56.31930160522461,46.6424674987793,26.591144561767578,429.4417419433594,116.34793853759766,132.9600067138672,56.35431071532083,46.69854067273571,26.611059748632012,429.76085856020444,116.37575230343202,127.6500015258789,55.41832483157083,45.63317532224748,25.244909456729868,427.06711445154485,113.78962368870067,129.60000610351562,55.951727034805586,46.100441077019845,25.512761692954534,427.26420999418116,115.75470549392047,92948900,22004000,35217300,524282000,92589900,10979700
2022-02-10,125.7699966430664,54.47866439819336,45.66120529174805,25.713905334472656,421.7265625,115.5971450805664,131.75999450683594,56.623318739059535,46.66115361588142,26.81021133314306,429.6013045752705,119.25851349995584,124.61000061035156,54.22163453140203,45.56775001171655,25.490861274047543,419.73675960069767,115.27272182110067,128.83999633789062,54.841631799465944,45.960255057940024,25.884177747563196,423.62250082711057,115.68057224551283,108939900,24920000,32762700,513200000,140103700,10474900
2022-02-11,113.18000030517578,52.82594680786133,44.511741638183594,23.846900939941406,413.4106140136719,112.16751098632812,127.16999816894531,55.25250479422553,45.89484799491961,26.040510211965525,423.87586832148435,117.33049744144515,111.80999755859375,52.42612884996973,44.39025153054413,23.671652563120524,411.98397004230856,111.64842672083608,126.13999938964844,54.478660071137824,45.74532307973072,25.805516257430106,421.8109911505724,116.32941393502803,164723200,27281000,37208200,605472000,153214600,9845700
2022-02-14,114.2699966430664,53.30130386352539,44.46501159667969,24.163537979125977,412.05902099609375,111.01810455322266,118.37000274658203,53.690986628793205,45.025729084764606,24.76894557701756,414.480594825984,112.66804145832607,113.45999908447266,52.51732410332329,44.0257806398751,23.653719855080432,408.6050229613756,109.37744597522831,115.51000213623047,52.971497141713314,44.78274889229425,23.831957540433464,412.9037733723224,111.18495178758612,135146400,19291000,28456900,440424000,123006300,8081800
2022-02-15,121.47000122070312,55.5297966003418,45.26871109008789,26.382041931152344,418.70428466796875,115.42101287841797,121.87999725341797,55.831042925119434,45.28740215057182,26.431828001236315,418.8732237029998,115.50444003347087,114.36000061035156,54.192151305267245,44.10054654700697,24.67833617578049,415.96359397809533,112.58461690074394,117.19000244140625,54.26400748523165,44.57715967695894,24.842631726431065,416.4798347763938,113.10369405433244,143975900,34284000,35837900,699869000,88482700,9248700
2022-02-16,117.69000244140625,55.017578125,45.072452545166016,26.39797592163086,419.1734924316406,114.56822204589844,119.54000091552734,55.34922631378453,45.31543272468327,26.468674277270747,420.54382317230704,115.20780419715383,114.22000122070312,54.097255455402355,44.483696718594615,25.443064769746623,414.79966801808285,112.68656060762517,119.05000305175781,54.727384202681186,44.913583905827906,26.14705136160018,416.66744935495655,114.1418363023597,119109600,22931000,26022900,732676000,84863600,5749500
2022-02-17,112.37000274658203,53.34000015258789,44.455665588378906,24.402517318725586,410.219482421875,111.00885009765625,116.9800033569336,54.49892394352456,45.10049107507641,25.675068597680315,419.14546811188006,113.78036161010546,112.26000213623047,53.329865012135215,44.278105877102625,24.06197633665846,409.6188006839309,110.90688749706047,116.26000213623047,54.32573041823707,44.72668059371241,25.5207287378447,416.0011909472556,113.53935845670667,98179600,21424000,32030600,810595000,102259100,7976700
2022-02-18,113.83000183105469,53.43120574951172,42.09130096435547,23.541208267211914,407.563232421875,110.59172058105469,115.63999938964844,54.14516740004631,43.18470114321391,24.879478312587725,411.72117196742954,111.87088508967467,109.88999938964844,52.813049999306784,41.59599682931479,23.00151913502133,405.3012310451236,109.79456234498291,113.9000015258789,53.5187250122881,43.16601008482041,24.562833238351214,410.4728334127503,111.71330203601711,114321200,19708000,76520100,761255000,132642900,8389000
2022-02-22,115.6500015258789,53.19812774658203,41.76420974731445,23.290281295776367,403.1894836425781,108.36709594726562,119.19999694824219,54.37271466083769,42.43707354064195,23.961407632998917,408.7553067777766,110.63806546265465,113.61000061035156,52.493377003734714,40.97920317675059,22.901944582346907,399.7072995562741,107.2640499742447,115.2699966430664,53.43120435732234,41.76420974731445,22.936795215643546,405.36701591706196,108.91397977032594,141648500,20204000,57093300,633422000,124391800,9793500
2022-02-23,109.76000213623047,52.06776809692383,41.726829528808594,22.291553497314453,396.037353515625,107.43090057373047,118.6500015258789,53.899199422794645,42.717430557181665,24.052017284731818,406.65278513498924,110.70295357538083,109.04000091552734,52.02631030739372,41.633374247388375,22.20592161177353,395.47419479431903,107.30113128717575,117.4000015258789,53.45331645085257,42.21278273237587,23.700521640999543,406.0896264136833,109.88725990676606,120299400,22416000,38176700,566511000,132578000,8114700
2022-02-24,116.61000061035156,53.432125091552734,43.66131591796875,23.646753311157227,401.9974060058594,103.70464324951172,116.95999908447266,53.95631288848456,43.72673284241282,23.698531662871755,402.42917729930826,103.79734165443186,104.26000213623047,50.57811301043267,40.77361323552689,20.800938144655944,385.4219598312815,96.7526871942252,104.55999755859375,50.81395183360442,41.025937186220446,20.9254052267072,385.7785993678831,100.10816719612583,142956600,35316000,72740100,735801000,213942900,27539100
2022-02-25,121.05999755859375,54.170047760009766,44.58649444580078,24.05401039123535,410.8670959472656,103.1021499633789,121.2300033569336,54.29625909851519,44.66125867268031,24.113754059814244,410.95156547095496,104.74280854308337,116.04000091552734,52.87938799463922,43.22207938984032,23.28131966006848,401.5844423836347,101.36879297523483,117.16000366210938,53.41647322223247,43.85756105849812,23.6198702807105,403.22697217896933,104.08469086015697,127821000,22380000,39266300,528866000,121804500,14258900
2022-02-28,123.33999633789062,54.117523193359375,44.57715606689453,24.28104019165039,409.81585693359375,99.19051361083984,124.61000061035156,54.565247553418665,44.68929885576098,24.559847157502983,411.2894475933548,101.74882841535347,119.19999694824219,53.09862889471139,43.7828021029568,23.60593119558958,404.2500346060891,97.32738735841933,120.30999755859375,53.52424150084615,43.922983262756105,23.889716009396203,405.4983445727152,101.3780630734093,124666100,25005000,41946100,477319000,145615000,26390800
2022-03-01,113.83000183105469,52.52193069458008,43.754764556884766,23.37690544128418,403.5742492675781,100.1545181274414,122.43000030517578,54.13410667582482,44.764060288341724,24.273069823879005,410.3227021337157,102.9909139839533,112.80000305175781,52.07788928672965,43.19404708271185,23.03337702743395,400.8804765076019,99.22759063740268,122.33000183105469,53.873393917034434,44.427628377856074,24.187436042997348,408.32350426508583,101.96202390425869,126552200,24898000,53853000,412056000,137785900,20377900
2022-03-02,118.27999877929688,53.96460723876953,45.67055130004883,24.120851516723633,410.9985046386719,101.60052490234375,119.4800033569336,54.40220006100438,45.78269764164299,24.309078898961875,412.71610887615117,101.93421937158206,113.30999755859375,52.84069242702964,44.37155314536384,23.31914848717471,405.0666188393467,99.97840176039469,115.47000122070312,52.92728744251072,44.40893525922856,23.658752163102065,405.8174781319554,100.47894346425217,118354500,21771000,46936500,389642000,117726500,13342400
2022-03-03,111.9800033569336,53.30315017700195,44.79209899902344,23.616920471191406,408.9523010253906,100.84044647216797,118.26000213623047,54.694226334116706,45.37150758152813,24.22641458306048,414.0206721272684,101.96202793077904,111.05000305175781,52.90977739799747,44.50239292529356,23.37292261489187,407.15959393144027,99.7374004524556,118.12999725341797,54.6923848592007,45.0257318944638,24.16267550692926,413.4199905086059,101.87860784789112,123916700,26454000,36389900,365095000,105501700,10841700
2022-03-04,108.41000366210938,54.90519714355469,44.92293167114258,22.84210777282715,405.6297607421875,97.38298034667969,113.0,55.81907134102043,45.10983869558079,23.583061545150027,406.7560496342077,100.2193827073061,106.80999755859375,53.80154909544907,44.268758868086316,22.389965840443992,401.6032084928617,96.22432121606758,112.0,54.610399468793545,44.268758868086316,23.288273750720784,405.23554101174136,99.18122158039579,100609400,44757000,38310700,431415000,113978200,22372100
2022-03-07,102.94999694824219,52.575374603271484,44.55846405029297,21.264585494995117,393.6720275878906,92.03462219238281,109.52999877929688,55.16222552457189,45.3621617439656,22.938705239521745,405.75165270126655,96.48386945946876,102.81999969482422,52.51088782918391,44.48369981601881,21.24267619990399,393.60631954184606,91.82142577921758,108.52999877929688,55.00561579157796,44.86685760428659,22.723588025963124,405.04771157677203,95.74233178423519,92600000,26494000,43813700,450821000,137896600,29422900
2022-03-08,105.52999877929688,53.059017181396484,44.39023971557617,21.425928115844727,390.6874084472656,92.69275665283203,109.9000015258789,54.910714954057916,45.53036911853001,22.281410884459255,400.97432894741854,95.5755019504868,100.08000183105469,51.92220170531398,43.820175014099256,20.565464751978574,389.62679900774907,91.41359915690555,102.80999755859375,52.71078516412065,44.567799391054955,21.22176739996016,393.85044666663845,92.88741059317545,135348300,26993000,44813900,557467000,164772700,25650000
2022-03-09,111.05000305175781,55.000083923339844,44.511741638183594,22.919788360595703,401.1620788574219,97.28105163574219,111.70999908447266,55.42570011618349,45.28740102167746,23.124944442804253,403.1331202623526,97.99478986887388,106.8499984741211,54.07699886796208,43.82018667733799,22.15592800317561,396.85396145942144,95.25108494127544,108.41000366210938,54.24190225603579,45.24067515411003,22.295354282391074,399.0314934618867,96.87320828870637,102310300,22560000,36076500,492742000,116990800,14348400
2022-03-10,106.45999908447266,54.144248962402344,43.6052360534668,22.565242767333984,399.35064697265625,96.3633804321289,109.06999969482422,54.35521383097348,44.21268290438305,22.694709732633942,400.2422888653408,97.81865629979933,103.06999969482422,53.09771828598279,43.13797034197875,21.792418612832495,394.62015289257846,95.02860259155128,108.88999938964844,53.94433997290243,44.193991848128995,22.43876187931811,396.57240437767916,96.57657686518051,102557400,19323000,36456000,428066000,93972700,11811000
2022-03-11,104.29000091552734,53.23406219482422,42.82958221435547,22.009531021118164,394.27288818359375,93.99972534179688,108.19000244140625,54.76148498125494,44.184650096181784,23.05025324732895,402.4385911569974,97.6610863005524,104.08000183105469,53.16681321017931,42.773509038539,21.95575122647575,393.7660423604264,93.8977627465195,108.12999725341797,54.53762275451658,44.06316356267847,22.927755670439296,401.82851434503687,97.6610863005524,87584400,19813000,27082100,367209000,95636300,18116400
2022-03-14,102.25,52.308204650878906,41.493194580078125,21.24268341064453,391.39141845703125,92.04389190673828,105.23999786376953,53.43028136723663,42.96975230250623,22.170867384126904,398.47775042735094,94.4168237428219,101.04000091552734,52.02722510306791,41.3997393033711,21.072383887534045,390.25573435169815,91.8306954971395,102.98999786376953,53.15206403175498,42.894991646094894,21.7794765189099,395.0425416010854,94.10166475540127,89731700,25234000,35993900,385354000,95729200,17959400
2022-03-15,109.33000183105469,54.60763931274414,41.87635803222656,22.878955841064453,399.9981994628906,94.6300277709961,109.69000244140625,54.97613466294104,41.960466010294425,22.943690284803075,400.627037600933,94.67637697607212,101.79000091552734,52.97519616085047,41.18480314978474,21.234715406611926,392.7241399369661,90.48666766858504,102.66000366210938,53.18063310050935,41.58665198222509,21.429912197555932,393.9912112622118,90.86670427700446,112425500,28260000,34448900,491996000,106219100,13415600
2022-03-16,115.37000274658203,55.930545806884766,43.57720184326172,24.395721435546875,408.8678894042969,98.43943786621094,115.41999816894531,55.9848974388377,43.57720184326172,24.496307806427332,408.9242024189119,98.53257622700733,109.88999938964844,53.80615467319105,42.30623852036414,23.077142064193676,398.71235566484523,95.75700759686565,111.5999984741211,54.9660028957273,42.334273322648656,23.40379845485764,403.4897960044395,95.92465948869973,113689800,29454000,38885500,671422000,144954800,20347100
2022-03-17,111.69000244140625,55.52058410644531,44.05381393432617,24.664613723754883,413.98321533203125,99.1845703125,114.2699966430664,55.919484845530725,44.193995084018454,24.74030090825493,413.98321533203125,99.2218270849507,109.70999908447266,55.056279376001335,42.736124674046685,23.80813378286248,406.5871337484996,97.56393979390963,112.13999938964844,55.7094407232638,43.28749839657241,24.02125840895199,406.96256340055044,98.4953377871689,103201700,18174000,28555000,471941000,102676900,8042000
2022-03-18,113.45999908447266,56.23363494873047,44.34352111816406,26.344709396362305,418.5174255371094,99.39878845214844,114.93000030517578,56.49158205062276,44.48369870649941,26.460235655741535,418.83753350872564,99.69683550618477,110.55000305175781,54.905200345453764,43.315534312264084,24.523198138240513,411.6444565524196,97.69432853093957,111.27999877929688,55.64035310011249,43.75476526528211,24.69748098703601,412.3788286596397,98.45807455103282,105834800,41538000,46237100,730719000,106345500,10218200
2022-03-21,115.91999816894531,55.768035888671875,44.287445068359375,26.62455940246582,418.3950500488281,99.5850601196289,117.56999969482422,56.16777659958044,44.75471079571486,27.040849423539733,420.34394183547073,99.86448232741988,112.54000091552734,54.615186706964714,43.98839528804824,25.860699040597943,414.9020489062175,97.91785705341378,113.7300033569336,56.16777659958044,44.35286198499278,26.398489377058596,418.34795760108,99.39878338510287,101905900,25789000,32910900,591727000,88349800,10366100
2022-03-22,114.77999877929688,56.70014572143555,45.22197723388672,26.415416717529297,423.29083251953125,99.69682312011719,117.94999694824219,56.90047956524541,45.29674146261697,27.126494456861913,424.222912400997,100.55370740576434,113.80999755859375,55.58625020696475,44.296793075555044,25.965267440901066,419.77901181940337,98.94239316275409,115.43000030517578,55.80791836859906,44.390244796513215,26.6175847985813,419.77901181940337,99.09141311825726,101672600,19262000,27923300,547007000,74650400,10401200
2022-03-23,113.91999816894531,55.590885162353516,45.109832763671875,25.5290584564209,417.83953857421875,98.12276458740234,117.55000305175781,56.70292668133243,46.334070226048645,26.503053388167388,422.2551954239961,100.767938244217,112.20999908447266,55.57048134753332,44.91358201804832,25.470299979681194,417.75480664692736,98.12276458740234,114.29000091552734,56.39036656122478,45.287392452813975,26.019042949245076,420.7676314797247,99.19387356351389,90579200,13839000,37126400,502120000,79426100,12905300
2022-03-24,120.52999877929688,58.09970474243164,48.240516662597656,28.034761428833008,424.13824462890625,100.51644897460938,120.55000305175781,58.17297379446761,48.26855503271474,28.204065572576116,424.14766886587796,100.5723376747481,113.70999908447266,55.83388699329975,45.40888726265911,25.80094361026962,418.74344361122075,98.56983098147495,114.95999908447266,56.263304704618974,45.47430418467416,26.058884112048176,419.8544117415458,99.45465604999036,121961300,26016000,51677900,877379000,64736900,10834000
2022-03-25,119.66999816894531,58.32601547241211,48.436767578125,27.57863426208496,426.20953369140625,99.40809631347656,121.4000015258789,58.46884574059534,48.5769451590064,28.241908164028267,426.48257795134367,100.57234363366344,117.25,57.50983796246945,47.14711315727927,27.15935821789396,422.1987166511893,98.57914568398193,119.91999816894531,58.15999695608241,47.371398712671365,27.77184031036565,424.7690334312819,100.30223740265988,95852400,14538000,33239800,579016000,77101300,7432100
2022-03-28,120.23999786376953,58.69792556762695,48.13771057128906,28.103479385375977,429.2411804199219,99.03555297851562,120.41000366210938,58.73688281245835,48.19378373835332,28.134352617050098,429.2411804199219,99.39879763712557,116.70999908447266,57.1119471540778,47.24990859830835,27.094625830029123,423.73337514000565,97.43354725028563,117.69999694824219,58.048697120931756,47.99753300105996,27.642375427784486,425.61638352750333,98.3742612383282,92966100,14427000,22932400,425494000,68529800,8151200
2022-03-29,123.2300033569336,59.494632720947266,48.82926559448242,28.5386905670166,434.55126953125,101.75521087646484,123.70999908447266,59.85077788287377,48.86664770602897,28.827502401169717,435.04087012373685,102.2302257498706,119.58999633789062,58.43081790216697,47.92276899672768,27.865457327415218,430.43690060861235,99.4639731135685,122.27999877929688,59.358291202201364,48.59563274474806,28.57753047133925,433.110769196489,100.51645008209364,94143000,23001000,27303700,488984000,86581500,14076200
2022-03-30,119.22000122070312,58.53190231323242,48.062950134277344,27.576644897460938,431.8680114746094,99.40809631347656,125.66999816894531,59.7561665508405,49.0722421913898,28.379345100642087,434.2217721023706,101.83903818050518,118.58999633789062,58.1831729289476,47.866699396082474,27.390410153130244,429.76844665097167,99.20318764816341,123.04000091552734,59.25347628870186,48.82926559623725,28.188131660804462,433.4120635055574,100.39537576707448,99476900,18626000,24623300,463487000,79666900,15456300
2022-03-31,109.33999633789062,58.40113830566406,46.31537628173828,27.174297332763672,425.22100830078125,97.10755920410156,116.37999725341797,59.2655462372698,47.90407676910502,28.13235904221387,431.9245142006821,99.79929890369802,109.0199966430664,58.24996182528562,46.268646860971025,27.15836398762896,424.7690759011227,97.04236162717719,116.30999755859375,58.47533786911036,47.84800716811117,27.668267123207887,431.10541007140074,99.62233100661634,147004800,21731000,43698300,523440000,121699900,13021600
2022-04-01,108.19000244140625,58.15071487426758,44.96030044555664,26.6026554107666,426.42608642578125,95.73837280273438,111.41999816894531,58.854665967096864,46.63311229213589,27.383446533837525,426.9344779963225,98.68158591238145,106.0999984741211,57.38183740417718,44.231367188033275,26.159477304048966,422.86720176985517,95.19816041793815,110.4800033569336,58.58755182451832,46.5676953877404,27.262941553673706,426.79325811561665,98.51393403799645,111867100,16267000,46598600,517235000,89048800,12085100
2022-04-04,110.52999877929688,58.880638122558594,45.97895050048828,27.24799919128418,430.0791015625,97.6011962890625,110.94000244140625,59.05407586998099,46.006985304695135,27.44518860912793,430.1826819640368,98.32768558478024,107.02999877929688,57.9225574058607,44.78274775664432,26.50405738303461,425.80469323655575,96.19478333355602,109.97000122070312,58.098776044523056,45.01638063158079,26.618586388901665,426.6237972828837,96.88401585692891,90123900,16484000,23784900,397120000,59601000,9077200
2022-04-05,106.81999969482422,56.95798110961914,44.979000091552734,25.824846267700195,424.6466064453125,95.46829223632812,110.4800033569336,58.64042021245696,45.773350405221024,27.207164711525582,431.0488230339406,97.42422655850604,106.05000305175781,56.85410456753069,44.87620106073469,25.714300606563835,423.50739449351903,95.10504759532377,109.69000244140625,58.38907506850242,45.63317282543199,27.142430269538746,428.59151104712674,97.31246334958323,79532000,19778000,25779200,436615000,74214500,12291000
2022-04-06,103.66999816894531,55.83388900756836,44.42763137817383,24.307085037231445,420.40045166015625,94.23884582519531,105.73999786376953,56.72333549316111,45.016383696328994,25.19642902764495,422.6694802657768,95.13298701358312,101.70999908447266,55.07057681471642,44.147272622153984,23.90473955432291,417.5288752979102,92.87900565706373,104.44999694824219,55.84130825560846,44.334176082863884,24.83192809110766,420.74883235488153,93.53098138630405,105256600,23742000,31518700,703833000,106898000,14902600
2022-04-07,103.72000122070312,55.93126678466797,44.446319580078125,24.10890007019043,422.518798828125,93.62411499023438,105.23999786376953,56.35697660709736,44.77340418024935,24.620795851372538,424.32649940320846,94.28541376105487,100.91000366210938,55.021416587987254,43.70803883688619,23.381888921729562,417.5853263725242,92.81380335461293,103.91999816894531,55.632621742022565,44.324829486462484,24.340946042246006,419.5248225851807,93.53097662023218,91895500,16583000,24117000,557992000,78097200,12431000
2022-04-08,101.0,54.44267654418945,43.94167709350586,23.02436065673828,421.3890075683594,92.47850036621094,102.98999786376953,55.51761833113259,44.46501608281909,23.825070291997637,424.27000788847994,93.79176773881083,100.41999816894531,54.34714621196119,43.78280486471488,22.967594779406074,419.8543512494377,92.32016442518865,102.51000213623047,55.40539203809602,44.18465374553563,23.819094336633995,421.76560347137945,93.71726130574294,92746700,20464000,22167300,524781000,79272700,11796200
2022-04-11,97.37000274658203,53.85002517700195,43.5211296081543,21.82727813720703,414.1865234375,90.87650299072266,98.66999816894531,54.65414502319752,44.20333714304272,22.228628253478472,418.9693519364392,91.63093310024666,95.94000244140625,53.740583305107194,43.483747494335994,21.571330249174363,413.68752738112,90.26178400303718,98.5999984741211,54.03273610540815,43.82952669972343,22.123063188914138,418.13139944100146,91.48191311468766,95527700,23512000,30352500,575207000,89770500,12480500
2022-04-12,95.0999984741211,54.26367950439453,43.455718994140625,21.41596794128418,412.6518859863281,90.75540924072266,99.58999633789062,55.517624490670634,44.77340839523572,22.63197015423266,419.6754993093874,93.2794965743739,94.5999984741211,53.99471140238341,43.37161100832795,21.194876629839,411.1078052988178,90.75540924072266,98.77999877929688,54.63837808916724,44.22203461378712,22.44474005075557,417.1616704401845,93.13978547496112,89246400,17350000,29861400,662258000,84363600,13291500
2022-04-13,97.73999786376953,54.95650100708008,43.93232345581055,22.112104415893555,417.37823486328125,94.5368881225586,98.33000183105469,55.34325717934803,44.17530363781252,22.407889437860018,418.1314267488248,95.20749575654595,94.70999908447266,54.3545689480548,43.5024398291359,21.36716738576446,412.22820561338756,92.67409229748355,95.30000305175781,54.58179890180188,43.689346838763264,21.639050491837658,412.4070937143792,92.95351451364566,77728400,20266000,22171300,516943000,74070400,15776800
2022-04-14,93.05999755859375,53.223045349121094,42.680049896240234,21.170974731445312,412.1811828613281,91.61231231689453,98.38999938964844,55.375713283592134,43.68934558017981,22.683757345759695,418.7152251179499,97.33109574734945,92.91999816894531,53.131226412673456,42.633324036418124,21.07636432042871,412.0776024456247,91.58437151249215,98.37000274658203,55.183725661543946,43.68934558017981,22.41286958131203,417.60422818757394,96.86539672463486,73354400,27385000,36181800,569097000,97869500,17828500
2022-04-18,93.88999938964844,54.39630126953125,43.5865478515625,21.693828582763672,412.3505859375,91.9941635131836,95.16000366210938,54.834068706383974,43.82018072260643,21.997578418558497,414.0264622248378,92.99075893922613,91.63999938964844,53.13029887219912,42.53987358747302,20.99271005360588,410.1286211368297,90.78335055868429,92.02999877929688,53.13029887219912,42.54921733373471,21.113215008567124,411.25843764326237,91.23041755216036,80605800,21375000,25593100,525701000,66002500,10277400
2022-04-19,96.93000030517578,55.42764663696289,44.79209899902344,22.107126235961914,419.0071105957031,92.62751007080078,97.06999969482422,55.52781177564886,44.857515924550334,22.28140906472453,419.722634374965,92.62751007080078,92.83999633789062,53.7340806110187,43.30619364142451,21.226744362071575,412.07762352924794,91.00687985868157,93.38999938964844,53.7340806110187,43.54917028410226,21.631082424341212,412.24708741914424,91.68680339182433,77069500,16581000,31483100,512781000,77821000,10103000
2022-04-20,94.0199966430664,55.43693161010742,44.96030044555664,21.394060134887695,418.69635009765625,92.21772766113281,97.91000366210938,56.893991322394754,45.55839989428904,22.577196581632325,421.3890672136186,94.0712078862401,93.19999694824219,55.196717080823966,44.838810380984775,21.11321496007185,417.53831825026737,92.11527330188534,97.83999633789062,56.03793318422705,45.193933265527356,22.424823034682213,420.77709519303664,93.51237044871068,62489000,13920000,22787100,468974000,65224400,8596900
2022-04-21,89.8499984741211,54.9741325378418,44.39023971557617,20.10037612915039,412.435302734375,90.96031188964844,96.2300033569336,57.12030886870573,45.69858504896432,22.30033264038632,423.68628874029804,93.74518930147859,89.23999786376953,54.78214839297965,44.296788005314546,19.918124725646763,411.5314668018448,90.7274624413616,95.16000366210938,56.16222792021512,45.43691384331415,21.620128118741523,422.3022765002863,92.90692986644575,76680600,20352000,27316900,656209000,85417300,13038500
2022-04-22,88.13999938964844,54.438026428222656,43.49310302734375,19.43511390686035,401.11846923828125,89.11612701416016,91.45999908447266,55.53151786717742,44.53043370969722,20.402139745562092,412.4541594531157,91.08137661483218,87.94000244140625,54.37403056599229,43.45572090645861,19.420175917853527,400.55356095514185,88.8180800518118,90.02999877929688,54.73110964557332,44.34352667022677,20.219888301607384,411.35261559680123,90.37351241450479,75017700,21064000,28219900,624713000,132471800,11650100
2022-04-25,90.69000244140625,54.524295806884766,43.97905349731445,19.820528030395508,403.4439697265625,89.63773345947266,91.37000274658203,54.605914613442074,44.05381416323868,19.863351272784346,403.6134335850115,89.67499022883845,88.61000061035156,52.96985185537517,43.15666478241954,19.01782777863427,394.33961156529534,87.97053033686478,89.86000061035156,53.931640456136336,43.18469958652178,19.12339284572606,398.88709289400344,88.52937477134951,93481000,26959000,35999300,641566000,119647700,10654400
2022-04-26,85.16000366210938,51.944984436035156,42.53987121582031,18.711084365844727,391.7599792480469,86.4057846069336,90.12000274658203,54.2998399299242,43.77345242096214,19.70699048993832,401.1185351073373,88.5014299923011,85.08000183105469,51.911596056362825,42.53052390512505,18.59356741280904,391.7317352658733,86.4057846069336,89.73999786376953,54.14587905996327,43.63327128016918,19.6372773651782,400.9207984996888,88.42692355693876,89127400,35809000,35356600,653143000,103996300,14176000
2022-04-27,84.91000366210938,51.89583206176758,42.2595100402832,18.339614868164062,392.8614807128906,84.06797790527344,87.9000015258789,52.87338956864506,43.04451654014759,19.088535288837406,398.18100288274366,86.33127512586286,84.0199966430664,51.47476057582473,42.06325574160139,18.21512658445252,390.7337005773798,84.03072113590545,84.25,51.548029625444435,42.502486629904766,18.52186437824128,392.8332367337777,85.53958121229695,83125100,19313000,28320900,499460000,122030000,15846300
2022-04-28,89.63999938964844,53.69514083862305,43.77345275878906,19.70101547241211,402.7848815917969,88.68773651123047,90.58000183105469,54.25904265911288,44.17530156287872,19.95497260986267,404.5078502485607,89.60050275521176,84.77999877929688,51.750229190879004,42.558562600707205,18.41430488131408,393.1721324210072,85.4837244737354,86.66999816894531,52.489426241085866,42.79219546052889,18.88935141084662,397.5877891116116,85.83766033267057,91495400,22334000,41097000,570327000,105449100,15176200
2022-04-29,85.5199966430664,51.41817855834961,40.73623275756836,18.471071243286133,387.8997802734375,86.55481719970703,91.79000091552734,53.63391165713004,42.390354124305325,20.04559815796076,400.95844060924014,89.03233220678226,85.37999725341797,51.3263596305214,40.65212477061715,18.441193376572677,387.1559838147255,86.4057901074905,88.05000305175781,53.10896368477127,42.04457842904154,19.322570499448265,398.81181190653876,86.78766670179319,82647700,26108000,70765900,500435000,145491100,10629300
2022-05-02,89.83999633789062,53.45491409301758,42.01653289794922,19.453039169311523,390.23468017578125,87.32786560058594,90.37000274658203,53.57455963094574,42.0445712654592,19.493869793767686,391.5904485536996,87.80287339426427,85.31999969482422,51.60275219956364,40.66146159014891,18.315713949725147,381.328029550651,84.98073900710932,85.66000366210938,51.673240357949744,40.85771590290056,18.46509951842047,387.96565155346553,86.15430230384763,98304100,26725000,45446500,572049000,158312500,8251900
2022-05-03,91.12999725341797,53.90196228027344,42.109989166259766,19.521751403808594,392.0235290527344,87.206787109375,92.20999908447266,54.41949109755906,42.51183798207391,19.743839946636715,394.4243533044233,87.59797964718305,89.01000213623047,53.03013517917514,41.33432633784259,19.054671561830528,389.18016793893156,86.16362595789325,89.8499984741211,53.423387168847384,41.85766524249591,19.320578698241782,390.7336728773015,86.41510027662477,126381800,17064000,40158400,475751000,100028200,9511900
2022-05-04,99.41999816894531,55.98784255981445,43.49310302734375,20.250755310058594,403.9617614746094,89.40487670898438,99.69000244140625,56.02586929680837,43.586554764601345,20.316485100829365,404.52666970154934,89.47939024165564,91.69999694824219,53.23510023029312,41.502549652150755,18.67423569064355,389.50966726982307,85.61408778285288,98.18000030517578,53.9594586224079,42.10999663919088,19.841438581021603,392.6825316045225,87.46757460154242,225394100,23896000,44625600,648855000,144247900,9082500
2022-05-05,93.87000274658203,53.792518615722656,42.00957489013672,18.76685333251953,389.60382080078125,85.82832336425781,97.83999633789062,55.45083902673912,43.243489748438414,19.843427141666254,400.1392542887666,87.90533683397962,92.16999816894531,53.26385917496701,41.56687552015289,18.424261790585792,385.48945235975316,84.96212297793367,97.6500015258789,55.11324025388837,42.951493641871934,19.78566592846384,399.7155659383141,87.58866493872257,153129800,32806000,52996700,626331000,172929100,11517200
2022-05-06,95.33999633789062,53.80271911621094,41.726993560791016,18.598546981811523,387.2782897949219,85.343994140625,98.18000030517578,54.71906521930322,42.527626532416654,19.43212034048371,390.53588590849546,86.50824161277913,92.6500015258789,52.813107498182944,41.29371186403417,17.916351786613728,381.99646562982656,84.0772923224411,94.33999633789062,53.324144017539204,41.90596039568117,18.659298078838052,387.0523380071947,85.12977658511012,144286600,20745000,40916600,633297000,151770800,7944900
2022-05-09,86.36000061035156,52.20932388305664,40.568443298339844,16.880613327026367,374.8787841796875,81.31104278564453,93.73999786376953,53.607953002629685,41.63281257123783,18.180269513135514,382.6367705084989,84.00278225652258,85.37999725341797,51.96354403853217,40.380058815673856,16.75811575231476,373.30645933793636,81.04093653105093,92.87000274658203,53.133085737523665,41.26546480626347,17.9601754415391,381.40340215959606,83.76993277214903,144523700,30074000,44925800,644455000,155586100,11428600
2022-05-10,88.7300033569336,53.92236328125,41.45384216308594,17.52297592163086,375.744873046875,82.72674560546875,90.7699966430664,54.82757872038391,42.14144600518928,18.12350823893866,382.3259776030274,84.09590139743756,85.41000366210938,53.03291683920513,40.97346518670391,16.955309464255052,371.7246608276359,82.04682213994657,89.18000030517578,53.838890553334025,41.774094678385566,17.616591005148855,380.82898951109865,83.84442003246332,137235500,29271000,42770000,761474000,132497200,11690400
2022-05-11,87.91999816894531,52.597938537597656,40.342384338378906,16.56191635131836,369.77581787109375,81.8046875,93.45999908447266,54.22843964822286,41.71758493799155,17.68031991094535,380.4054095794836,84.35671601330331,86.52999877929688,52.482004371615304,40.295285523392565,16.500171803806783,369.03202142087446,81.77674669714675,87.83999633789062,53.290762641937135,41.46326642823276,17.27598192823926,374.7846276976837,82.77334226626174,136137900,26660000,40351700,670167000,142361000,11531300
2022-05-12,87.05999755859375,53.011592864990234,40.351802825927734,16.108781814575195,369.3897399902344,81.67427825927734,88.55000305175781,53.200796088140784,40.417736856585094,16.71927317338393,372.64733635025226,82.15860200585352,83.2699966430664,51.777124712282536,39.57000847222593,15.503272000214082,362.6203227573482,79.53206040072529,86.5999984741211,52.253845932503395,40.24819117971326,16.15260230985151,366.59347147586817,80.30512230764639,129214200,25518000,42329600,708728000,125090800,11592900
2022-05-13,95.12000274658203,54.55768585205078,41.067657470703125,17.63351821899414,378.2211608886719,84.71995544433594,96.56999969482422,54.86838853129161,41.29371955943275,17.854609562915,379.5957493118254,85.09251604010569,88.22000122070312,53.190587694937946,40.47425122491599,16.52507542137206,372.46855387868396,82.11204548595231,88.30000305175781,53.51984380115205,40.89811180243966,16.719276866807252,373.5042144984989,82.77333716809251,138068100,19449000,32034100,670437000,104174400,11180600
2022-05-16,94.23999786376953,54.04108428955078,40.57786178588867,17.19332504272461,376.6864013671875,84.20768737792969,98.16999816894531,54.641162448336665,41.0770775774139,17.715180072849822,380.33944215793855,85.10182850738362,93.08000183105469,53.575493719627275,40.30470448394151,17.035972816221634,374.3420651693036,83.36011187977945,93.86000061035156,54.19968355151894,40.89811071393511,17.437322904145635,376.5828496996567,83.70473166023648,131065700,14189000,25071900,521446000,78622400,6729100
2022-05-17,102.47000122070312,56.404273986816406,41.821189880371094,18.102588653564453,384.43499755859375,86.91805267333984,103.19999694824219,56.48311188737912,41.84002509158528,18.295794716695035,384.67037360597254,87.07638861259274,97.54000091552734,55.055729461178835,41.11475088639952,17.561812268275418,379.03074397272616,86.03322750127754,97.87999725341797,55.226382752734814,41.27487533366183,18.00000966759252,382.74969701428194,86.89942784178155,164227200,24676000,28596600,585830000,83029700,7668800
2022-05-18,96.27999877929688,52.91883087158203,39.890254974365234,16.8686580657959,368.9378356933594,84.31945037841797,104.22000122070312,55.71516164602683,41.425583440913755,18.04382762467623,380.17939855656863,86.83422896093579,95.70999908447266,52.51167095304591,39.76780813205948,16.794961603480765,367.7044674442447,84.1704304101958,100.0,55.64838488615813,41.425583440913755,17.632518279068112,379.8969587790726,85.75380399081658,142603200,35024000,35218400,545161000,117674500,9610900
2022-05-19,96.66999816894531,50.65950393676758,39.56999969482422,17.05389976501465,366.67816162109375,84.02140808105469,100.69000244140625,52.008051958474674,40.21992584304495,17.614594729725628,371.0844224400129,85.7817496352309,95.08999633789062,49.987087391089624,39.296846025463935,16.665495022322716,364.46562134290997,83.41599799333216,96.69000244140625,51.75299545464984,39.86199576091863,16.867665016255632,365.8873016619092,83.6767882819505,141506200,34884000,29181000,621310000,98510700,7739000
2022-05-20,93.5,50.37942123413086,39.23090744018555,16.625656127929688,366.83831787109375,84.55230712890625,98.63999938964844,51.47383998564804,39.833734712628086,17.338724476895592,373.8054438090952,86.65726854446117,88.26000213623047,47.52744019554186,37.968736491083746,15.690500201719123,358.2800473984459,82.73608391800877,98.38999938964844,51.37274432274482,39.796057109816935,17.261044685045487,370.24655877361363,86.65726854446117,164126800,40281000,44802300,739105000,131432200,10469900
2022-05-23,95.06999969482422,48.8184814453125,39.56058883666992,16.828824996948242,373.701904296875,85.222900390625,95.19000244140625,49.67268206560066,39.79606853212629,16.845755601223512,374.46452049127714,85.60477690708116,90.91999816894531,47.69623617019671,38.92950497755165,16.112768519957527,367.5444580490805,84.43121366612003,91.66000366210938,48.599597710731835,39.26859272077542,16.207378932516523,369.85112637485844,84.77582631111552,128773000,58586000,27199500,639889000,76414900,6920500
2022-05-24,91.16000366210938,48.61814498901367,39.249755859375,16.087865829467773,370.84912109375,82.63362884521484,93.41999816894531,49.05127764776061,39.45697915145082,16.52905300438988,372.035396905163,83.6395403559408,89.62000274658203,47.87524014931406,38.71286241457418,15.71539736561761,364.32447483504643,82.44734498804195,92.54000091552734,48.84630544136106,39.278015867562274,16.442409283517915,369.5969043569321,83.37874295589874,123341400,25060000,29837500,588550000,91448800,8788600
2022-05-25,92.6500015258789,49.307254791259766,39.74897003173828,16.905508041381836,374.1255798339844,84.20768737792969,93.88999938964844,49.84704485905385,40.0503837296002,17.040950964789868,376.08392497670934,84.68269518963825,89.5199966430664,48.59031912999665,38.986014587887034,15.934499121271301,368.96615437272027,82.93166969937457,90.43000030517578,48.59031912999665,39.033109804465205,15.954417701062567,369.3615701104793,83.20177594254325,111771100,17842000,26283100,781132000,91472900,9113500
2022-05-26,98.75,51.072242736816406,40.95462417602539,17.777921676635742,381.60107421875,84.7572250366211,100.33000183105469,51.43488369488676,41.143008632495935,18.017934299435986,383.2298868677585,85.10184488339276,90.73999786376953,48.94461679382993,39.63594016700088,15.95640873833212,375.14236904234315,82.9316856577835,91.33999633789062,49.2989115400709,39.72070939962125,15.970351364556697,375.34950112064234,83.27630550455517,128792700,39743000,28826700,996575000,82168300,9762700
2022-05-27,102.26000213623047,54.09765625,41.96247863769531,18.733991622924805,390.9690856933594,87.33719635009766,102.4000015258789,54.29984755969825,41.96247863769531,18.80370475029721,391.082061612425,87.38376909730698,99.37999725341797,51.93942641452509,41.02055990915834,18.025901901467446,383.8513154679152,86.18226470054269,100.13999938964844,52.13234101088204,41.05823752065216,18.11155027204223,384.04902332628,86.26609422431875,104348400,37301000,30553300,738379000,84768700,6279000
2022-05-31,101.86000061035156,53.805503845214844,41.84002685546875,18.595561981201172,388.7753601074219,88.76222229003906,104.55000305175781,54.44545908714519,42.150861750624934,19.121400348314285,392.0988691063854,89.6843042169709,100.04000091552734,53.422455540973715,41.11475261970702,18.27487967412374,386.04500340916127,88.02641709982004,102.43000030517578,54.21080989317958,41.67990240145594,18.902299762323565,389.359088170834,88.98575579529485,125102900,30009000,41111500,664100000,95937000,9621700
2022-06-01,101.22000122070312,53.20171356201172,41.54803466796875,18.245004653930664,385.6307067871094,88.24996185302734,103.56999969482422,54.80809912770405,42.32040771890644,18.975003835969552,391.89170405110434,89.74951322449833,99.55000305175781,52.720354070499766,41.001720094160056,18.047815235455463,383.1263021350257,87.39307738533047,102.12999725341797,54.4964659746544,42.16970086977554,18.647352064034678,390.8843163808003,89.04164874396473,99351400,18345000,29885500,544514000,86585800,6152400
2022-06-02,108.58999633789062,53.491092681884766,42.23563766479492,19.511796951293945,392.9745178222656,89.7308578491211,109.5,53.586623022201586,42.27331527783515,19.538686849184053,393.02158154719785,89.75880575129257,100.77999877929688,52.69253814718057,41.38790933706453,18.12350434729059,383.2299419693613,87.19746188098944,100.77999877929688,53.58476909463128,41.623389028863535,18.217119410706687,385.4707269388475,87.5420745084259,120953800,29488000,28727600,648656000,79609600,6335000
2022-06-03,106.30000305175781,52.246421813964844,40.86985397338867,18.64336585998535,386.525146484375,87.33719635009766,109.38999938964844,52.828873464414315,41.679904673008615,19.252861948714582,389.8204112199368,88.09163364006808,104.6500015258789,52.029392006146686,40.822758754532025,18.446176451745462,385.5553982972068,86.52688455428243,105.80000305175781,52.76116973120691,41.54803662295604,19.003885365597327,388.276330523708,87.88672492195275,110844700,20562000,33174700,598779000,71874300,9137100
2022-06-06,105.6500015258789,52.05257797241211,40.82276153564453,18.70909309387207,387.7020263671875,86.72245025634766,109.56999969482422,53.11824303618214,41.482105423961066,19.25783800037351,392.2400548190691,88.98574720841629,104.2300033569336,51.71034085231855,40.577864225025024,18.488001796850387,386.5345416096812,86.49891677266224,108.2699966430664,53.00694724593101,41.26546452795358,19.060648619208788,390.517114758432,88.48279154062311,96726900,14557000,25437100,422406000,57508900,9440200
2022-06-07,105.27999877929688,53.143280029296875,41.0017204284668,18.848522186279297,391.4208984375,87.40235900878906,106.23999786376953,53.28703722511325,41.058236844777205,18.92221865575563,391.8728307412038,87.42099094262934,102.61000061035156,51.70940531147633,40.18225215420694,18.113542511249516,383.76646564228656,85.47436600435991,104.23999786376953,51.98857703064072,40.55902107667352,18.396380279945216,384.22782218120017,86.31262537715534,79022900,15895000,25168700,388914000,59272400,7360200
2022-06-08,101.9000015258789,52.43562316894531,38.835304260253906,18.575586318969727,387.16534423828125,87.05776977539062,105.8499984741211,53.44749604259839,39.805479288771856,19.105520032436974,391.4962691477678,88.41760996484543,100.41000366210938,52.13697810632252,38.646919817681216,18.46302425711577,386.37448418684187,86.75040673849946,104.56999969482422,53.034770759631925,39.796061683553695,18.72599902469666,389.7168124827089,87.55140956469926,97641900,24004000,59649900,363252000,64350000,6446300
2022-06-09,98.80000305175781,51.587913513183594,37.686161041259766,17.977914810180664,377.9574890136719,84.61749267578125,103.94000244140625,53.203568753872545,38.948332090103854,18.859478331118886,387.65497182412037,87.08569838269429,98.73999786376953,51.5610138762704,37.686161041259766,17.97094202357339,377.9574890136719,84.57092704719896,101.56999969482422,52.04608477197905,38.62807962716926,18.409233910241724,385.3953672474794,86.6199994608617,95299000,18787000,39047200,395574000,86289800,8086700
2022-06-10,94.81999969482422,50.20133972167969,36.904380798339844,16.9080867767334,366.998291015625,82.59635925292969,99.93000030517578,51.10748212108309,37.75210919985633,17.628278767149297,372.6284959437039,84.4964116651461,94.25,50.05758251115879,36.904380798339844,16.803493073192044,366.95122730303984,82.54978651936497,98.81999969482422,51.0193710369422,37.535464702585806,17.531655320031188,371.78114799019477,84.3287597727152,102135400,24018000,43066200,465248000,132893900,10460400
2022-06-13,86.98999786376953,48.007869720458984,35.57627487182617,15.586240768432617,353.0640563964844,79.68109893798828,92.02999877929688,49.434321861219225,36.55587132375437,16.248658440141707,359.4756973620504,80.87328719906822,86.63999938964844,47.8594741469518,35.482080832331995,15.54539961251888,351.4634878478497,79.18745204632005,91.26000213623047,48.85743552864723,36.31097041420472,15.9378697072585,357.63035727236417,80.15610678494814,98148800,31619000,50335900,604153000,170004900,14603700
2022-06-14,86.98999786376953,48.24436569213867,35.72697067260742,15.774506568908691,352.00018310546875,81.20858764648438,88.30000305175781,48.6895558846946,35.981289110743504,16.0036129839423,355.8321122307695,81.85124738496218,85.81999969482422,47.72683695808232,35.35962301523334,15.35215229559049,348.91205036955256,80.37032808977173,87.41000366210938,48.6895558846946,35.802322287721395,15.669913807719103,354.8058760643675,80.78945431512693,84066600,24380000,31351700,469680000,104011800,10449600
2022-06-15,89.30000305175781,48.8509407043457,36.4051628112793,16.46282386779785,357.01837158203125,83.01548767089844,90.86000061035156,49.51129973380604,36.894957422011096,16.80249932387109,361.44342367912293,83.64883849205941,86.19000244140625,47.81309516947275,35.717558929966295,15.864156848634643,350.3525063636279,81.37623257401258,87.9000015258789,49.077243676825006,36.32038997612667,16.032500272176392,355.28597872744456,81.50662770431028,95774800,19141000,37652300,563936000,125666800,11742500
2022-06-16,82.05000305175781,46.11210632324219,35.171241760253906,15.540419578552246,345.2025146484375,79.13638305664062,86.7300033569336,47.71199954787404,35.59510586204731,15.880095995991596,349.24157577546,80.45657466037642,80.63999938964844,45.65764648431295,34.78505526598312,15.341196388689442,342.7828419203488,78.64014325441826,86.62999725341797,47.481985199501395,35.510333041688625,15.79841368067241,348.83673585883366,79.79179991179268,102433300,37244000,45576500,545749000,134473300,10505200
2022-06-17,81.56999969482422,46.248443603515625,34.82273483276367,15.81833267211914,345.9466857910156,79.58580780029297,82.94000244140625,46.40703928187811,35.90593916147594,15.93288586000674,349.2751150795737,80.14758854431497,79.43000030517578,45.24862497281444,34.474222333272465,15.268476230293604,342.45755440518343,78.60268614068217,82.19000244140625,45.90991439518212,35.303111779734394,15.587233257448974,345.61575893672597,79.58580780029297,105212300,43504000,71393200,630334000,111113900,9735500
2022-06-21,83.79000091552734,47.11067199707031,35.53859329223633,16.50167465209961,354.6553649902344,81.4115982055664,85.80999755859375,47.77837856170607,35.82116819293149,16.94195781559774,356.0358907381536,82.16064397093548,82.5999984741211,47.028380108727475,35.16182795568771,16.34329164963761,351.57279392157506,80.52211260969175,84.16999816894531,47.139663941606564,35.19008436781679,16.41102839784153,351.6484557704295,80.52211260969175,87780600,21901000,34004900,483089000,76811900,9604000
2022-06-22,83.75,46.393394470214844,35.208919525146484,16.29646873474121,354.0124206542969,79.50154113769531,86.37999725341797,47.11066223548965,35.57626721729786,16.59729600370665,358.1067313139649,80.69064355212065,83.30000305175781,46.2157113799908,35.05821268751683,16.117167436690835,350.0315450667165,79.16447127432147,84.4000015258789,46.41303278959493,35.161824312099924,16.162988330653885,350.44759870939254,79.24873516845018,86634700,24721000,32571000,437135000,90059400,7868700
2022-06-23,82.43000030517578,46.43828201293945,35.2371826171875,16.161998748779297,357.482666015625,78.76187896728516,84.41000366210938,46.92175923677046,35.43498470537749,16.520599577790094,358.2107454929241,78.86487295772686,80.2300033569336,45.917397447680166,34.76622321113413,15.791442532196244,352.5940787916053,77.48850521585246,84.31999969482422,46.92175923677046,35.425567098235874,16.4548558708115,356.13997099447135,78.77123686210265,100614600,16707000,30163000,463680000,79292100,10370300
2022-06-24,87.08000183105469,47.608177185058594,36.36748123168945,17.059499740600586,368.8484191894531,80.44721221923828,87.52999877929688,47.86160607892705,36.39573764261425,17.07344531824859,368.85788413601364,81.03708812225119,83.08000183105469,46.89371325569121,35.54801297665849,16.246668257795235,360.6125017111181,78.78995781273659,83.55999755859375,47.225695439110545,35.651621014427626,16.435931025834183,360.6408676942553,78.78995781273659,88553900,21201000,38159900,472153000,98050300,10670100
2022-06-27,86.16000366210938,47.292091369628906,36.38631820678711,16.80349349975586,367.43951416015625,80.39103698730469,88.22000122070312,48.071081728450814,36.79134351096852,17.2627037776178,370.05873603154885,81.45842264357364,85.25,47.021831665306856,36.235611367542944,16.561437091028537,366.3521130366236,80.12887309186044,87.36000061035156,48.04863946020691,36.612376669086125,17.24477402510874,369.7656112640716,81.3835166324666,74663500,13207000,29585300,427968000,66009600,7358000
2022-06-28,80.77999877929688,46.61317443847656,35.58568572998047,15.919939041137695,359.9316711425781,78.96784973144531,86.7300033569336,48.08137923035046,36.75366644624107,17.135200852696613,371.7607760766396,81.28052098710367,80.43000030517578,46.58137854350474,35.548011714463314,15.883082065971653,359.8182072157404,78.96784973144531,85.70999908447266,47.937364837888616,36.3392235304761,16.834373533612357,368.99025938902804,80.6625642667124,95618600,15667000,37824200,461149000,86548900,8289200
2022-06-29,77.98999786376953,45.861297607421875,35.12415313720703,15.481647491455078,359.6386413574219,78.3218002319336,79.75,46.37750548891157,35.416145667453215,15.758567846845672,361.46358732795056,79.22065086128649,76.51000213623047,45.5115463713244,34.86983462841723,15.111092291433094,357.82316033547687,78.02218335548264,79.55000305175781,46.335424895074176,35.359632838701096,15.752591579090298,360.4802137979598,79.05211592181846,104140900,14444000,25437200,482352000,65676000,7981300
2022-06-30,76.47000122070312,45.431129455566406,35.2371826171875,15.100135803222656,356.71673583984375,76.54283142089844,78.91000366210938,46.17271261427034,35.79291486005588,15.506551472546047,359.9411371004125,76.98289532553325,75.4800033569336,44.954194594974894,34.596677537504114,14.804289165625038,352.2820045953657,75.01665888285686,77.7300033569336,45.6387356394414,35.04879813613913,15.301351073584014,355.7616996920369,76.27130247668907,105368600,18890000,35141000,686070000,112508300,14201600
2022-07-01,73.66999816894531,44.68579864501953,34.22932052612305,14.466604232788086,360.48956298828125,72.09539794921875,75.44999694824219,45.28710593147981,35.0393710605419,15.004507273555733,360.9245465265662,74.17399368239204,72.69000244140625,43.89932747014269,33.796038851989195,14.336113363533372,353.45451079691634,71.32762906199031,75.19000244140625,44.8326205341547,34.93575944430682,14.84114455708728,356.0642966004514,74.0054587001501,87734200,21315000,40596300,577610000,74839700,19531700
2022-07-05,75.19999694824219,44.541786193847656,34.558990478515625,14.90589427947998,361.17041015625,71.26206970214844,75.20999908447266,44.600701168307396,34.60608928075807,14.912867067960342,361.1893400506747,71.2995227044819,71.5999984741211,43.38311789474984,33.47578629648794,14.00042449691902,352.60353638031745,69.0430275320418,71.9800033569336,44.13966607570954,33.84313395792056,14.119958420855697,355.42134927768956,69.8014383282923,95589000,20711000,33215000,651397000,81438000,22253100
2022-07-06,75.3499984741211,45.13187026977539,34.84157943725586,15.071247100830078,362.39019775390625,70.74710845947266,76.27999877929688,45.54708256872065,35.24660123236083,15.259513302763182,364.8675899225477,71.43997837182125,73.55000305175781,44.46696766187355,34.342360009230035,14.731570721690755,358.93886830851153,69.08048894166508,75.16999816894531,44.937356335722455,34.681451366187886,14.951713200390376,361.31223262960197,69.55800585024465,85458900,22975000,26258300,529066000,70426200,11530500
2022-07-07,79.30000305175781,46.621578216552734,35.92477798461914,15.796419143676758,367.8177490234375,75.51289367675781,79.98999786376953,46.88809931121773,36.10374483394499,15.883081194089858,368.61202540572873,75.80314553341317,76.9000015258789,45.64620468897415,35.53859146842309,15.329240527095354,362.4090803527021,73.35002730536232,77.19000244140625,45.64620468897415,35.68929831393534,15.395980736594536,364.15839292566767,73.59346826379307,83640900,21319000,33165400,492903000,64525900,15847800
2022-07-08,79.3499984741211,46.63561248779297,35.78349304199219,15.776497840881348,367.51519775390625,76.318115234375,80.47000122070312,46.723519407229965,35.92477869130094,15.974725437074959,369.37797430776754,76.92671405727327,77.4000015258789,45.82295686046947,35.21833966535307,15.329241049958439,364.66901900062675,74.67958378841898,78.30999755859375,46.10257021378458,35.47265814587047,15.370082202682903,366.191374892305,74.82938866317983,83405900,12713000,22566300,467972000,72397800,10004200
2022-07-11,76.94999694824219,45.15524673461914,35.03937911987305,15.093161582946777,363.31683349609375,74.07099151611328,78.29000091552734,45.97444840611833,35.482078500427974,15.466705368190304,365.81312646509326,75.15710017032941,75.83999633789062,44.97943647683735,34.87925105982426,14.9796039530425,362.62655612996804,73.79946256670154,77.8499984741211,45.775261230956424,35.47266089366509,15.465708848641963,364.84865422697527,74.6889482872259,76150300,21449000,25904300,437321000,58366900,9519600
2022-07-12,76.36000061035156,45.015907287597656,35.04879379272461,15.023432731628418,360.1019287109375,74.06161499023438,77.44000244140625,46.066091979792795,35.510335534439896,15.371077457553127,365.1418402247089,76.29002217994382,74.43000030517578,44.89433519329554,34.84157412307266,14.819228872129182,358.362080869492,73.9024450890922,76.9800033569336,45.61908738152311,35.46324031829785,15.20871031951737,362.7684468745156,75.99040530696982,77873200,21159000,30546300,458483000,62219200,10363700
2022-07-13,77.5199966430664,45.0495719909668,35.04879379272461,15.10511302947998,358.2107238769531,76.11212158203125,79.11000061035156,45.41521935117225,35.25601705551123,15.315294091621414,361.1325642695577,76.51473242148565,74.4800033569336,44.166778586745444,34.49306161872523,14.408828056730547,354.2677081449695,73.87435651772854,74.94000244140625,44.41833817717264,34.54957803397649,14.53334264284129,354.68376178018957,74.23014931914628,79355000,17665000,27059200,521918000,84224600,14706500
2022-07-14,78.5999984741211,45.32170486450195,35.51975631713867,15.31230640411377,357.34075927734375,78.34053802490234,79.25,45.51247662606409,35.943620486594924,15.412914028547368,358.4186952698761,78.68697300604576,76.0,44.27338590607691,34.182233374782285,14.670807164690196,350.84469077527154,75.38182170152469,78.2300033569336,45.1169026723206,34.84157723914367,15.04933164322953,353.2747864449041,77.6663981391266,83493600,19957000,36690700,456235000,89704800,23377000
2022-07-15,81.11000061035156,46.24003982543945,36.37690353393555,15.700793266296387,364.1678466796875,80.1756820678711,81.19999694824219,46.26622425882033,36.42399875593516,15.720715108541247,364.2813106084498,80.55957000801267,77.9000015258789,45.461049364997024,35.538596365683055,15.385023849466009,359.82767826526884,78.6214216635528,79.36000061035156,45.90057684020008,36.04723338680315,15.598193546303452,361.7282567851243,80.12887116962494,76050600,18714000,32892300,385935000,79060400,14061000
2022-07-18,81.43000030517578,45.92207336425781,36.461673736572266,16.038475036621094,361.16094970703125,78.25625610351562,84.47000122070312,46.983484443097275,37.055083551674116,16.83138346936928,367.91231341217645,80.59701508859257,80.94000244140625,45.6536829869682,36.2921280751146,15.939860454756344,359.94115471730987,78.0596332059807,82.20999908447266,46.77307081082941,36.82902147201894,16.23869470882499,367.2409659059459,80.57828501639142,90464300,18042000,30814400,670517000,63203600,11352500
2022-07-19,85.87999725341797,47.59977722167969,37.88396453857422,16.9260196685791,370.91925048828125,80.6625747680664,86.41000366210938,47.81953743357803,38.364341409317596,17.043561498221212,371.4865990503367,80.96219170192988,82.19000244140625,46.37377829657351,36.96088480761714,16.109204079525067,364.41374406055814,79.17384799359114,82.76000213623047,46.45887772119301,37.03623642181055,16.421983978769592,365.06616172189337,79.58582395644011,85047500,27257000,53095300,702366000,78506000,10673100
2022-07-20,89.43000030517578,47.858802795410156,38.2042236328125,17.73785400390625,373.2831115722656,81.04644012451172,89.91999816894531,48.404940843549404,38.30783167121944,17.863366094244768,374.6920322047229,81.22434010054302,85.08000183105469,47.17613469443776,37.26230493608459,16.73576172035747,369.74668471412105,79.68880271507342,85.38999938964844,47.650261986763624,37.87454993307692,16.881194706038162,371.1083094752707,79.75434368359602,88348600,27412000,36387900,760538000,71843800,11664800
2022-07-21,91.08999633789062,48.41148376464844,38.25132369995117,17.979904174804688,377.0843811035156,82.19808959960938,91.58000183105469,48.423637763900665,38.28900131495078,18.073538999996114,377.1316481251823,82.20745463527956,88.22000122070312,47.32108417221101,37.50720697281693,17.476866119251895,370.3140872351293,80.896628235192,89.5999984741211,47.93174504453136,38.15712966245214,17.815545920988264,372.70638143368456,81.15879208652368,90449300,13912000,29661200,557049000,64903900,7135000
2022-07-22,88.0999984741211,47.9289436340332,36.9232177734375,17.25174903869629,373.5857849121094,80.82174682617188,90.69000244140625,48.6088078308099,38.15712910499946,17.897231611980214,378.398739668535,82.14193866358927,87.04000091552734,47.38280911966941,36.67831687265301,17.07045465118201,371.373151393961,80.33487197463162,90.19999694824219,48.51716231259859,38.025261047562466,17.823519553288822,377.20733937817687,81.84232172184957,76989700,17867000,41350000,536671000,72197300,8612100
2022-07-25,87.54000091552734,47.98411178588867,36.88553237915039,16.95789337158203,374.03961181640625,80.80302429199219,87.5999984741211,48.00375010785171,37.12101203008805,17.057505436276674,374.89062013717165,81.1775401134446,85.12000274658203,47.36877413035248,36.310961455961,16.584349553933702,371.8080487473427,80.17569528985344,86.56999969482422,47.73629435625589,36.99856160552286,16.95291172337914,374.20980770925064,80.80302429199219,70083000,15061000,32263400,480748000,53631500,5960900
2022-07-26,85.25,47.79520797729492,36.697147369384766,16.468799591064453,369.6143493652344,79.04277038574219,87.75,48.33011946543535,37.27171828364353,16.853300347202065,372.61179398374196,79.77308625580106,84.70999908447266,47.592275088692645,36.62179575068576,16.414012864423395,368.7255101067166,78.50907746966597,87.0,48.12625549565449,36.829015396958724,16.823416159959134,372.4037671603326,79.36111741368903,69180400,17958000,35925500,397865000,52946400,6977700
2022-07-27,89.81999969482422,49.356929779052734,37.84629440307617,17.720922470092773,379.2119445800781,82.04828643798828,90.62000274658203,49.58137029785049,38.07235288339831,17.866355461947006,380.95179241182774,82.30109242430242,86.29000091552734,48.34134490397531,36.95147090172537,16.847327049201194,372.6023811811029,79.87606225148623,86.94000244140625,48.46010948717192,36.98914851282399,16.965864456273874,372.895505992854,79.87606225148623,78301600,25699000,42571600,569776000,82342100,9399500
2022-07-28,91.66999816894531,49.90120315551758,37.40359115600586,17.914161682128906,383.96820068359375,82.96587371826172,92.22000122070312,50.173335768774685,37.78977768383743,18.069556021471275,384.65844936501463,82.97523875568068,88.58999633789062,48.682685180048516,36.77250734426379,17.372275483342808,376.4792621991294,80.94345424159812,90.41999816894531,49.431752636743234,37.76152127230711,17.90519775674753,380.0157189990529,81.58014106090734,79009200,14867000,56662300,474646000,73966600,10668200
2022-07-29,94.47000122070312,50.076072692871094,34.201072692871094,18.092470169067383,389.56585693359375,82.84415435791016,94.80999755859375,50.29583641090091,34.493065219312484,18.173155009470385,390.54925902982006,83.52765205725922,90.55999755859375,49.58885320521837,33.19321987106009,17.623298471299282,384.62997427396704,82.19810252026956,90.69999694824219,49.748767304759355,33.53230761855959,17.743828897049305,385.3958846128279,82.22619048826604,76630700,18482000,125292400,435460000,87003700,10366200
2022-08-01,96.77999877929688,50.159297943115234,34.81331253051758,18.36939239501953,388.4122619628906,80.81237030029297,98.38999938964844,50.47912254388984,35.50091271559671,18.772820437934747,390.9085837211499,81.3554281623236,93.95999908447266,49.60474456688006,33.956166700554874,17.920143444250357,386.1712628905919,78.93040500099251,95.58999633789062,49.69732828258286,33.956166700554874,18.111397333511174,386.8804412732961,79.8667087037638,96477500,11485000,52513400,476469000,69997500,20102600
2022-08-02,99.29000091552734,49.676753997802734,33.918487548828125,18.454059600830078,385.8497619628906,80.56893920898438,100.91999816894531,50.423948460269195,34.53073608228777,18.864460391381805,390.520885762128,81.93594180410686,95.36000061035156,49.304560523121,33.90906994371176,18.021744878238078,384.67726296854556,78.80868361637496,95.70999908447266,49.86472181598543,34.46480206707019,18.051629067336524,386.85206507545166,79.13638849475525,116734100,13072000,53929400,489527000,63435400,15541600
2022-08-03,98.08999633789062,51.12905502319336,34.39886474609375,18.81963539123535,391.8919372558594,80.99962615966797,98.7699966430664,51.24688494001058,34.46479875497502,18.89434491533446,393.05497119116666,81.24305995156773,93.62000274658203,49.94887942340607,33.21204539996291,18.066570532098716,387.68413449735795,79.17382985984258,94.83000183105469,50.05829393683934,33.99383949546081,18.113388905855146,387.96779427266733,80.484656324054,131142000,19228000,59513900,418146000,67820600,20779400
2022-08-04,103.91000366210938,51.69576644897461,33.927913665771484,19.1403865814209,391.6272888183594,82.7879867553711,104.58999633789062,51.72849698402382,34.346540572218984,19.19915749432203,392.4971982786844,82.7879867553711,97.26000213623047,50.967275706478745,33.64248606458415,18.687153463279184,389.9914400358886,81.10264406964056,97.5,51.28523100439713,34.2609119289219,18.77580856746541,391.8163857696468,81.45843696982739,125855800,16293000,54046300,409652000,45656600,13472500
2022-08-05,102.30999755859375,51.5685920715332,33.67102813720703,18.91526222229004,390.96527099609375,84.0519790649414,103.86000061035156,51.620960933300175,33.95645574179639,19.154330026144063,391.6082523973497,85.18491281547708,100.9800033569336,50.80549784669852,33.47122917693537,18.59351654169447,387.3059155766491,82.40408971465912,101.05000305175781,50.956996540262544,33.63297015541941,18.73695646403008,387.3626475322576,82.42281264534017,93859900,14357000,40205100,386068000,56814900,13293500
2022-08-08,100.06999969482422,51.01591110229492,33.66151428222656,17.723907470703125,390.5114440917969,82.33854675292969,101.80000305175781,51.713540676987876,34.21334048126174,18.16817666184887,394.8894434033857,83.42465529194801,97.98999786376953,50.38093509108067,33.490256999565254,17.175048359813875,389.4145780273554,81.3741551189733,100.05999755859375,51.373143078221254,33.64248529199656,17.434038984708703,392.64844425670384,83.31230342371548,92606800,13722000,41534600,981859000,53886100,12120300
2022-08-09,95.54000091552734,49.825443267822266,32.843284606933594,17.019651412963867,388.9607849121094,79.7824478149414,98.05000305175781,50.43797696405074,33.58539705078632,17.379249624350564,390.2845790454968,81.58951447712808,93.66999816894531,49.3531889026371,32.72911429928133,16.65905763199982,387.8922846576991,79.06149701511538,97.94999694824219,50.41366183243842,33.50928472215435,17.18500716001782,389.78342737869485,81.40225657010168,89473700,20072000,48202300,668263000,44931800,13075000
2022-08-10,99.05000305175781,51.47227478027344,33.65199661254883,18.02672576904297,397.13037109375,83.02205657958984,99.3499984741211,51.52932045808731,33.680541911444735,18.04764413055042,397.27222983470836,83.02205657958984,95.61000061035156,50.42769782141724,32.90988417061068,17.24975398460474,394.03836418723466,80.8123790308528,98.44999694824219,51.06547784586349,33.2904567010146,17.629275000459376,395.9862382173753,81.2805309328152,83416100,19519000,42243300,597422000,68665700,10704600
2022-08-11,98.12000274658203,51.006561279296875,33.8613166809082,17.872329711914062,397.13037109375,83.81790924072266,102.37000274658203,52.16055274684608,34.52731688908878,18.634360468808346,401.82042421986114,85.20364194513773,98.0,50.896212089329765,33.76617534948633,17.806586008570317,396.39282683822626,83.6212863088302,99.93000030517578,51.80332074432075,33.90888734661914,18.06059689418251,399.96708420830873,84.22988517998161,77516900,14268000,35569700,509327000,59489700,11158800
2022-08-12,100.83000183105469,52.20356750488281,34.356056213378906,18.6363468170166,403.85345458984375,85.07256317138672,101.4000015258789,52.22039831462788,34.3845978841193,18.645312642416616,403.9574535679473,85.53135002962308,98.4800033569336,51.027130290786054,33.93742568567286,17.883282081436935,398.1138306323642,83.93027140140833,99.19999694824219,51.229124979254664,34.061112307895904,18.089478966160975,399.0594018073081,83.96772441032594,72316300,18399000,37675200,478094000,61694500,12098800
2022-08-15,101.01000213623047,52.27183532714844,34.57487869262695,18.958097457885742,405.5176696777344,85.7373275756836,101.8499984741211,52.349453974467,34.66050732072212,19.0895848654129,406.03775117563913,86.08376250844903,99.80000305175781,51.48068734064108,33.97547829596079,18.54072573092658,401.593554788117,84.26733108581274,100.51000213623047,51.829503929243394,34.34653447457044,18.62838336929725,401.6502867542093,84.2766961227605,61327100,14329000,25400600,457666000,54048300,15949500
2022-08-16,100.19999694824219,51.588226318359375,34.432167053222656,18.805688858032227,406.3119201660156,84.22050476074219,101.44999694824219,52.176441318136135,34.803226903813886,19.067668063926604,408.23142837760344,85.53133121072167,98.31999969482422,51.060795580513116,33.965969514088656,18.42915644764587,403.64540269281275,82.92840838281596,100.83999633789062,52.137164674914416,34.40362538371896,18.846530011794016,404.4491439128755,85.33470831473917,60220700,14782000,25000200,451240000,59289000,10566100
2022-08-17,98.2699966430664,50.366905212402344,34.04207992553711,18.2637996673584,403.427978515625,83.5182876586914,99.63999938964844,50.939224058520445,34.327511122134965,18.615429517874343,406.12286241940274,84.05198048499629,96.7300033569336,49.660856707709705,33.556853424255934,18.074538853147352,401.43283697746534,82.84415499133024,99.26000213623047,50.90742817069601,34.070625222841954,18.451071242381392,402.7282650065522,83.33102977499614,63735600,19022000,29176100,446799000,63563400,9093100
2022-08-18,100.44000244140625,52.22414016723633,34.441680908203125,18.700101852416992,404.60052490234375,83.58382415771484,101.06999969482422,52.42145804411366,34.56536751625244,18.791743657859055,405.28130854866936,83.95834704848586,96.7300033569336,50.65119434177541,33.84228048548086,18.11239277422747,402.34059560234215,82.78796747947018,97.73999786376953,50.81765454518245,33.946938105414254,18.229934589865376,403.6265587430193,83.05949639669342,76059500,23459000,24598200,415447000,49023200,10947700
2022-08-19,95.94999694824219,51.287105560302734,33.66151428222656,17.77968978881836,399.1634826660156,81.64566040039062,99.25,51.955746759749665,34.279940132362384,18.448083694133654,402.11366050668937,82.94712166295635,94.58999633789062,51.23473669885421,33.48074068974586,17.70099608999701,398.2935443726278,81.4771254886627,98.66999816894531,51.51435003190576,34.061112188830435,18.334526059114626,401.84890169679676,82.8628577788067,67221700,16923000,31425500,441588000,68016900,9602800
2022-08-22,92.83999633789062,49.44670867919922,32.19631576538086,16.967851638793945,390.8518371582031,79.81053161621094,95.0199966430664,50.78772970403811,33.3570588019882,17.489816937587364,394.52065780471906,80.55021245414687,92.36000061035156,49.2877327938879,32.09165813035444,16.900114915309967,389.9535330310516,79.52964477034887,94.4000015258789,50.73910300327788,33.29997182940773,17.422080214103385,394.3504330682569,79.96970868664008,61837300,18555000,51006100,409593000,77695600,8054000
2022-08-23,92.48999786376953,49.54303741455078,32.30097198486328,17.114286422729492,389.9062805175781,80.55022430419922,94.44000244140625,50.276205154334825,32.71959887721433,17.39718405399935,392.8091909558706,81.08391724762473,92.11000061035156,49.46167659672071,32.2629140048108,16.904105288938386,389.3578330753806,79.57646737974301,92.38999938964844,49.92364636688674,32.32951365519827,16.923032515648686,390.4263331221916,79.7356444735893,52927000,9003000,30687100,369986000,49105200,8462500
2022-08-24,92.7300033569336,49.642154693603516,32.21534729003906,17.155126571655273,391.1545104980469,80.11015319824219,93.37999725341797,49.68517350030047,32.33903392565383,17.33841210925702,392.51610668513507,80.64384609420152,90.9000015258789,48.95013659625577,31.967974018809528,16.829396656993374,388.9986089883818,79.77308324885405,92.20999908447266,49.5224554615022,32.320004933297,16.94594102007404,389.67939265365226,80.33487126012182,56520400,11883000,25105700,522661000,49177800,7085800
2022-08-25,97.18000030517578,51.446083068847656,33.195316314697266,17.843441009521484,396.6766052246094,81.99211883544922,97.56999969482422,51.478813606018484,33.233374298848496,17.877309377171127,396.7238722445992,82.01084176727889,93.13999938964844,49.77494924124976,32.17728882981122,16.767634901441976,391.551596341063,80.53148727609123,93.13999938964844,49.88623306763057,32.224859495295696,16.7785918674599,392.6389975097295,80.83110418938084,61016200,17345000,29799100,770691000,50942300,6602100
2022-08-26,91.18000030517578,48.7088623046875,31.7396297454834,16.196855545043945,383.24945068359375,79.34236907958984,97.5999984741211,51.52650677796355,33.3285123170716,17.854393065362842,397.1020626279462,82.1980980614985,91.12000274658203,48.628439716561374,31.730113435686913,16.17394414971314,383.1927187216093,79.2581051801712,96.29000091552734,51.32544674028717,33.252399985743594,17.78765381801354,396.56310898909396,81.92656914654407,65552500,25682000,44851500,769127000,103087000,9381500
2022-08-29,88.48999786376953,48.08417892456055,31.340028762817383,15.739640235900879,380.7153625488281,77.57276916503906,91.19000244140625,48.88467698596137,31.787200966505686,16.27455462835807,383.7506382256978,78.94913690753876,88.26000213623047,47.88031492262257,31.216345768553293,15.705772821557588,379.36320256720757,77.50722818413104,90.05000305175781,48.62844411866826,31.615943681238203,15.957790614919103,380.3087738309777,78.56525606034351,61142500,16580000,32976800,496132000,65370800,9639700
2022-08-30,86.94000244140625,47.35567855834961,30.69305992126465,15.407934188842773,376.535888671875,77.5165786743164,90.1500015258789,48.43298581160305,31.463717763181926,15.97671599783805,382.10531673126604,78.63078228407377,85.33999633789062,46.8880974586495,30.588405909614842,15.12304454959439,374.44618445964664,76.52409910870857,90.05999755859375,48.3329213443897,31.43517608995099,15.898023253937998,381.8689239380466,78.44351727131675,69087100,18282000,40182500,530181000,85652400,8392300
2022-08-31,84.87000274658203,46.67488098144531,30.36957359313965,15.035385131835938,373.67083740234375,78.0409164428711,86.72000122070312,47.70823480813177,30.81674397852586,15.479653272888758,379.4009968343616,79.46410214882837,83.72000122070312,46.43454431905585,30.22685979479974,14.90090915114216,373.53847243354284,77.7693874970841,86.27999877929688,47.70823480813177,30.81674397852586,15.32425893297207,378.16230081283413,78.75250929584973,64991700,32445000,44074500,573710000,76029700,8887100
2022-09-01,82.33000183105469,46.010921478271484,30.217348098754883,13.882882118225098,374.8433837890625,76.4398193359375,82.76000213623047,46.13062071405909,30.28394775650257,14.324161764698152,375.1837756026024,76.61771929187898,78.5199966430664,44.9663446252242,29.617947549616545,13.218472299157947,368.8106343368199,75.01664111869269,82.3499984741211,45.960421913933125,30.036576302936464,14.15382528853648,371.5055182868605,76.26191937999602,94854700,31930000,36440700,1178865000,78740100,11566000
2022-09-02,80.23999786376953,46.77869415283203,29.703575134277344,13.59400749206543,370.8908386230469,75.74698638916016,83.6500015258789,48.61067699815189,30.807233047033623,14.11597195898287,379.70356914138836,77.69450020145506,79.80999755859375,46.5991452791556,29.551346832111893,13.538224239518152,369.08479416646423,75.47545740291821,83.31999969482422,48.44141282779566,30.64548843444026,14.045248511057261,378.4932391584454,76.35558534843129,84924400,40426000,34893300,743157000,99632100,8850100
2022-09-06,78.72000122070312,46.58978271484375,28.885347366333008,13.412714004516602,369.4914245605469,74.932373046875,80.88999938964844,47.13217852874531,29.865316797451694,13.725494835509304,372.6685300550319,75.86867661041147,78.37000274658203,45.85754979302099,28.85680388024729,13.299156360470214,367.2787913361997,74.4548562293112,80.41000366210938,46.620643953603995,29.865316797451694,13.677680890653752,371.7324237676469,75.86867661041147,68727300,24738000,46989600,535751000,76637400,12704400
2022-09-07,79.61000061035156,47.237850189208984,29.16126251220703,13.664806365966797,376.12933349609375,74.85748291015625,80.25,47.63997023357103,29.29446364188381,13.788362113873305,376.89524390582346,75.07283591851322,77.73999786376953,46.67207746803931,28.59040545350466,13.298126385508025,368.96191606413413,73.24704644009216,79.23999786376953,47.030244059955656,28.942434547694234,13.514347994091015,369.17937898507915,73.3968513274194,67891200,20440000,37329500,512657000,70964200,9843500
2022-09-08,82.77999877929688,47.87377166748047,29.25640296936035,13.93981647491455,378.5877990722656,75.1290054321289,83.44999694824219,47.94951745660525,29.35154610618533,13.95775250797317,379.0416547769603,75.59715727305793,79.23999786376953,46.63655001501079,28.45720352355757,13.321044715093802,372.6685141668355,73.75263787684875,80.02999877929688,47.001262796857965,28.894861227070713,13.410721079373277,373.86940805077325,73.97735590376442,89089300,22535000,37359500,624873000,80821700,8181700
2022-09-09,85.44999694824219,48.852882385253906,29.931915283203125,14.3353910446167,384.4692077636719,76.33684539794922,85.68000030517578,49.18673388633971,29.96997326316683,14.422078851833046,385.32968091119113,76.4585694601205,83.83999633789062,48.20200662602316,29.570373547069764,14.075327622967663,380.554529632532,75.59716456076315,84.02999877929688,48.20200662602316,29.675031177265584,14.106215606366773,380.81928838126566,75.68143561483795,68907700,23019000,34069500,486612000,76706900,7084700
2022-09-12,84.63999938964844,49.47569274902344,30.02705955505371,14.452967643737793,388.6014099121094,76.9173355102539,85.3499984741211,49.68142958726629,30.312488971473055,14.49481679850031,389.32005328167793,77.24504031319987,83.45999908447266,49.05487258696075,29.589403657130262,14.147068757337559,386.2280168884876,76.55217770933855,84.88999938964844,49.25967120928499,30.19831684196443,14.317455823482035,386.53060660794216,76.74880059110613,71922500,18157000,38305500,484159000,69256300,7903000
2022-09-13,77.02999877929688,47.09944534301758,27.867321014404297,13.08389663696289,371.7041015625,73.79007720947266,81.47000122070312,48.46665058338007,29.427662019055212,13.872059562410795,381.1598150143237,75.97166609841928,76.80000305175781,46.91521613672609,27.829263031508173,13.052011836426038,370.5883343007562,73.51854833483121,80.95999908447266,48.05237299054791,29.33251887651941,13.752490135017588,379.95892093775177,75.29752642943758,80921200,35136000,71417900,714956000,122947100,12835100
2022-09-14,77.44999694824219,47.7634162902832,27.762664794921875,13.08090877532959,373.12249755859375,74.5859603881836,78.08000183105469,47.97382638570355,28.324007368394877,13.242327368226784,374.63541764024257,75.05411226465445,75.87000274658203,47.01715644370158,27.600921988756696,12.86667985035143,369.8318985452489,73.949273550446,77.0999984741211,47.4248879864785,28.11469208117841,13.206456253054055,372.9995686538307,74.66085925941157,71483000,20605000,40767200,588507000,85023700,8849600
2022-09-15,76.66000366210938,46.771209716796875,27.439180374145508,12.882621765136719,368.88623046875,73.4259033203125,77.97000122070312,47.83916352234129,27.981493978748112,13.185531175680374,374.4083627921359,74.62173105455976,74.91000366210938,46.503753941085776,27.315493732745633,12.74412043844494,367.6191685285438,73.13400270499919,76.63999938964844,47.59321893502518,27.73412251065304,12.968313711994472,371.5716492033494,73.99086136156184,81818000,36574000,39919100,523625000,87633800,10533100
2022-09-16,76.51000213623047,46.991905212402344,27.819747924804688,13.150655746459961,366.0721130371094,73.34115600585938,76.81999969482422,47.103189040082555,27.895862074220805,13.164605464480621,366.7272397445629,73.44473248535292,74.68000030517578,45.80986013140098,27.039577439613396,12.571739597842733,362.7964794998418,72.4278036960516,75.62000274658203,46.544897037134874,27.30597786992203,12.6962911946005,364.7239022587895,72.60670983041885,75300200,59012000,72748000,670751000,103084800,10604500
2022-09-19,76.7699966430664,46.93018341064453,28.010034561157227,13.333996772766113,368.9109191894531,73.66130065917969,77.33999633789062,47.075135993928725,28.067119720267634,13.414706540772462,368.9109191894531,73.66130065917969,75.3499984741211,46.236296004481844,27.496262685050105,12.963331449798705,362.86289235187127,72.07941388586026,75.38999938964844,46.236296004481844,27.610434817975406,12.965324131066843,362.9388650171461,72.07941388586026,64966900,17948000,33151900,569685000,73278500,10378600
2022-09-20,75.25,46.109107971191406,27.553346633911133,13.12873649597168,364.6764221191406,73.5859603881836,76.58000183105469,46.64869625563126,27.753147404078266,13.434635427165027,366.60381595599796,73.8590249494871,74.7300033569336,45.79676413366708,27.3154896975768,13.010163873448496,361.9325103201576,72.98333762662759,76.08000183105469,46.384044463927474,27.65800426660365,13.167597109836768,365.59739527124015,73.01158444610209,51129100,17132000,31129000,524818000,77274900,8202800
2022-09-21,74.4800033569336,45.46597671508789,27.087148666381836,13.21342945098877,358.31500244140625,72.63495635986328,78.41000366210938,47.13886347889517,28.15274859509546,13.980667741595738,369.6324950611645,74.67822474914819,74.44999694824219,45.43108316414974,27.07763417066869,13.062971099601787,358.3054986149796,72.63495635986328,75.44000244140625,46.300533327149566,27.734119857239627,13.165602253694058,366.5942260628629,73.04926227615377,82069700,20669000,39977300,807679000,106746600,10869000
2022-09-22,69.5,45.03879928588867,26.706579208374023,12.51594066619873,355.3052673339844,71.21314239501953,74.29000091552734,45.566879033047954,27.115693470385203,13.101831671038127,359.17903334074293,72.26773604795736,69.16999816894531,44.60407238286107,26.678037534552978,12.383418345633107,354.564693142615,70.95891378088328,73.88999938964844,45.49332558216127,27.02055032333767,13.0231145909362,357.5459685886099,71.98525342440014,101436900,23540000,36092700,759162000,89472600,10817900
2022-09-23,67.95999908447266,44.19669723510742,26.183290481567383,12.471101760864258,349.3521728515625,69.55592346191406,69.08000183105469,45.07463344550435,26.544832205535517,12.565761238087397,351.8872028833452,70.04555180035693,66.81999969482422,43.56677145710964,25.869319416248846,12.21303103372741,344.92770661744225,68.82147017850394,68.0,44.78795951624651,26.544832205535517,12.375446418238019,351.8492165492308,69.96081133525031,87690000,29649000,43491100,663309000,122346900,12685500
2022-09-26,66.30000305175781,43.59130096435547,25.66000747680664,12.184135437011719,345.8961181640625,68.74616241455078,68.73999786376953,44.63237738119008,26.354551159837232,12.613590061867972,351.49789961299837,69.85724980333718,66.25,43.50171444058497,25.555351651320706,12.170185718593245,344.6808163277676,68.66141474749286,67.87000274658203,44.224996837605204,26.22135003194812,12.446192490592988,347.8899804357397,69.17929720220215,82898700,19361000,44786400,547343000,92581200,13441500
2022-09-27,67.16999816894531,43.826107025146484,25.583890914916992,12.3684720993042,345.01312255859375,68.76498413085938,68.77999877929688,44.310810996649266,26.25940554253098,12.690313385658438,351.6782893189801,69.71600127492252,66.0,43.0490741321478,25.3270068086398,12.214028382542947,342.62998013123286,68.12469642750467,67.9000015258789,44.27875208558937,26.069119271869596,12.462134764959494,349.41858073488055,69.21695487951088,94871800,17850000,44121400,553854000,108294100,12430600
2022-09-28,68.36000061035156,43.94021224975586,25.812232971191406,12.690314292907715,351.80169677734375,67.91755676269531,68.80000305175781,44.20330971606556,25.95494857944029,12.777002105621296,353.4822223497359,68.06821610301627,66.55999755859375,43.0339832469091,25.307977446353732,12.309684609382174,344.2725226538918,66.5710694398659,67.11000061035156,43.50454273128073,25.555348868692967,12.365483486484552,345.96255205200066,66.9571286115638,72389500,27605000,40433400,542414000,110802200,12943600
2022-09-29,64.13999938964844,42.447425842285156,25.098665237426758,12.176164627075195,344.45294189453125,65.23397064208984,67.19999694824219,43.5073625149408,25.47923781937838,12.455159943744142,348.55456731120603,66.55221053884569,62.83000183105469,41.95234746281491,24.917895257174756,11.903147353863744,341.51912810704937,64.48069583239328,67.1500015258789,43.46304050664693,25.47923781937838,12.403346432766009,348.2697422736175,66.40155126660868,102552400,39997000,41831300,532763000,112952300,16120300
2022-09-30,63.36000061035156,41.87031555175781,24.518295288085938,12.095453262329102,339.12652587890625,64.5560302734375,65.91000366210938,43.172604379204984,25.279436816066962,12.587681551450936,347.41528324882285,65.58237700062473,63.34000015258789,41.835421991367014,24.489751800272444,12.031682722625826,338.9936171691522,63.78391931940719,63.619998931884766,42.34652991378408,25.022550869859163,12.043639758211013,343.5130058772176,63.84983096729401,81664100,27202000,43821000,565638000,153711200,10472400
2022-10-03,66.11000061035156,43.07453918457031,25.66000747680664,12.467118263244629,348.0798645019531,65.20574188232422,66.91000366210938,43.46777169038841,25.92640791788033,12.632523169207891,349.9218104770214,65.50705332641274,63.38999938964844,42.14944958830447,24.80372280759737,12.061577674019702,341.0538996463219,63.69918466188158,64.45999908447266,42.36351262436314,25.051094256871966,12.30271017308679,342.8293767828373,64.10407258835974,83841600,21479000,44096200,547478000,89756500,11945100
2022-10-04,67.9000015258789,45.25099182128906,26.354549407958984,13.119766235351562,358.86566162109375,68.5578384399414,69.18000030517578,45.27928079129875,26.449690731221,13.172576558568696,358.8941441243227,68.67083293504352,67.33000183105469,43.93078472928807,25.774177899597717,12.832799262641858,348.0418757679158,66.5898994744461,68.2699966430664,44.179737737743125,26.09766347986094,12.832799262641858,353.57718804598346,66.66522913784752,77160500,27277000,42427500,584182000,103602800,14900700
2022-10-05,67.94000244140625,45.716827392578125,26.297462463378906,13.161616325378418,358.03021240234375,70.13031005859375,68.69000244140625,46.027074314635385,26.487748739507303,13.273215022829856,360.28041756142954,70.53519799318137,64.5199966430664,44.45886056965015,25.58389164995404,12.57572625208159,352.20057002554404,68.34127018055936,66.58999633789062,44.56164908551616,26.040578349721315,12.864685926402442,354.51724403133267,68.66141045338921,87127400,18493000,30120000,507131000,88065700,14037100
2022-10-06,67.8499984741211,45.2170295715332,25.85980796813965,13.082900047302246,354.33685302734375,70.00788879394531,70.29000091552734,46.178893807775815,26.411636021126025,13.607013197671234,359.5778376786651,70.54459997170984,67.66000366210938,45.143476115163025,25.688550673298273,13.055996476257599,353.8431175552407,69.54650726522897,67.81999969482422,45.62157897747981,26.107179414610027,13.172577350446693,356.6345194279789,69.65008373671255,98325900,17250000,33985100,644157000,82333500,11796800
2022-10-07,58.439998626708984,43.42344284057617,24.470720291137695,12.032681465148926,344.45294189453125,65.67655181884766,64.02999877929688,44.63614516438576,25.003521120620693,12.624550545260242,354.42222386124985,67.82339709448064,58.220001220703125,43.28576436088169,24.40412064112841,11.978875271525471,342.69644356252195,65.67655181884766,64.01000213623047,44.54561615908199,24.89886349077504,12.460142467451544,350.32056946949496,67.61624409703664,163786300,28425000,57215500,672478000,107789500,14758600
2022-10-10,57.810001373291016,41.27527618408203,23.97597885131836,11.628138542175293,341.822998046875,63.50146484375,58.790000915527344,43.387602652254174,24.727605793350477,12.080509516858074,345.8012193680551,65.79896245888597,56.29999923706055,40.722673749040595,23.871321223240034,11.367078280478221,339.59180054497295,63.09657682071582,57.310001373291016,43.37817419718577,24.680035134062692,11.993821701559334,345.5638554657178,65.77071562674014,112241800,33454000,43409300,698699000,76042800,16042200
2022-10-11,57.630001068115234,40.6208381652832,23.82375144958496,11.544439315795898,339.6581726074219,59.74446487426758,58.91999816894531,41.36958208946378,24.24237834805178,11.803505925509853,344.68079989118917,61.11920231913668,56.04999923706055,40.13236065373626,23.49075137807841,11.242525784323794,337.73077926422997,58.96293588065426,57.209999084472656,41.03953214738785,23.795207964128604,11.51952842526829,340.13290031732214,60.450660622256066,114054800,28046000,48134900,667482000,92482800,28699300
2022-10-12,57.849998474121094,40.602909088134766,24.09966468811035,11.458746910095215,338.53790283203125,60.36593246459961,58.31999969482422,41.088555412395166,24.28043646762643,11.692903570079896,341.6331375101313,60.47892696821482,56.31999969482422,40.36149965452694,23.4622080269052,11.304303196073544,338.29103509203446,59.66914739330444,57.45000076293945,40.7613330172067,23.83326426643952,11.537463990629318,340.0665414891918,59.88571480402578,89264200,15046000,39634100,492590000,76991800,16468700
2022-10-13,58.939998626708984,41.30073547363281,25.13671875,11.917094230651855,347.4721984863281,62.72934341430664,60.13999938964844,41.84767577010887,25.536318438201832,12.03467094289371,348.9343679346623,66.10026320473982,54.56999969482422,39.14125605414263,23.395606211700066,10.774208715042423,330.5149097513193,58.68046384367165,55.52000045776367,39.362862507738726,23.528805502865932,10.931641891590683,331.5593165001294,59.37724885570903,131159800,27980000,62447000,850103000,147254500,36639300
2022-10-14,55.939998626708984,40.27568435668945,24.651491165161133,11.186727523803711,339.5537414550781,60.18701171875,59.939998626708984,41.865589261094065,25.33651844484493,12.067556325773387,351.5453678678568,63.51085533550303,55.84000015258789,40.21061687569874,24.508777375398378,11.163810263463406,338.91759358407694,60.05518842171051,59.599998474121094,41.80146426573027,25.174775665859332,12.013750129635845,349.9217782616768,63.331956394567094,96959300,22816000,48185400,713432000,123737000,19440900
2022-10-17,57.959999084472656,41.05555725097656,25.13671875,11.845355033874512,348.2792663574219,61.10037612915039,58.5099983215332,41.60910220632453,25.45068980396542,11.905140220648137,349.38063819195844,61.533510931811946,57.099998474121094,40.868844331329434,24.898861835944246,11.47568654235639,339.22145295922246,60.300018185453325,57.349998474121094,41.44973576508287,25.03206112711011,11.476682407821523,345.61129877486803,61.185123799145224,76977600,24120000,39416500,580774000,93168200,11280100
2022-10-18,57.91999816894531,41.004634857177734,24.61343765258789,11.924074172973633,352.3714294433594,59.989280700683594,60.4900016784668,42.29843399629539,25.650492271076327,12.447190608851194,356.4730842166548,62.249120086760556,56.400001525878906,40.56424938805803,24.299466555409587,11.576326064776566,348.94387997178285,59.11359320797244,59.90999984741211,42.266371493752835,25.441178811192287,12.299721723057132,356.16925149824414,62.05138512825563,103064500,20341000,51126900,659362000,97162900,16656100
2022-10-19,57.22999954223633,41.04895782470703,24.737117767333984,12.007771492004395,349.8744201660156,59.942195892333984,59.040000915527344,41.33186186707394,24.974974668942966,12.30569968628764,353.055102507997,60.36591618684342,56.56999969482422,40.63215243997422,24.44217571745601,11.791549885257231,347.07351430328094,58.539211715383914,57.33000183105469,40.85375892776695,24.489746371896146,11.836388541745388,350.3396441799612,59.07592648303944,75704800,12702000,33882300,523131000,79746900,12385200
2022-10-20,57.77000045776367,40.57746505737305,24.8132381439209,12.15025520324707,346.9405822753906,59.86687469482422,60.20000076293945,41.69869974660975,25.64098116817171,12.723192244784924,353.8336393624102,61.46759034992017,57.400001525878906,40.3737765469664,24.689553322446667,12.061573784536673,346.18100039281916,59.67855414954362,57.470001220703125,41.03293764684462,24.879837802768915,12.069545457649287,349.42815136875413,60.026944823567554,79552600,23402000,33247700,652398000,88283100,11300900
2022-10-21,58.81999969482422,42.40971374511719,25.66000747680664,12.421283721923828,355.3717041015625,60.02694320678711,58.90999984741211,42.49741529444988,25.736121629298474,12.453169476793041,355.8559066992739,60.055190030647914,55.709999084472656,40.47089796822041,24.53732418122822,11.844361089679124,345.1650575657833,58.397977179028864,57.220001220703125,40.74625493274955,24.59440934192096,12.05460371757537,346.6651844936338,58.397977179028864,95366400,26980000,53058700,609494000,131038400,13699000
2022-10-24,58.70000076293945,43.050010681152344,25.85980796813965,12.553805351257324,359.7202453613281,57.710609436035156,59.0,43.26407367008304,26.145235583072267,12.664407237339118,360.85009986477286,58.02133526981214,56.65999984741211,42.53984527052582,25.231865763524276,12.020724633774568,354.2513717295342,56.19463431729049,58.56999969482422,42.69261070906112,25.450693722619583,12.463132178101741,356.89088616369844,57.042074940164994,76305400,25287000,43831600,517457000,85436900,25010800
2022-10-25,61.470001220703125,43.38478088378906,26.07863426208496,13.21342945098877,365.4644470214844,57.569366455078125,61.97999954223633,43.77989831362433,26.221348060438835,13.252290058434822,365.77775460734784,57.776519399495186,58.689998626708984,43.07924637930921,25.688549033055654,12.618570904437151,359.5303497695806,56.03455896817484,58.77000045776367,43.18863589772597,25.859806316962064,12.648463971781274,359.6442798008037,56.45827926724819,85501900,18246000,32205300,505482000,78846300,21700600
2022-10-26,59.72999954223633,43.48945236206055,25.888351440429688,12.849740982055664,362.71099853515625,57.28688430786133,61.77000045776367,44.487149186990756,26.44969402822928,13.339975768369426,367.9899690715865,58.360306611970984,59.150001525878906,42.9387384491345,25.679037962575716,12.662415625938275,362.0748795431326,56.90082885477075,59.689998626708984,43.18863389829674,25.869324262228158,12.822838357636293,362.3312221104294,57.30571671922126,79761600,29291000,37111100,532953000,104087300,14006000
2022-10-27,58.599998474121094,42.94439697265625,24.994009017944336,13.12873649597168,360.77410888671875,57.39046096801758,62.720001220703125,44.39379273653619,26.249893437480765,13.788362513806657,365.54036503352893,58.80285949754099,58.5099983215332,42.898189984614014,24.86080789047216,13.074930296219073,360.15693963581714,57.35279614517064,61.599998474121094,43.948694796135875,26.116694124713124,13.581108440535328,363.70792288491305,58.237897930582506,83871400,18512000,56305100,583113000,81971800,12937600
2022-10-28,62.0099983215332,44.59465026855469,27.658002853393555,13.784375190734863,369.3571472167969,58.3885612487793,62.349998474121094,44.73044016725729,27.800716644961188,13.800318541551777,369.8318749398546,58.407393662660084,58.91999816894531,42.96796656601636,26.506776211416437,13.014148282801942,360.4892368270884,56.56186020533143,59.099998474121094,43.091500552223465,26.811232784015203,13.056994256397354,360.6696356798568,57.22098032349614,78198600,23094000,91695700,521040000,100302000,11972300
2022-10-31,60.060001373291016,44.332489013671875,27.049091339111328,13.44858455657959,366.689208984375,57.95542526245117,61.86000061035156,44.586154350454336,27.7626621546783,13.788361907995785,368.7685188952542,58.63337777995841,59.529998779296875,43.85061264725813,26.68754777632292,13.249302168056532,365.78724362365824,57.50345811475155,60.75,44.024127133611614,27.667519016328484,13.728576716312174,366.90759418543263,57.993090089405044,73274100,19259000,59507700,486341000,96631300,10802800
2022-11-01,59.65999984741211,44.12315368652344,26.925405502319336,13.49441909790039,365.0845642089844,57.983673095703125,61.9900016784668,44.96525404616753,27.4486918711954,13.875048766316969,370.65789150533925,59.72562995769353,59.43000030517578,43.6771132412591,26.535320256910445,13.470505022876246,363.9167526614729,57.983673095703125,61.4900016784668,44.86812763664661,27.40111939327695,13.761457385078938,370.420527665591,59.56555624622798,83806700,16324000,44418700,432817000,85407600,11561900
2022-11-02,58.630001068115234,43.00381088256836,26.08814811706543,13.17158031463623,355.9223937988281,56.98558044433594,63.93000030517578,45.306624258821785,27.44869004504039,14.159025547914593,368.98691130694584,59.217169402769,58.56999969482422,42.97457583119984,26.078633622114737,13.16360959020308,355.81796759742275,56.98558044433594,63.0,44.34759082768532,26.896862040830722,13.800317291584546,364.49597616975944,58.8499463124856,142669400,21070000,51956100,672628000,126990400,16547200
2022-11-03,60.11000061035156,41.880680084228516,26.059606552124023,13.372856140136719,352.2574768066406,56.75959396362305,62.279998779296875,42.70486585452931,26.525805950828502,13.731565367636188,355.2862420190042,57.333970003142944,58.029998779296875,41.62041373356015,25.850293091900937,12.909524971705448,350.1496845424735,55.9592361461411,58.11000061035156,42.52381147110006,26.116693526033995,12.996212781616933,352.6942182018951,56.49594735869546,95279900,23887000,39678200,500065000,87100100,11040900
2022-11-04,62.189998626708984,43.877967834472656,27.1926326751709,14.105220794677734,357.32763671875,58.83111572265625,63.0,44.21650730899889,27.23120282791374,14.177958888937177,359.72025450594066,58.84994813709001,60.529998779296875,42.744477527334276,26.43085238695134,13.647866699718021,351.2985875960704,57.456381796233615,62.5,43.08207451602132,26.585136676350324,13.935830529915377,357.9447770911312,57.91776337815556,84791300,28891000,43051900,612576000,103505200,14662800
2022-11-07,63.08000183105469,44.81343078613281,27.39513397216797,14.249698638916016,360.74560546875,59.094757080078125,63.529998779296875,45.05106673320771,27.452990129034504,14.360300516988321,361.33426320464076,59.2548307925569,61.400001525878906,43.52623247553602,26.89370904142049,13.90394423701555,356.5489996813044,58.35089653170233,62.93000030517578,44.01659133853281,27.3469208146482,14.176960552458848,358.61880558333354,58.962933782692936,62722500,17687000,34389800,410061000,68286900,8507100
2022-11-08,63.849998474121094,45.46316146850586,27.462627410888672,14.5496187210083,362.69195556640625,61.22277069091797,64.95999908447266,46.09403349154796,27.915839089761445,14.837581555139764,365.654251719313,61.910141198955536,62.369998931884766,44.65123502042181,26.932275431729867,14.16500278149727,358.62828769445593,60.46949571666658,64.08999633789062,45.382064511200305,27.7326258187445,14.747904258620336,361.8469263692216,60.61073701928592,75938000,20743000,36258000,595292000,84641100,14102800
2022-11-09,59.91999816894531,44.27119827270508,26.53692626953125,13.726583480834961,355.2197570800781,61.20394515991211,63.04999923706055,45.169883660828845,27.289061798318503,14.160023489846735,361.87544877434425,62.71050237323596,59.79999923706055,44.22970731400367,26.53692626953125,13.709644264687311,354.7260217229651,61.15686232856421,62.279998779296875,45.122730592798845,27.211919645642528,14.111198522670565,360.72658686650783,62.64459071964778,62940300,23695000,30544800,454414000,78495500,15086800
2022-11-10,68.47000122070312,47.769737243652344,28.69690704345703,15.693502426147461,374.7406005859375,66.702880859375,68.80000305175781,47.82631516032092,28.764406193994382,15.716419686091069,375.07291581213747,66.73113486851433,63.619998931884766,45.94219643142473,27.62655811575354,14.49481769622729,366.14803974108565,63.38845498634213,64.30000305175781,46.30147771354515,27.848341564437387,14.746910406367014,368.43620204058976,63.78392490831516,107996300,33970000,62943900,700819000,141455800,21367900
2022-11-11,72.37000274658203,48.8560791015625,29.342975616455078,16.2684326171875,378.3675842285156,69.51827239990234,73.31999969482422,48.94189566527086,29.535830085205188,16.33021048888852,379.165123505673,70.24330064116111,68.29000091552734,47.33878858387363,27.838702667662353,15.426464425019901,373.7152283157997,68.15294921543433,69.58000183105469,47.60282848059536,27.89655882436598,15.750298418180774,375.595160953084,68.49192551062418,111709500,26728000,49826500,655487000,93839900,15524700
2022-11-14,73.52999877929688,48.39684295654297,29.265830993652344,16.236549377441406,375.1488037109375,68.54842376708984,75.25,49.50958780320416,29.88296818436314,16.480671390641938,379.95304559781977,69.37702846643694,72.66999816894531,48.37609747588899,29.10190369746805,15.864887196216745,374.873453538742,68.02112333674923,75.22000122070312,48.601477500063375,29.256187995145748,16.159825913451986,376.6109731037082,68.96272252484755,108892800,21608000,39395300,527852000,71903500,11575300
2022-11-15,76.37000274658203,49.453006744384766,29.61296844482422,16.606216430664062,378.3485107421875,75.76107025146484,79.16000366210938,50.221553549451684,30.22046444959404,16.93702431634431,381.9754376853018,78.08682140896151,75.38999938964844,48.65050886700594,29.09225942280677,16.323234794348377,374.55068876407796,75.33735348789729,77.26000213623047,49.97542806019755,29.98903801322919,16.66201530534491,380.8740658346402,77.13580421199696,108946300,23315000,40933200,545876000,93194500,48742400
2022-11-16,72.69999694824219,48.25632858276367,28.475122451782227,15.852928161621094,375.462158203125,74.8100357055664,74.83000183105469,48.89851387125476,29.150115769275452,16.303306431643236,377.6743765872507,75.8646291439616,71.93000030517578,48.11959261480022,28.388337307656638,15.816061182952085,374.8355141476234,74.2921605795082,73.66000366210938,48.726887946350494,29.034403469917226,16.1040250035794,376.72492116529327,75.85521114273725,79968000,25405000,35582800,649547000,68508500,24006600
2022-11-17,73.9000015258789,48.29216766357422,28.822261810302734,15.620762825012207,374.31329345703125,76.72148895263672,74.37999725341797,48.35157664574582,28.88011980044275,16.20765063781741,374.9874276635937,78.09622261752797,70.16000366210938,47.446293834038784,27.96405518791181,15.479272015975031,370.42054943643274,74.09442690551344,70.55999755859375,47.621693323091485,28.03155433719462,15.65862661617727,370.72435314810673,74.66880286476783,82320800,20375000,31983300,710894000,74496300,24278400
2022-11-18,73.56999969482422,48.579776763916016,28.802976608276367,15.353724479675293,376.01287841796875,77.4653549194336,75.3499984741211,48.822128682287726,29.17904433447916,15.94459765168975,377.7029081294727,78.00206611993475,72.18000030517578,48.18748688544795,28.552264177736568,15.065760685221573,373.1740156097614,76.26952722141557,75.06999969482422,48.741031746695676,29.17904433447916,15.908725591523805,377.6364392872866,77.94557247267075,73223200,14536000,27122200,492072000,92922500,18578400
2022-11-21,72.45999908447266,48.7947883605957,27.906198501586914,15.26205825805664,374.6456298828125,75.26200866699219,72.9800033569336,49.11635228374634,28.65833396683814,15.421484185487031,375.81347054023524,76.29776613448739,71.56999969482422,48.19786749925792,27.87726950707193,15.025907914116598,372.81318778240984,74.82887398726984,72.20999908447266,48.3704359292048,28.600477817022007,15.092667972598479,374.693120041292,76.0906132042223,51536300,18622000,36086800,404739000,51243200,18659700
2022-11-22,75.25,49.983917236328125,28.754764556884766,15.980467796325684,379.687255859375,77.71959686279297,75.33000183105469,50.00560520129623,28.79333655285458,16.000396507453974,379.84867604647417,78.33163776406712,72.11000061035156,48.94284095874901,28.02191318638429,15.067753352120171,375.1773421488015,76.48610424084175,72.72000122070312,49.316270375795625,28.099055339109917,15.273014705576616,376.58254674649424,76.59909154432944,55450200,18920000,25584100,472866000,60429000,16504700
2022-11-23,76.4000015258789,50.322444915771484,28.61012077331543,16.45974349975586,382.0799255371094,77.18286895751953,78.22000122070312,51.061760146105485,29.005474501705663,16.46771612556409,382.5641281776776,78.10563192801065,75.30000305175781,49.86603365619661,28.436550484907258,15.99043426388969,379.12710362952333,76.95688721549743,75.48999786376953,50.012198069754994,28.667976923046872,16.040254147784076,379.3549636956731,77.62542162419244,81623600,13964000,23143900,427241000,68261600,14683800
2022-11-25,75.13999938964844,49.97072219848633,28.29191017150879,16.21163558959961,381.9944152832031,76.64617156982422,76.04000091552734,50.411104140606454,28.61976476337277,16.427856209576845,382.54511569451665,77.55952388667048,74.75,49.93017372027116,28.29191017150879,16.113987567674407,381.2443663067082,76.64617156982422,75.66999816894531,50.044275670280626,28.61976476337277,16.259463735177064,381.5196875372828,77.34295292319742,26018900,7455000,11314900,167934000,30545400,5908300
2022-11-28,73.19000244140625,49.24460220336914,27.70370101928711,15.77022647857666,375.89892578125,74.59349060058594,75.47000122070312,49.86226854287765,28.147269767948515,16.298325994560756,380.5512518780544,76.3448657067136,72.56999969482422,48.68162881816505,27.520489559757404,15.668593078367639,375.13934400569946,74.2827611370206,73.80999755859375,49.53033008204885,28.060484617975934,15.968512050766721,378.9181872794732,75.58216546125036,45383800,23505000,28267900,303741000,67881600,13214200
2022-11-29,73.38999938964844,49.167274475097656,27.867624282836914,15.58289909362793,375.2533264160156,74.69705963134766,74.48999786376953,49.587853359013955,28.137622692434476,15.874848252781751,377.218677377997,75.52566426763612,72.77999877929688,48.54866565892579,27.71334000284222,15.464326492119582,373.4208551885378,74.34866537208545,73.62000274658203,49.31909742316026,27.81941113504371,15.770224418844657,376.031857943791,75.24318884300266,51846400,12694000,24361500,298384000,52310000,11502300
2022-11-30,77.62999725341797,51.96233367919922,28.995832443237305,16.866607666015625,387.073974609375,78.13390350341797,77.69999694824219,52.02174265351704,29.005475441707357,16.873584309435355,387.073974609375,78.5576202629793,72.80999755859375,48.83156167130708,27.21191818898294,15.54502609510109,373.59172517191445,75.77048753846529,73.37999725341797,49.42376644309308,27.74227206955256,15.644692293883454,375.50011084303225,75.92113967241734,88468400,47349000,72072500,565298000,144566700,21667300
2022-12-01,77.4800033569336,51.93593978881836,28.764408111572266,17.077898025512695,386.7891845703125,77.85142517089844,79.2300033569336,52.093421265256474,29.391188344478422,17.207463965478787,389.27675333365096,78.74594157215235,76.44000244140625,51.107037847015334,28.465482493887304,16.579564270117494,384.29211197998836,76.40136148444745,78.30999755859375,51.96234378253794,29.159761881830644,16.942351563411925,388.1089126426204,78.19040147078735,59833400,23006000,38896300,470977000,76398200,15975100
2022-12-02,74.9800033569336,50.99764633178711,28.35940933227539,16.81976890563965,386.34295654296875,76.74034118652344,76.27999877929688,51.176815755610356,28.378695329266066,16.876580092782817,387.24492191924827,77.36180015848207,73.6500015258789,50.55254843091981,27.684414151313096,16.39020523368491,381.8140640565856,76.41078287586312,75.05000305175781,50.64401991302027,28.127982886029038,16.603492888866075,381.91849025775207,77.03223466398937,64377200,19320000,31546000,371389000,85342700,10519800
2022-12-05,73.62000274658203,50.039554595947266,28.12798309326172,16.554649353027344,379.392822265625,76.85330200195312,75.16999816894531,50.873172516444534,28.687264135614384,16.938366605030453,384.4629098556239,77.38059506790152,72.81999969482422,49.55390819772337,27.85798465104481,16.417108738331706,378.04461202815554,76.22242530224574,74.54000091552734,50.71191750849527,28.36905253977949,16.623419660375163,383.53246224879774,77.15461335161353,47022200,18548000,34040400,352255000,77289800,11523300
2022-12-06,70.2699966430664,49.58503341674805,27.578346252441406,15.93372631072998,373.924072265625,74.91362762451172,73.38999938964844,50.31585930529493,28.262982627592987,16.517773048794822,379.7727220207001,76.68383866077471,69.4000015258789,49.20122940649641,27.327633796421193,15.766285923687203,371.84479123618274,74.53699370378743,73.08000183105469,50.04050232996644,28.147270318176886,16.474917069486207,379.2315543699302,76.64617383193597,64965200,19655000,27701200,352694000,77972200,13992100
2022-12-07,70.13999938964844,48.89474868774414,27.317989349365234,16.0662841796875,373.2879638671875,74.61231231689453,71.37000274658203,49.50770263547399,27.5301297981923,16.132064232758374,375.6426241653655,75.05486505306084,69.27999877929688,48.663713749348716,27.144419055227683,15.614792692114394,372.1581093951866,74.00027145163968,69.52999877929688,48.998479687877584,27.26977619619987,15.719443294997907,373.0790824780339,74.38633053938685,59180100,16524000,28239900,372388000,65927900,14925300
2022-12-08,70.47000122070312,50.081050872802734,27.424060821533203,17.111787796020508,376.2122497558594,76.08122253417969,71.22000122070312,50.20741232591653,27.578345120565167,17.121754700808335,377.27563531293924,76.24129268310836,69.0,49.072033427784504,27.06727723051309,15.905818930591325,373.3923656741001,74.48049949339647,70.13999938964844,49.112585500576145,27.30834667765227,16.218773657752436,375.16787185342383,74.81005779525907,56734100,27514000,28486100,515456000,60737900,11197500
2022-12-09,68.58999633789062,51.367305755615234,27.231201171875,16.94434356689453,373.40191650390625,75.97764587402344,70.66999816894531,52.114164631030924,27.751911996340407,17.524404780057147,377.5225505438228,77.39004475074665,68.5199966430664,51.01650676991656,27.182988024075033,16.918431139660054,373.2784826335144,75.97764587402344,69.48999786376953,51.953855703461905,27.375842454488605,17.10281409430415,374.9780163583588,76.12829801861452,59058300,37028000,25641300,465338000,81447700,13787900
2022-12-12,70.66999816894531,52.49041748046875,27.665132522583008,17.476566314697266,378.7853088378906,75.7328109741211,70.66999816894531,52.513051528007566,27.684416682122666,17.4795565760495,378.7853088378906,75.7328109741211,67.52999877929688,51.13343582394792,26.86478196644399,16.741026655795824,373.5253169004451,74.19800712713545,68.54000091552734,51.37012925369345,27.125135592763037,16.980226653056036,374.18991841017703,75.1301881640267,60968300,23416000,35117900,457328000,75405800,11516600
2022-12-13,71.6500015258789,53.84928512573242,27.70370101928711,18.011777877807617,381.6526184082031,75.80813598632812,75.20999908447266,54.867727284334535,29.015119428460356,18.727385645434474,389.74196862339903,77.2958569168827,70.66000366210938,53.28253824320905,27.356562258610747,17.65198080321333,378.89920332598314,74.97952428523786,74.87000274658203,54.30004151336161,28.725836821361064,18.469247954138357,389.48562607620295,77.2958569168827,72458000,40414000,58546800,656589000,123782500,16938000
2022-12-14,68.93000030517578,54.1699104309082,27.250490188598633,17.61510467529297,379.21258544921875,75.34677124023438,72.0,55.227016163775666,28.079769665058897,18.191179623464766,385.00427078001445,76.7497593400827,68.31999969482422,53.53715352954378,27.00942074443822,17.36195136904166,376.27877093187595,74.8759716001374,70.93000030517578,53.61448053169689,27.491559632759046,17.927061390913362,381.3108743483369,76.1000535379225,67278000,35218000,37141100,496888000,108111300,17910000
2022-12-15,66.52999877929688,52.61961364746094,26.180139541625977,16.895509719848633,369.93634033203125,73.49170684814453,68.20999908447266,53.4202229881629,26.99977596556628,17.262283446585172,375.27227545068706,75.00680307147715,66.12000274658203,52.591324683337646,26.151212387331118,16.64435056625301,368.28429708214924,73.28337976283342,67.5999984741211,53.16466903339651,26.94191981776278,17.088863487866476,374.37028116191146,75.00680307147715,58557000,36876000,45682700,478542000,117705900,17080200
2022-12-16,65.41000366210938,52.422523498535156,25.95836067199707,16.515785217285156,365.5688171386719,72.25123596191406,67.19000244140625,52.789351916567654,26.170501144042486,16.984220412099525,368.72594377762675,73.91783849558391,64.80000305175781,51.947251658748016,25.50515072931246,16.355322362623607,363.4418274301868,72.18495071596753,66.25,52.567745449581224,26.03550282903305,16.807810123629707,367.39060804195844,73.49172008943479,62438600,49549000,81104200,478232000,119858000,11929100
2022-12-19,64.58999633789062,52.26278305053711,25.833003997802734,16.199832916259766,362.4689636230469,72.06184387207031,65.58999633789062,52.914128100479005,26.00657246259408,16.553649415100338,366.09348006584634,73.0277228484795,63.709999084472656,51.89098954460067,25.55336254374656,16.09119690622741,360.8093339319744,71.73988902963386,65.12000274658203,52.68021510798812,25.939073308639554,16.516773965424804,365.759638812042,72.83833127244343,46246900,25092000,37662500,354039000,79878100,12561300
2022-12-20,65.05000305175781,51.729339599609375,25.495506286621094,16.031404495239258,362.96490478515625,71.6073226928711,66.05999755859375,52.2028749062128,25.910146046924293,16.255655184218554,364.5768550701663,72.15654023386293,63.52000045776367,51.43456797008516,25.476220288650246,15.799181990346474,360.39913914135377,70.92552742868777,63.7599983215332,51.83868784970028,25.591934437261326,16.01047455766742,361.7154089937889,71.12438317664952,52431300,29831000,31863300,403260000,74427200,12080600
2022-12-21,67.68000030517578,53.365787506103516,25.871572494506836,16.446012496948242,368.39215087890625,73.0466537475586,67.8499984741211,53.430447553193595,26.00657079375305,16.571593975514052,369.5176461213456,73.31179471259446,65.20999908447266,52.00794102636629,25.630503052016383,16.04834193364069,365.01563604345074,71.74934862629084,65.43000030517578,52.07640247193895,25.64014605042167,16.060302979691098,365.5497703655622,71.83457663622349,44167600,25619000,28100900,325025000,78167400,10806100
2022-12-22,63.86000061035156,52.59178161621094,25.042293548583984,15.287885665893555,363.1365966796875,71.28535461425781,66.30999755859375,52.767694255305166,25.50514828566791,16.084223899243984,368.3730338595665,72.37433266830317,62.2599983215332,52.03172092582953,24.444442348638713,14.832408745526728,357.4613834622674,70.09221300224422,66.08000183105469,52.61650521866194,25.50514828566791,16.040369896727526,365.35897373224327,72.23229079611468,73917700,27553000,47478300,565045000,100120900,13019700
2022-12-23,64.5199966430664,52.52901840209961,25.15800666809082,15.155329704284668,365.2254943847656,70.91604614257812,64.66000366210938,52.64217166919958,25.254434811023486,15.287885933378956,365.36856088727086,71.35163589509341,62.720001220703125,52.055483133198614,24.762652937359356,14.833406075775102,360.5708701156697,70.23425097358053,63.11000061035156,52.29795649257773,24.994079376869443,15.145362798947778,362.1160465590039,70.91604614257812,45923000,13761000,23600900,349326000,59857300,7452600
2022-12-27,63.27000045776367,52.63456726074219,25.01336669921875,14.073945999145508,363.78521728515625,70.37629699707031,64.27999877929688,53.06911644867952,25.167651000403847,15.04968384623769,365.4543943707275,70.7740084609736,62.970001220703125,52.00699190388927,24.733725253812043,14.009162061218975,362.11604019958503,70.2247909641999,63.869998931884766,52.445342490398886,24.926581549900387,15.02377046116637,365.111034770745,70.38576838179651,36086000,16677000,29548100,464902000,51638200,8974800
2022-12-28,62.56999969482422,51.812068939208984,24.627655029296875,13.989228248596191,359.26409912109375,69.18315124511719,63.540000915527344,53.036794133193816,25.186936060072682,14.214474984092547,365.6832870108895,70.59409127843641,61.959999084472656,51.580056637472666,24.589083035829773,13.837734330636081,359.0351927479394,68.9748241408929,62.540000915527344,52.45391051586481,24.916937623444614,13.880591262742838,363.7184005781533,70.25319369416928,39526500,15410000,26176900,351066000,70911500,10275700
2022-12-29,64.81999969482422,53.04059600830078,25.273717880249023,14.554337501525879,365.7309265136719,71.96714782714844,65.18000030517578,53.49606384054069,25.35086186264532,14.634070838145426,366.59890189536134,72.00502614031919,63.060001373291016,52.34550944663539,24.83015101675294,14.17959100951328,361.5722768337163,70.21531738416064,63.63999938964844,52.473879214034234,24.849437012352013,14.354008039804668,362.09689269287287,70.40470172546492,41428500,18176000,30944800,354923000,66970900,11142500
2022-12-30,64.7699966430664,53.166107177734375,25.48586082458496,14.565300941467285,364.767578125,70.53727722167969,64.81999969482422,53.215554381467435,25.514787979531604,14.580250347473683,364.9106445983467,70.61303385340449,63.13999938964844,52.10873792325938,24.878364821712026,14.185570060566697,360.9523169257117,69.74185426221945,63.77000045776367,52.471020667335615,24.974792963033074,14.286233323061209,363.0602696961742,70.34789286691775,37127000,14376000,31030100,310490000,84022200,7784100
2023-01-03,64.0199966430664,52.62886047363281,25.775144577026367,14.267297744750977,363.2319641113281,70.10169219970703,66.87999725341797,53.9686394332905,26.102999168842448,14.946029157402801,368.5828541871979,71.93875090910382,63.59000015258789,52.37307496054891,25.428005827443503,14.049027654749226,360.3800364563273,69.85548674211094,66.0,53.72426537027059,26.08371317186176,14.801511884284999,366.61799691898324,71.82511595377858,46851800,20173000,31308000,401277000,74850700,9276200
2023-01-04,64.66000366210938,53.27165603637695,26.69120979309082,14.69985294342041,366.0362243652344,72.27015686035156,65.79000091552734,54.0247501808816,26.922636244340204,14.803506485615852,368.05830845065526,72.54476917348852,63.310001373291016,52.871341152017514,26.18978489577685,14.193546280154266,362.44986897863134,70.51832666576615,65.0,53.53314731066948,26.430854345730037,14.518460195074866,365.4829951067627,71.01073021806614,47477100,17074000,37665200,431324000,85934100,12316400
2023-01-05,62.33000183105469,52.775299072265625,26.57549476623535,14.2174654006958,361.8584899902344,71.71147155761719,64.3499984741211,53.233621544228065,26.7876370522534,14.515468836750369,364.2048677167,72.38379529847482,62.29999923706055,52.40445955595786,26.401924473752903,14.100854699285643,361.26712910136496,71.34215984477397,64.1500015258789,52.84090947536214,26.459782464056307,14.442712138646769,364.09041452635574,71.96714111699448,46159500,16277000,33552600,389168000,76970500,10039200
2023-01-06,63.959999084472656,55.95216751098633,27.70370101928711,14.809484481811523,370.1566162109375,73.92729187011719,64.30000305175781,56.19654162019603,27.800129168058195,14.95998131637067,371.27259288151197,74.56173724454631,60.04999923706055,53.467539613602,26.401925608912368,13.987233879252056,361.8870541421074,72.10917651747782,63.150001525878906,53.54551182496255,26.93227950754635,14.425767217118333,364.9392455332869,72.44060266646704,70161300,35261000,31788600,405044000,104189600,13744100
2023-01-09,67.23999786376953,54.85485076904297,28.26297950744629,15.575922966003418,369.94683837890625,76.04845428466797,69.31999969482422,57.21111205459081,28.80297635582074,16.002496236779955,375.51714610031314,76.91016981200707,65.66999816894531,53.30207743654308,27.80976964037389,15.090545335630782,369.76564022685335,75.81172020237273,66.22000122070312,56.32014478230211,27.80976964037389,15.233069416455065,372.34092442068106,76.28518836696321,69741300,37739000,37493200,504231000,73978100,22247600
2023-01-10,68.05000305175781,54.66848373413086,28.388338088989258,15.855988502502441,372.5411376953125,76.95751190185547,68.1500015258789,54.687501609339115,28.455837238674977,15.908811394296471,372.60791174699995,77.25106707510132,66.55999755859375,52.29700946772268,27.88691320673265,15.42044439804722,368.43019640506935,76.19049579098092,66.66999816894531,54.38987893554312,28.195481799132445,15.455327619136956,369.36494580430167,76.2378454970192,41149600,44635000,23008100,384101000,65358100,10269000
2023-01-11,69.05999755859375,54.97372055053711,28.783693313598633,15.94767951965332,377.2530212402344,77.44044494628906,69.12999725341797,54.99273842841536,28.812620471120535,15.97458997371224,377.3293427656513,77.5446085111844,67.22000122070312,53.90208870448737,27.96405679822175,15.511139335336974,373.30424098984014,76.35146681982424,68.38999938964844,54.48497233366295,28.619766010523257,15.787216717511937,374.11498982562864,77.24158920182074,44470100,22502000,30375400,353285000,68881100,11771400
2023-01-12,70.80000305175781,55.335052490234375,29.20797348022461,16.455978393554688,378.6265563964844,82.38343048095703,71.6500015258789,55.63648022966202,29.29475678431053,16.581557963434708,380.08589280712,84.11632506289632,67.18000030517578,54.557238340096866,28.41726419246989,15.440374057820266,374.2962553998828,79.94033391211295,70.06999969482422,54.731246661586916,28.90904605809714,16.046348710283624,378.3499708858858,80.45168020963018,70066200,19514000,28963900,551409000,90157700,36086800
2023-01-13,71.0,55.05548858642578,29.034404754638672,16.842689514160156,380.0954284667969,82.1940689086914,71.0999984741211,55.334093377563285,29.09226090687782,16.865613588598475,380.66772351572655,82.4781454472984,69.2300033569336,54.83393379209865,28.745120315015104,16.11113608569389,375.1737376190185,80.39488859931299,69.83999633789062,54.87957596592017,28.89940461379544,16.22375851425544,375.4408047607676,80.87782810686014,45757400,19647000,31361900,447287000,63903900,18719900
2023-01-17,71.58999633789062,55.078311920166016,28.54262351989746,17.643014907836914,379.3991394042969,84.2678451538086,72.66000366210938,55.660245145180674,29.179046726826428,17.66892924665794,381.7455462351786,84.96858309973346,70.6500015258789,54.631400899997935,28.465481368730735,16.842691082523842,378.7219386237428,81.58802136578302,70.87000274658203,54.665635253354424,29.101904575659702,16.842691082523842,380.0763692929868,81.64483522237985,42621300,15835000,34759100,511102000,62677300,21850000
2023-01-18,70.52999877929688,54.60763168334961,27.780841827392578,17.319095611572266,373.4092102050781,84.7223892211914,72.77999877929688,55.86943857245061,28.754762588389678,17.81344118394388,381.6406423942581,86.3795276934638,70.5,54.55343273106367,27.6072715358387,17.224410962438323,373.20891710602956,84.61822565354167,71.87000274658203,55.45580792554778,28.735476591725053,17.60812825910423,380.58192119114887,85.67879687663415,39538700,15703000,44199600,439624000,99632300,19209800
2023-01-19,67.70999908447266,53.55501174926758,27.40477752685547,16.709135055541992,370.6907653808594,83.70915222167969,69.25,54.205410029065824,27.732632154433045,17.139696655240964,373.0180477652269,85.23371991220695,67.2699966430664,53.278307647497265,27.231207213524506,16.67524985593479,369.3744957046609,83.57658174637723,68.97000122070312,54.116026377502926,27.587990839728608,16.97923193804357,371.3774844034351,84.30571936054072,47189900,22692000,36886600,452932000,86958900,13651100
2023-01-20,70.06999969482422,54.27388000488281,28.17619514465332,17.779556274414062,377.596435546875,86.1995849609375,70.12999725341797,54.3290329403394,28.185838142842474,17.796499823469546,377.749049499946,86.1995849609375,67.44999694824219,53.16421237444866,27.240846390871358,16.768935260471654,370.44282022993093,84.46669030609822,68.01000213623047,53.53695626135788,27.404773681659314,16.954314377855656,372.08338384027553,85.22424201381823,47757600,22950000,35158500,564967000,91806400,14287200
2023-01-23,76.52999877929688,55.305564880371094,29.188690185546875,19.129043579101562,382.1270751953125,90.58390808105469,76.58999633789062,55.606042223120184,29.400830644794553,19.180870344101777,384.05377185885095,90.65019331708767,71.54000091552734,54.17878391328379,28.13762720983005,17.75862551866824,377.443838004556,86.85297764692967,72.22000122070312,54.38987760746552,28.28226851564501,18.00380415598392,378.3976534216192,86.89085595674122,84293200,23429000,38795800,655163000,84178800,22875100
2023-01-24,74.69999694824219,55.62886047363281,28.8511905670166,19.200801849365234,381.7169494628906,89.54228210449219,75.63999938964844,55.78670556654499,29.111546002854098,19.430036855773828,382.6230566629975,92.79974484773807,73.41999816894531,54.735042140836754,28.66797727818127,18.75728504510627,379.2751842732551,86.6920094287017,73.75,55.00223910469349,28.87047656357061,18.764261688305943,380.4579061003212,90.70701677475034,60822600,13825000,24855100,496204000,59524900,11370500
2023-01-25,74.91000366210938,55.690670013427734,28.63905143737793,19.25861167907715,381.8600158691406,87.50637817382812,75.12000274658203,55.813330407622715,28.822262895410606,19.30545594731295,382.19385709358215,88.06506706700691,72.08999633789062,54.77402877153541,28.127983540516905,18.518087479978714,375.38360090426846,86.2848296024043,72.9000015258789,54.92901918978587,28.465481138851015,18.84997803686339,377.66323376967637,87.762047770382,49932600,13766000,28268000,449537000,84800300,14147300
2023-01-26,75.16000366210938,56.91729736328125,29.015119552612305,19.73601531982422,386.05682373046875,88.49117279052734,77.08000183105469,57.105568160661406,29.034405550291837,20.09880270917431,386.2189851730942,89.27713146197593,74.27999877929688,55.745820920935955,28.28226819371583,19.213761238604867,381.55481340491326,87.72415688621304,76.5,56.14043366845035,28.986190556093007,19.63535204186898,384.51164727734886,88.90782697289505,49583900,24525000,56088100,489535000,72287400,15759400
2023-01-27,75.4000015258789,56.19558334350586,27.154062271118164,20.297138214111328,386.9438171386719,88.34913635253906,76.73999786376953,56.98100381785263,27.231204420328744,20.559262315315294,389.3092897646847,89.12562362453707,73.48999786376953,56.11951546977172,25.82335973743222,19.34033810009434,384.80727999784443,87.34537922687184,73.69999694824219,56.417138144310826,26.102999338615348,19.39714737022937,385.01712054618537,87.89460386974936,58118600,19344000,148548200,542142000,68346200,13646600
2023-01-30,72.44999694824219,55.288455963134766,26.95156478881836,19.098146438598633,382.0888671875,88.18814849853516,74.63999938964844,56.064365730315764,27.49155983268477,20.072886152093297,386.4191967958499,89.24871943644226,72.4000015258789,55.12775980492893,26.681566347278196,19.08618539248616,381.79318677341877,87.6673380248818,74.2300033569336,55.435839970633744,26.729779500775336,19.883520664577752,384.196790848311,87.9230075701955,48105200,16984000,55145800,488611000,74202000,14079800
2023-01-31,75.1500015258789,55.62696838378906,27.250490188598633,19.47189712524414,387.7069396972656,87.80941009521484,75.19999694824219,55.83806210676063,27.279419184014884,19.621396897100432,387.75461882959763,87.8378170295217,72.02999877929688,55.22094776586304,26.546567853061564,18.88685330332513,382.2606321672819,85.22427070502663,72.26000213623047,55.34741320423344,26.787637297221977,19.106119508648174,382.60402088774634,86.17120704619359,71669100,23719000,52621600,498017000,86811800,13342100
2023-02-01,84.63999938964844,57.313812255859375,28.031553268432617,20.873214721679688,391.827392578125,89.71273040771484,85.4800033569336,57.8415465152958,28.37869383918174,21.121383652696668,394.56486749175457,90.68807350345996,77.87999725341797,55.40731284678983,26.691207814594986,19.54565246966647,383.7676691333913,87.65788065992659,78.47000122070312,55.49003679703182,26.893705254722768,19.625385818373413,386.495567469355,88.06506350057792,152548200,26553000,63330600,660477000,101459200,16788500
2023-02-02,88.30999755859375,57.60096740722656,29.11154556274414,21.636655807495117,397.53125,91.52136993408203,88.94000244140625,58.301759541021646,29.217614863759888,21.875855795019138,398.99058665006424,92.32626412513501,83.19999694824219,57.02854138535112,27.77119824992596,20.631019359616392,393.81137511828143,90.75434682711858,84.29000091552734,57.77783036608637,28.205123969761672,20.93001886877329,395.69991130769336,91.4740202421471,97762100,24188000,62230700,564276000,101654500,14925300
2023-02-03,86.08999633789062,56.826011657714844,29.236902236938477,21.029685974121094,393.3057556152344,89.63697814941406,88.80000305175781,57.81682007634415,30.056538724554706,21.67253700894129,397.7123777653695,91.80545554440867,85.83000183105469,56.695741211202424,28.4751237408344,20.7197215405838,392.1039389895125,89.30554472199756,86.66000366210938,56.86214308049455,28.5619088888887,20.93001883755329,392.580846652655,89.99681128044845,66557800,19093000,57603100,429366000,94736800,12242200
2023-02-06,83.68000030517578,57.175933837890625,28.002227783203125,21.018728256225586,390.9021911621094,86.9571533203125,86.27999877929688,57.35849890969041,28.939213232302656,21.498124471655988,392.29478274143617,87.16548044105603,83.22000122070312,56.316346196378035,27.92414566244483,20.71673650906174,389.2521089864295,85.92498910150584,84.62999725341797,56.419038369148765,28.841610115948637,20.736670321605864,390.86405950020315,86.92874639012926,53008900,18709000,48726400,452197000,60295300,12425200
2023-02-07,85.91000366210938,58.426326751708984,28.353595733642578,22.0991153717041,396.0146179199219,89.53280639648438,86.25,58.66975046452914,28.56832295693167,22.184829243176587,397.25456629561944,89.67484102431234,82.5199966430664,57.025692773837925,27.748459777304095,21.07952350178786,388.74654923536696,86.81509733277927,84.31999969482422,57.11507642031327,27.963185138968626,21.31075078020512,389.98649761106446,86.9097894928475,65291900,24025000,50780800,664150000,90990700,15258900
2023-02-08,84.69000244140625,57.21492004394531,27.563013076782227,22.131004333496094,391.6842346191406,89.27714538574219,88.0,58.02030873793868,28.421918216464604,22.801761973525313,395.3850425222963,90.84906297379743,84.54000091552734,57.11127389403193,27.53373158510289,21.93466031131526,390.99748646073925,89.22980290962064,85.87999725341797,57.68750136407775,28.255993486863996,22.312397048764478,394.0497069665525,89.97787616347104,54140400,15290000,36479100,559651000,76227500,12899700
2023-02-09,83.20999908447266,56.9962272644043,27.06524085998535,22.262563705444336,388.2887268066406,91.55926513671875,86.66999816894531,58.47197901728637,28.129110934064443,22.94328822764602,395.4232768287697,93.33950262390167,82.76000213623047,56.6225330431438,26.909076616232884,22.046287782724328,387.06784419886776,90.54604367347608,85.87999725341797,58.250424189387836,27.99246768618719,22.530668289120996,395.27066286428095,90.90587683511039,46525400,18837000,43906400,523876000,78694900,16997400
2023-02-10,81.4800033569336,56.410484313964844,27.133560180664062,21.19413948059082,389.1947937011719,90.3093032836914,82.70999908447266,56.90588855812967,27.319005902487607,22.00443010232316,389.57631399027076,91.37933853303315,80.47000122070312,56.066269100903604,26.68458848339329,20.74165374341449,386.30473457675294,89.24873219418005,82.29000091552734,56.701450925106734,26.967635453058673,21.6177244226343,387.1154542755384,90.8585207603826,49332600,21035000,31232500,550737000,70769700,11511400
2023-02-13,83.12999725341797,57.15882110595703,27.865583419799805,21.71539878845215,393.7635498046875,91.01004028320312,84.1500015258789,57.19305183287523,27.865583419799805,21.97453265239466,393.8970979159843,91.27518126771282,80.9000015258789,56.43140455661139,27.055480697189722,20.89215094788676,389.38554115612743,89.87371971400442,81.56999969482422,56.57688786648052,27.20188630644277,21.4662318309297,389.84338297011766,90.40400168302381,45400000,19847000,32347500,474919000,64913500,7803500
2023-02-14,85.94999694824219,57.271976470947266,27.95342445373535,22.894454956054688,393.5824279785156,92.76185607910156,86.19000244140625,57.582911328301684,28.031506572145943,22.972194156462287,395.88109763709383,93.73719907031982,81.7699966430664,56.4171441074874,27.31900700894623,21.294801814356916,389.6431654454688,90.16725328335366,82.69999694824219,56.49796736540053,27.699657103494793,21.506095265379177,392.2470630392104,90.73541347755811,55979700,17571000,27928900,675474000,88389300,15345100
2023-02-15,85.18000030517578,57.783538818359375,28.15839195251465,22.688142776489258,394.8605041503906,87.83779907226562,85.88999938964844,57.83963846459577,28.187671584208548,22.778839139042542,394.9367965737248,88.70897859414607,83.31999969482422,56.73852784061682,27.4849324991859,22.032336407803555,390.55878744301873,85.95339093690858,85.0999984741211,56.9439194330447,27.680138731393377,22.47385907538401,391.3981496403728,87.43061623982484,46430200,12683000,23359400,420575000,61555700,30208300
2023-02-16,80.08000183105469,57.103668212890625,27.523975372314453,21.928682327270508,389.42376708984375,86.00074005126953,83.3499984741211,57.90240084235154,28.13887185871126,22.474854630211915,393.8399372390062,86.91926926412371,80.05000305175781,57.00953281296161,27.45565188571511,21.853931493512214,389.2902480643342,85.11061776672229,82.9800033569336,57.123636437944924,27.816782868384426,22.059244404818788,389.91022227936105,86.15225330163902,57755200,17449000,28972500,412026000,76431500,15568400
2023-02-17,78.5,56.63298797607422,26.948118209838867,21.316734313964844,388.4508056640625,85.31893920898438,79.6500015258789,57.13314761487632,27.397089938587733,21.66756071286323,388.68925947511036,85.50833075937166,77.37000274658203,56.33441492875525,26.72363048383983,20.905110349706753,385.38903777235305,84.22049711493388,79.5999984741211,57.0523243592501,27.32876831565852,21.558924652966695,387.3062157277801,85.19584011964434,47826600,14215000,32086200,465888000,89257800,11235300
2023-02-21,76.7699966430664,55.29701232910156,25.435274124145508,20.58616828918457,380.65814208984375,82.98948669433594,78.45999908447266,56.39526838158688,26.616268274114095,21.422371136193572,385.4939926151098,84.67503194809184,76.44999694824219,55.135365822367355,25.415754990518632,20.549290937040386,380.40062243945897,82.83798066146731,77.1500015258789,56.10145071848473,26.460104035351655,20.93001789888033,384.4447899703579,83.6902174485216,44045600,22737000,63668400,410015000,82655900,14007600
2023-02-22,76.61000061035156,54.78639221191406,24.85941505432129,20.684839248657227,380.1336364746094,82.22245788574219,78.12999725341797,55.44439328106596,26.255134413274384,21.03367329167558,382.6040151198372,83.41559209154536,75.91999816894531,54.39938588858411,24.693490336229853,20.352948752679065,378.68381828938857,82.06148049322806,76.93000030517578,55.36452038181554,25.288867594374018,20.637996890010594,381.06835703282917,83.09363730651712,50286800,23475000,89195300,513184000,83742300,10106400
2023-02-23,79.75,55.511905670166016,24.996061325073242,23.58514404296875,382.15570068359375,85.3000259399414,81.79000091552734,55.715392935669826,25.454793514818004,23.80839853574855,383.624584623004,87.1086705649862,77.97000122070312,54.54962226644211,24.71301249664335,22.94827344265805,377.9493710671943,84.71292281725863,80.62999725341797,55.697325410946135,25.161986051002106,23.361891451181727,383.0141287647056,85.50835308749177,76391300,18939000,56473200,1117995000,96242400,15468300
2023-02-24,78.08999633789062,54.93663024902344,24.537330627441406,23.208404541015625,378.07330322265625,83.43455505371094,78.80999755859375,55.17339426774629,24.742297369426744,23.395779705379205,378.9031178542997,83.47243337133261,76.94000244140625,54.542967855323845,24.322605248736267,22.870535374988126,375.4598586847204,82.61071790067783,77.75,54.91570804750071,24.615412752572794,23.14760888799269,377.15764870927023,83.41561228262492,46700000,15353000,44089900,589716000,108194400,8817600
2023-02-27,78.7699966430664,55.66880798339844,24.303083419799805,23.422687530517578,379.3610534667969,82.66754150390625,80.12000274658203,56.08243867226397,24.966782391500903,23.800424307289973,382.7566343554962,84.13528842750159,78.52999877929688,55.55565469146399,24.283562423779266,23.37584516662916,378.42630378758486,82.6107204134702,79.63999938964844,55.70874806666467,24.9375008974701,23.59112499865335,381.4022035230167,83.99324653823737,45617300,18321000,37657000,452994000,80444700,10609400
2023-02-28,78.58000183105469,56.509376525878906,24.332365036010742,23.13863754272461,377.95892333984375,82.44971466064453,80.13999938964844,56.91730145256208,24.51781077588773,23.745609343959064,380.83943554893773,83.47240724265365,77.41999816894531,55.35786822559383,24.137158798074474,23.128670637340598,377.85398850305495,82.28873727955461,77.87000274658203,55.679264171963766,24.34212553407002,23.294117844928124,378.8841254999914,82.51599988959615,44220100,27822000,50255300,455963000,96438600,7520400
2023-03-01,78.29000091552734,56.44090270996094,24.722774505615234,22.622365951538086,376.5090637207031,83.72808837890625,80.29000091552734,56.88210794540451,25.298630833078455,23.1785071533375,378.36901530523187,85.26212746450679,77.87999725341797,56.12996791333613,24.371404038247963,22.432998534976818,375.21188881048784,83.5860465187406,78.55000305175781,56.48179313310523,24.42996702389222,23.11471933360439,377.1481328157973,84.31519136280133,44266000,15484000,47823400,460026000,99706800,8176700
2023-03-02,80.44000244140625,56.923954010009766,25.57192039489746,23.236309051513672,379.43731689453125,84.30571746826172,80.91999816894531,57.1417037855773,25.669521652354405,23.302089102000206,380.27667913690243,84.59926533919275,76.6500015258789,55.73345968057763,24.517810804390407,22.35724820401247,374.2103978176706,82.49707332463176,77.56999969482422,56.04344415643553,24.60565156377673,22.413063250752206,374.54423904245056,82.98947690405306,60108600,27525000,48309300,389415000,85127800,9761600
2023-03-03,81.5199966430664,60.167381286621094,25.76712417602539,23.81039047241211,385.52264404296875,85.0254135131836,81.62999725341797,60.44979112945338,25.845206297161468,23.82035737741727,385.770645358477,85.08222738084369,79.33999633789062,58.54994771240406,25.38647406819009,23.05292280095457,380.6009531474197,83.21676166412831,80.4000015258789,58.73536747358033,25.571919803997503,23.24229019406714,381.2495406253721,83.96484222803986,54536200,46088000,36744900,412393000,90120000,10844000
2023-03-06,81.16000366210938,60.182586669921875,25.36695098876953,23.475509643554688,385.7897033691406,84.82654571533203,83.30000305175781,61.240906152828025,25.903767156405635,24.167195304458623,388.63208364699216,86.48368404941911,81.04000091552734,60.06943340234012,25.308389868134043,23.40873157565337,385.35095644978605,84.76026047095054,82.02999877929688,60.38036820760941,25.83544367710236,23.811386520323765,386.34290347544555,85.30001381078547,54541300,24983000,37879800,437429000,72795900,9960000
2023-03-07,82.11000061035156,59.44377136230469,24.91798210144043,23.214338302612305,379.8760986328125,84.1352767944336,84.8499984741211,60.45454818784,25.366953846261588,24.04869069829288,385.9805412788421,85.45151748549256,80.66999816894531,59.287830565464866,24.888700607012005,23.16748608515548,379.2656718330934,83.61446623854278,81.06999969482422,60.36801920017714,25.220550097368804,23.52535169548433,385.74208739761093,85.17690513076485,70959000,19334000,43164600,515154000,108310600,8761100
2023-03-08,85.37000274658203,60.11983871459961,25.357192993164062,24.104515075683594,380.4960021972656,86.01020812988281,85.7699966430664,60.16452691580656,25.3864744871826,24.12345598243845,381.2494953064361,86.01967228925511,82.27999877929688,59.30303850971448,24.839899630209082,23.34990950267541,378.27359630662346,83.46294769620373,82.79000091552734,59.693846260220866,24.947261385027765,23.412709959422333,379.99048126599143,83.66180341125892,69529800,20912000,36071900,513573000,74746600,8813000
2023-03-09,84.02999877929688,59.193687438964844,25.80616569519043,23.361875534057617,373.4759521484375,84.16368103027344,87.80999755859375,61.087828793265,26.33321953780848,24.376655371001526,382.93781363415775,85.87764034634586,83.58999633789062,59.13283240958658,25.347431612988608,23.309041767400636,372.4935234600931,83.87013314044557,85.29000091552734,59.91254722183505,25.35719211065509,24.09853658284537,381.2781550603871,84.94963975576995,79496700,21775000,54886100,501257000,111945300,10354700
2023-03-10,82.66999816894531,58.46246337890625,26.56746482849121,22.892362594604492,368.0869140625,82.62016296386719,85.44999694824219,59.9201473917264,26.860274161836333,23.55226936391661,375.0020758920174,84.43827828316333,81.62999725341797,58.27133790842727,25.689040551704853,22.654118224508185,366.5703510301064,82.57281327578785,84.47000122070312,59.732826947125325,25.913526404132295,23.334958480231546,372.9322836127058,83.35877186079699,70273600,26098000,65187000,474866000,189253000,11928800
2023-03-13,82.01000213623047,58.61840057373047,26.303939819335938,22.893356323242188,367.5622863769531,83.08418273925781,83.83000183105469,59.37149095937255,26.655308426042993,23.22430691098968,372.3600057541109,84.27732441109794,78.5199966430664,57.7065147517455,25.97209034627264,22.22647370103853,363.0698240200609,81.73006364232221,81.38999938964844,57.72648297498703,26.09897309226763,22.68003442386319,364.17625337042944,81.79634888939388,65269100,22364000,50977000,421890000,157790000,11847600
2023-03-14,87.44999694824219,60.138858795166016,27.338529586791992,23.98689079284668,373.6380920410156,84.55192565917969,88.30000305175781,60.22539141134824,27.42637220779286,24.14239751688331,375.2786555832206,84.8738804670077,83.58999633789062,58.81144135344351,26.59674848813171,23.385797384475328,369.17421414646356,83.0557648797987,83.66999816894531,59.27641995571475,26.694351607202076,23.421684721601242,372.4648886988362,83.35878414433354,66616300,25893000,47689800,474910000,149752400,11100100
2023-03-15,89.68000030517578,59.52838897705078,27.728940963745117,24.1513671875,371.3013000488281,82.099365234375,90.41999816894531,59.91159026540328,27.816783587160867,24.209182394285897,371.50159315536877,82.61071164673119,86.22000122070312,58.59272985461577,26.996920343030357,23.286112651373358,365.98854067961,80.90623083009372,86.7699966430664,59.68337939628911,27.06524196977045,23.685843355775486,368.06788061068585,82.57283333197705,86177400,22963000,49322800,524486000,172996900,12171500
2023-03-16,96.5999984741211,60.52299880981445,29.456510543823242,25.4602108001709,377.8157958984375,85.0016098022461,96.69000244140625,60.577197754465814,29.544353168635816,25.507061113842557,378.1591845711939,85.16342522811355,89.0199966430664,58.74581606760809,27.70942040768955,23.81841921677658,368.4493509964938,81.68911397528483,89.72000122070312,59.129971309957995,27.70942040768955,23.950999843481604,368.95487198316505,81.81285390174367,115839200,31716000,75779500,583253000,143254200,13184600
2023-03-17,97.83999633789062,59.99717330932617,29.09537696838379,25.643632888793945,373.3980712890625,85.16342163085938,98.75,60.81492384525602,30.25685012340821,26.31550083175522,377.62045366564536,85.69646407574687,95.94000244140625,59.62728414327646,28.73424786425932,25.586812067911023,372.01933299388344,84.71604360940366,96.66000366210938,60.52300688303674,29.202740580670582,25.89981997420156,376.49066315741425,84.77315322502486,94080800,79303000,80628500,848547000,140553400,13287700
2023-03-20,96.80999755859375,61.20859146118164,28.46095848083496,25.818078994750977,376.9886169433594,85.70597839355469,96.94000244140625,61.306528271853516,29.183218524450513,25.941687335476704,377.4003451216976,86.0200957804341,92.9000015258789,60.05708308690526,27.94366329508857,25.050514016475315,373.4747707102602,84.39240649681996,96.30000305175781,60.16548099987261,29.085615413340413,25.533980590026932,374.17369470613346,84.91592821279423,92008900,25857000,38780100,432747000,93055800,8217500
2023-03-21,95.93000030517578,60.98255920410156,27.777740478515625,26.116132736206055,381.93865966796875,88.04756927490234,99.45999908447266,61.92494910697304,28.470720939680174,26.30852307379936,382.4173875215719,88.52350208179371,93.63999938964844,60.75079140097667,27.30924774685839,25.300721156644958,378.7503158002034,86.42940063633503,97.0,61.58975000331899,28.30479619784849,26.097193730071265,380.33969578047333,86.61977085422825,85285300,25000000,55650800,547408000,91524200,12299700
2023-03-22,97.58000183105469,60.42421340942383,27.455650329589844,26.384281158447266,375.4279479980469,88.16181182861328,101.69999694824219,62.10787748300807,28.421919107429034,27.501735683439474,385.3663430375663,90.45580459954041,95.63999938964844,60.40027270287093,27.426370698617145,26.1540109224766,375.3896708071276,88.08566082271571,95.6500015258789,60.99692713453381,27.797260296726222,26.341415997809847,381.7663294027596,88.99945110700766,110816300,25799000,37415500,797295000,111746600,12812400
2023-03-23,100.27999877929688,61.2200813293457,28.334075927734375,27.104997634887695,376.44287109375,90.03697204589844,102.43000030517578,62.077237603712554,28.46095866988316,27.412024025202122,382.3024953130758,91.2077700388383,98.66999816894531,60.482639557207804,27.543492397953248,26.60558279418749,373.7428390023417,88.93281162286793,100.05000305175781,61.18847579471489,27.69965663211691,27.02923780216144,378.28116967824513,89.94178692942046,84088900,27162000,43785500,564889000,119351300,11169700
2023-03-24,97.94999694824219,60.92701721191406,28.656166076660156,26.694297790527344,378.9130554199219,88.3236083984375,99.5199966430664,61.22678204646159,29.09537730527202,27.08107103959281,378.9992229180059,89.64670097903938,96.73999786376953,60.19723665152836,28.236473981906343,26.27163910855887,372.8332064884797,87.65729813243605,99.18000030517578,61.1051531708628,28.343837595436273,26.945501524795564,375.169400500622,89.42776869940052,64712400,17228000,55912100,454920000,107682400,7653700
2023-03-27,96.61000061035156,60.03346252441406,28.480480194091797,26.44708251953125,379.62158203125,86.29615783691406,98.93000030517578,61.20762390060058,29.01729452630721,26.91459893449874,381.94822147173227,87.74299067304,95.43000030517578,59.95205754856178,28.382877080518664,26.28160721288135,378.7311552876925,86.19145201682129,98.0199966430664,61.198048348957606,28.665925923718298,26.752114397420495,381.18223941875726,87.60973004058734,57461400,14707000,34758200,361026000,74010400,9349800
2023-03-28,94.55999755859375,59.82851791381836,28.58784294128418,26.326467514038086,378.7694396972656,86.43890380859375,96.94000244140625,60.0047358405048,28.626883068558943,26.42914237361527,379.6215599838787,86.49602067691201,92.87000274658203,59.2692121371405,27.943663155817884,25.768239273478084,376.9406960022324,85.59174409380695,96.7699966430664,59.879274551365626,28.38287622281206,26.363351140587802,378.9321907858517,86.29612979319172,59150100,12439000,37407900,356104000,62871700,7521300
2023-03-29,96.08999633789062,59.90513229370117,30.764385223388672,26.898649215698242,384.27484130859375,88.2950668334961,96.91000366210938,60.720150237887324,31.125514332127047,26.99235175803325,384.5142052275328,88.73292419627634,94.87000274658203,59.8227701244216,29.046576712975515,26.51287415863534,381.7184217978642,87.04811779337231,96.06999969482422,60.6023501231672,29.056337210728525,26.740153636460196,382.9152413925595,87.34320110688881,55326000,26395000,85556200,393694000,77497900,9264000
2023-03-30,97.87999725341797,60.69525146484375,31.320720672607422,27.29638671875,386.5248718261719,88.01902770996094,99.52999877929688,60.91552570630857,31.798975756041244,27.412020935167096,387.14721217774354,89.01848239749515,97.25,60.26906813736234,31.047432319448752,27.01627538766958,384.6674054592339,87.60020445299837,98.0,60.597563293040594,31.086474310596248,27.142874491555478,386.8982643494234,88.85666696172666,59678500,21523000,70077600,364516000,69840000,10232800
2023-03-31,98.01000213623047,61.441307067871094,31.886810302734375,27.68914031982422,391.9727783203125,88.54254150390625,98.36000061035156,61.50643251095144,32.11129985959346,27.745959234891043,392.26958723104974,88.77099449365626,95.2699966430664,59.944397333844705,30.96934597538122,27.019265008815836,387.3386673117375,86.7435159670377,96.33999633789062,60.38782100729871,31.037667588947482,27.054154149877146,387.4440026260915,86.84822177180008,55861100,22097000,59765000,433933000,112062600,8701800
2023-04-03,96.55999755859375,61.53037643432617,32.10154342651367,27.87654685974121,393.4664306640625,88.3711929321289,96.79000091552734,61.66732764839566,32.755483778380075,27.911436002639256,393.8685456943349,89.09461277334924,94.80999755859375,60.952873119445755,31.759935295631553,27.249536675681906,391.0632075126421,87.29558749014743,96.69999694824219,61.19804889240071,32.15034405617549,27.421989811329777,391.45576785501316,88.53301559259081,50655300,15682000,57038300,398716000,67391100,6863600
2023-04-04,95.87000274658203,60.758460998535156,32.30650329589844,27.366165161132812,391.283447265625,87.73344421386719,97.2699966430664,61.69989743893708,33.02876516195409,27.911435879998983,394.3951783979073,88.79001553382246,95.20999908447266,60.5276503670922,32.05273782705385,27.220627051021687,389.91426336080593,87.30510762995351,97.04000091552734,61.59550528700123,32.06249646217338,27.877543026671038,394.1079241464662,88.56156983987901,43195900,13429000,55714100,368592000,66601500,6338400
2023-04-05,92.55999755859375,60.24129104614258,32.04298400878906,26.795976638793945,390.25897216796875,85.85828399658203,94.5,60.498913944114676,32.199148256918505,26.91260524763218,391.31217934389673,87.74298129464667,91.36000061035156,59.924285843677325,31.564728904564877,26.31151378285065,388.6121470981262,84.76364424160124,94.3499984741211,60.445282085497766,32.01370065253086,26.744141067760594,390.55578111492605,87.19089744083229,52979300,16908000,39615700,515015000,65200200,9171800
2023-04-06,92.47000122070312,59.631221771240234,32.023460388183594,26.951480865478516,391.7812805175781,85.8963623046875,92.91000366210938,60.18286632527639,32.208904254125564,26.99434412357807,392.05895083799805,86.5341178694352,90.62000274658203,59.279739486329106,31.6818485636601,26.34340972671135,388.4206018294357,85.0967985692917,91.47000122070312,59.77679499485774,31.818491804169874,26.499912714821207,389.4642249836437,85.34428569498247,47778400,14493000,28551900,397654000,63743300,5874500
2023-04-10,95.4800033569336,60.08613586425781,31.74040985107422,27.49176597595215,392.1833801269531,84.73507690429688,95.80000305175781,60.132106548600134,31.974654329924114,27.533632944199486,392.2599929388598,84.74459759419416,91.0199966430664,59.03839663600448,31.428081397108453,26.58464452796212,388.69825688508763,82.30782385590679,91.31999969482422,59.19163103268014,31.81849010294123,26.738156744869016,389.3110132842087,84.1639589671556,52536300,15400000,30534400,395279000,63681000,12232900
2023-04-11,94.02999877929688,59.528751373291016,31.57448387145996,27.083066940307617,392.2887878417969,84.94450378417969,96.06999969482422,60.4203846834867,32.31626675629937,27.70210304890554,393.6866651152167,85.51562182402192,92.69000244140625,59.45692194679973,31.545204241854094,27.040201775147455,391.52283489671987,84.21157029777812,96.05999755859375,60.410805478143125,31.877053695966687,27.636311817588748,392.80582215030137,84.37338574433745,51935800,16518000,27059100,314378000,59297900,11079200
2023-04-12,92.33000183105469,59.06233596801758,31.252399444580078,26.411195755004883,390.6897277832031,82.68856811523438,95.0,60.09858524113856,32.10154228489594,27.381117678822534,394.63446921650785,85.19197205395116,91.73999786376953,59.020197697265296,31.193836457118923,26.36434353627186,390.1056939195026,82.67904742573464,94.97000122070312,60.08134851828358,31.984420033222882,27.28342808388289,394.3472150182869,84.63037483015773,53383100,14112000,37070800,446259000,86420400,11299100
2023-04-13,92.08999633789062,59.78445816040039,31.35976219177246,26.379297256469727,395.879150390625,82.85989379882812,93.16000366210938,60.000903623454185,31.65256967447336,26.801955937603214,396.23340427170086,83.41197026371835,91.83000183105469,59.10160551369735,30.891267613176623,26.245722222126854,390.6322834184287,81.83187732684107,92.79000091552734,59.289320668346136,31.057192349807018,26.649439996093154,391.7716578689955,82.39347448003413,40572500,17265000,29722300,353615000,85814800,7910500
2023-04-14,91.75,59.33432388305664,31.12551498413086,26.673364639282227,394.91217041015625,83.00269317626953,92.97000122070312,60.14742732337975,31.467126827768343,26.79796926788527,397.4302835798645,84.11638165898474,90.5,58.91963422357364,30.9303106098554,26.13706621130104,392.61428257068803,82.37446553729953,91.81999969482422,59.424350864317695,31.232878600038376,26.420168322960834,395.24728574948534,83.71659251182975,38734800,17465000,24623600,395660000,78161500,7656400
2023-04-17,89.87000274658203,60.0832633972168,31.36952018737793,26.916589736938477,396.3291931152344,83.75465393066406,90.69000244140625,60.177119144106285,31.85753388966632,26.920576795384022,396.348331709265,83.81177080617285,88.30000305175781,59.16864297984465,31.008391090194262,26.34938931944914,393.600438675659,82.96461098473591,90.2300033569336,59.2452620037359,31.18407632087801,26.480971754729268,394.82598073584927,83.52620821510402,47250800,13201000,29601100,321471000,66436400,8163600
2023-04-18,89.77999877929688,60.55829620361328,31.066953659057617,27.579490661621094,396.5876770019531,83.8974380493164,92.16000366210938,60.86285064941861,31.68185013344323,28.02109026862938,398.0334443121423,84.14492515242668,89.33000183105469,60.06124429194242,31.018153031207433,27.270471706452536,395.2185225027445,83.28824461255157,91.61000061035156,60.49125637634753,31.652570501382968,27.445915621619545,397.89938650253947,83.95454766458855,46246300,16806000,26041400,604812000,63560000,8468200
2023-04-19,89.94000244140625,60.76707077026367,30.40325355529785,27.842653274536133,396.52069091796875,83.03125,90.54000091552734,60.9863877852748,30.76438451737318,27.911435269103396,397.42067233366515,83.17402404835704,88.22000122070312,59.90991465517485,30.334931934219302,27.145864822992923,394.62491824072464,81.89852746863993,88.51000213623047,60.02867194540743,30.35445292927733,27.274456503625604,394.68236324131743,82.07938427943769,37344500,19060000,25746600,358660000,55227300,11191300
2023-04-20,90.11000061035156,60.625328063964844,30.120206832885742,27.01827049255371,394.3568420410156,84.9920883178711,91.58000183105469,61.55527446773701,30.500856931673162,27.94134215983428,396.0994183553833,87.45741696873779,88.7300033569336,60.062193588935315,29.973801230314056,26.914599351934957,392.815323233928,83.85936582306267,88.83000183105469,60.13114778694821,30.022603718379475,27.583476516154896,393.7153338921518,84.06877743677437,47082700,20239000,30255100,427713000,75840400,19206300
2023-04-21,88.43000030517578,60.61383819580078,29.573631286621094,27.033222198486328,394.6631774902344,81.26077270507812,89.80000305175781,60.70003277010393,30.100687008481,27.09702084669948,395.1227374400652,83.67851231415436,88.05999755859375,59.568970563192536,29.505309662296582,26.637478546679382,392.71954395114506,81.17510102072988,89.80000305175781,60.393563984447425,30.100687008481,26.866750601318966,394.65359358487166,83.55476513255783,41118300,14807000,28655800,345103000,73457400,13175400
2023-04-24,87.56999969482422,60.77090835571289,28.948970794677734,26.956466674804688,395.0749206542969,80.56590270996094,88.63999938964844,61.18368370883041,29.64195117506098,27.27944127802104,395.4962034683657,81.82236499442773,86.33999633789062,60.5075386535348,28.900170172261404,26.586639849155418,393.1312868972539,79.94718862592362,88.11000061035156,60.68471377146997,29.40770297491424,26.92755907031357,394.46213502684145,81.28932258955034,40423800,12338000,38732500,339282000,64332100,10567600
2023-04-25,83.80000305175781,59.57184982299805,28.18766975402832,26.15799903869629,388.8035583496094,78.32901763916016,87.05999755859375,60.909778450278544,28.86112916363043,27.160817581589445,393.6674491748633,79.38558898951118,83.76000213623047,59.545033892126185,28.1779111185137,26.142050802636824,388.7461133509764,78.30046283436546,86.9000015258789,60.718234521166714,28.73424642407108,26.992351504330397,393.1121085624426,79.26184181919032,52771500,23670000,38289900,378527000,97766700,13423700
2023-04-26,85.94000244140625,59.01350402832031,28.353595733642578,26.87073516845703,387.1567687988281,78.29095458984375,87.3499984741211,59.678159192280624,29.095376794335365,27.24355272101591,390.48872511908525,78.41469451767537,85.31999969482422,58.756838293035656,28.148630869547965,26.620529651196374,386.6014573550663,77.3010133807137,86.51000213623047,59.37552276568889,28.5000013355668,26.91659109618502,389.4163794213185,78.28143389934623,47786600,17179000,41218800,406337000,80447000,11583500
2023-04-27,87.44000244140625,59.22610855102539,29.14417839050293,27.1398868560791,394.8642883300781,79.64260864257812,87.56999969482422,59.38700412066215,29.232021004320046,27.408037041245223,395.1323747434497,79.82346546597016,84.08999633789062,57.772297978640445,27.826541044870687,26.540787923231075,389.4355019352683,78.20529653319394,86.41000366210938,59.01349550446361,28.060787394508164,27.276454573793355,389.6844497545518,78.9096751820561,53087200,18250000,60186200,377161000,92968400,10013700
2023-04-28,89.37000274658203,60.00090026855469,30.315412521362305,27.661231994628906,398.23455810546875,80.24227905273438,89.75,60.02771619580566,31.789214215921206,27.670202402547503,398.2441420130027,80.44216997239101,86.44000244140625,58.85738729450123,30.071405655275562,26.98537507177856,393.9260072843417,79.69019522006818,87.0199966430664,59.289317353234196,31.213357863026513,27.138889210344786,393.983452291085,80.41361516417703,50686100,16183000,80252400,292216000,89433100,8262600
2023-05-01,89.69000244140625,61.09748458862305,29.573631286621094,28.818559646606445,397.8323669433594,79.93767547607422,91.04000091552734,61.19708713072253,30.491097620067237,28.966092248398787,399.85258413885225,80.61349917379022,88.61000061035156,59.972169127560825,29.554112152260263,27.69213458998084,397.60255774112403,79.86152448592529,91.02999877929688,60.00090308910623,30.36421486941095,27.751944282030347,397.7940605397827,80.24227217451183,59358700,17030000,36918500,570329000,62122300,4931100
2023-05-02,89.91000366210938,58.644779205322266,29.056337356567383,28.120771408081055,393.3611145019531,78.96678161621094,90.45999908447266,60.00090533228506,29.846919062283263,28.74479273603856,397.1717988833843,80.00431905829512,88.12000274658203,57.943728971745145,29.036816360963385,27.994174201759634,390.46960867294274,78.57652043568778,89.31999969482422,59.93003309568512,29.573630708701103,28.58928602409841,397.1239085646286,79.48078999180869,70483500,28357000,33463400,402730000,103998500,6875000
2023-05-03,81.62000274658203,58.727134704589844,29.915241241455078,27.71406364440918,390.6610107421875,78.71929168701172,85.4800033569336,59.56513606013866,30.3642148405713,28.277277108700098,396.2621316646499,79.72827428268482,81.0199966430664,58.65051933756271,29.524830630239645,27.385107494737166,390.4216468499389,78.47181182998769,83.54000091552734,59.081488540556755,29.90548074347161,27.75194355869358,393.85890883632186,78.64314794908998,109482200,19816000,45554500,383387000,91531800,7151600
2023-05-04,86.61000061035156,58.43600082397461,30.61595916748047,27.474821090698242,387.89398193359375,79.47126007080078,91.63999938964844,58.79993394236216,31.0863703868526,27.77088065437449,389.9429216709352,79.72826785982939,81.11000061035156,57.58650935561552,29.773137664169386,27.153839081492926,386.56310465857086,78.66217573105888,81.56999969482422,58.420678477957274,29.83194046852692,27.563538380203276,389.617390281609,79.00484794165803,122840500,17684000,46104000,321850000,94901900,7290600
2023-05-05,89.83999633789062,60.347599029541016,30.37095069885254,28.589284896850586,395.0749206542969,80.88002014160156,90.43000030517578,60.47688907657008,30.782560950703065,28.66404652957751,396.11854378303155,81.451138041739,84.72000122070312,58.74342552816937,30.116144174445274,27.64328719583459,391.25468204681897,79.71874296276582,84.98999786376953,58.99051569038692,30.753159550839502,27.737986024481625,391.51318454758655,80.24227194081737,78491100,24876000,35024600,361494000,87891800,6865000
2023-05-08,95.04000091552734,60.24607849121094,30.155345916748047,29.058792114257812,395.1802062988281,81.42259979248047,95.66000366210938,60.406020534581955,30.223947313565983,29.127574105075855,395.6589340882948,81.42259979248047,89.16999816894531,59.43393576622201,29.78293566366801,28.26032704979517,393.78232933496844,80.34699407413926,89.98999786376953,60.31503634928509,30.08674451993011,28.4317819808544,395.40043160090397,80.43265850860769,95503200,13934000,30882800,344979000,50046800,6746600
2023-05-09,95.05999755859375,59.23568344116211,29.498729705810547,28.480627059936523,393.44720458984375,80.96570587158203,96.16000366210938,59.76817320859,29.969140887733957,28.881355931475877,394.5578565410412,81.36549504285867,93.43000030517578,58.9818856774714,29.312524578664576,28.360011403786928,393.21742460657003,80.2422930633215,94.88999938964844,59.63983671543583,29.773135293975265,28.807590591905967,393.6387073887216,81.14656270472717,68674800,16990000,30706500,314869000,49220100,7287800
2023-05-10,97.0199966430664,59.97887420654297,29.371326446533203,28.793638229370117,395.28564453125,80.81339263916016,99.94000244140625,60.14455938313244,29.792737178090977,29.020917714127965,396.9037472185082,81.05135904430364,96.12000274658203,59.2127021969189,28.90091524959575,28.37097953587767,391.47495981594517,80.11852754079149,96.41999816894531,59.575678081677644,29.684935780406107,28.9132576098521,396.2718228655642,80.44216562810898,95619500,19174000,40526500,369350000,96142900,7442300
2023-05-11,97.0999984741211,60.11295700073242,28.283498764038086,28.487607955932617,394.59619140625,79.41415405273438,99.19000244140625,60.19053322229334,29.08711830196539,28.858432976365187,394.8834164060592,80.08997781475483,96.13999938964844,59.1858893685298,28.244296899140267,28.15665923092003,392.52808374994316,78.55747348744124,98.16000366210938,60.00856850216126,29.00871644141755,28.80460292458763,394.42385640636445,80.08997781475483,57061000,14430000,47144400,322149000,70157100,8730900
2023-05-12,95.26000213623047,60.44623947143555,28.371702194213867,28.250356674194336,394.07916259765625,79.41415405273438,97.44999694824219,60.59468426398882,28.51870545480219,28.688965423560507,396.04196418738917,79.89008689321291,93.68000030517578,59.78158441582345,28.146295200780703,27.95728601465977,391.6663849084535,78.9572553305251,96.83000183105469,60.18095176306621,28.45010405781083,28.438758018763792,395.83132277822824,79.36655786382299,53829700,11942000,24153800,274222000,70481500,5069800
2023-05-15,97.4000015258789,61.274662017822266,29.204723358154297,28.86142349243164,395.4387512207031,81.53681945800781,97.43000030517578,61.29573115356776,29.234124760049205,28.87737363124707,395.8408662145273,81.54633288626621,93.44999694824219,60.189570473061764,28.303100928438564,28.062958288462617,392.7770257910844,79.22378551339611,95.19999694824219,60.51519402080934,28.32270186303517,28.417831289934213,394.68235310668433,79.31897063109294,51749200,14614000,28717500,293926000,54289400,8707300
2023-05-16,101.4800033569336,61.431732177734375,28.636310577392578,29.120601654052734,392.7961730957031,81.7462158203125,103.27999877929688,61.955607328694796,29.302727428498926,29.775525121763952,395.25684108298174,82.57434151384854,97.30999755859375,61.17219488381532,28.62651010967065,28.74080810173077,392.78658918922883,81.47017392246715,97.38999938964844,61.33787641927744,29.028321809277315,28.74977851008436,394.3376626382598,81.56536629301665,90622900,14967000,22812000,449405000,57705500,11283200
2023-05-17,103.75,62.96695327758789,28.29330062866211,30.082542419433594,397.5643005371094,86.50555419921875,104.13999938964844,63.295444768829526,28.96951600834132,30.103475902342,398.1674730228259,87.38127618268183,100.05000305175781,61.73245599288791,28.107095499689855,29.336909250338078,393.1695828258179,83.82129315371985,101.79000091552734,61.99774372499881,28.930316010753835,29.49042145833307,394.80682372550075,84.04974615574976,75240900,24133000,41667300,432535000,87287000,23215600
2023-05-18,107.93000030517578,64.9235610961914,29.087120056152344,31.577802658081055,401.3941345214844,88.19034576416016,108.0999984741211,65.06338387513185,29.165521921428446,31.727327831009532,401.81541733647197,88.90424493559887,103.93000030517578,62.82616095774592,28.29330093657583,30.224098180923058,397.02813918363745,86.68639643341137,103.9800033569336,62.82616095774592,28.420703266681524,30.31381366494329,397.24833527836256,86.85773252504299,74338700,26389000,36529200,748725000,97177200,14879000
2023-05-19,105.81999969482422,65.34015655517578,29.33212661743164,31.16511344909668,400.81005859375,88.12372589111328,107.29000091552734,65.59874390332877,29.63593361688515,31.480113941471256,402.8207211975793,88.323616811306,104.62000274658203,64.97239843650136,28.910715883440798,30.818214581828073,399.594100500681,87.15281883628148,106.36000061035156,65.12467196957591,29.008718684013914,31.436252487669602,402.2941323052739,87.6953819802785,67880200,22968000,40683000,473908000,103793300,9295200
2023-05-22,108.0,64.96857452392578,29.67513656616211,31.07738494873047,400.972900390625,87.30512237548828,108.79000091552734,65.57289743447407,29.841740772433006,31.4202966741112,402.50483542937735,87.99046683522863,103.48999786376953,64.56154963205336,29.224324414797557,30.582953602496193,399.59416177767093,86.81014814916074,104.68000030517578,65.25876379922806,29.25372581681525,30.80325330521965,400.8292878724486,87.63827391504014,65424200,17796000,28693400,372000000,60745400,9259800
2023-05-23,108.12000274658203,65.7471923828125,28.920516967773438,30.59093475341797,396.4727478027344,86.08673858642578,110.98999786376953,66.94337996587014,29.59673424999005,31.18903735658012,400.9057714798649,86.94341193012924,107.19000244140625,65.3181375667844,28.900916033390814,30.534115833189922,396.0801875381463,85.98203277558929,107.25,66.14368813446353,29.44972911136836,30.901948183114918,399.3355304215125,86.61978106911401,73099100,36088000,29400900,356253000,86383500,7656700
2023-05-24,108.2699966430664,65.07967376708984,28.420703887939453,30.441408157348633,393.6004638671875,85.79165649414062,108.91000366210938,65.5374589446067,28.900915556908675,30.510190153140588,395.2568727625146,85.81069787574145,105.63999938964844,64.74734622058182,28.244299219900157,29.71172312962193,392.4419506407974,84.8873869464015,105.9800033569336,65.26259201605168,28.72451088886938,30.114444604983657,394.87389632279877,84.98257206792785,65910500,23021000,28045800,721419000,89213700,9443900
2023-05-25,120.3499984741211,69.79833984375,26.852664947509766,37.859867095947266,397.00897216796875,96.09082794189453,120.69000244140625,70.14216100032435,27.724887829401666,39.3551225285011,398.4547395231807,97.44248259241151,115.80000305175781,66.15615183752351,26.323452807345937,36.51912017458201,394.86428090134467,92.31192766804463,117.30999755859375,66.98361694638375,27.724887829401666,38.40114883242656,397.09513966858555,92.38807139563698,108514700,49263000,78009400,1543911000,90961600,60793200
2023-05-26,127.02999877929688,77.8364486694336,28.420703887939453,38.822811126708984,402.1505126953125,98.24208068847656,127.43000030517578,78.05193329060035,28.5089062219591,39.04610163074743,402.8686044347789,99.41287896491164,120.88999938964844,71.54329816213395,26.55865814499301,37.43122683133464,397.5834597512282,95.8814572747261,122.45999908447266,71.5825575588831,26.89186654701214,37.770151547520655,397.6600433469777,95.995676537293,92922800,82500000,71910600,714397000,93830000,26135800
2023-05-30,125.2699966430664,76.93714904785156,29.390928268432617,39.984130859375,402.3036804199219,97.07125854492188,130.7899932861328,88.28033790508523,29.439930604540834,41.8053518099001,404.60156797851874,100.17433521889005,123.51000213623047,76.50330093771936,28.420704444465784,39.82264450499864,400.9249420409186,96.64291466117751,130.4199981689453,79.98077153389373,29.106722195996916,40.4666011461992,404.074979094816,98.79413298297204,98902300,116912000,54874800,923401000,72216000,25248000
2023-05-31,118.20999908447266,77.3796157836914,30.81196403503418,37.71432876586914,400.07281494140625,93.84443664550781,123.95999908447266,78.69264645833509,31.644985050897073,40.1675430373075,401.38452439451896,95.16753666052684,117.86000061035156,75.67201098850552,29.07732060245757,37.70236568816468,398.5121576904561,93.3399489823228,122.41999816894531,76.12883898410595,29.106722003928486,39.36309641035941,400.48451382304125,94.9295702335785,87552200,89998000,136243800,1002580000,110811800,22206700
2023-06-01,119.47000122070312,75.65479278564453,30.508153915405273,39.64420700073242,403.8739929199219,94.08240509033203,121.27999877929688,77.17181487438715,31.301974899480218,39.92332013723305,404.92720009252923,95.74817011469761,116.5999984741211,75.19604299121623,30.400352519575563,38.21872982052202,399.0579916489923,93.85395934896646,117.29000091552734,76.67666993587679,31.16477023413201,38.367256795979486,400.302672440745,93.93011035014138,66032900,80792000,52667400,635873000,88865000,14998500
2023-06-02,117.86000061035156,77.76652526855469,30.684558868408203,39.202613830566406,409.71441650390625,94.17758178710938,121.66000366210938,78.89375871152116,30.958966332449027,40.37190412923741,410.4995078956091,96.42398511250487,117.68000030517578,75.39139401658548,30.214147675122152,38.934463636282324,405.9133165725639,93.87298509530108,120.75,75.72084996912331,30.772761200805327,39.97017888390724,406.43990546910896,96.37638892915814,52382400,62815000,36521000,482731000,91426200,13085100
2023-06-05,117.93000030517578,76.8375473022461,29.263525009155273,39.04710388183594,408.9292907714844,93.3304214477539,119.31999969482422,77.4983662825269,30.772761397927788,39.439854864368684,411.34206835375164,94.05383404758355,116.41999816894531,76.08860840796594,29.23412360841859,38.58457081030142,408.23033766769487,89.71332939997401,116.58999633789062,77.4983662825269,30.68455906496566,38.78593155134608,410.05908136180767,93.29234595373794,52602900,26222000,48244100,396094000,65460200,10568500
2023-06-06,124.2300033569336,75.65956115722656,30.341550827026367,38.531734466552734,409.8197937011719,95.01522827148438,124.41999816894531,76.80881739132802,30.82176436940935,39.03613447609746,410.3463826890826,95.75768231168624,117.73999786376953,74.35515248187215,29.106721878535176,38.02733445700801,407.8665757411859,92.73074927398424,117.91000366210938,76.80881739132802,29.175323279090467,38.70718026277856,408.51766787400214,92.91160607019289,75257500,37823000,42295300,388729000,64022200,13827600
2023-06-07,117.83000183105469,75.91143798828125,30.655160903930664,37.360328674316406,408.4026794433594,95.46261596679688,125.33999633789062,77.13922758541162,30.74336324083592,39.37813750275476,411.3420751836078,98.0612053710244,117.06999969482422,75.42108643994091,30.312152023660012,37.2416933197928,407.9813966367141,94.74871666156702,124.02999877929688,75.64232150797424,30.41015482791563,38.79592485025507,410.21228457452565,96.5001461378945,81755200,28957000,39098000,511998000,85373300,14367500
2023-06-08,121.05000305175781,77.01952362060547,31.18437385559082,38.39216613769531,410.8729248046875,95.12947082519531,122.20999908447266,77.0970998488346,31.213775258395675,38.74508306628558,411.32293010381545,95.85288360785704,117.05000305175781,75.54272563472664,30.43955514110036,37.39024395636986,407.7037491177831,93.88252168303725,118.30000305175781,76.12980458447953,30.802164965368004,37.60857182578051,408.46970190729934,94.2251939536285,65246900,21909000,35199000,417772000,61952800,9074200
2023-06-09,124.91999816894531,77.05973052978516,30.71396255493164,38.651371002197266,411.6101989746094,97.85179138183594,127.25,78.31721482687992,31.3509779935742,39.58948978920315,413.6112778783288,99.64129618318559,123.55000305175781,76.98886195375567,30.067146648710203,38.44899302917782,410.6240207738437,97.32826237130777,123.56999969482422,77.1727446823213,31.292177057348997,38.917552324899084,411.66764397898567,97.75659900744277,75105000,19241000,40218000,427717000,85742800,14902400
2023-06-12,129.19000244140625,81.91918182373047,32.409400939941406,39.36119079589844,415.3442687988281,101.90673065185547,130.47999572753906,82.17201873701242,32.63480606389449,39.40904425940009,415.4208816171955,102.22084804844428,126.4000015258789,77.68224366673779,30.733560406314766,38.49983605891858,411.86872917016797,99.28910020459878,128.52000427246094,77.68224366673779,30.772760403448927,39.08005597622932,412.5868209414102,99.31765501116897,85394700,51065000,59881600,388701000,76104300,20568100
2023-06-13,124.52999877929688,81.51312255859375,33.23262405395508,40.89647674560547,418.08258056640625,101.65926361083984,132.8300018310547,82.67578678479411,33.27182592341884,40.975237387752834,418.72405947829276,105.36202074659226,122.44999694824219,80.54391298673116,32.4094034876964,39.618401830821284,416.13894679853814,101.60214672835473,132.32000732421875,82.47179573479404,33.09542124932797,40.063036270092226,416.7995935234062,104.70523106420764,132461900,38990000,51990000,613208000,95899700,17858600
2023-06-14,127.33000183105469,84.87085723876953,34.869266510009766,42.86543273925781,418.5804138183594,102.2398910522461,127.7300033569336,85.09687823161252,34.88886370620157,42.868421916484955,420.3804349424088,102.51592569491655,123.80999755859375,81.13960013078687,33.12482070775246,40.427910831503084,415.1431518715733,100.15530299359664,126.52999877929688,81.97089384157297,33.193422109911886,40.699081687742314,418.41766273627127,100.92631183187697,95888100,43524000,74404300,740465000,100612100,12862600
2023-06-15,124.23999786376953,84.60750579833984,35.104469299316406,42.522491455078125,423.7698974609375,100.53656768798828,125.69999694824219,85.04230383007096,35.69248237005532,43.15654702262012,425.0145781797127,101.95123261707255,122.26000213623047,83.41897552173889,34.51645622857749,42.018039182120376,417.6709093443267,100.43142332806964,125.38999938964844,84.701361556038,34.57525529255383,42.47164881165265,417.7666315386717,101.57844342753995,85587100,33814000,67676300,568622000,110303100,11987900
2023-06-16,120.08000183105469,83.14027404785156,35.64347839355469,42.56136703491211,422.326416015625,99.9534912109375,125.8499984741211,85.23193111639308,36.0648890901967,43.5872177031006,426.31461080665895,101.08139740273725,119.9000015258789,82.88552272320945,34.88885932604447,42.53045985415552,421.8555294193706,99.74320250342942,125.81999969482422,85.1677628636179,35.63367979668896,43.31704703395712,425.74761712421093,100.77552490797336,82007100,68299000,110240300,655709000,114165800,11430800
2023-06-20,118.93000030517578,83.13261413574219,34.30084991455078,43.6739501953125,420.1352844238281,99.38953399658203,121.75,83.99838866138296,36.36870175041591,43.85539630398405,421.278891227802,100.24979530725246,117.69999694824219,82.46029424589769,34.02644431155308,42.543421257103255,418.0691141682308,98.51970482758534,119.08999633789062,82.6183182453072,36.03549334456329,42.86643115503074,420.39477647392715,99.5807015561588,58851800,27535000,65970200,451153000,76160400,9295500
2023-06-21,112.11000061035156,81.61424255371094,32.242801666259766,42.91328811645508,417.9826354980469,97.15283966064453,119.19000244140625,83.38005069616462,34.349851713963076,43.481547516431846,419.9526987151209,99.15057501624358,111.66999816894531,81.31962043354783,32.17420026284826,41.95124449603973,417.39640282400495,97.13372582092347,118.48999786376953,82.80236127270824,34.222447505414806,43.367894115226505,419.15507151836675,98.59617886085482,82835600,23229000,70973500,551603000,76982300,9340400
2023-06-22,110.69999694824219,81.11068725585938,32.05659103393555,42.893348693847656,419.4914245605469,98.57706451416016,114.0,81.7345959554395,32.57600640777028,43.293118838626924,419.59712182011833,98.86382317774186,109.8499984741211,80.4251626597457,31.488178935761884,42.10476872123709,416.69487567418776,96.85653441039719,112.23999786376953,81.36680311763087,32.03699010110257,42.12370778383283,417.03123579350665,96.94255763392624,70754800,23464000,45740300,417737000,70637200,8575900
2023-06-23,110.01000213623047,79.15808868408203,32.34080505371094,42.07984924316406,416.320068359375,97.41093444824219,111.0999984741211,80.49351842354027,32.78181677941536,42.678011851996246,418.09794671553647,97.67857198877361,107.45999908447266,78.84036428532525,31.390180193692107,41.886442597723466,415.60892874801584,96.55066571612257,109.30999755859375,80.29999544744041,31.566584883973874,42.33407006327904,416.0509861285015,97.03814525384365,73622000,37413000,46327100,358140000,92074500,8919000
2023-06-26,107.51000213623047,79.10804748535156,32.674007415771484,40.50766372680664,414.6191101074219,95.69039154052734,112.55000305175781,80.58789443896156,33.311024649713566,42.63313965450452,417.66550238868285,98.49103957475725,107.19999694824219,78.9722912120542,32.43879995967875,39.977290186433514,414.3788570549921,95.67127040724796,110.94999694824219,79.43251533599913,32.52700228840156,42.33106545231296,415.75309747622674,97.51606596962569,68557000,21372000,38952400,594322000,72823600,8560000
2023-06-27,110.38999938964844,81.68549346923828,33.418819427490234,41.74786376953125,419.1647644042969,97.57341766357422,110.97000122070312,81.83954790889474,33.54622360388693,41.81166711553178,419.7797970502277,98.25207201278417,107.08000183105469,79.0473736287414,32.35059303730679,40.32423568672819,415.04201326216105,95.60435670166932,108.56999969482422,79.78681584022041,32.556400934099955,40.6741595987626,415.4936902341691,96.68447461325619,59381600,24923000,33038900,462175000,72813700,9732000
2023-06-28,110.16999816894531,81.64120483398438,32.899417877197266,40.99119186401367,419.37615966796875,96.46463775634766,111.77999877929688,82.66082748126584,33.13462537147452,41.71696498768914,420.3852108229733,97.38225533076589,107.62999725341797,80.59366110545716,32.370203818945654,40.39402564201727,417.4733448104481,95.79554388726443,108.20999908447266,80.75445156780609,32.93861974932619,40.535589450400664,418.08837741440095,96.06318143489773,67534100,19445000,33906900,582639000,75636000,8160900
2023-06-29,111.23999786376953,83.0498046875,32.25259780883789,40.69709396362305,421.029052734375,96.19699096679688,112.76000213623047,83.07579384190132,32.67400853399177,41.4727133655292,421.1924377171977,97.0381385060581,109.83999633789062,81.49388587427086,31.840989419708507,40.475773103828736,418.559273599848,95.60435981641875,112.06999969482422,82.26799245118406,32.67400853399177,41.430842057083,418.96288231167824,96.86608477159835,58347200,23386000,38313000,380514000,67882300,7383900
2023-06-30,113.91000366210938,83.51774597167969,32.77200698852539,42.172569274902344,425.9974670410156,96.46463775634766,114.69000244140625,84.20520260151288,32.88961258096364,42.41981157958306,426.97768888145606,97.39181589820315,112.41000366210938,83.21927464281231,32.49760141649386,41.37402135436548,423.9120577597363,95.97715820569113,113.02999877929688,83.62269428521405,32.693606998728754,41.55247453077657,424.22920819454237,96.92345018984489,53378800,23145000,33811300,501148000,104964000,11704600
2023-07-03,115.81999969482422,84.38523864746094,32.94841384887695,42.28321838378906,426.48760986328125,98.59617614746094,116.7300033569336,84.4131597298401,33.21302084186965,42.76673493754276,426.7662822836005,99.10277675074241,114.51000213623047,83.27607162987553,32.4780026630552,42.07286548445585,425.37283219871017,97.56385380912793,115.16000366210938,83.63231702112584,32.87001385382122,42.38690024476898,425.65153394679413,97.73590753218343,31860000,9038000,15753000,198209000,32793400,5638400
2023-07-05,113.94999694824219,82.98145294189453,31.86058807373047,42.18751907348633,425.853271484375,96.53153991699219,117.66000366210938,84.42953685716355,32.66421143222731,43.04488443654503,426.58365002224235,98.53882866655427,113.86000061035156,82.97086775868368,31.850789475753086,41.95622669958026,424.6712161129991,96.5028655094032,116.0999984741211,83.51485508878696,32.64461049777656,42.00607294813804,424.68083561831634,96.9234429342436,49501600,14440000,37664700,323618000,58418400,9010800
2023-07-06,113.4800033569336,81.64698791503906,31.331377029418945,41.97417449951172,422.51861572265625,95.02129364013672,113.79000091552734,82.21504713834206,31.399980302407595,42.04994216880029,422.9414634252197,95.16466567068723,110.30999755859375,81.29362939750729,30.753162527536734,41.21949078738844,420.0199782059898,94.24704821228744,112.06999969482422,81.3581395110314,31.262775625678355,41.71596810959315,422.2879821858995,94.72497442765662,42342000,23939000,41693600,303582000,80658300,9140800
2023-07-07,113.16999816894531,81.52664184570312,31.213775634765625,42.37294387817383,421.4518737792969,95.80509185791016,115.33000183105469,82.60885013523196,31.76258874233732,43.08177063947781,425.38243934770526,97.43959863111094,113.04000091552734,81.32541317518995,31.184374231606252,42.05093416959679,421.21162073773354,94.62939016530507,114.16000366210938,81.88095533382214,31.36077891206632,42.19249796154775,421.5287711761449,94.7058601095961,37211300,19409000,28356300,355881000,86134200,8036600
2023-07-10,113.58000183105469,84.50945281982422,32.086002349853516,42.050926208496094,422.51861572265625,95.36538696289062,113.61000061035156,84.64809595121989,32.17420470047592,42.679995816404,422.6915908752238,96.30212548652973,109.87999725341797,81.67395323199719,31.135377430756115,41.52154907156506,420.52931348483696,95.01172625614329,113.0,81.67395323199719,31.23338025025304,42.52646773776905,421.0963071478734,95.82419930545514,49330200,30622000,36305700,353908000,62443500,8041600
2023-07-11,111.31999969482422,84.92538452148438,32.63480758666992,42.275245666503906,425.20947265625,96.78961944580078,113.2699966430664,85.01685342949116,32.69361038898678,42.62716617688633,425.6995982894802,97.81238125781248,109.5,83.24815091825808,31.850788914924802,41.93828245284964,422.3072262142427,95.71906209509005,111.66000366210938,84.83487790282459,32.16439638362285,42.351013330555574,423.27785797330125,97.81238125781248,59899500,25498000,28148800,298244000,64463800,7677800
2023-07-12,114.58000183105469,85.68601989746094,33.30122756958008,43.767662048339844,428.6306457519531,99.31307220458984,115.4000015258789,86.42161304259756,33.39923224945889,43.800562012799624,430.03374466313784,99.8196728423535,112.30999755859375,84.9205737425895,32.39960694567266,42.64610450369037,427.56393630005715,98.22340098192731,112.88999938964844,85.59455098082266,33.017019605675934,42.90132167106193,428.9862448970164,98.29031036252674,57993100,28197000,37762200,481277000,91924500,10202000
2023-07-13,115.91999816894531,85.7254867553711,33.193424224853516,45.83632278442383,432.03265380859375,100.90934753417969,116.16000366210938,86.5515790948137,33.61483500125244,46.01377574434192,432.8206908722752,100.98581748394388,113.58000183105469,84.56143987017639,32.94841813338885,44.3558659136162,430.0049320898392,97.99399450945835,115.76000213623047,86.5515790948137,33.4678335894714,44.38178733353437,430.4373699947139,100.3645119041175,49206700,25912000,32745800,478204000,72425200,9265900
2023-07-14,115.94000244140625,85.55409240722656,32.48780822753906,45.32987594604492,431.7635498046875,100.49833679199219,122.12000274658203,86.97617221453083,33.19342320714573,47.94086182574558,433.7624422290722,102.56298180594277,115.25,85.32108619580522,32.340803081768925,44.92212700668265,431.00434197291605,100.2306992440896,116.16999816894531,85.32108619580522,33.105220867382876,46.44046575236375,432.9167761484475,101.32037057059367,91927200,18510000,30438700,772075000,69815800,9518300
2023-07-17,118.31999969482422,87.6501693725586,33.683433532714844,46.31884002685547,433.2627258300781,100.16378021240234,118.83999633789062,87.9255310636802,33.9088386690032,46.3537327838852,434.3102255823968,100.39318276100462,112.7300033569336,85.66964550462276,32.40940271354346,45.1235111481618,431.5713350157398,98.06090042372557,115.94999694824219,85.78807321588197,32.49760504848202,46.147369222609534,431.6194032211896,100.05863585833973,68593300,26819000,34111200,510488000,52680200,10722600
2023-07-18,117.93000030517578,86.98389434814453,33.81083679199219,47.34867477416992,436.4821472167969,98.59617614746094,118.43000030517578,87.60683348715837,34.00684239065943,47.74944513877749,437.12600898753516,99.15057228759255,115.19000244140625,86.48611159570332,33.154222335727155,45.59406179064249,432.5035425061128,97.50650499896778,117.55000305175781,87.22941036577669,33.59523025960864,46.55810196861849,432.93600974084484,99.11233731662745,57980100,24513000,29662200,569164000,80668200,10343600
2023-07-19,116.43000030517578,86.78555297851562,33.77163314819336,46.93294906616211,437.45281982421875,98.51016235351562,121.66999816894531,87.22844850927461,34.14404339222299,47.67168281088611,438.63484620812557,100.16379048859066,115.55000305175781,85.27007940340252,33.64423269348231,46.59897504315981,436.4052905869127,98.04179664173333,121.30000305175781,86.3907939546988,33.71283408863307,47.31876592185892,437.27022513718515,99.31308229486156,70363100,24118000,26486700,427502000,65891700,11204800
2023-07-20,110.25,85.53099822998047,32.70341110229492,45.380714416503906,434.55047607421875,93.53971099853516,115.05000305175781,87.32761454420226,33.5266316955034,46.942920912803515,437.35664451536627,96.01536506988744,109.23999786376953,85.30569763723578,32.5662082931762,44.9241156620399,433.8393364531686,92.76547293326007,114.95999908447266,85.93538014222968,33.02682092821433,46.36469382160293,436.4629102357604,94.19925144973966,76340400,28268000,37878000,537865000,70591600,22810200
2023-07-21,110.94999694824219,86.3407211303711,33.34042739868164,44.173423767089844,434.55047607421875,92.95664978027344,112.30000305175781,87.72717428076938,33.56583254084737,45.72566275241697,436.4629102357604,93.66397854387832,109.54000091552734,86.05957840494449,32.752410570926834,43.96506361938245,434.54088589539646,92.07726728578353,110.97000122070312,87.08593703588683,33.05621945219162,45.647898491989125,436.2610765640321,93.5588341920833,76815400,74287000,79737000,963769000,71275600,15381200
2023-07-24,110.61000061035156,86.80671691894531,32.95821762084961,44.47549057006836,436.49176025390625,93.91250610351562,111.30999755859375,87.17740395762081,33.77163583016144,44.97097143505105,437.29900699604326,93.93161994437082,108.55000305175781,86.09808271301252,32.88961622025087,43.90524224115585,434.6658135812287,92.50740179194862,110.62000274658203,86.73065934015598,33.164021822645815,44.59412592293156,435.6941036910491,92.97576746494573,45583600,19992000,25225800,382516000,54023400,9054900
2023-07-25,113.0,88.38574981689453,33.418819427490234,45.53923416137695,437.683349609375,95.89111328125,114.05000305175781,88.88544975046855,33.6540268501845,46.04168985274926,438.93265359810636,96.4359488621206,111.0,86.7133277580259,32.732805566496864,44.78554682129327,436.1745535859872,94.73453274265016,111.13999938964844,86.7133277580259,33.02681204099333,44.80349329728166,436.2226217872533,95.12642843780087,44916300,20042000,31771100,348081000,55191200,9202200
2023-07-26,110.08999633789062,85.98832702636719,33.67363739013672,45.312923431396484,437.7507019042969,95.02129364013672,112.36000061035156,87.67614570943753,33.84023973578182,45.912086196628444,439.1729812727202,95.70950126450508,109.30000305175781,85.46455517046424,33.02682146625675,44.493440026375104,435.70374110756154,94.21837380617733,111.91000366210938,87.52017404181643,33.04642240194962,45.88018262099463,436.7512409467643,95.09775629223856,51721700,19877000,32643200,364237000,71052900,8993500
2023-07-27,111.0999984741211,86.03069305419922,33.859840393066406,45.75956344604492,434.84844970703125,94.96392059326172,115.08000183105469,87.602016027207,34.33025163033883,47.24998819988245,441.5274969763578,97.26752804080124,110.51000213623047,85.30569252375676,33.428631026857396,45.61002087279273,433.9450957916118,94.54335055772003,111.79000091552734,87.47203351116111,34.12444741500018,46.376669003593186,441.12385890292364,97.01900441122613,70678000,21922000,58890800,455976000,92194400,8049800
2023-07-28,112.95999908447266,86.6334228515625,36.09429931640625,46.60695266723633,439.1057434082031,96.40726470947266,114.86000061035156,86.99641163281969,36.25110306595705,46.883105518604516,439.9321998907834,96.53152288462563,112.44000244140625,86.07113732591012,34.80066370949184,46.23908226392985,434.8484367232918,95.3749424629614,113.37999725341797,86.58817321293972,36.01589557238271,46.525202843607126,438.1062824263063,95.69037547593557,55526000,18791000,90863000,331194000,80011800,6758700
2023-07-31,114.4000015258789,86.52364349365234,35.05546951293945,46.58601379394531,439.9418029785156,94.77278137207031,114.68000030517578,86.74990632694895,36.447102218638456,46.985787745643954,440.2973728160184,95.3749658505809,112.3499984741211,85.78708826039964,34.957464840251916,46.36369657868276,438.26962173264826,94.0750058049213,114.16000366210938,86.41292147280046,36.13349474303034,46.610938817532,439.5766136336967,94.80145578163136,54187300,14952000,55630700,251055000,62040400,8647900
2023-08-01,117.5999984741211,88.57927703857422,35.08486557006836,46.36470031738281,438.682861328125,94.05587768554688,118.19000244140625,88.63896836033825,35.300472090127435,46.7564993884591,439.42283016702106,94.81100195719405,113.16000366210938,86.43218915650061,34.575252538062315,45.88616945228999,437.7314393035273,93.75955848238465,114.26000213623047,86.55543564881626,35.104466502664245,46.3178432431884,438.48102764934566,94.76320642012996,95279300,19683000,24702200,237858000,55291500,6428500
2023-08-02,109.3499984741211,85.91226959228516,33.70303726196289,44.133548736572266,432.58038330078125,91.4750747680664,119.5,87.90530293473955,34.47725740635223,45.699741010536016,435.8381990846735,93.19561206161872,107.37999725341797,85.71873925920747,33.59523398382054,43.254247470375134,431.83079503236485,91.0067091186009,119.48999786376953,87.8379059558438,34.447857871766594,45.69076967402106,435.578736374447,93.19561206161872,173372000,26877000,39052000,530142000,93933400,9820900
2023-08-03,113.1500015258789,85.20748901367188,34.17344665527344,44.3787956237793,431.3407897949219,90.78687286376953,114.95999908447266,86.20400206472323,34.33025039539027,44.97995124703114,433.2147756525846,91.580224889465,108.94999694824219,84.83199049058352,33.44823075916909,43.66598317678985,429.9281004341006,90.4045304086023,108.94999694824219,85.36539261421,33.60503449928593,43.66598317678985,430.5719916279562,90.6530468057716,90605400,18281000,24817900,324176000,64276100,8571700
2023-08-04,115.81999969482422,84.8868637084961,34.56195068359375,44.54329299926758,429.3898620605469,91.91477966308594,118.8499984741211,86.03935569101776,34.975043685807705,45.50234756183001,435.2424228845315,93.27208845936276,113.95999908447266,84.08964745360191,33.91280775321122,44.25717237997522,428.87090725675444,90.93024546486458,114.4800033569336,85.20748233113142,33.91280775321122,44.84736009563098,433.14742331097347,91.0736247980095,83169700,21156000,26674900,362666000,100128900,7562600
2023-08-07,116.80999755859375,86.37056732177734,34.65046691894531,45.27803421020508,433.1378479003906,92.09638977050781,119.08000183105469,86.40041298060873,34.965202626684565,45.400658953676526,433.2916133885674,92.660346555124,115.48999786376953,85.23540388543677,34.17836335733644,44.426647163135996,430.52389325692184,91.02583960458051,116.36000061035156,85.46744047691259,34.82750622354184,44.972970743442104,431.2158232898332,92.45961839901263,65854800,11146000,22486900,322154000,58357500,6601400
2023-08-08,113.2300033569336,85.03225708007812,34.44392395019531,44.5273323059082,431.2542419433594,90.3185043334961,115.45999908447266,85.74858967468452,34.52260600489445,45.10356277836036,433.1282275391779,90.7104073747721,111.41000366210938,84.09254113485613,33.30300601746458,43.92119104559553,427.90990879603123,89.5347055435202,114.94000244140625,85.6994908810142,34.09967917404251,44.71575315581905,430.610350839472,90.69128624015681,54141800,14081000,34753600,353843000,71361300,7659000
2023-08-09,110.47000122070312,81.90982818603516,33.716094970703125,42.42378616333008,428.3712158203125,89.83100891113281,113.1500015258789,85.06787060408394,34.52260572248699,44.17640612805211,431.6867198555809,91.61844817518399,108.77999877929688,81.71630520130444,33.66691821792523,42.00506938031469,427.6120079214979,89.57292468747767,112.88999938964844,84.98988844405731,34.4242522169312,44.138520399562815,431.52333486681067,91.59933433652334,56257100,24672000,28720200,586449000,78789600,6426900
2023-08-10,110.2300033569336,81.15595245361328,34.10951614379883,42.25829315185547,428.5249328613281,90.61482238769531,113.88999938964844,82.94679501450803,34.512771515517244,43.44066481177175,434.08920144153984,91.73316809296945,109.47000122070312,80.59462922871533,33.91280538277738,41.70698393305918,427.36211636743525,90.11777499030056,111.30000305175781,82.1399484307278,34.129187595095544,42.03099019324286,430.7160393980688,91.2361206955747,57297800,20186000,30957300,492705000,93005500,7459600
2023-08-11,107.56999969482422,79.89079284667969,34.31605911254883,40.729984283447266,428.2751159667969,87.92887115478516,109.06999969482422,80.53010547689111,34.375073463615266,41.88942754104393,429.284196455691,89.37221049996793,106.4800033569336,79.2861446651994,33.794778809937924,40.51464563346433,426.0647994577727,87.90975731314425,108.8499984741211,80.29999347838478,33.893132309769804,41.623242454978985,426.660622377887,89.37221049996793,55667700,20331000,28783700,533085000,68690900,10658400
2023-08-14,111.9800033569336,82.23430633544922,35.09306716918945,43.6191291809082,430.6391906738281,88.96119689941406,111.98999786376953,82.24200464994708,35.1225724709791,43.665986259327426,430.6391906738281,89.17148562808343,105.41999816894531,79.6616515692143,33.902972472360176,40.18766298493528,427.05463370611966,87.26934108775139,106.75,80.02270839574004,34.09967948688556,40.36212678434131,427.3621646686425,87.64212300036479,57421800,17688000,36896100,690286000,47867400,7489700
2023-08-15,111.3499984741211,81.11934661865234,34.198036193847656,43.805545806884766,425.6227111816406,87.63255310058594,113.18000030517578,82.28435559673603,35.04388984965245,45.12948515568442,429.22650696420783,88.61707995944084,110.16999816894531,80.53588351329594,34.17836474232362,43.5762500445296,425.0556881700834,87.45093880106205,111.98999786376953,81.76347067056521,34.82750763483381,44.423651395520004,428.87090781167177,88.43546565991696,53816600,14035000,27420300,676512000,75707500,6069500
2023-08-16,107.19000244140625,80.20178985595703,32.978431701660156,43.35293960571289,422.4994201660156,87.72813415527344,110.44000244140625,82.2728052217267,34.06033899883146,44.53830062758481,426.8623944636419,88.62663776589424,106.9800033569336,80.1026152999308,32.90958349888829,43.27318256792619,422.3936935729571,87.28844291610747,110.08999633789062,81.62675655659439,33.952147893919765,44.38377612065419,425.20945229682616,87.403147832115,54327300,16003000,35757300,527451000,80107200,7439500
2023-08-17,104.44000244140625,79.63468933105469,32.044063568115234,43.21137237548828,419.27996826171875,87.59432220458984,107.8499984741211,80.82088348147101,33.037447503043396,43.927173858554056,424.21955509855684,88.81781223341973,104.0999984741211,79.62602138189973,31.817843746867872,42.86941961752367,418.76101352715807,87.3171241054681,107.62000274658203,80.54070304361653,33.007942201118006,43.83545631480397,423.96009239515706,88.81781223341973,59064300,19228000,39906700,452395000,95711300,7712500
2023-08-18,105.44999694824219,79.51337432861328,32.21126174926758,43.1665153503418,419.4818115234375,87.07816314697266,106.06999969482422,79.7377126046454,32.368629595522066,43.44466100868814,420.5101015823301,87.29801243539065,101.68000030517578,78.180831413573,31.650638562489394,41.53253035360765,416.12788844047134,85.60614939049745,102.4000015258789,78.95108887749493,31.699815310954158,42.50454556890945,416.4738387437825,86.09363621780619,59916700,17759000,23701100,583768000,98852000,9066200
2023-08-21,108.22000122070312,83.29724884033203,32.5948486328125,46.82329177856445,422.2110900878906,88.47369384765625,108.54000091552734,83.50907000729939,32.6243539342114,46.92099149712555,422.9510589127824,88.80824801429448,105.66999816894531,80.08432663349511,31.49327360788662,44.086691857163586,418.3478316599045,86.50464028096219,106.19999694824219,80.3048084037311,32.063730695957865,44.35785896625514,420.4908700639508,86.50464028096219,49319200,30012000,43718200,692573000,68719000,8618300
2023-08-22,105.66000366210938,82.39701843261719,32.348960876464844,45.52826690673828,421.0674743652344,88.16783142089844,109.72000122070312,84.2225179212712,33.243991281080426,48.03956041703018,423.97934005301454,89.36264703048782,104.8499984741211,81.92426995129111,32.289950274103944,45.194292833514275,420.51010021357035,87.75681455949666,109.4000015258789,84.09350504656403,32.67353419723266,47.987717576539744,423.97934005301454,89.22882826561987,47295200,17079000,23425300,755293000,64994200,7059000
2023-08-23,109.43000030517578,84.39871978759766,33.4210319519043,46.97183609008789,425.7572021484375,90.0604248046875,110.08000183105469,84.55373652361985,33.58823741993685,47.05557870269102,426.37226398805007,90.90157238952075,105.0,81.83955162922976,32.26044253360494,45.06967322504148,421.98043152181,89.12368613463889,105.6500015258789,81.91369198447177,32.3391283425487,45.72566082679112,422.12457747554333,89.64940793301963,54656300,19692000,32324300,779046000,68441000,10362600
2023-08-24,101.80000305175781,82.26895904541016,32.053897857666016,47.0186882019043,419.85662841796875,88.44501495361328,111.63999938964844,87.60297249236994,33.52922300529971,50.11219423827407,427.86184703074184,92.50738735728568,100.87000274658203,82.07639835317546,31.955544348602118,47.014702631702306,419.8277698977074,88.38766614742057,111.05999755859375,86.87989658864974,33.165310519428246,50.06234798957418,427.3525117447883,92.26842427471671,109179100,30934000,37931000,1156044000,88517300,12254400
2023-08-25,102.25,82.01476287841797,32.70303726196289,45.877197265625,422.8165588378906,88.9898681640625,104.12000274658203,83.71124920928818,32.85057126166723,47.6587282173918,424.09469222022517,89.28618740424939,99.58000183105469,80.65237451420116,31.817840767627814,44.88623538665841,418.0403268045078,87.37448236402216,101.16999816894531,82.51543235669868,31.99488006649483,46.8681553415664,421.5768448293855,88.17739498048113,74793100,24181000,27324800,925341000,102325100,10356000
2023-08-28,102.61000061035156,82.90634155273438,33.066951751708984,46.69169235229492,425.49774169921875,89.85012817382812,104.06999969482422,83.2000013633528,33.22431961020821,46.836249134555814,426.1127742143462,89.99350749645035,100.88999938964844,81.5612816282098,32.66369637980811,44.750651224061855,422.816509634439,89.13323885329227,103.47000122070312,82.45477816533295,32.94892679582099,46.33977183033874,424.99799661992967,89.67807444519651,55386800,14306000,22341800,685192000,61595400,5174800
2023-08-29,105.91999816894531,85.68406677246094,33.745601654052734,48.634727478027344,431.6482238769531,90.88245391845703,106.56999969482422,85.96424718967894,33.91280335214455,48.93081957760332,431.92692561420495,91.39861512350771,101.79000091552734,82.45766534591475,32.919419508789375,46.249048206065815,425.20943069514846,89.38176584347794,102.11000061035156,82.64830144752561,32.9390909589082,46.5232082617889,425.3920253511655,89.6302822331658,50850300,27822000,29943600,701397000,83081900,8910300
2023-08-30,106.58999633789062,85.91033935546875,33.96198272705078,49.11325454711914,433.4261474609375,90.595703125,107.66999816894531,86.52943662990012,34.089845286735404,49.77422400503659,434.0604190699575,91.68537444381658,104.5,84.64231383803144,33.22432017432113,48.27682114567205,431.2830795696017,90.45232378461336,105.4000015258789,85.9209318835861,33.499716745329984,48.89392651921933,431.9846290752829,91.23612258047399,54847300,23234000,26279200,735206000,69053900,6073400
2023-08-31,105.72000122070312,88.85753631591797,34.56195068359375,49.203983306884766,432.7918395996094,89.43912506103516,108.05999755859375,88.93263161566388,34.975043685807705,49.5917929853516,435.17513102782067,90.23248444770505,104.86000061035156,86.05380705859434,33.73576843111181,48.80819868484659,432.6092449398333,89.15236637179319,106.19000244140625,86.4620454703501,33.75543988378352,49.22890833319217,434.0411436980902,89.2192757602728,58919000,55203000,48157600,528570000,66084600,8661200
2023-09-01,109.44999694824219,84.0078125,36.00777053833008,48.360572814941406,433.5990905761719,89.07588958740234,110.05999755859375,86.83368156540703,36.14546695499011,49.64762302557311,435.9824113556043,90.40452387128629,106.61000061035156,83.25104174372397,35.14224538110789,47.9946951700236,432.1479527903315,88.98029851109108,107.0,86.83368156540703,35.20125973908189,49.60974109160753,435.5019052625726,90.13688635979531,54856100,65017000,43808500,463830000,58944100,7094600
2023-09-05,110.77999877929688,83.97411346435547,36.10612106323242,48.399452209472656,431.7251281738281,90.42362976074219,111.81999969482422,85.01684569851601,36.794606841531916,48.70152648362675,433.474177484678,90.85376768859842,106.30000305175781,83.47633077985245,35.860233553264436,47.71355763922135,431.65787960630774,88.77000929903096,109.0,83.71799760693818,35.978262259449934,48.07544589025944,433.15705635053166,89.27660987160809,66042200,24808000,43379400,382653000,55166200,6396500
2023-09-06,109.27999877929688,83.98374938964844,36.37167739868164,46.920860290527344,428.8228759765625,88.18695831298828,111.33000183105469,84.47478877981553,36.43069174751434,48.404428217365016,431.0236021823755,89.81190473110644,108.22000122070312,83.45131686346043,35.43730417786343,46.44129363976494,426.5068329962555,87.54653156207178,110.55999755859375,84.00589673749283,35.95858821268886,48.29675192445169,430.91787558724553,89.70676036719072,47736700,20142000,39643400,468670000,70758500,7933700
2023-09-07,106.58999633789062,82.51641082763672,37.55194091796875,46.10330581665039,427.5063171386719,86.07451629638672,107.69000244140625,82.96508005297864,37.70930877467065,46.20599974475195,428.17900813567496,86.30391884315016,105.08999633789062,80.92679704280084,36.145464057219264,45.01754791417301,425.4881854921281,84.5260326974387,106.13999938964844,82.7542211634513,36.22414986154304,45.38943829933542,425.8341358343982,86.09363013671056,49080100,27789000,67659700,433330000,70355400,14684400
2023-09-08,106.08999633789062,82.56647491455078,37.384735107421875,45.43629837036133,428.1501770019531,85.68260955810547,109.73999786376953,82.88228211568578,38.19124958635702,46.46721981309031,429.67818299559536,87.04947879784909,105.75,81.85110461101213,37.08967084787984,45.13619596961709,427.1987842372508,85.37673707821897,107.0199966430664,82.32095890963043,37.492926211374595,45.805199355822154,427.5543540855631,86.74360631796259,46232000,16810000,44255200,473069000,61659700,5820800
2023-09-11,105.31999969482422,82.71955871582031,37.955196380615234,45.04347610473633,430.96588134765625,85.64437866210938,107.51000213623047,83.66889745632788,38.10273038812013,46.025539902373815,431.2733829258277,86.39950297801411,103.0,81.42071799109299,37.217533846982086,44.180053643461356,429.06306686092813,85.22380854011122,107.31999969482422,83.64675011228066,37.61095536569803,46.010585175997676,430.764047693772,86.12230489046107,50611300,15710000,36349300,473966000,60180100,7268600
2023-09-12,105.30999755859375,81.31192779541016,38.220760345458984,44.73638153076172,428.6018371582031,86.48553466796875,106.73999786376953,82.63580285003198,39.410855155018375,45.53699169402587,431.04281644605425,87.52741035951486,103.18000030517578,81.03655878699503,38.01421570947519,44.398390331728955,428.02525327961035,86.42817856083482,104.19999694824219,81.86265846652034,38.01421570947519,44.604774641138675,429.5244300194834,86.46641353473224,44413600,16680000,55326600,349256000,67565400,8242600
2023-09-13,107.70999908447266,82.12165069580078,38.07322311401367,45.34955978393555,429.1015625,87.19285583496094,108.73999786376953,82.71667603599522,38.50598755520661,45.79323440179784,430.25475953176647,87.83327518348949,104.83000183105469,81.28496586593661,37.62079097271727,44.37048163678398,427.72729277869223,86.48552711110217,105.0999984741211,81.56899546735826,38.161742772262606,44.46719292129203,428.8228607530232,86.60022473019686,44702300,17413000,35407800,398355000,60199300,5757800
2023-09-14,106.62999725341797,83.92308807373047,38.033878326416016,45.445274353027344,432.8014221191406,87.88560485839844,109.1500015258789,84.40738404787899,38.26009813780729,45.85006363868303,433.4933520471616,89.28839157447149,106.22000122070312,82.32095715796218,37.66996586139009,44.996613561123056,430.26436526823954,87.69343777579789,108.43000030517578,82.70897278001732,38.17157848394199,45.8131750613874,431.5617375492493,89.14426809512723,45920600,19648000,30616500,370097000,83430800,6506300
2023-09-15,101.48999786376953,82.00130462646484,37.256874084472656,43.76927947998047,427.5869140625,85.75261688232422,106.76000213623047,83.58803164130553,37.88634546783916,45.4632178335496,431.5506216241027,87.56855406516286,101.27999877929688,81.15595178329363,37.00114899001414,43.67755057038964,427.15295081713646,85.37790015128934,106.06999969482422,83.58803164130553,37.78798821922227,45.20598666420072,431.2227284727568,86.96324411435874,71103600,50190000,68881200,506831000,111848900,19940500
2023-09-18,102.37000274658203,81.83955383300781,37.36506652832031,43.835086822509766,427.83770751953125,85.34906768798828,102.98999786376953,82.44902091907912,37.758484281127345,44.11026598094779,429.1300027993312,86.15614753513994,99.44999694824219,80.87673555261948,36.892959221839014,41.8749411626801,426.8057902109989,84.96474080963847,100.81999969482422,81.12514578354518,37.00115032324325,42.620715019700796,427.2783378211123,85.0704308844453,49061300,16541000,29322200,500271000,55752200,6647400
2023-09-19,101.61000061035156,81.76253509521484,35.742210388183594,43.390411376953125,426.9504089355469,84.71492004394531,102.86000061035156,81.93872956596951,37.473256894153685,43.835082475156234,427.5097785871883,85.35866329551071,100.69999694824219,80.73231972208349,35.42747465982539,42.87395226873784,424.27902594225344,84.34981357225708,101.75,81.45347121784756,37.41424629005267,43.70247908606619,426.92147805226983,84.98394663681295,41704100,13126000,53288100,373064000,66514600,7172100
2023-09-20,100.33999633789062,80.40433502197266,34.11935043334961,42.11322021484375,423.0252685546875,83.86940002441406,103.94000244140625,82.28431296566383,35.653689886763196,43.772266659114486,428.61878786847143,85.81984999444764,100.27999877929688,80.38304196852111,34.06033983064438,42.097269015445136,422.82272296281644,83.86940002441406,102.36000061035156,82.28431296566383,35.62418458541059,43.470167525058194,428.204102110049,85.05119636556799,55180600,13681000,57660800,367108000,82562600,6935300
2023-09-21,96.11000061035156,78.25425720214844,34.08000946044922,40.894859313964844,416.0334167480469,82.0150375366211,98.87000274658203,79.62309826701107,34.67013796763067,41.97463457715853,420.45036521142913,82.76447086259502,95.83999633789062,76.96964296587655,33.893132556683504,40.85797073876032,415.8791088874586,82.00542734950157,98.5999984741211,76.9715780263019,34.00132365845407,41.45917578549763,420.1899872517448,82.66839098267464,59704300,53654000,45240600,450736000,104095800,10652500
2023-09-22,96.19999694824219,80.26008605957031,33.617740631103516,41.4860954284668,415.097900390625,82.2840576171875,98.41999816894531,80.4052968449308,34.316060258283514,41.98959271748376,418.6468925041763,83.3697741021265,95.61000061035156,78.44981474402195,33.578397729078986,41.10822239223327,414.6831851842822,82.10150072849645,96.91999816894531,78.53306666267224,34.237378206180104,41.44820657571994,417.0556351724514,82.87015436784621,52169400,27764000,29232700,479236000,100829700,7967200
2023-09-25,97.37999725341797,80.72572326660156,33.725929260253906,42.09627151489258,416.84344482421875,82.86054229736328,97.44999694824219,81.1778110043983,33.804611306582146,42.409335664653405,416.8819997098391,82.86054229736328,94.45999908447266,79.67247427644881,33.21448282731153,41.05438133655343,413.45838472917586,81.68834882269977,95.94999694824219,80.15553775344796,33.440698869430115,41.46714998847042,413.8923773576928,82.04385240563968,43223700,15648000,21729400,419091000,70874500,8758000
2023-09-26,95.95999908447266,79.01225280761719,33.273502349853516,41.78620147705078,410.71954345703125,80.98697662353516,97.83000183105469,80.37528127895398,34.20787196199683,42.692495155477644,414.5192898301892,81.89014372427498,95.2699966430664,78.53015688491894,33.08662542586809,41.53096324756663,409.8901424025337,80.72755285482548,96.5,80.26879387181694,33.57840048571023,41.87593363739022,413.8152657492611,81.62110976735455,42866500,17641000,34198300,402282000,96168400,8877600
2023-09-27,98.06999969482422,79.0722885131836,34.040672302246094,42.34153747558594,410.8835144042969,82.09191131591797,99.2300033569336,79.73734381921479,34.25705454229174,42.744337580019156,412.4458705721393,82.20720424940372,96.3499984741211,77.86899085899336,33.32268112166737,41.50503894981491,407.2573824202832,80.80441735873099,96.81999969482422,79.30946641161972,33.36202027735607,42.20395172792175,411.88650085704063,81.83248755472388,51261500,15352000,44369100,444935000,104705800,7860700
2023-09-28,102.76000213623047,80.54276275634766,34.60129165649414,42.960689544677734,413.2655944824219,83.02389526367188,104.19999694824219,81.20685783914766,35.073395238410804,43.316624912259975,414.9340207800413,83.71567480286812,97.76000213623047,78.86608441971207,33.8144523532997,41.989590912054574,409.7455325572833,81.6499317116255,97.94000244140625,79.39754660628756,34.080011321617654,42.333560978932496,410.3338331669803,81.90934812252095,72542100,16180000,32265300,424663000,92258300,6647700
2023-09-29,102.81999969482422,80.40530395507812,34.96520233154297,43.369468688964844,412.26263427734375,83.49468994140625,104.94000244140625,81.70831624596207,35.31928093774724,44.01254845640997,416.47706688820205,84.58040649666634,102.55999755859375,79.66280194781635,34.58161842547019,43.17803909015806,410.74851586552904,83.30252285391009,104.69000244140625,80.97355448164393,35.06355958434724,43.696491084144924,416.30348156781014,84.31137990459658,56078600,16481000,28763700,397830000,115111300,7338300
2023-10-02,103.2699966430664,80.82833862304688,34.87668228149414,44.648643493652344,412.0986328125,84.21528625488281,103.70999908447266,81.17780906099455,35.388128734395956,45.04047091263799,413.34271968319354,84.95510926209623,101.69999694824219,79.71990350699322,34.40457872926451,43.7303847440377,409.35008111589474,83.60996919128455,102.20999908447266,80.2581457378167,35.024216283042065,43.89888019467836,411.4331930512835,83.76370283614241,45118600,14676000,26086200,433298000,83798600,6305000
2023-10-03,100.08000183105469,78.880615234375,35.10289764404297,43.387420654296875,406.58221435546875,82.06307983398438,103.29000091552734,80.90579678241615,35.93891738317694,44.99562050159697,412.15645644629615,83.89822970161993,99.16999816894531,78.30751962522463,34.68980845092264,43.117227684036216,405.22240407493666,81.72678926398494,101.80000305175781,80.05874234305486,34.68980845092264,44.67457689561349,409.92869029746174,83.5907696925196,48117000,18761000,45292600,470850000,103760600,8201700
2023-10-04,104.06999969482422,79.74991607666016,35.338951110839844,43.909854888916016,409.5429382324219,83.27368927001953,104.4000015258789,80.40529597136306,35.91924574959853,44.01155233952571,410.28551714342467,83.36016628124737,100.33999633789062,79.02290201320136,34.748822623128994,43.163084716605525,405.588884325945,82.03423919886266,100.6500015258789,79.41303089886216,35.91924574959853,43.61174546536846,407.0451406977265,82.1207162100905,51023200,16417000,39842200,361821000,87453000,7658500
2023-10-05,102.91000366210938,79.75475311279297,35.29960632324219,44.55493927001953,409.38861083984375,83.61959075927734,103.73999786376953,80.21651612088586,35.5061509077,44.766309826010406,410.227635792642,84.49393448997186,100.2699966430664,78.94351229697247,35.014375943593656,43.75732206534788,406.1771654289247,83.13918404933742,103.41000366210938,79.39172988261781,35.37829211843291,43.91883845583397,409.2535804454479,83.42743100747123,51789700,11474000,25771200,393483000,70142700,6651700
2023-10-06,107.23999786376953,81.82642364501953,35.59467697143555,45.625736236572266,414.2492370605469,85.79103088378906,107.87000274658203,82.1294231444358,35.860235950184574,45.65265626506475,415.78263268562836,86.49242057316297,102.02999877929688,78.5795393565275,34.601293015622566,43.89490543600504,405.627480956343,83.95587373871079,102.16000366210938,79.32301630007997,35.27994123779504,44.061407980133865,406.9487069673823,84.63805038513149,64864100,21103000,33262200,434436000,113273300,9777100
2023-10-09,106.97000122070312,82.85449981689453,35.466819763183594,45.138179779052734,416.9013671875,85.5027847290039,107.30999755859375,82.9251738479769,35.575007128059525,45.46919184233111,417.47036086082164,85.83906796202598,104.79000091552734,81.10714736171415,34.91603032842892,44.23587600696707,411.80932558041656,84.59001490645475,106.01000213623047,81.3617481767911,35.112741108837454,44.70846350276995,412.3590123769111,85.32023516274889,39593200,15760000,19376100,409675000,80374400,4781300
2023-10-10,109.01000213623047,83.09942626953125,35.830726623535156,45.66162872314453,419.07122802734375,87.0593032836914,110.12000274658203,84.46826018101704,36.135628472732584,46.121254553965194,421.65581816785743,87.10734688614997,106.4000015258789,82.83901288358106,35.220926677085785,44.95374378600032,417.1327707063527,85.64690640433449,107.48999786376953,82.9774435847599,35.54549622447423,45.17508286360557,417.52817903423306,85.77180950813238,57105500,14718000,24044100,368582000,78607300,7182900
2023-10-11,108.30999755859375,84.662841796875,36.2733268737793,46.6666259765625,420.7879638671875,88.39483642578125,110.0999984741211,84.73834609243879,36.42085713002743,46.71946955859621,421.0386884193442,88.4044466126943,106.93000030517578,82.91935950057417,35.781551849060826,45.91287659330196,417.7597269120865,87.07851937483571,109.13999938964844,83.22526896139355,36.017601759836104,46.05844175921358,420.1321774519797,87.6838365331363,51085600,14334000,19262600,378137000,62451700,8051700
2023-10-12,108.79000091552734,87.6677017211914,36.23398208618164,46.805213928222656,418.2225646972656,88.79837036132812,111.30999755859375,88.86132394909643,36.60773213606729,47.46723822927066,421.7715569076046,89.77840410890028,107.51000213623047,84.84386474280788,35.79138383657303,46.19204731268838,415.879074957657,88.24109684450664,108.4000015258789,84.84386474280788,36.1946391857841,46.63771490362162,421.39545544096734,88.88484737690182,60959400,43871000,23639200,481325000,81154200,8897800
2023-10-13,105.08999633789062,85.49730682373047,35.3782958984375,45.32563018798828,416.13946533203125,86.91517639160156,108.97000122070312,89.63383859714385,36.184806625588166,46.97570471236393,420.9132670312688,89.29799676968231,104.75,85.39178693527569,35.27010479446316,45.145169391645375,414.57713879227015,86.6653628633971,108.6500015258789,87.99684380210061,36.13562987431227,46.82016719199545,419.71738853134207,89.11543988402241,52881500,28312000,28390100,474115000,95143100,7985100
2023-10-16,106.45999908447266,87.3743896484375,35.95859146118164,45.95774459838867,420.5177917480469,87.64540100097656,107.4800033569336,88.65416645927112,36.3323377817168,46.08735476029038,421.5786396713908,88.29875441722703,105.02999877929688,86.2514340027004,35.4864878837064,44.77826474104746,418.13571799657814,86.8863575225073,105.41999816894531,86.2514340027004,35.54549848592473,44.928816083518186,418.3768184595559,86.93440112548844,42464500,21150000,29555800,375099000,75433200,8791800
2023-10-17,105.13999938964844,85.61540985107422,35.466819763183594,43.807159423828125,420.4985656738281,87.43402862548828,106.29000091552734,86.44600135657024,35.752046455232595,44.620731393430276,422.54312271495667,88.10659514428347,101.66000366210938,83.83417184295577,34.4931034637317,42.35350093093971,417.0556727686725,85.05120791668126,103.54000091552734,85.68801155035152,35.32911959053538,43.86897507163302,417.40284337508905,86.2906582131112,49642100,33008000,24993600,812333000,75324700,7997100
2023-10-18,102.16999816894531,85.8699951171875,35.05372619628906,42.070350646972656,414.8953857421875,86.08887481689453,104.77999877929688,86.70252891844116,35.42747629797615,43.090307040885016,419.68846496991176,86.48281180956084,101.73999786376953,84.72477183611912,34.86685302141852,41.700456999229225,413.8152601862858,85.10884842388116,103.37999725341797,85.18460713416255,34.935701230683776,42.464174898094846,418.733716385894,85.39708803103844,50450000,20404000,22086000,627294000,93559800,9982700
2023-10-19,102.4000015258789,84.01133728027344,35.083229064941406,41.97563934326172,411.2499694824219,89.26917266845703,105.5999984741211,86.10816031393209,35.76188101195215,43.168077212016314,417.4125128642148,91.04667591582854,101.83999633789062,83.80223992658833,34.93569880615984,41.757289685675055,410.5749056891377,88.74072238904358,103.80999755859375,85.8690547461951,35.36845948464315,42.68352429308483,415.60908569425885,89.44211203580232,52734200,26620000,29201800,501233000,121323000,22751600
2023-10-20,101.80999755859375,82.63668060302734,34.34556198120117,41.263763427734375,406.19647216796875,87.73188018798828,104.33999633789062,84.69574754059694,35.68319049513508,42.34353877331354,411.35602864539834,90.62393093644991,101.44000244140625,82.46339666712844,34.29638523476586,40.95568161669413,406.0903726459754,87.52050004066594,102.27999877929688,84.69574754059694,35.06355673654869,41.76526400722088,410.81596589128515,88.39484386269461,61317900,26953000,32303300,477266000,123919900,12197300
2023-10-23,100.01000213623047,83.46824645996094,33.29316711425781,42.84703826904297,405.492431640625,87.53971862792969,102.41999816894531,84.56990154906738,34.611124308475915,43.11922801460042,409.34041539624207,88.64465561972784,99.31999969482422,81.59020371352766,32.84073499957213,40.823083912534464,402.92711894728416,85.66613523389064,100.80999755859375,83.05584960282472,34.03082963896319,41.106238683892464,404.67268410500066,86.4540020111821,50817400,16456000,53924700,478530000,92035100,8227900
2023-10-24,101.66999816894531,85.29692077636719,34.020999908447266,43.53297424316406,408.54962158203125,88.04895782470703,101.79000091552734,85.47988741066936,34.13902487614475,43.56687339017816,409.6972623098232,88.394851307562,99.37999725341797,83.55537355149252,33.08662651363912,42.56387244167939,405.76248569133276,87.29952438866326,100.97000122070312,83.64056792143866,33.08662651363912,42.948720751890924,407.6044970323164,87.62619749445628,51982900,14972000,52673900,401463000,78564200,7374800
2023-10-25,96.05999755859375,82.24945068359375,32.28995132446289,41.65459442138672,402.6860656738281,84.2056884765625,101.02999877929688,85.06651469872057,33.88330142311442,43.52002535417708,406.90052736992106,87.28989870932845,95.2300033569336,81.90579280350396,32.01455474735268,41.43126239759443,402.1749337627123,83.28330846278037,100.41999816894531,84.9058160493547,33.61774244801486,43.26877302407248,406.8715964855641,87.24186243605031,53424500,21432000,44658500,398379000,94223200,13027100
2023-10-26,93.66999816894531,80.0345230102539,31.98504638671875,40.20592498779297,397.86407470703125,84.02312469482422,97.5199966430664,82.71314871593405,32.67353213574068,42.130178498809435,402.4739155692253,84.68608825339729,93.12000274658203,79.22037961838753,31.62113393798613,39.76125385517592,396.9479103704744,83.14878835638103,95.98999786376953,82.08293945418453,32.34895883545136,41.72837859858881,401.62526644318154,83.70606185980697,49896400,27917000,59142500,541001000,115156800,9377300
2023-10-27,96.43000030517578,81.15845489501953,34.95537185668945,40.37940216064453,396.0606384277344,82.6203384399414,97.3499984741211,81.33755141044298,35.78155410027395,41.08330116511961,399.8411075241665,84.3401952270409,94.58999633789062,80.20781570207558,34.03083235080565,39.895845748458264,394.6429661954743,82.52425857041459,95.80000305175781,80.34915637656354,34.089846708185235,41.00752725918924,399.4456991403426,84.10960207409168,52458700,18236000,84128200,416784000,107367700,12480700
2023-10-30,96.18000030517578,81.43822479248047,35.10289764404297,41.03843688964844,400.7958068847656,82.6875991821289,97.04000091552734,82.23010036452185,35.36845659045408,41.64163496442114,401.84700148905324,84.83982648446424,94.69999694824219,80.07325367577218,34.34556370471026,40.36046137678986,397.54577698969393,82.62995272363897,96.13999938964844,81.42370445172635,34.886519198480364,40.96465972958588,398.83807208389743,83.88861593683296,43716600,20889000,36656300,388028000,86562700,9785500
2023-10-31,98.5,81.44983673095703,35.899574279785156,40.6585693359375,403.3129577636719,82.92781066894531,98.81999969482422,81.84964830265625,35.968422478248286,40.75727737613491,403.63119749728736,83.0431109276616,94.06999969482422,80.60084738680789,35.034049246604525,39.11318548755272,399.4649734881191,81.62110372519503,96.23999786376953,81.69378730109402,35.073392146282146,40.329553945294535,401.36484674476185,82.77408432108217,79547100,14747000,41185200,517969000,79665200,9004900
2023-11-01,108.04000091552734,82.56987762451172,36.67658233642578,42.198970794677734,407.6141357421875,84.35942840576172,108.1500015258789,82.65603951344009,36.706087637360646,42.25480380163395,408.4242298564383,84.4266850576831,98.5,80.88835443094915,35.68319468290073,40.74730500713954,403.7468744665271,82.95663424210088,98.58000183105469,81.51081610050122,35.899576894944936,40.7622597335259,404.27731320299,83.08154468883008,138641500,18684000,41710700,437593000,98068100,9508800
2023-11-02,107.83000183105469,84.34725189208984,37.079837799072266,43.3764533996582,415.42584228515625,86.93439483642578,109.41000366210938,85.23787467713429,37.197862755048476,43.75332619208585,415.5801501470598,87.48205815083804,105.91000366210938,83.2533443289552,36.302832355675335,42.76627622905822,411.3753418460295,85.9639713037219,107.95999908447266,83.44695380333597,36.961812843096055,43.19898202777144,411.3946192920617,86.85752800938656,71377000,18759000,35440000,409172000,94938900,11032600
2023-11-03,112.25,85.44890594482422,37.512596130371094,44.87098693847656,419.2159423828125,88.19306945800781,113.38999938964844,85.91551407787898,37.689635429255695,45.174078747791896,420.75899159658866,88.82720253758798,107.86000061035156,84.32402265335888,37.05032643306735,43.59280293696078,417.59575395239466,87.2802922615238,109.05000305175781,84.94745194742401,37.37489973167095,43.888919424366684,417.72113093175125,88.05855615838702,65632200,18041000,30502700,424610000,100167800,9226700
2023-11-06,111.75,85.26981353759766,37.448455810546875,45.614768981933594,420.1803283691406,88.97132873535156,113.08000183105469,85.75964976615127,37.69515182541967,45.798223011195105,420.62394506807493,88.98093892288159,110.22000122070312,84.3385397537167,37.349775146028286,44.765304753189504,418.24187084518337,87.71266539465265,112.5999984741211,85.34048017965912,37.51753039356866,45.15015696243412,419.96815874248256,88.39484210077936,49270400,12870000,23877200,400733000,67831700,8402700
2023-11-07,113.44999694824219,86.91455841064453,38.25761795043945,45.81816101074219,421.3761291503906,88.78877258300781,114.6500015258789,87.2969471166006,38.38590093053691,46.080374555632474,422.01263795735434,89.4036925917607,111.22000122070312,84.81773532573045,37.47805764995227,45.02353336587058,419.04229295606825,88.15463220061748,111.86000061035156,85.41406642836111,37.73462361014718,45.582863690228386,420.1802801725134,88.63503891560723,50550200,19365000,32052000,343165000,64256100,6241300
2023-11-08,113.58999633789062,88.20305633544922,37.418853759765625,46.43531036376953,421.68475341796875,88.39483642578125,115.31999969482422,88.37537277796251,38.37603560514898,46.72743711996402,422.4948475257227,89.77841012426855,112.87999725341797,87.02879928709345,37.251102258437705,45.83111214888231,419.3894720637267,88.3275797782395,113.55000305175781,87.12560403665505,38.336563335089636,45.962719040672205,421.9740622310195,89.67272005949938,41880600,15280000,33483400,346719000,61746000,6537700
2023-11-09,113.48999786376953,88.22724151611328,37.30044174194336,46.81019592285156,418.396240234375,88.02973175048828,115.80999755859375,90.0104146282649,38.010927565462474,48.08638320008785,422.86142705806014,89.71115530369923,113.05999755859375,87.95425025730098,37.270839420724386,46.610790709948866,417.9719009186542,88.01051137627076,114.0999984741211,88.33566399539916,37.54713779018939,47.32565472798377,422.8228427299349,89.00014806614978,61146900,24486000,48955800,540496000,83174400,8166000
2023-11-10,118.58999633789062,92.69387817382812,38.346435546875,48.19107437133789,424.9252014160156,93.62165832519531,119.69999694824219,92.83230886352948,38.474718549994094,48.32766746778713,425.2338171560556,93.91950812799843,114.02999877929688,88.88842641666616,37.73463038199507,47.14220871523475,418.3865562589062,89.94174131136421,114.3499984741211,89.23015664031192,37.73463038199507,47.358561621942854,420.4600443494357,90.35489135900615,75135900,36272000,38862500,421245000,89462200,19281700
2023-11-13,116.79000091552734,91.66870880126953,37.72475814819336,48.475223541259766,424.5201416015625,92.6416244506836,118.68000030517578,92.19823595463322,38.060264914615274,48.969748796661186,425.6195446365516,93.37184467287248,116.0,91.04430458625514,37.63594742283806,47.95577501016581,422.8131605648516,91.96905801605195,118.33999633789062,91.97074076134616,37.84317119390614,48.1761176095815,423.5943238724324,93.20850815737971,46741900,16893000,24558300,384136000,52236100,9526300
2023-11-14,119.87999725341797,94.18856811523438,38.889163970947266,49.50813674926758,432.7561340332031,95.0340576171875,122.11000061035156,94.55740397175121,38.96810851136614,49.6856081153753,434.0387757848984,95.78349090187588,119.22000122070312,92.47413391147496,37.56687303319415,48.89397370012533,430.2100985439841,94.11167029557535,119.69999694824219,93.16048958832293,38.28722502524342,49.532067353089744,430.43192160638574,94.15971389810134,61017400,23886000,45457400,416954000,97176900,13873200
2023-11-15,118.0,94.42477416992188,40.07330322265625,48.74242401123047,433.6723327636719,94.9283676147461,120.58999633789062,95.03949564570807,40.300263115751136,49.811230458479834,435.31182811938703,96.75390722507137,116.87000274658203,93.60289042677944,39.05691679612642,48.05647298035821,432.82365419982955,94.56325382834139,120.54000091552734,94.82264330402579,39.0667829809207,49.78630718435211,434.0870186065259,96.03329716928259,59555600,16099000,47392100,475497000,77327600,10422900
2023-11-16,119.83000183105469,92.8904037475586,42.77709197998047,49.33266067504883,434.20269775390625,94.67855072021484,120.7300033569336,93.77618148556927,42.82643419957941,49.37752865421783,434.52093744562825,95.21660386372928,116.41000366210938,92.01624375960331,40.280529251014535,48.186087364869636,432.1677943482507,94.0732409337611,117.19999694824219,93.32119110132825,40.45815070157873,48.534047157885986,433.2286423726769,94.39030377594679,49661900,26198000,86405700,339756000,66665800,8459000
2023-11-17,120.62000274658203,94.65033721923828,43.231014251708984,49.15120315551758,434.7427673339844,95.67780303955078,121.48999786376953,95.24666086660591,43.231014251708984,49.568954199838785,435.35034527714225,95.81231633320553,118.81999969482422,92.06270323611798,41.99753408460766,48.86106931599939,433.2961643954989,94.46717606623336,119.63999938964844,92.76067665260527,42.34290702568293,49.3765281147281,434.2123285978125,95.06288303129347,38508900,19789000,49735000,325205000,83133200,7243000
2023-11-20,121.52999877929688,96.39089965820312,44.14872360229492,50.2588996887207,438.0893249511719,96.04291534423828,121.93000030517578,96.79361380088855,44.33621123172494,50.397485733557765,438.9283501028601,96.6482252024946,120.06999969482422,94.19243465860085,43.20140797728784,49.03455561243681,434.48244093914565,95.63937543873406,120.69999694824219,94.19243465860085,43.20140797728784,49.16516605663654,434.49209437852244,95.98526888071629,43138700,18674000,44564900,414120000,69936200,6448900
2023-11-21,119.16000366210938,94.98625946044922,43.063262939453125,49.79528045654297,437.1344299316406,94.55365753173828,120.6500015258789,95.93495621789401,44.06978329979618,50.3665722694878,437.96383085338925,96.22547092462983,117.94000244140625,94.05982328709892,42.72775615267211,49.075430256470796,435.87106582224123,94.39031366997168,120.54000091552734,94.38605827715804,43.911897974504114,49.976737718443786,437.0476372941105,96.08134743738873,41064800,43344000,37252100,565747000,49244600,10112600
2023-11-22,122.51000213623047,94.09561920166016,43.09286117553711,48.57093048095703,438.8221740722656,94.78424835205078,124.76000213623047,95.64355671019652,44.04017680174799,50.18510881847485,440.1337760565273,95.74506180249138,119.94999694824219,93.99881448317178,42.96458194884538,47.54798478525453,437.7324245676935,94.11167453848742,120.0,95.22728977354257,43.44810406483085,49.703549221280575,438.7836191839142,94.85150500036463,56862200,33743000,31481200,899420000,59394900,7413500
2023-11-24,122.30999755859375,94.76068878173828,43.3790283203125,47.63373565673828,439.0922546386719,93.99638366699219,123.25,94.85652597718014,43.41850058791116,48.77532658141017,439.285146826889,94.86111725734298,121.54000091552734,93.58739955310872,43.0336553895308,47.60282592861512,438.5425678215631,93.65049023085187,122.02999877929688,94.38217765125127,43.10272997568714,48.325669336815935,438.8704609965596,94.62091388949138,19001000,23158000,13037100,294645000,29737400,4297600
2023-11-27,122.6500015258789,91.9891357421875,43.4974479675293,48.09835433959961,438.3014831542969,93.40066528320312,123.88999938964844,94.96785883010668,43.96123396715262,48.385494990493825,439.275509275739,93.72734563545544,121.7699966430664,91.90103878157007,43.07313047380296,47.51011098197541,437.9156987639097,92.64162185372551,122.06999969482422,94.49738058662146,43.07313047380296,47.65766910789753,438.46541503211625,93.60243520793654,32743000,96962000,33339900,395662000,50506000,6856100
2023-11-28,122.01000213623047,91.61255645751953,43.64546203613281,47.678592681884766,438.73541259765625,94.14049530029297,122.54000091552734,92.04914896690892,43.79348116276332,48.179100480804,440.02770779834395,94.39991167952184,120.79000091552734,90.43248707561189,43.082995377789274,47.33162941931642,437.3563247451927,93.4294881430711,121.9800033569336,90.99202979060418,43.11259769740228,48.09235776349319,437.91566497815336,94.03480524531199,32047100,39025000,24548900,401491000,62115000,6358100
2023-11-29,123.8499984741211,91.07817077636719,44.3460807800293,47.99665451049805,438.4267272949219,95.0052261352539,125.7300033569336,92.87876655779473,44.74079596740847,48.616804044774916,442.004679482677,95.82192338772128,123.4800033569336,90.93683013029231,44.010574000041906,47.71748947427739,438.0313484211019,94.73619955673855,123.9800033569336,91.80518475433556,44.010574000041906,48.23494506927642,440.87631632625397,95.12052638194241,37876300,34843000,38982000,382005000,63146000,7091100
2023-11-30,121.16000366210938,89.61640930175781,44.1092529296875,46.630733489990234,440.153076171875,93.49674224853516,124.05000305175781,91.2321036771751,44.49409815176386,47.96674352591701,440.5002762034089,95.10130607135225,119.6500015258789,88.90391554971958,43.82308461840098,46.28377015509841,437.2020083442997,93.10281259736463,123.61000061035156,91.09464051581824,44.05991447429258,47.88099726514556,439.2658427946925,95.05326247296428,44494200,49571000,46263000,526247000,79752700,9681400
2023-12-01,121.38999938964844,90.02978515625,43.16194152832031,46.62574768066406,442.7569580078125,94.68817138671875,121.4000015258789,90.40732882572438,43.77374666363665,47.05945375436282,443.2873673280454,94.90915438208197,118.6500015258789,87.9000512573828,42.29357039916354,46.04946966832762,438.9572118254806,93.21812060475314,119.87999725341797,89.29986838002999,43.77374666363665,46.38646445632827,439.54548291042204,93.87147406437393,37048000,29612000,43928400,369317000,89183400,7500400
2023-12-04,118.56999969482422,89.446044921875,41.79030990600586,45.37448501586914,440.43280029296875,93.20852661132812,119.9000015258789,90.1236854981592,42.737625611140786,45.93979802137365,442.77629034785133,93.39107620519927,116.37000274658203,88.717088305002,41.13903247613481,44.87597384591377,438.16644945685704,91.51749267319397,119.75,89.12368003650087,42.72775566101437,45.93979802137365,439.38160552881834,93.2469600338341,39854400,25009000,50417600,437543000,72430900,10619400
2023-12-05,118.37999725341797,88.39567565917969,41.365989685058594,46.43142318725586,440.3459167480469,92.90104675292969,118.48999786376953,88.79742228338479,41.731102530170645,46.46532151700449,441.3006652182618,93.21810959275332,116.44999694824219,87.69189711199924,41.06008900826224,45.140163841646064,438.6774908532252,92.12278294137361,117.43000030517578,88.248537204406,41.35612349986118,45.33459997495961,439.0536217240435,92.68005645324729,39191600,37066000,31859300,371718000,69793500,8009600
2023-12-06,116.81999969482422,87.47795104980469,40.72458267211914,45.371490478515625,438.57147216796875,94.01558685302734,122.83000183105469,89.1556041121974,42.027137460168056,47.25004822206123,442.50621946104377,94.70737365277066,116.37999725341797,87.42567487578768,40.6259019977016,45.2807538725136,438.1374794863498,93.63126003867836,120.69000244140625,89.09655522674021,41.91859060045017,47.07854443551646,442.47728857768345,93.96755058274888,60599000,24813000,31992300,380590000,69124700,11262300
2023-12-07,128.3699951171875,89.2804946899414,41.59295654296875,46.461334228515625,441.91796875,95.39917755126953,128.67999267578125,89.46055873401701,41.87912110704372,46.49423979899288,442.5641016519375,95.73546082518911,119.55999755859375,87.47796350286526,40.63577464121815,45.47220061553475,440.0470263897846,94.05403712516562,120.79000091552734,87.66189766831478,41.19824134769675,45.56792383673814,440.6449509609681,94.12129377994954,118579100,43517000,29118700,350823000,66995400,11373700
2023-12-08,128.9199981689453,91.41410827636719,42.135684967041016,47.36870574951172,443.8178405761719,96.4176254272461,131.0,92.03657004689765,42.39224719590146,47.60302719608969,444.3482499376319,96.43684580072303,126.88999938964844,88.14496348952943,41.257447654791754,46.41546736033398,440.93425839840177,95.07248517042211,129.5399932861328,89.82067438793597,41.28704997543026,46.46033928594401,441.1753589138319,95.23582902327746,89341000,69668000,42815000,359224000,83194400,10572500
2023-12-11,134.41000366210938,99.6368179321289,43.95136642456055,46.49224853515625,445.5440979003906,96.99412536621094,135.0399932861328,100.63101064555806,44.138854055701096,47.39363533790565,445.7177126387657,97.243938942827,128.25,92.55544195639037,42.51066248602941,45.697554757992016,443.11381530650647,95.47604552166885,130.55999755859375,92.64449905273187,42.58960325966863,47.35375382727248,443.32598493677364,95.66820530034234,98668300,101184000,48288200,509728000,65002200,9482800
2023-12-12,137.61000061035156,103.8033447265625,43.45797348022461,47.5192756652832,447.5790100097656,97.61864471435547,139.88999938964844,104.4916427474723,43.852684869037354,47.528248529944456,447.67545610374924,97.6666883188583,131.89999389648438,99.18569242921103,43.05339214222901,45.91293129624922,444.20360273884916,96.033301061285,132.25,99.51580486622437,43.773744096987876,45.91293129624922,445.1969357013274,96.22546814887149,111677800,90242000,31452200,372387000,68327600,7378600
2023-12-13,138.19000244140625,105.48876190185547,43.98097229003906,47.94902420043945,453.7511291503906,98.11827087402344,139.24000549316406,106.46553178603997,44.12899142843519,48.45356234904266,454.00188308183056,98.65632405327419,136.02999877929688,102.86046942954309,42.75736196785886,47.47041188410191,447.5982398420778,96.9556874943282,137.97000122070312,103.38903642360398,43.4974501312734,47.49135110162281,447.9550638637653,97.4264840261726,70651600,71654000,35216100,447792000,93278000,8988800
2023-12-14,138.0,107.11510467529297,44.582908630371094,48.21026611328125,455.2073974609375,99.86457061767578,141.82000732421875,108.56429522569842,46.44793008966711,48.52934100326086,456.86617007826965,100.21209413082627,135.72999572753906,105.54587389342845,44.05991423037119,47.28495045380948,452.545638522815,99.23710456362652,138.88999938964844,105.72980805476828,44.41515336581766,48.25015142544688,455.6799450229731,99.7680379451275,76115200,66964000,70620800,391232000,119026000,10074500
2023-12-15,139.14999389648438,109.3658447265625,45.549957275390625,48.74869918823242,454.4579162597656,98.98612213134766,140.88999938964844,111.31552170098243,46.64528830971267,49.26121358218172,455.7845286924067,101.1291815228264,137.25,105.9660096894957,45.06643137433316,47.980924159413945,452.6181291338484,98.84131942773963,139.52000427246094,106.0240984367211,45.33286355275876,48.05471159561218,454.61284974570634,99.912849123479,70211800,118544000,84583400,479948000,141553700,16379200
2023-12-18,138.89999389648438,111.03671264648438,45.08616256713867,49.93227767944336,457.0142517089844,99.36260986328125,139.7899932861328,111.50332073431241,45.619026865577,50.28724783914224,457.9922563619539,99.7294370150207,137.64999389648438,108.29129012867828,44.799998049191395,49.00795855556237,455.00017559306576,98.54207098717059,139.14999389648438,108.50039483739485,45.54008609781714,49.25723605827901,456.05563220988086,99.27572529064949,45199500,54741000,27895700,412587000,70375300,5660600
2023-12-19,140.14999389648438,110.82568359375,46.04335021972656,49.46063995361328,459.7933044433594,100.27002716064453,143.47000122070312,111.8837756930955,46.06308635526833,49.55636317420033,459.87078595804843,100.3762153179179,138.55999755859375,110.13811589910777,44.908546893913886,48.75368939419547,457.47905393883144,99.5170545822594,138.57000732421875,111.0610286935294,44.99735762171038,49.281159865930675,457.5565059029809,99.66185728444775,63739800,36020000,35358800,464444000,55761800,8498500
2023-12-20,135.47000122070312,107.98595428466797,45.155242919921875,47.971954345703125,453.4218444824219,96.57276153564453,139.5800018310547,110.99880064509385,46.32951851625015,49.85449831929735,460.8197337409229,99.51704859995002,135.3699951171875,107.87703324922983,45.096038277608145,47.95899143016388,452.9957847839671,96.47622886164567,139.0,110.15659915929349,46.023614061925066,49.511490749608875,458.9412058569742,99.1405660158748,54671700,34523000,38159100,397894000,102921000,10814100
2023-12-21,139.91000366210938,109.6304702758789,46.457801818847656,48.848419189453125,457.72113037109375,98.9957504272461,139.97999572753906,110.42112719090669,46.497270325887236,48.953115280045736,457.99225657048584,99.15985667595585,137.3800048828125,108.43525481003667,45.411809214497815,48.27906644393615,453.98343038961036,97.65392664785321,138.13999938964844,110.1517405369971,45.865729041858266,48.66993565248791,456.39451800386655,97.78907383678707,47179400,24106000,28320500,300425000,86667500,9068200
2023-12-22,139.60000610351562,109.11405944824219,47.365638732910156,48.688880920410156,458.64105224609375,99.57496643066406,140.6999969482422,110.08851683245662,47.52352404478188,49.24028032151343,460.31624293413637,99.99971163655474,138.30999755859375,108.29228441629272,46.57621217355154,48.326927237730985,456.75286124971245,99.15021385980302,140.47999572753906,109.69756601978327,46.625550627708435,49.05282392386867,458.8443895271257,99.36259014523354,35396600,19089000,30095700,252507000,67160400,5566400
2023-12-26,143.41000366210938,110.07783508300781,49.83259963989258,49.1365852355957,460.5776062011719,100.82990264892578,143.85000610351562,110.42891252104162,49.852335774632216,49.45665670800159,461.4781292872484,101.3222288073683,139.9199981689453,109.2152145867116,48.06625510566455,48.8185068878219,458.97020470261134,99.98040489894093,140.07000732421875,109.33386283811382,48.27347887400653,48.826483190023204,459.04768621247854,100.01901943734526,47157400,16793000,60287400,244200000,55387000,6407500
2023-12-27,146.07000732421875,109.52154541015625,50.08916091918945,49.27418899536133,461.4103698730469,101.02297973632812,146.25,110.82471730754646,50.60228911990351,49.53642943515857,461.5556107658659,101.71802672790639,143.17999267578125,109.20936941984216,49.52669426469732,48.94314771611391,459.8417091295261,100.47273542882374,144.72000122070312,110.47752780536537,49.96088169222299,49.36791910846013,460.37426892004174,101.40911777220165,49033400,20055000,52148000,233648000,68000300,5889700
2023-12-28,148.75999450683594,109.1558837890625,49.724056243896484,49.378875732421875,461.5846862792969,101.07125091552734,150.41000366210938,110.11186620972593,50.197712217786155,49.73982902864742,462.4174204811319,101.8628306416204,145.9499969482422,108.82912068169222,49.497096325008705,49.26919303504833,461.16831917837936,101.07125091552734,146.8000030517578,110.05837767110121,50.13850757372686,49.49952822100173,461.76866793794215,101.36085630811037,63800700,21247000,27705200,246587000,77158100,5335100
2023-12-29,147.41000366210938,108.55680847167969,49.58590316772461,49.378875732421875,460.2484130859375,100.3955078125,151.0500030517578,109.3474653100476,49.9016737922272,49.85250521620105,461.9139110481109,101.3318901695311,147.1999969482422,108.40315414400415,49.11224723097072,48.610104092310245,458.3020963459827,100.07694337588663,149.5,109.06349157480562,49.63524162200012,49.66903507790819,461.39101424995863,101.0905548142126,62079200,20558000,29288700,389293000,122283100,4409600
2024-01-02,138.5800018310547,105.55467224121094,47.16828536987305,48.02879333496094,457.6726989746094,98.01112365722656,144.39999389648438,107.17098475183458,48.72740625777313,49.152535199799544,458.66039620914324,99.06334974713997,137.42999267578125,104.74845623461964,46.82291239560814,47.457451257375006,455.5811413344983,97.10370026876544,144.27999877929688,106.2101424227356,48.54978479549887,49.101683898702085,457.1982355112993,98.7061707322205,64902000,28831000,45905700,411254000,123623700,9020900
2024-01-03,135.32000732421875,102.94831848144531,46.428192138671875,47.43152618408203,453.93499755859375,96.69825744628906,137.42999267578125,104.5451837186541,47.178150178605605,48.04474670855863,456.258940483322,97.74082804637685,133.74000549316406,102.63030323689553,46.18149610842996,47.183245244517686,453.33464883768056,96.20593857816809,135.7100067138672,104.0783740522709,46.47753059186372,47.34776930861543,455.5230138961187,96.86236373566271,61988600,34735000,35858400,320896000,103585900,6650600
2024-01-04,136.00999450683594,102.01763153076172,46.25057601928711,47.859283447265625,452.4728698730469,95.69430541992188,137.6999969482422,104.0103076167939,46.53674435073411,48.35983153595327,456.03625125353045,96.95890786150734,134.0,101.85813790481745,44.64212042725696,47.3706979086473,452.2501474553143,95.68465730717922,134.3000030517578,102.88802777964038,45.11577640812625,47.62894825426151,453.4605375615008,96.08044351380315,58610300,25658000,47797800,306535000,84232200,7996700
2024-01-05,138.5800018310547,102.04389190673828,46.27030944824219,48.955101013183594,453.0926208496094,96.15766906738281,141.00999450683594,102.64490153431375,47.19788898358277,49.40380119345811,455.53275675735284,97.15196965118528,136.44000244140625,101.28824854606609,46.02361340404019,48.16638677946172,451.6498156943496,95.37574479564908,136.77999877929688,102.26951722172979,46.408458630710044,48.321937950337194,452.67622417899463,95.56881015299996,69657700,22475000,34344000,415039000,86118900,7347300
2024-01-08,146.17999267578125,104.53060913085938,47.809696197509766,52.101985931396484,459.5609436035156,98.69650268554688,147.14999389648438,104.83695324297666,48.11559689647681,52.1239255155236,459.7061845131588,99.22744340159818,140.14999389648438,102.30841232841982,46.349256004061985,49.336004592518634,453.4605594436324,97.01681071153881,140.36000061035156,102.7460478342572,46.44793292031915,49.36891016503661,453.58644474883687,97.1423024421644,71756900,33110000,42135100,642510000,74879100,12455600
2024-01-09,149.25999450683594,105.27359771728516,47.41497802734375,52.98642349243164,458.86370849609375,98.35865020751953,149.86000061035156,105.86294353536107,47.91824005579795,54.16800018278708,459.88042430514423,98.43587929932252,145.0800018310547,103.54446910694499,47.16828198790462,51.54061326714163,456.41388024759897,96.73687610451469,145.9499969482422,103.63296372575641,47.37550575760561,52.24956080282397,456.9173918638988,97.5477668385029,67875700,23225000,30097000,773100000,65931400,7764000
2024-01-10,148.5399932861328,105.08688354492188,46.842647552490234,54.19292449951172,461.45880126953125,97.3064193725586,150.8800048828125,105.31931271274816,47.66167648760095,54.442201988108685,462.32061320272817,99.21779128512551,146.64999389648438,103.33927975021034,46.31964936260299,53.334412767924995,458.854039417125,96.51483969225873,150.07000732421875,105.06549258243565,47.602471844269466,53.46104844034716,459.134858193739,98.96680045040489,56951200,17643000,31480200,533796000,67310600,6975700
2024-01-11,148.02000427246094,106.97452545166016,47.01039505004883,54.6635627746582,461.2554931640625,97.71186065673828,150.3800048828125,107.10289347542928,47.207752627642286,55.18605048150879,462.96939501130794,98.61928395711358,143.69000244140625,104.497529357613,46.112421648067155,53.40521272938546,457.29510006298005,96.52448745805636,148.52000427246094,105.45156769252326,46.81303747245537,54.840053191345746,462.45619075983615,98.17522041844053,62764600,25757000,31707900,596759000,77940700,7862700
2024-01-12,146.55999755859375,107.7233657836914,46.49726486206055,54.551883697509766,461.57501220703125,97.73116302490234,148.75,108.50235147742363,47.039995353979776,54.81113441098262,463.43418447136196,98.83165165142266,145.0,106.97744964235956,45.994006636825546,54.172984660391826,460.1709773696293,97.37399141408379,148.0399932861328,108.15321802707578,46.97092076942365,54.4621436511034,462.69825780727723,97.39329500184269,48293100,26882000,27587900,352994000,58026400,6519700
2024-01-16,158.74000549316406,108.43136596679688,46.43806838989258,56.21905517578125,459.8804626464844,98.14625549316406,159.72000122070312,109.52835957832353,46.595953720102386,56.670745116790805,461.507219896807,98.80268792051899,149.97999572753906,106.84324829535657,45.767054795430106,54.74133972907017,458.0697237314841,96.72720249836956,150.36000061035156,108.17656642392924,46.35912384264608,54.8589987377964,460.2000221906259,97.04576691862347,112711400,26145000,43720700,449580000,85014900,11185500
2024-01-17,160.1699981689453,107.33338165283203,45.45127868652344,55.89100646972656,457.32415771484375,99.38190460205078,160.63999938964844,108.25143452601412,45.80651781369869,56.3077977062965,457.8083137942025,99.74873908608647,154.39999389648438,106.02438540293281,45.04669734109243,54.581801354818275,454.9808292885089,96.5341501195136,158.4499969482422,107.58818116886626,45.80651781369869,56.18415552246115,456.8690498182248,97.37399987694299,104085000,18314000,33488000,474394000,68843900,17649500
2024-01-18,162.6699981689453,111.24678802490234,46.122291564941406,56.94195556640625,461.3910217285156,109.11253356933594,168.60000610351562,111.50353152348481,46.94132042959796,57.43353079531085,461.9429667160371,109.46005705076732,158.22000122070312,109.10434540549986,45.55982115169575,55.94484563035105,457.4500139514087,105.6855761343461,166.1999969482422,109.39803895531894,46.408456099754304,57.094513264905174,458.98962663985805,107.34595709955477,131864900,32228000,46681300,491650000,91856200,58783700
2024-01-19,174.22999572753906,117.79082489013672,47.51365661621094,59.31907272338867,467.1427917480469,110.24199676513672,174.25,118.35487701939556,48.115591764024586,59.328045587590395,467.4236105266518,111.15907561253947,162.1999969482422,112.42254680306739,45.82625291965619,57.05961879365457,461.43944893766223,107.17221048908972,165.8000030517578,112.54995027199708,46.37885337888682,57.82141078034066,462.51426116700225,109.29596621599254,140367900,53077000,55979800,543501000,110834500,37812600
2024-01-22,168.17999267578125,118.69528198242188,47.582733154296875,59.481597900390625,468.1304931640625,109.11253356933594,174.72000122070312,119.74851433724783,48.520175090034456,60.15664330232137,469.8443949304159,111.11078990508132,164.14999389648438,117.50103100753813,47.01039653759373,58.89928603895681,467.4817110595385,108.62020740981312,174.38999938964844,118.2819607549706,48.2044044616061,59.87545679775879,468.67274557207963,110.801880962139,122973800,31222000,45639500,452955000,75844900,17755500
2024-01-23,168.4199981689453,119.26029205322266,48.24387741088867,59.6999626159668,469.4957275390625,110.17443084716797,169.6300048828125,119.32545175934817,48.29321586647265,59.73685443495751,469.73780553153625,110.647453519739,164.27000427246094,117.0439345838682,46.6946265669979,58.41568304614902,467.58818132688396,109.23805570987142,166.5,118.7438891396916,47.48405314919019,59.39783691409728,468.6726860050806,109.58557189965848,76830500,16952000,37224100,294654000,49945300,11667900
2024-01-24,178.2899932861328,121.94054412841797,48.44123458862305,61.18466567993164,470.0090637207031,112.48158264160156,180.5800018310547,124.9242161442148,49.1122481188933,62.66736781993211,473.28193407003323,114.73082999025787,170.55999755859375,119.71737536972307,47.6320718781706,59.764781198476165,469.5152150522186,110.6377842997851,172.5500030517578,120.81534833006572,48.520175364034515,60.12972459836109,472.3523626504235,111.33283132297252,125516400,34805000,49375800,560271000,81765000,21859200
2024-01-25,180.3300018310547,119.6191635131836,48.89515686035156,61.43891906738281,472.5653991699219,112.52020263671875,184.9199981689453,124.57898842387196,49.63524501796823,62.53773532424112,472.8365254024004,114.72118007350183,177.6300048828125,119.50245921915572,48.32282397588851,60.67413370207847,470.009070342345,112.442980914266,183.41000366210938,124.57898842387196,49.33921050777817,62.16979849805745,472.129646862115,113.92960033983474,127171400,36356000,84845100,482777000,72525000,15485300
2024-01-26,177.25,117.17620086669922,43.07312774658203,60.85462188720703,471.9649963378906,113.19595336914062,181.22999572753906,118.76431849428153,44.80986611742092,61.60445135537022,473.6208017271318,113.94891860742109,174.14999389648438,116.7239856688358,42.77708950325992,60.39794910397368,471.122569553023,112.2692263554899,175.2899932861328,118.61746801196688,43.5961221183612,60.7838279254581,472.13928542085506,112.84842981840015,107381200,25818000,127665300,390309000,76641600,10196400
2024-01-29,177.8300018310547,118.42977142333984,43.260616302490234,62.28447341918945,475.70269775390625,112.92565155029297,178.88999938964844,119.00355080033097,43.40863542733626,62.30840232360706,475.8479682163698,113.7848048933541,174.39999389648438,117.18689934658268,42.24422985568122,60.73097744998884,471.7326415921786,111.74793374565515,178.77000427246094,118.15162954798079,43.1323333119092,61.055035142050976,472.27489403038163,113.1090614265274,89384500,21526000,51790900,348733000,61322800,10042200
2024-01-30,172.05999755859375,117.49518585205078,42.35277557373047,62.59257888793945,475.334716796875,112.03753662109375,178.47999572753906,119.4246536488256,43.24088284930683,63.309502714007664,476.04156568160744,113.91995704048051,169.52000427246094,117.11882214090856,42.32317325263891,62.08006442941247,474.5794050287412,111.55486585175942,176.1300048828125,118.33251998499378,43.09286371528312,62.71821799882993,475.0151572718124,112.32714202868293,122265700,20683000,47958800,410735000,58618400,11030800
2024-01-31,167.69000244140625,114.756591796875,42.51066207885742,61.34918975830078,467.57855224609375,109.04497528076172,171.3000030517578,116.43126014503255,43.21127790693192,62.089045984947674,473.58206954437225,110.76328197748064,162.55999755859375,114.20323138374646,41.80017630149584,60.524580091271865,467.55916709172027,108.96774619293878,165.74000549316406,115.67561674795223,42.00740006513206,61.26243938962684,473.13665425188526,109.5662605761098,133157300,27400000,51584200,453795000,126011100,12853900
2024-02-01,170.47999572753906,116.70258331298828,42.786964416503906,62.844844818115234,473.69830322265625,109.46007537841797,171.13999938964844,117.00211614287977,42.99418819944557,63.00837229900728,473.72735140437555,110.07789336774812,165.86000061035156,114.67003381037551,41.92846319840053,61.47182560913307,468.4693941088524,108.70711016423256,169.27000427246094,115.47138244120958,42.57974063356224,61.920522012090565,469.27310972065493,109.85586894047364,91576700,19411000,38819900,369146000,91891600,8807600
2024-02-02,177.66000366210938,119.0687026977539,42.0369987487793,65.96878814697266,478.68511962890625,111.73827362060547,179.0,120.0752576190934,42.56986303571472,66.40751128682628,480.33123256171854,111.94099444272972,173.0500030517578,117.20245074655415,41.05021470524662,63.50592191536747,473.7951255169084,109.97169698713162,173.7899932861328,117.5525561609602,42.43171387190532,63.78910149469645,474.1340406811921,110.87912031328185,82134300,26689000,53683500,476578000,99228200,10044000
2024-02-05,174.22999572753906,120.89313507080078,42.20475769042969,69.13162994384766,476.94207763671875,114.67291259765625,180.00999450683594,121.34535764766123,42.57973671381655,69.29615400361993,478.71410519650345,115.39691869063878,171.11000061035156,118.85571836641564,41.869250935669385,67.01077810938553,474.6956161898589,112.53950886079757,179.08999633789062,119.32350002945758,42.05673856522146,68.02782694293316,478.0556601095021,113.07044224333558,76349200,22045000,28890300,680078000,75757100,13267600
2024-02-06,167.8800048828125,118.90435791015625,42.29877853393555,68.02583312988281,478.3268737792969,115.2424545288086,173.8800048828125,123.7144086651279,42.3383627277486,69.55240673067756,478.65609638301095,116.79665478344532,165.5,117.86279682272607,41.70497032294128,66.10839412447636,476.4580087647838,114.18058045398715,173.14999389648438,122.88388578888308,42.259190564805955,69.42876454653677,477.88142888849836,115.95681247284503,68854100,25354000,34068200,683111000,55918600,11503800
2024-02-07,170.94000244140625,122.25077819824219,42.33836364746094,69.89640045166016,482.3162841796875,120.64837646484375,172.97000122070312,122.48903924724186,42.65505985674417,70.01705293105977,482.73265130891053,120.66768005306514,168.1999969482422,119.29822430768148,42.11073848299591,67.40462245828914,479.66308881437243,115.84097285094253,169.47000122070312,120.00816239784827,42.44722867727391,68.12154618534456,480.5636415654776,115.85062832753857,53665400,25768000,34269200,495575000,70556500,18172500
2024-02-08,169.35000610351562,123.97212219238281,42.061256408691406,69.4397201538086,482.529296875,129.09507751464844,172.1699981689453,126.03482535101847,42.52640562884181,70.58938759388047,482.9069232309363,130.07972968563107,168.60000610351562,123.02392306518378,41.89301319520865,69.25426071915464,481.5028884042988,121.73918211539367,170.3300018310547,123.21745080754249,42.278986473496566,69.87146734419171,482.3162670291635,122.59833521391572,43385300,29326000,33206500,414422000,52343600,33367000
2024-02-09,172.47999572753906,124.8162612915039,42.862892150878906,71.9245376586914,485.318115234375,128.49658203125,175.10000610351562,125.04091463027272,43.07072331744834,71.9763817179636,485.7538380198827,130.48518276792097,168.66000366210938,121.46596015224924,41.96228665376166,70.00908414671076,482.69396774040007,126.0639178119532,171.0,121.76160507386172,42.1107358690328,70.32915559936207,483.03288294060275,129.83840585948502,56375700,26293000,51193000,436637000,63979400,16984200
2024-02-12,171.91000366210938,123.02294921875,43.57545852661133,72.03919982910156,485.1050109863281,125.93846130371094,177.41000366210938,125.46104407434171,44.57503398469183,74.39536957580593,487.5451468627196,128.88274115864027,170.6699981689453,122.43944264315216,42.87278906222066,71.0440830164451,484.38843993132826,125.74538121556775,172.67999267578125,125.45521219905187,42.94206612066388,72.39017991002451,485.2889926510743,128.65106862077667,58177100,24778000,51107300,613710000,56502300,14203800
2024-02-13,171.5399932861328,121.72463989257812,42.714439392089844,71.91956329345703,478.42364501953125,123.12931060791016,173.1699981689453,122.13503769582809,43.17958857482636,73.23774158600555,481.3382739920692,125.41716523700802,164.3000030517578,119.33614574957832,42.31856726525242,69.41881527870093,475.1701304413372,122.09639550307148,167.94000244140625,120.11707537045375,42.55609129641815,70.19656002218674,478.8593972990049,123.4961377245451,63071300,31907000,36622200,602580000,113099200,14494000
2024-02-14,178.6999969482422,122.75259399414062,43.73380661010742,73.6864242553711,482.77142333984375,124.7896957397461,178.74000549316406,123.80096635256031,43.83277653306883,74.0214517262709,483.2555794425452,126.25700416610063,172.8800048828125,120.72004442539496,42.94206610299881,71.73009661007124,478.7335484410746,123.52509340800955,173.47000122070312,123.43530182603445,43.36762733344154,72.99044348203591,481.0478287962483,125.13721925755466,57402500,27306000,36186200,504917000,68387800,13069700
2024-02-15,176.75999450683594,123.02974700927734,43.595252990722656,72.44801330566406,486.10235595703125,124.55799102783203,180.5,124.48170572479276,44.802659637413264,73.76120847442633,486.2863376159792,126.58521371925828,175.25999450683594,121.06332197756586,43.56556390115373,72.19076331535655,482.99405290883,123.90156599171443,179.13999938964844,124.47684582925051,44.29792246284209,73.65551962549853,483.46854592163555,126.26664931175188,51126400,21873000,44024500,420122000,61683000,12554000
2024-02-16,173.8699951171875,121.12459564208984,43.060829162597656,72.40313720703125,483.6816101074219,122.29912567138672,180.3300018310547,124.06159026711016,43.76350244978494,74.18696820662582,486.9351247377766,124.18153878399353,173.25,120.82409084136847,42.67485587510025,72.29146138961607,482.9456834193714,121.4496203775156,177.4499969482422,122.44332654383086,43.57546147103312,73.88583908151942,485.802216073848,122.7238709533506,53940300,21268000,29975300,495327000,75532900,13104400
2024-02-20,165.69000244140625,119.28364562988281,44.060401916503906,69.25128936767578,481.01873779296875,120.98624420166016,171.80999755859375,120.36994751476594,44.703689430093235,71.74805069531128,482.6164468795506,122.65628076514807,162.0,117.92309718559686,42.97175541030291,67.53825202114858,478.78193916164605,119.84714101013162,171.13999938964844,120.18905548732583,43.80308389081493,71.7390740272432,481.9483091532552,122.49217448826812,66550000,26329000,61514100,704833000,71736700,12038800
2024-02-21,164.2899932861328,119.37116241455078,43.021244049072266,67.27702331542969,481.4544982910156,120.99589538574219,164.89999389648438,119.42951084545315,44.22864696301597,68.68893180309685,481.6094317883095,121.03450992804225,161.80999755859375,116.95835388897294,42.6352707698016,66.05656133581022,477.9201646887193,118.65012270202251,162.74000549316406,118.45213752939549,44.020815778072794,67.80947678404895,479.7212407380355,120.11743848457088,48365700,20579000,57485200,673755000,59293400,11469700
2024-02-22,181.86000061035156,126.90328979492188,42.53630065917969,78.31101989746094,491.4183654785156,124.59663391113281,183.8300018310547,127.4945796548575,44.218751667634606,78.34790791274914,492.37698495204523,126.92309572084119,172.0,124.13843170594568,42.090945425277404,74.00549852714776,487.08031685540794,124.52905293606653,173.1999969482422,124.64803078941827,44.218751667634606,74.80817230671141,488.03896587947617,125.19514092484091,100684700,40819000,62809300,865100000,76402500,17014100
2024-02-23,176.52000427246094,126.07368469238281,42.54619598388672,78.58921813964844,491.75732421875,125.04067993164062,183.8000030517578,128.33478970715439,43.060824460813436,82.15587637734276,493.9650747069926,126.46938118858054,174.5500030517578,125.33944733233055,42.21960091454698,77.3458203592003,491.03109011668937,123.303069697662,181.86000061035156,127.24071237976433,42.68475009500671,80.55651569183838,493.1323109036816,125.9770623396873,69207400,23115000,33810700,829388000,61321800,10123300
2024-02-26,176.00999450683594,127.31465148925781,42.54619598388672,78.86343383789062,489.95623779296875,126.11221313476562,179.83999633789062,128.25410283306144,43.22907143525656,80.41294376465017,492.62878868752523,126.68176108531996,174.80999755859375,126.56873531361441,42.3779490094436,78.27812461798902,489.83035248988597,124.10430104456198,178.77999877929688,127.39926562273807,43.05092935658332,79.46967086730548,492.19303641539864,125.51370611756903,45435100,16282000,27035400,503973000,50386700,9526700
2024-02-27,178.0,126.06011199951172,42.28887939453125,78.47354125976562,490.8664245605469,124.13327026367188,178.4600067138672,127.5879297984775,42.82330564855216,79.25029679601072,491.089146972122,127.39612951835453,172.49000549316406,125.67013315633622,42.07114934097092,76.9389952975712,488.755511365846,124.13327026367188,175.9199981689453,127.31464782070276,42.803511664108804,79.151576284054,490.64373169951057,126.23772256809447,43665200,12126000,25126400,391705000,48854500,8851800
2024-02-28,176.5399932861328,125.39784240722656,41.5565185546875,77.43856048583984,490.2176818847656,122.96517944335938,176.83999633789062,126.2828332916773,42.011768845825976,78.70488691297152,490.79864549092105,124.12359349111908,173.58999633789062,124.77056701776652,41.477342621281004,76.9021132659983,488.9588584535033,122.26048437690287,176.25,125.74600391718637,42.001869966492016,77.39568548362723,489.3171291941457,124.04636441494108,35914400,10967000,26928500,393110000,56506600,6519100
2024-02-29,192.52999877929688,126.47441101074219,42.60557556152344,78.88336181640625,491.9799499511719,124.21048736572266,193.0,127.24366958654538,42.704545483662436,79.75882270864132,493.58735142374917,124.7124690633506,179.82000732421875,125.18972143951184,41.922700087688604,78.12356300049603,489.3364770928048,122.74317154605781,179.82000732421875,126.74865757682986,41.93259519224425,78.86541608909434,491.97028692549793,123.59266940323523,105538500,27536000,48875100,507289000,83924800,9369900
2024-03-01,202.63999938964844,136.0711669921875,43.36763000488281,82.04121398925781,496.5988464355469,129.2592010498047,202.72000122070312,136.9065497253975,43.812985247351655,82.06215701188974,497.02490613181874,131.91388976593535,195.4199981689453,128.37177102907748,42.684754483308424,79.20543135087004,492.4448087227075,125.59091569873979,197.91000366210938,128.94847374087678,42.96186273403715,79.76880094187264,492.85151281479995,125.6198747608842,103820800,44488000,41426100,479135000,76844800,24393000
2024-03-04,205.36000061035156,136.37168884277344,45.13915252685547,84.99065399169922,496.0662536621094,133.4680938720703,211.00999450683594,139.86398847333962,46.12882917502045,87.44155024884783,497.9060702059494,137.06882782438132,203.5,134.7116074300453,43.39731951190769,83.47704345209779,495.77577186599717,132.90819410417794,205.16000366210938,136.45824694486018,43.812985667301724,83.88685110747949,495.80484959614716,135.08987504974834,86835300,34854000,59990800,615616000,49799300,26544600
2024-03-05,205.1300048828125,130.58424377441406,42.714439392089844,85.71958923339844,491.1085205078125,130.29212951660156,205.3300018310547,135.6656327281182,44.406785372452866,85.85221432148215,494.5169979894073,132.66686110418345,199.14999389648438,129.57478022618852,42.249290209353326,83.1798336316164,488.9104626936786,129.09510088167963,200.5,135.6656327281182,44.09998806070443,85.02756212891575,494.0715531499916,132.36760762793818,65407100,36040000,56655100,520639000,72855600,13694700
2024-03-06,210.6300048828125,131.28932189941406,44.05050277709961,88.44780731201172,493.5970764160156,136.6633758544922,214.80999755859375,135.64910156198053,45.04017935400904,89.46889796984821,495.84356750478094,139.00914815930963,207.32000732421875,131.00339675854065,43.11031304928887,86.78255724053227,492.3092343684573,133.80595910559973,210.42999267578125,135.33303764380204,43.476492325656736,87.7717411927185,494.3717142498123,133.98937631065576,86687000,43196000,52652000,582520000,68382400,22292700
2024-03-07,211.3800048828125,136.83363342285156,45.67357635498047,92.405517578125,498.4967956542969,144.02896118164062,213.8300018310547,137.54356416195435,45.94078571326764,92.5032385135836,499.5425893667193,146.34578981790645,208.22000122070312,133.51541468494824,44.71358885003174,89.34723648723485,493.6552347093042,139.15398324339637,212.52000427246094,134.40040558017643,45.07976813297767,89.90165539673119,496.8797308469733,139.877989430365,63869000,62832000,50378200,608119000,58652100,34675700
2024-03-08,207.38999938964844,127.27477264404297,43.54576873779297,87.27912902832031,495.50469970703125,141.29701232910156,227.3000030517578,137.41615154473263,46.14861915352694,97.12306133342042,501.7986991966138,152.91006789063576,205.60000610351562,126.58040849730665,43.54576873779297,86.26003174516178,494.93339907868494,139.90691839246915,213.41000366210938,135.592688851303,45.960578190502105,94.86749190765931,499.1262072798715,148.56603170362973,120815200,74025000,54916600,1142269000,86532500,43856900
2024-03-11,198.38999938964844,125.75765991210938,44.39689254760742,85.53012084960938,495.07861328125,134.20179748535156,203.5500030517578,126.33143930490387,44.46616960706335,88.54452056286361,495.6596064560232,139.39532543677828,196.6999969482422,121.81314546747394,43.20927988143693,83.92669117198699,492.38670680365675,134.11490554392086,203.00999450683594,124.28041466374393,43.4171110598047,86.18325727083518,494.3039754152461,138.6423601440074,73098600,31105000,35051000,678364000,62557200,29227100
2024-03-12,202.75999450683594,125.63709259033203,44.772972106933594,91.65167236328125,500.4043273925781,139.3953094482422,202.85000610351562,127.18436507893367,44.80266119753635,91.69853581019218,500.9852909796221,141.61559788787687,194.27000427246094,122.46669612153508,44.00102177341143,85.90505740123257,494.6718775287178,135.69806439291136,200.52000427246094,127.1075267685606,44.59483001268361,87.79866017993605,497.1798317317913,139.51116044688035,68951700,42789000,31795800,668075000,73114400,21218500
2024-03-13,194.7899932861328,122.32952880859375,42.78371810913086,90.62957000732422,499.6199951171875,137.21365356445312,198.8300018310547,124.76177653544491,44.51565212448583,91.2438157981286,500.89817425614416,138.26587236659236,192.6999969482422,121.7936715648217,42.75402901982607,88.18354193376186,498.1869120376378,136.47033641278372,198.72999572753906,124.76177653544491,44.0505029236892,90.79609497778392,500.7238851600706,138.09211795006752,70526900,37838000,53195900,635713000,55104100,12923100
2024-03-14,187.05999755859375,122.7574691772461,42.30867385864258,87.69395446777344,498.63232421875,134.78094482421875,196.92999267578125,123.81362492081153,42.90247829740919,90.3882755061813,500.7432374898184,138.14034308477795,184.02999877929688,121.34149557717564,42.07114981794601,86.35377401546849,495.60150263891603,134.20174889407812,192.9199981689453,122.78372745942305,42.783718164719176,89.32231468480107,500.5882744583001,137.66732055471502,84490500,38029000,38100000,602318000,110171800,14961900
2024-03-15,191.05999755859375,120.15404510498047,42.199806213378906,87.58726501464844,495.20843505859375,132.23248291015625,193.8000030517578,123.25344216642078,42.70454335281141,89.29140572149215,497.02482972446626,132.92753001251776,184.47999572753906,119.62597099023341,41.912799116471504,86.01176295929899,493.5474849090623,129.9639390796219,184.8300018310547,121.90067702458413,42.011769033672145,86.68284605628648,495.5775416790132,130.7458633872928,95289500,88823000,66952900,642086000,107646300,22751200
2024-03-18,190.64999389648438,120.32324981689453,42.26908874511719,88.20349884033203,498.15155029296875,132.4398956298828,193.5,122.81677714238572,42.93217406267901,92.14226481208601,500.696405939081,137.1892712383155,188.0500030517578,119.7844765494607,42.16022370974758,86.83739140527486,497.74361217385916,132.41081896699603,193.2899932861328,121.95124078935153,42.64516692858036,90.13100142686399,499.25887018669476,135.8710749583382,59306900,25737000,27668300,668976000,88893300,14732900
2024-03-19,181.4199981689453,120.39813232421875,41.61589813232422,89.14381408691406,500.9197998046875,130.72430419921875,185.61000061035156,120.61791833164706,41.853422165234505,90.28655172899164,501.201461454095,132.081279281309,177.36000061035156,117.09255730182272,41.01219483335548,84.7682901573293,496.4614118820625,128.94086644650832,183.16000366210938,118.35001639961895,41.81383419719672,86.4534797466604,497.4619006203073,131.14109436813663,83509500,24491000,34673000,672171000,60755300,17341100
2024-03-20,179.72999572753906,124.62120056152344,41.76435089111328,90.11505889892578,505.5529479980469,132.54652404785156,182.67999267578125,125.79220768850486,42.5659864751525,90.15295286698971,505.688947116047,133.0893081785052,174.0,119.7955454272573,40.98250551566579,87.97216679685033,500.30785211015336,130.8600035363849,182.02999877929688,121.00953158200385,42.54619626656077,89.54168915568671,500.9780657234889,132.33328531227215,81773100,40946000,74865000,479063000,69594600,12750200
2024-03-21,178.67999267578125,131.65310668945312,41.982078552246094,91.17501831054688,507.2235412597656,135.16351318359375,187.69000244140625,137.08427517279154,43.149897214242884,92.38457441104313,509.07873719893405,138.21669578169212,177.66000366210938,128.52781343948863,41.883112404748005,90.14794815065484,506.94182039238547,134.7661124191505,185.97000122070312,129.73104724251718,42.546197673998094,92.03756431354115,508.37941494480594,138.16822974875276,75265600,72468000,50807600,480372000,60256100,17809400
2024-03-22,179.64999389648438,132.18734741210938,42.130531311035156,94.02091217041016,506.2620849609375,136.22003173828125,180.75999450683594,134.40923196281076,42.35815646924932,94.50852022791372,507.621898374332,136.99544405012975,175.0500030517578,131.47244107338182,41.65548701015561,90.57573384993215,506.02891819305677,134.83399461727583,177.2100067138672,131.8484479489016,41.81383511044879,90.88186017417289,507.13623802282444,135.11507400056908,57899100,38624000,28503100,586719000,79070800,9944100
2024-03-25,178.6300048828125,132.00274658203125,41.39817428588867,94.73188018798828,504.86334228515625,135.9195556640625,182.8000030517578,132.67272156746353,41.78414755859529,96.49086455465545,506.0094935131632,137.32498208440018,172.0,130.6246758288027,40.15117964680319,93.24412560987103,504.70789778508725,134.97937068988813,172.89999389648438,131.36303872286211,40.46787585904025,93.67389990625729,504.8924510759777,135.85171503992316,71935300,21237000,47276500,552136000,48512100,9922200
2024-03-26,177.8699951171875,130.0406494140625,41.5565185546875,92.2978286743164,503.930908203125,134.572265625,182.60000610351562,134.77254447397698,41.83362677097765,96.10098773672114,506.6214856104456,136.6271101004303,176.3300018310547,129.94493018210432,41.229923492360136,92.23899830913079,503.53269278700975,134.3784162793292,179.5399932861328,133.2831365338247,41.51693058798425,95.57847549804553,506.2814877823347,136.28786265318857,65322400,23522000,39109700,513648000,65463700,10786400
2024-03-27,179.58999633789062,128.79444885253906,43.318145751953125,89.993408203125,508.165771484375,132.4883575439453,181.22999572753906,131.8484485090939,43.37752770777571,92.97490513698298,508.2046622498039,134.99874129347413,175.39999389648438,126.57646876712315,42.061256001916675,88.8696134975825,504.5913188624126,130.99568654331523,179.9600067138672,131.8484485090939,42.100843972465064,92.84727069991447,506.7476813791001,134.59165323596326,55685600,25583000,51017800,586067000,82999800,13842800
2024-03-28,180.49000549316406,129.44683837890625,43.714012145996094,90.0990982055664,508.0686950683594,131.86805725097656,183.39999389648438,129.9039152111668,44.139573371770645,91.04041442208826,509.5645075137889,132.5950035260208,178.3000030517578,128.0912406817412,43.25876183131705,88.93940289555813,507.7870334248163,131.2768070223502,179.47000122070312,128.71336351567388,43.30824490459669,89.74410760252643,508.2046941865004,131.50942036491804,57628600,19856000,54204200,435212000,96294900,10019400
2024-04-01,183.33999633789062,131.8738250732422,44.060401916503906,90.1060791015625,507.18475341796875,137.14083862304688,187.24000549316406,133.1161333903428,44.94121347108948,91.96278458075767,509.3411160418204,138.56565445708026,179.89999389648438,129.44683669006935,43.72391172736055,88.95037777581965,506.02887949837907,132.8373144541101,180.10000610351562,129.4731993422724,43.832776755512306,90.04226569169144,508.80690155295423,133.06992778880334,74299900,17252000,31712600,452441000,62477500,14222700
2024-04-02,178.6999969482422,130.7506866455078,43.486385345458984,89.19766998291016,503.9600830078125,135.9098358154297,180.10000610351562,131.10325174914593,43.62494323084944,89.83784291883602,504.0960228561583,136.70462247933145,174.8300018310547,127.29820724911592,43.05092903160946,87.3708780678764,501.6677209860127,135.06658312317597,179.47000122070312,128.50729781270837,43.47649024130356,88.19651917898095,503.3772549881494,136.0649211902538,61598800,24694000,32748400,433064000,74230300,9869200
2024-04-03,180.77000427246094,133.1386260986328,39.91366195678711,88.7110595703125,504.5137023925781,137.6351318359375,182.0500030517578,134.46786147065401,41.22003486058666,90.11705439114243,506.0095743423354,138.53653792423052,176.6999969482422,129.43318969703137,39.80479691891767,88.14866772814298,502.82361371377027,134.13609725894065,177.5399932861328,129.6998266080264,40.97261569281679,88.23242853900666,502.8721678960329,134.32025930874417,49835100,28650000,83718000,370067000,59155800,9707500
2024-04-04,165.8300018310547,128.67430114746094,39.31985092163086,85.6607437133789,498.3555603027344,135.3670654296875,183.02000427246094,137.12040902088367,40.3590105980652,90.3763015666953,508.8458128822942,142.23912595525852,165.64999389648438,128.43013738816785,39.29016183168939,85.63581327474101,498.05445323196415,135.1441246347613,182.9199981689453,135.29797334437288,40.170973402908174,90.1489453998678,508.50587432277524,139.5736568147,88280000,27014000,57307200,434965000,96858100,15759500
2024-04-05,170.4199981689453,130.81610107421875,38.31038284301758,87.75776672363281,503.5617370605469,137.01480102539062,172.69000244140625,132.94521683887874,39.0526403426771,88.22942139866663,505.5141009734885,137.6351277702296,165.5800018310547,128.3520052637964,38.11244675471166,85.68168582327746,499.2685165612303,134.6498006888933,168.10000610351562,129.50446597555646,38.943775305343,86.61900791219938,499.7056226929599,135.69660484388834,66080300,19438000,67263000,399678000,74546500,8263600
2024-04-08,169.89999389648438,130.4909210205078,37.58791732788086,86.88526916503906,503.8434753417969,138.40086364746094,171.66000366210938,131.11597984414587,38.4588338048539,88.57744290321901,505.2616249915614,141.5122000323791,166.82000732421875,128.50342382018084,37.518640266960844,86.48540830301685,503.0373217973172,138.37178698131993,168.1999969482422,130.25164523021306,38.24110374178147,88.44780764658168,504.26119543845846,140.7755665072087,43997500,17139000,56967800,283220000,48401800,16307400
2024-04-09,170.77999877929688,130.29360961914062,37.934303283691406,85.1113052368164,504.4263000488281,140.93063354492188,171.60000610351562,132.77430704244856,38.18172241669127,87.38582540473588,505.81528161003905,143.61549237179352,167.2899932861328,127.80899281878743,36.94462675169194,82.7859427996773,499.5988050832793,138.5559455353425,170.2100067138672,132.56823424479924,37.65719128751643,87.19337337953033,505.5724514220362,141.7641991291966,42886100,17986000,78671700,501700000,68049200,18443400
2024-04-10,167.13999938964844,129.14993286132812,36.81597137451172,86.7915267944336,499.3753356933594,141.72543334960938,169.77999877929688,130.4566948094493,37.82544198969589,87.15150043777531,501.35680834932884,143.86749321867694,164.0,128.4770220649106,36.63782927916647,83.47099303047223,497.40358572881735,140.7949356994555,166.7100067138672,129.2114655866328,37.62750590872153,83.68737890315158,498.7536762890421,142.12283415799584,59600000,17467000,51108400,431929000,82652800,18861300
2024-04-11,170.5,135.0186767578125,37.24153137207031,90.35836029052734,503.1441955566406,142.67530822753906,170.9499969482422,135.93770369650488,37.28111556667766,90.48101167566662,504.581731429978,143.02424300409393,166.5500030517578,129.2749707526883,36.697209999223986,86.67885677486333,497.3939927785718,139.69968272976618,167.5500030517578,130.15689027797453,37.04359529776712,87.1714479258609,500.8907240917187,142.67530822753906,48994500,31713000,41909100,431637000,70099000,11818800
2024-04-12,163.27999877929688,131.269287109375,35.321556091308594,87.93525695800781,496.1991882324219,138.13914489746094,165.6999969482422,133.46090449542464,36.32113156006494,89.91860764142923,501.0266533234711,142.0064885867867,161.82000732421875,130.5416837879652,35.23248504731364,87.28112393379013,494.47993161292834,137.78050810677664,164.52999877929688,132.04475750165912,36.311232680000735,89.44395551817271,499.61822644383983,140.54290913322865,63519600,27823000,80254800,426805000,92561100,12024000
2024-04-15,160.32000732421875,128.0092010498047,35.935157775878906,85.7564697265625,489.98272705078125,135.83229064941406,164.44000244140625,133.8017419157604,36.32113103584749,90.35535577476978,500.5215326754904,141.00814292424107,158.75999450683594,127.55115555371775,35.519491651462836,85.68467584656017,489.13765316276323,135.5802880122398,164.42999267578125,133.8017419157604,35.66794464775069,88.84466403718538,500.3564247602264,140.5622909669516,61461200,24370000,50751600,443077000,92101400,13458800
2024-04-16,163.4600067138672,129.80332946777344,35.88566970825195,87.16645050048828,489.0891418457031,135.5027618408203,164.8800048828125,130.51237904922013,36.13308884345184,87.86744694735988,491.97396569301293,136.22000589163713,161.6699981689453,128.039490581692,35.390831437852185,85.81929391974823,487.80699132637494,132.84697998332427,162.27999877929688,128.46725407369155,35.895568587837126,86.18724040676238,490.4587076764823,133.65146881011785,55302100,18923000,30607500,370453000,73484000,14218200
2024-04-17,154.02000427246094,125.26871490478516,35.31166076660156,83.79607391357422,486.19451904296875,134.7564239501953,164.4499969482422,131.55544039316658,35.757015983802184,88.52259493497695,491.7019199393697,138.1876179116085,153.8800048828125,125.15053749045353,35.00485966690412,83.7113088922385,484.8055376860778,133.1377590345199,163.97000122070312,131.17552906611036,35.727323119111105,88.08882656112145,491.53678239318253,136.7918789977968,75909000,24718000,41173300,495400000,75910300,18823200
2024-04-18,155.0800018310547,122.95990753173828,34.67826843261719,84.43024444580078,485.19415283203125,128.2042236328125,156.9600067138672,126.24732611103757,35.29186685801872,85.94493013538192,489.671957110868,130.97631213357496,152.32000732421875,122.61514391567076,34.41105530172058,82.167698910902,484.26169316872057,126.29477728142592,155.50999450683594,125.79318504742946,35.054342816560656,84.7283978612392,487.5836233301547,128.8051610342465,52669800,24888000,42334400,447260000,74548100,39306100
2024-04-19,146.63999938964844,117.65862274169922,33.84693908691406,75.98333740234375,480.95916748046875,123.77468872070312,154.25,123.05854838786286,34.76733858919146,84.08423897081519,486.10715539894034,127.50635135518695,145.2899932861328,116.96031043768592,33.82714510268787,75.39103216599602,479.6964327690104,122.74727391259766,151.58999633789062,122.95990824487356,34.76733858919146,82.91358102333888,485.11641894359934,125.39335362645977,71618200,44797000,59070300,875198000,102212600,28284000
2024-04-22,148.63999938964844,119.58751678466797,34.054771423339844,79.29190063476562,485.38836669921875,125.76168823242188,149.88999938964844,120.44111393027156,34.213119527250065,79.84532288255929,487.9720832401042,126.64371980733179,145.6300048828125,117.25135931303184,33.72818011072603,76.18276995811692,481.22139272247443,121.91371863087737,148.14999389648438,119.59142125933381,34.06466652813322,77.8819196640173,483.5525564034497,122.85390353340634,49397000,25162000,39909900,596341000,67961000,18556800
2024-04-23,152.27000427246094,122.0027847290039,33.92611312866211,82.18864440917969,491.1482849121094,129.3285675048828,153.5,122.85345351967483,34.242809343199326,82.53366130187051,491.5756683731246,129.59997435802495,150.35000610351562,119.93520891380314,33.82714697736298,80.03578647084935,485.20380722643876,126.64372353570923,151.64999389648438,119.94985814510599,33.98549508463159,80.53934787289336,487.3892787074855,127.322203694169,46051900,22025000,46834000,438559000,64633600,12573800
2024-04-24,151.74000549316406,122.74797058105469,34.14384078979492,79.45047760009766,490.9151611328125,128.88270568847656,157.66000366210938,125.56073470294862,34.816821142169815,83.84295282210564,492.8189412598712,132.10064624896916,150.6300048828125,121.58966050544272,33.9854926936665,78.95787877191579,488.70055129127593,127.49665402214991,156.55999755859375,123.43944259929012,34.50012494991297,83.71132432905232,492.032173924217,131.90679690263346,43412600,20108000,53261100,512208000,55928100,15558000
2024-04-25,153.75999450683594,126.42020416259766,34.74754333496094,82.39705657958984,489.05029296875,132.38174438476562,155.13999938964844,127.74942450288069,34.93558051526241,83.08608614140688,489.8079219959981,133.60300861447686,146.75,122.76555609916683,34.14384005173473,78.00058847000186,483.2223682538086,124.8990440293112,149.14999389648438,124.27449405154981,34.203222002242924,78.64375119701494,484.8639027532391,126.00400160564735,41471400,30410000,66549400,424641000,69122400,18034300
2024-04-26,157.39999389648438,131.269287109375,31.55088996887207,87.48554229736328,493.6834411621094,134.0488739013672,158.6300048828125,132.41782856400903,31.907176045518334,88.07984835062736,495.25697586630093,134.4753513452056,153.42999267578125,127.27086662871936,30.323691180607266,83.14990546047017,491.19686267902955,131.77110336711988,154.24000549316406,127.94182526258453,31.45192381651619,83.57967974791617,491.8282151706386,132.60466888287024,42510700,24100000,119742500,551011000,64306100,9453400
2024-04-29,160.1999969482422,130.73699951171875,31.036258697509766,87.50748443603516,495.4317932128906,134.2427215576172,160.77000427246094,132.13948071198226,31.580580070998817,87.74180926182623,496.1020068122778,134.38810487083808,156.25999450683594,129.47516880096842,30.74925157819707,85.0235621625501,492.70238464126857,131.73233775095508,159.0800018310547,131.27025830237892,31.531096996193742,87.34594249418755,495.46093164580515,133.75809079387128,43478200,13372000,58533300,388971000,46415400,9997100
2024-04-30,158.3800048828125,126.99153137207031,30.155445098876953,86.15634155273438,487.5835876464844,133.1183624267578,162.2899932861328,131.68730289546693,30.858116461249818,88.56646933597486,494.9461856908876,135.40582001342645,158.35000610351562,126.87238528631427,30.105962024307132,86.05463417701857,487.5835876464844,133.04081973689972,160.6300048828125,129.78574924989036,30.719562342327688,86.99195638809022,493.97486496700367,133.69992520581567,60742800,22113000,72346400,363709000,77483600,10980600
2024-05-01,144.27000427246094,121.38455963134766,30.05647850036621,82.80488586425781,486.0003356933594,130.7921600341797,151.3699951171875,126.2199755476081,30.719561883042896,85.75547203094351,493.6154866987963,135.14413506501813,142.13999938964844,121.23708375647132,29.710091320581384,81.02396098069623,485.5340910693037,129.11534164110913,148.11000061035156,124.84875243351563,29.858542429729663,84.83509991070004,487.00079486473084,133.19592461259828,89413200,30958000,60654800,559863000,80242800,12561800
2024-05-02,146.16000366210938,120.965576171875,30.195032119750977,85.57300567626953,490.5461120605469,132.04251098632812,147.6199951171875,123.49315713485937,30.353380218588107,85.99180970266082,491.38146331084295,132.53684389532535,141.16000366210938,119.47519949552238,29.87833592207671,82.96344197206183,485.22326373492274,129.12503873203423,145.50999450683594,122.69522858532385,30.274206169169542,84.20889135183461,489.6913450667022,131.4318862013303,50034700,29480000,50899400,377898000,62550200,9261900
2024-05-03,150.60000610351562,124.82725524902344,30.581005096435547,88.53655242919922,496.6265869140625,137.20867919921875,150.7899932861328,125.39078860873869,30.739353193831782,89.02715032615576,497.8504308833997,137.74177607396257,147.24000549316406,121.80255445026614,30.383070918519365,86.79252471992756,493.9748706361785,134.49474357396238,148.75,122.96087186599894,30.660179145133664,87.53939567590184,496.5003104757314,134.63043961573726,49361100,24898000,36794800,398341000,72756700,13264300
2024-05-06,155.77999877929688,127.97209167480469,30.774776458740234,91.87801361083984,501.755126953125,138.4396514892578,156.64999389648438,128.01700803034814,31.003328068462462,91.9577879691123,501.7939584375333,138.4396514892578,151.25999450683594,124.53035730307064,30.536289553022886,88.80178624215971,498.57888938265427,135.5124769907929,153.10000610351562,125.619318129969,30.923832433223346,89.13583280876144,499.0159955422608,136.15219326743434,44624500,16287000,36185600,376203000,47264700,8601600
2024-05-07,154.42999267578125,127.2688980102539,30.486604690551758,90.29652404785156,502.3087463378906,136.77249145507812,157.6999969482422,128.8198236926231,31.251751344198457,91.52003263915564,503.69772767350116,137.91621293099956,153.66000366210938,126.64871252921235,30.417046248461222,88.75791206874568,501.63853275647114,136.19092863663062,156.32000732421875,128.57077189141282,30.894020047360957,90.8389759868272,502.7166843877577,137.50912487398904,37374900,12413000,44683400,437342000,52561300,8682900
2024-05-08,153.6199951171875,129.4429473876953,29.81089210510254,90.1549301147461,502.3573303222656,139.18597412109375,155.3300018310547,130.66767081182655,29.959946186562956,90.93470430679172,502.89154482386346,139.82567554811558,152.52000427246094,125.84103970180003,29.5425936212785,89.1657463302182,500.36613484283316,136.47203863546423,153.39999389648438,126.33035085153993,29.81089210510254,89.22857072950318,500.4826885782833,136.77250737038148,28728000,13918000,63734600,325721000,42047200,10202300
2024-05-09,152.38999938964844,127.5189437866211,29.90032386779785,88.49466705322266,505.2518310546875,138.40086364746094,154.08999633789062,129.07572648917346,30.198432020098114,90.81305333122494,505.2907218217569,138.9436625915306,150.61000061035156,127.16050702791198,29.622088202412307,87.9801353538175,501.8910996467172,136.7919005585425,153.1300048828125,128.7065598757217,29.741332600527656,90.27159797496299,502.54186786336425,138.54626176792493,33018000,12170000,45003400,378013000,43643700,8012700
2024-05-10,151.9199981689453,130.16860961914062,29.66183853149414,89.62245178222656,505.9026794433594,144.6719970703125,156.3699951171875,131.26245872268044,30.267992059188092,91.14112411341107,507.6510447771952,145.87388691137093,151.30999755859375,128.46044651361007,29.65190133984991,88.973301771079,504.6885286164305,142.41361551810945,154.2899932861328,128.46044651361007,30.138812358464122,90.04823965753017,506.8448320283961,142.6947096954202,37652800,16300000,42931300,335325000,52233200,23671400
2024-05-13,150.55999755859375,130.62860107421875,30.317676544189453,90.1419677734375,505.9705810546875,141.9095916748047,153.3300018310547,132.66785438628025,30.933767233590086,90.73926364427145,507.68011477392025,143.8771915017619,150.39999389648438,129.90587094702514,29.810891166912885,88.2772820639822,504.8341525672422,141.802972309266,151.27999877929688,131.65310832320694,29.84070274039695,90.22073791617511,507.57328373764415,143.4701034123664,27859200,18507000,51459100,289680000,36716400,8278700
2024-05-14,153.16000366210938,134.78135681152344,30.854272842407227,91.09626007080078,508.2921142578125,147.27926635742188,153.49000549316406,134.9727804010139,30.913895991776922,91.39041950305226,508.80694268932734,147.33741967489732,148.77999877929688,129.48495147465385,30.417047785649103,88.68114159761363,505.6307050054446,141.75447935092654,150.42999267578125,130.12367588458466,30.42698497721072,89.34425178727211,506.16491953750125,141.98710741058355,31938300,19420000,47759900,296507000,57535900,12316500
2024-05-15,159.6699981689453,140.26426696777344,31.072887420654297,94.36095428466797,514.5862426757812,150.7977294921875,159.69000244140625,140.53577694153546,31.202067120946793,94.59229693630975,514.8776269913382,151.20481761098443,154.6999969482422,133.79978423280406,30.615786083174033,91.33857349932174,510.1181324599974,148.03532786992935,155.58999633789062,134.778391480569,31.182192737724716,92.20909256462353,510.7495145476232,148.64596744300428,43195900,32757000,36992900,417735000,59504900,14027100
2024-05-16,162.6199951171875,137.91639709472656,31.828094482421875,94.0907211303711,513.5276489257812,147.55067443847656,168.05999755859375,141.16572462871287,32.056644199568396,95.54656916838987,516.2765036721471,150.2936862663269,159.89999389648438,137.22590120887307,31.32131098625367,93.83544466437303,513.381927076911,147.53129985704436,160.9199981689453,139.27102621218233,31.430616301444132,94.64015703115626,514.6835231680202,149.36320350584995,76726700,28395000,47752800,323952000,50244800,13394100
2024-05-17,164.47000122070312,136.27171325683594,31.629356384277344,92.21604919433594,514.2656860351562,147.017578125,169.72000122070312,138.6391212330704,31.907592059017553,94.47062203748345,514.3336855890079,149.26627191791158,162.32000732421875,134.9522393698305,31.390869475353796,91.5449662156453,512.1967684847502,146.20340200953487,168.42999267578125,137.94472090283654,31.8579079970722,94.10068232469492,513.6440266439718,149.26627191791158,65944400,18174000,41449800,359691000,59187600,7711200
2024-05-20,166.3300018310547,138.10195922851562,31.897653579711914,94.510498046875,514.8582153320312,148.83009338378906,168.49000549316406,138.38616621666043,32.21563613099912,94.92930197847484,516.3151962899514,149.4988861271856,164.47000122070312,136.0636745766087,31.55979854046339,93.1743119009991,513.9937257353356,146.1840138592577,165.5500030517578,136.34105618587614,31.649231369928607,93.4834280017941,514.3822777046638,147.0078771889991,45618000,27170000,31989000,318764000,37764200,9261200
2024-05-21,164.66000366210938,136.653564453125,31.5399227142334,95.11479187011719,516.1209716796875,148.94642639160156,165.8300018310547,137.6487731461576,32.036772797045785,95.1287520032466,516.2764161967744,149.2565971987172,163.10000610351562,136.09295948143395,31.420680210618762,92.915062881723,513.8966685383514,147.27929527775024,164.0,136.60277648610062,31.77840961678809,93.33287026664621,514.1006672352606,147.6185427493132,30005500,15333000,42975400,328946000,33437000,7919400
2024-05-22,165.52000427246094,135.97384643554688,31.221940994262695,94.6800308227539,514.6348876953125,151.35020446777344,169.80999755859375,137.22005945956374,31.867843275827525,95.74698824605449,516.1404229953789,152.39700885038556,163.86000061035156,135.19056703558604,30.90395844920465,92.98387077371804,512.468802117107,149.78969258116084,167.41000366210938,136.34204438331767,31.708852003298507,95.18758628884531,515.4313778215733,151.08851446443998,47426700,21002000,36706400,548648000,48390000,13455200
2024-05-23,160.42999267578125,136.07638549804688,29.8903865814209,103.5038833618164,510.8758850097656,152.26129150390625,173.13999938964844,139.56402033820214,31.37099393773446,106.0177117858919,517.7819613409337,155.83786894663908,158.27000427246094,134.58308782330178,29.68171125454082,101.23135605250833,509.67139747589715,151.0787912439849,170.17999267578125,139.50835921873414,31.25175143532453,101.73791493789797,517.6751302863473,154.28704456943677,91888800,31039000,62014500,835065000,57211200,20873000
2024-05-24,166.36000061035156,137.49740600585938,30.526351928710938,106.16629028320312,514.2560424804688,155.0818634033203,167.66000366210938,138.0580110313328,30.82446197812326,106.172269937542,515.0622552748287,155.72157963940117,160.25,135.95233694766827,29.94007091639133,102.7071515406011,511.7694638177849,151.8929990945835,161.41000366210938,136.71120581648526,30.099064079939822,104.15202926452054,512.7116164560648,152.3679278358104,54868600,16730000,42434500,429494000,41291100,11908200
2024-05-28,171.61000061035156,137.94766235351562,30.86421012878418,113.57714080810547,514.6153564453125,154.5099639892578,174.5500030517578,138.40962730851186,31.172257382164105,114.61219142145016,515.2952927113275,155.4501487344891,164.9600067138672,136.00314442526576,30.466731941725964,109.57056763172464,511.99277901051346,152.75560321405987,169.4199981689453,137.7083865924453,30.744967620329465,109.93054124400538,515.0621852566261,154.77165391976155,66495400,22919000,36799100,652728000,36269600,13964400
2024-05-29,165.13999938964844,135.82049560546875,29.94007110595703,114.49851989746094,511.01177978515625,149.59584045410156,168.47999572753906,136.6438181169433,30.476668061101428,115.16362326202471,512.1870991360792,152.05777334287993,162.91000366210938,135.0714028156018,29.920198618797393,110.58568085733936,510.3027346685339,148.50058483973623,167.4600067138672,136.6438181169433,30.277928026901556,112.7285727659483,510.6038417042634,151.931764594863,56537500,26861000,35848600,557442000,45190300,15780000
2024-05-30,166.75,133.2235565185547,29.99969482421875,110.1858139038086,507.621826171875,148.25823974609375,168.75,135.0498965535183,30.307740177296864,115.48969056494155,510.1375725201251,149.31473119021123,163.8000030517578,132.39925053942792,29.870513230933255,109.35119576529627,506.3785666769026,147.22112288259325,167.89999389648438,134.68071513105147,30.019567311756507,114.32401567603497,509.4770816501863,148.86886441016517,46367000,21717000,33351000,484553000,46377600,9687800
2024-05-31,166.89999389648438,129.75352478027344,30.655534744262695,109.32127380371094,512.2454833984375,146.39724731445312,169.5,133.0741614621388,30.76484006095746,112.39650442248492,512.3717598545443,147.81237558161254,160.07000732421875,127.67422796767356,29.75127115934644,106.63593026291203,503.49387285830494,143.26653687769243,166.64999389648438,132.95793627227118,30.029504942197292,112.20005836251356,508.5739213312315,146.82372473167257,64331900,73091000,95797500,613263000,90785800,13782600
2024-06-03,163.5500030517578,129.10401916503906,30.099063873291016,114.67301940917969,512.6632080078125,150.18707275390625,171.0800018310547,132.14141663070657,30.874145826725712,114.67301940917969,514.1299121921106,152.31944518521638,160.91000366210938,127.21224199981617,29.86057507726836,111.68453916444382,507.61232698963767,147.77362098332307,170.82000732421875,132.11211817465286,30.83439895760554,113.29794252397816,513.8482504467751,150.35184544103285,59157600,26278000,35544900,438392000,46835700,12924400
2024-06-04,159.99000549316406,129.97520446777344,29.8407039642334,116.1059341430664,513.2361450195312,147.78330993652344,164.8300018310547,130.08947739738923,30.556164699264862,116.26847269779265,513.974358217118,149.06272749379607,158.8699951171875,127.64979207729604,29.75127113543878,113.72073695926161,509.90452222280885,146.34880698147305,162.83999633789062,128.95752266149617,30.556164699264862,115.38699108204422,511.36150323340104,148.68471608031123,48157200,23048000,51027200,403324000,34632700,10066700
2024-06-05,166.1699981689453,138.01014709472656,30.585975646972656,122.09187316894531,519.3359375,157.91209411621094,167.1199951171875,138.13319763703356,30.645596899838363,122.10084264977675,519.355382881941,158.697193626057,161.3800048828125,130.9245102959561,29.820828969781854,117.13400975669744,513.5662911101476,153.09486290247432,162.07000732421875,131.4577690528134,30.079190259300518,118.03444216742467,515.5478229576875,153.71518971924533,60507500,32947000,44161700,528402000,47610400,23192600
2024-06-06,166.77999877929688,136.8557586669922,30.22824478149414,120.65396118164062,519.3262939453125,157.08824157714844,169.50999450683594,138.9477523832544,30.397173246523653,125.2299099350453,520.0645071551455,159.63738964115453,163.86000061035156,135.58318305391336,29.96988348819456,117.98357427866928,517.4030979505338,155.43079766015558,165.4600067138672,138.86766594356163,30.35742448048119,123.69528439320365,519.637123680227,159.4629296445021,47153700,20172000,34248100,664696000,30808500,14819100
2024-06-07,167.8699951171875,137.38021850585938,30.546226501464844,120.5442886352539,518.6948852539062,159.33688354492188,169.4499969482422,139.17335589218095,30.585975266431074,121.34600353396539,521.4922931206179,161.01370165305224,165.86000061035156,136.44067078754858,30.019566737614863,117.68643999762348,517.26701324802,156.98158540371176,166.58999633789062,137.49155564070537,30.059315502581093,119.42946352714927,518.3548874978856,158.5420968746729,44796000,17859000,34085500,412386000,43224500,14023300
2024-06-10,160.33999633789062,140.68421936035156,30.71515464782715,121.44371795654297,520.2976684570312,162.9910430908203,165.5500030517578,141.52219101608415,30.75490341238691,122.74999082651334,520.6182209175571,164.6193955685042,159.61000061035156,137.62337997975558,30.099063959754154,116.6773100476689,517.2963204143864,157.42747587921556,162.47999572753906,137.68881717591992,30.35742334809095,120.02775723865274,517.8888118681492,158.95891106547106,67444600,31042000,37396500,313434100,35686100,12418900
2024-06-11,158.9600067138672,142.69223022460938,30.7250919342041,120.57612609863281,521.5506591796875,160.6163330078125,161.5399932861328,143.08094895054842,30.834399141756844,122.53071289546243,521.608936050015,163.23333615420518,156.9199981689453,138.31681975633649,30.337550955172254,118.41211249470811,516.791164059003,158.75533787418155,160.5,140.4625369897701,30.57603785729381,121.43374431859081,518.7532508345464,163.01039535595078,40497100,34844000,25326900,222551200,36383400,11508600
2024-06-12,160.24000549316406,146.0597381591797,30.56610107421875,124.8542709350586,525.8341674804688,167.66285705566406,162.24000549316406,147.06472302723878,31.281561790135704,126.5296321042774,528.5150221365492,170.6481843737702,158.6199951171875,144.19335472144,30.198432577294135,122.23153612962203,524.8045698950608,166.26711807163963,160.32000732421875,146.49826129525493,31.26168740752887,122.72018091821553,526.0964430443454,168.0311811736031,48325800,56697000,51323900,299595000,63251300,20309500
2024-06-13,159.89999389648438,163.9794158935547,30.26799201965332,129.25209045410156,526.8928833007812,168.1237335205078,162.66000366210938,169.5326812965252,30.387236423902817,129.44156821528892,527.7476501909825,169.25162746788402,157.30999755859375,161.3942067562286,29.950009468755333,126.8088590238474,524.1149205499801,165.79015830147964,160.39999389648438,167.00802131771832,30.18849638192882,129.03269675342705,527.572819593174,168.16261976443815,44442500,89061000,33787200,260704500,44760900,15591800
2024-06-14,159.6300048828125,169.45355224609375,30.258056640625,131.51583862304688,527.2135009765625,167.73480224609375,161.33999633789062,170.64507257537034,30.36736195761891,132.4731792100278,527.2426097707814,168.83352783644304,157.61000061035156,164.28314921833382,30.01956783277801,127.9656714477386,524.3674790309985,165.64432162154753,158.5,164.74803498604754,30.099065365610674,129.60114223243076,525.3679678522572,167.23892472899527,34054000,69705000,28125900,309320400,40089900,9192500
2024-06-17,158.39999389648438,178.61752319335938,30.784713745117188,130.61831665039062,531.4094848632812,172.33387756347656,159.22999572753906,179.99754633265798,30.804588127819695,133.36072299109455,532.7985255135613,173.72428703688556,154.13999938964844,173.70593257264483,29.989757390271375,129.2221885999668,526.0769441713737,168.67794751098236,158.0,175.79792622564156,30.14874866124054,132.62277611443673,526.5334956885656,172.9172602399023,44507700,87528000,36235300,288504400,55839500,18593700
2024-06-18,154.6300048828125,176.0440216064453,30.436920166015625,135.2056121826172,532.7595825195312,174.71607971191406,157.24000549316406,180.83940138613414,31.27162530099019,135.95354113797538,532.8858589299049,179.7429693547613,153.33999633789062,174.33390663463635,30.307740466821567,130.3291160023479,531.0500489188105,174.03545908224348,156.99000549316406,179.66448252233607,30.79465147966915,130.7778703322321,531.4677096282388,175.0369469022767,51852000,86797000,33294700,294335100,41376400,27155100
2024-06-20,161.77999877929688,169.40670776367188,30.426984786987305,130.4188690185547,531.3124389648438,170.52537536621094,166.82000732421875,176.26186316111801,30.913895798509436,140.3713064535189,534.3429548976981,178.09973670863238,155.5,168.20152149732536,30.258056322146935,129.16235380151105,529.5446281232266,168.69741020823227,155.82000732421875,176.13586187657893,30.367361637990363,139.41396587386305,533.6824639158926,177.52607184272756,93245700,68157000,43826300,517768400,70328200,28403200
2024-06-21,161.22999572753906,161.990966796875,30.894020080566406,126.22049713134766,530.60009765625,169.14468383789062,163.1999969482422,167.398694204324,31.162318553482905,130.269291272292,531.7109897848462,172.5672373320951,157.88999938964844,161.2867902953627,30.476667532249213,123.9567687165166,529.148170327666,167.4431249433616,161.75,165.60750893711264,30.65553318086021,126.76898143871918,530.4929219620788,167.92928462751274,61293900,99289000,90795200,649445800,64338600,20175600
2024-06-24,160.25,155.9977569580078,30.37729835510254,117.78384399414062,528.8753662109375,163.1649169921875,163.39999389648438,162.73751273505837,31.221940666114026,124.11630717061917,532.9778406049528,166.67499063797308,158.19000244140625,155.8458959411935,30.337551485050767,117.71403760101381,528.7584364421938,162.49401422885754,159.75,160.88087052801106,30.943704994449813,122.89967494041525,530.4247748607555,165.71238908583658,45954100,58575000,40611800,476060900,45528700,19741700
2024-06-25,160.25,154.87889099121094,30.546226501464844,125.74180603027344,530.9119873046875,167.82232666015625,161.0,157.35278461842853,30.635659327313434,126.1506774907381,531.272530660959,167.86121290634543,156.4499969482422,153.2338793264626,30.099064267547327,118.99050434542877,528.5830271026286,164.33168889893628,160.72999572753906,156.77374529640343,30.506479631824043,120.86531009404065,530.0934194702492,165.24567146674923,40572300,53329000,29323600,414192600,37936200,13346800
2024-06-26,157.5399932861328,155.97720336914062,30.347488403320312,126.05097198486328,531.5745239257812,167.30699157714844,160.74000549316406,158.54220171086425,30.48660529023788,127.76621614131051,532.2858564645144,168.88214411907643,156.0,154.17346863275648,30.079189925414628,122.2614619181134,529.1578965249615,165.4887443701661,160.60000610351562,156.5278229533644,30.446856525218326,125.78171327779911,529.8010101320955,167.35559567374398,36973400,46479000,30743000,362975900,38550600,11901500
2024-06-27,159.47000122070312,155.45401000976562,30.397172927856445,123.64761352539062,532.4125366210938,166.87918090820312,160.61000061035156,157.3116240862282,30.466731372376067,126.06093675176166,532.9874907686532,170.6226016411381,156.80999755859375,153.9197172991257,30.099064766965085,122.58056851355609,530.6974877125363,166.4124569208673,157.17999267578125,155.9771965135955,30.228244464597882,123.75731038151326,531.4380824208646,168.9793795055488,34018200,31649000,30184300,252571700,35041500,10864600
2024-06-28,162.2100067138672,157.3028106689453,30.774776458740234,123.19886779785156,530.3175659179688,168.9988250732422,166.4499969482422,160.6045996400651,31.11263338233784,127.35735127952529,536.2228169116169,171.92551583323788,159.41000366210938,155.38935865156486,30.526352361702315,122.41104832536521,529.0800492248655,168.0265057162025,160.22999572753906,156.35734940617547,30.556163935664028,124.23599694106169,533.182464345906,168.0265057162025,56204600,69377000,41467700,315516700,76144500,11216100
2024-07-01,157.69000244140625,160.75843811035156,30.645597457885742,123.95677185058594,531.4088745117188,167.559814453125,161.50999450683594,161.5373426844253,30.824463115065406,124.49527404629498,531.9350583633359,170.44760443849535,153.63999938964844,156.12419434546698,30.417047738300834,118.50187501478464,528.6609065569018,165.73184911924275,161.25,157.5644375050439,30.71515590338328,123.12906191428952,531.6914448156673,169.41694818391665,50436700,47623000,32401800,284885500,40297800,10717000
2024-07-02,164.30999755859375,162.3926544189453,30.874147415161133,122.33126068115234,534.985107421875,170.83651733398438,164.5800018310547,162.5611696385268,31.112634328128223,123.06922274393042,534.985107421875,171.8185694331857,156.6999969482422,158.9164748689518,30.39717358922695,120.69578993975959,529.7620472078919,166.29578747060413,157.0399932861328,160.75842156644967,30.66547207706199,120.79551228090267,529.8107580224772,166.39302534615052,57838600,32539000,35999300,218374000,40434800,10655500
2024-07-03,163.89999389648438,169.42141723632812,31.033138275146484,127.9257583618164,537.3724975585938,177.43858337402344,165.25999450683594,169.42141723632812,31.14244548620724,127.9257583618164,537.7330408297021,177.43858337402344,162.50999450683594,163.0765174258442,30.71515572877935,121.02486950892705,534.6342838240903,172.95619007558713,164.1999969482422,163.61930325707675,30.923832959411207,121.32404411348101,534.673240578062,173.0631458095097,26980900,39954000,24065700,215749000,32789900,11808700
2024-07-05,171.89999389648438,166.88287353515625,31.818159103393555,125.4825439453125,540.4713134765625,178.8970489501953,174.0399932861328,172.973042388467,32.13614164734713,128.4942089959331,540.8708135451888,179.9568735188858,165.67999267578125,166.16668383854798,31.112633675586775,125.33295662282136,537.0412155224441,177.25382681605913,165.97000122070312,172.00210647154802,31.2020665029894,127.02825932218164,537.6746345682784,179.04289092334855,61857100,45240000,45309400,214176700,41488400,11372900
2024-07-08,178.69000244140625,171.05174255371094,33.77574157714844,127.84597778320312,541.0950317382812,181.46397399902344,178.9499969482422,172.13339740309533,33.87510969875,130.40888813496693,542.0402238948535,187.46318290440038,173.22000122070312,167.04845949908702,32.613114843025684,126.68918503314605,540.0328503436032,180.0054949020023,174.89999389648438,167.04845949908702,32.82179017277948,127.13793933281039,541.250918262468,184.74068562267763,60223400,36398000,82315900,237677300,36110500,22582400
2024-07-09,177.10000610351562,169.8221435546875,34.3719596862793,131.01722717285156,541.6211547851562,179.41238403320312,180.41000366210938,173.51289904132886,34.99798949894323,133.45049207075732,542.9463982576794,183.22387438986814,174.6999969482422,167.10332563342544,33.507444853034585,128.29475452643044,541.3288304126829,177.44829464512608,177.97000122070312,172.10008905346427,34.79924945469186,129.99007251430768,542.0499170234392,182.8835566573518,43395600,37802000,97546900,285366600,27289700,19935200
2024-07-10,183.9600067138672,170.9370880126953,34.65019226074219,134.53749084472656,546.980712890625,185.7616424560547,187.27999877929688,173.07296441878992,34.7495641747144,134.72696865235594,547.3217481165079,186.1213959214909,177.8000030517578,169.14120209598192,33.91485905060243,132.0543607420923,542.5469575742852,181.5320467189428,179.99000549316406,171.06544780259185,34.22290250728898,133.65991582693005,542.8392819787523,183.0683133011568,90247000,41074000,52256200,248978600,38701200,19293500
2024-07-11,181.94000244140625,167.1415252685547,33.2888298034668,127.04821014404297,542.2642822265625,179.39292907714844,187.11000061035156,172.9142476472486,34.928430399599435,135.77404103999976,547.9648752769439,188.1146352712272,177.25,163.47234275130023,33.10002884981283,126.69917812553707,541.6309226493873,177.94416783183817,184.07000732421875,172.8936765923587,34.809184100885474,135.3751516521801,547.0975967198616,187.74514915203287,59231400,51026000,55213700,374782700,53054200,21584200
2024-07-12,181.61000061035156,166.6241912841797,34.27259063720703,128.88314819335938,545.6846313476562,182.1640167236328,186.99000549316406,169.09709785193508,35.25634795426933,131.55574087758131,549.270615886068,185.11014285292396,179.69000244140625,165.7071349785734,33.55712801341558,126.86872155351702,542.9172145567801,177.6913422562157,182.02000427246094,167.63921423532472,33.55712801341558,127.90584321182462,543.3849335691044,178.00249153650162,50827400,30453000,62792600,252680500,53084400,19220300
2024-07-15,179.8300018310547,167.9498291015625,34.242774963378906,128.08535766601562,547.185302734375,180.09303283691406,185.5,169.9975162531262,35.00792159998404,131.0272091690287,550.4107438001307,184.7990560183503,178.5399932861328,165.83355183061957,34.093722786783545,126.82883461080432,545.3338159394242,178.98458911506472,184.4499969482422,166.55857690026536,34.48126375284248,130.19949911473634,547.6725298408394,183.45725025743084,42202700,22999200,39847900,208326200,40584300,15683100
2024-07-16,177.5500030517578,165.9511260986328,34.12353515625,126.01107788085938,550.4301147460938,180.89027404785156,179.75,169.31168301590162,34.232842368767805,128.68367018979245,550.7224390735171,184.34201049204464,174.52999877929688,163.03144157441992,33.626686947097056,124.23599428065054,547.7406119818861,179.89851905501448,179.69000244140625,168.90997934681334,34.143409539494236,128.0853361228611,548.4909606522365,183.05855674514342,40633100,22244900,28409900,214769500,36475300,16663300
2024-07-17,159.42999267578125,152.82240295410156,34.242774963378906,117.66417694091797,542.712646484375,166.4610595703125,169.8000030517578,159.54353262621524,36.925755839253235,121.51351843622722,546.191455897242,171.69214210098085,159.3699951171875,152.45989786089302,34.18315560900105,116.39768730256174,542.3910598728387,165.790156886025,169.8000030517578,159.02426291706377,35.85256576329393,121.01489915039261,544.5251174294385,170.3697872724125,76954200,43343400,112304200,390086200,57119000,45052600
2024-07-18,155.77000427246094,157.27049255371094,34.65019226074219,120.755615234375,538.5418090820312,167.11253356933594,163.41000366210938,158.2404417665159,36.07117841001198,122.062002939552,545.2266098112565,173.74375911940663,153.1999969482422,150.78449538931184,34.31233533453851,116.23812571295703,536.3687953408241,159.95626206174043,163.41000366210938,155.67348492873134,34.73962508799172,121.51351868069985,544.2424015949905,170.64205780317465,69420300,37973500,84188600,320979500,56270400,52903600
2024-07-19,151.5800018310547,154.16465759277344,32.7721061706543,117.60435485839844,534.9655151367188,161.18136596679688,155.80999755859375,160.6310401108862,34.362022653681926,121.26421889531369,539.9255123811731,165.79988239684968,150.6199951171875,153.93930288305373,32.64292457982029,117.04590364640599,533.9130881178253,160.64658741287633,154.86000061035156,158.56375374928672,34.35208356711346,120.01767057688257,538.3078853645094,164.48724547690054,47513100,26309500,69628700,217223800,65509100,22585300
2024-07-22,155.8699951171875,157.7995147705078,33.15964889526367,123.19886779785156,540.4811401367188,164.66229248046875,156.6999969482422,159.6904518138145,33.19939766232487,123.72740308245356,541.0852970880696,166.1499399408258,152.5399932861328,154.70348191248868,32.55349346485917,119.52902914046476,536.9438660153718,161.58002699837868,154.22999572753906,156.9863154150849,33.07021606470152,120.01767396475167,538.8732666357521,161.9981320455545,43912500,28813300,48503700,258068900,43346700,21037200
2024-07-23,154.0,160.45468139648438,32.7422981262207,122.25148010253906,539.6333618164062,165.11927795410156,157.0500030517578,161.9830987178091,33.020531913608885,124.34568731396223,542.517708645555,166.79165357460326,153.8000030517578,156.66301463408186,32.623055616004486,121.76283530375956,539.1461346384042,163.32048123493774,154.9499969482422,157.15289274732152,32.75223342263411,122.44095787706307,540.3738971671513,164.73034131504184,31950600,21570200,29466400,173911000,34439600,11690700
2024-07-24,144.6300048828125,148.2763214111328,31.50017547607422,113.93451690673828,527.4038696289062,155.3766326904297,153.67999267578125,158.14247496438543,32.59323995949019,119.61877422549412,535.1410389720269,160.87023099826504,144.52999877929688,148.04118945666735,31.460426711784343,113.12675602679064,526.4878802289309,155.17243910206975,152.72000122070312,157.10393563244207,32.32494148650973,118.8409292880146,534.8389605250121,160.5201954442306,49203100,37162600,62216700,327776900,74515300,19536600
2024-07-25,138.32000732421875,146.23843383789062,30.90395736694336,111.9699478149414,524.6559448242188,155.84335327148438,144.75,150.4415971358218,31.78834652633028,116.30793416547407,533.474804346627,158.87698507181082,136.80999755859375,142.57415449598727,30.754903291082982,106.00646529957123,523.7205067049787,147.89950550153551,144.07000732421875,148.19794662389964,31.17225584068728,112.72785127466838,527.5208430163394,153.7820408775617,60578500,30872100,49774000,460067000,61158300,25731800
2024-07-26,139.99000549316406,148.56045532226562,31.152381896972656,112.74778747558594,530.5318603515625,157.4573974609375,141.2899932861328,150.4709771529005,31.361057227049322,115.8791158985684,533.2116094688655,160.03403779647644,138.27000427246094,146.88506544008118,30.824462167334016,111.27187868948438,527.6572084941715,154.7835192561113,140.32000732421875,150.39259485345204,31.23187753157216,115.86914899111223,528.427065396124,159.75207171380862,49435800,20839900,38352500,293399100,53763800,13089200
2024-07-29,139.75,147.17901611328125,30.63566017150879,111.2818603515625,530.84375,155.58079528808594,144.58999633789062,151.86225078005506,31.27162526588968,115.95891218291776,533.0752290029756,158.71166440841577,138.75,146.13066952871995,30.595913300772725,110.99266783046404,528.8558251034021,154.23900483395465,141.19000244140625,148.9425807252226,31.221941203638227,113.3760676606231,532.0715719711993,158.17688586244375,47447200,16625800,32342200,248152100,39515800,12663100
2024-07-30,138.44000244140625,140.61463928222656,29.94007110595703,103.44356536865234,528.1541748046875,150.26223754882812,141.6999969482422,150.36321223433032,30.715154964946016,111.68075088933978,533.3577863863941,156.68926954740962,134.0500030517578,140.44808249227899,29.820828601697457,102.2568489765504,524.7630932312389,148.32733138661635,139.8800048828125,150.17705613089012,30.655533712816226,111.21204752075072,532.305359200303,155.9989310634221,68801700,31102300,48256600,486833300,46853600,22018000
2024-07-31,144.47999572753906,157.42726135253906,30.546226501464844,116.69684600830078,536.7391967773438,161.21055603027344,153.60000610351562,158.0641120236444,30.675408092279664,118.01320052493742,539.3604813512061,162.03701860070075,140.02999877929688,147.94322596341766,30.08912707630577,110.57380222245634,533.5917282671721,157.5838089002423,150.72999572753906,148.40371269717636,30.34748836260998,112.5882282546028,534.9559286681133,159.23674887751324,114306800,45827500,56110600,473174200,65663400,19860400
2024-08-01,132.5399932861328,144.04380798339844,28.866878509521484,108.9084243774414,529.1384887695312,153.8014678955078,147.2899932861328,155.69311242656295,30.516414316046976,119.82819139029307,540.6955035812163,163.0287838821556,130.24000549316406,143.21100896012663,28.70788724349436,106.51505026446524,525.6499253938641,152.49856352526544,145.0,154.3116521432101,30.238180548162198,117.20544905631927,538.4542703754322,158.954763425631,94731900,40320000,107672500,523462300,76428700,21095600
2024-08-02,132.5,140.90855407714844,21.3445987701416,106.97377014160156,519.2866821289062,145.71177673339844,137.10000610351562,142.40757997585052,21.8414469830145,108.41977052611269,523.2721666167066,149.6010540893291,131.3300018310547,136.77398141736145,20.291281089542203,101.0900691005783,515.0964813658185,142.82398710970668,133.5,139.05680037298137,21.801700111553938,103.47346849787236,522.063852889589,147.0633000211277,78562000,33745800,300895900,482027500,82789100,31095300
2024-08-05,134.82000732421875,139.20376586914062,19.983234405517578,100.17261505126953,504.1632080078125,143.85462951660156,139.13999938964844,142.47614806390135,20.26146817330116,103.12444802394918,510.2048370125756,145.84788693871351,121.83000183105469,125.89867457529007,19.168403693593557,90.43957172286065,497.23482195550594,129.87268884417193,122.16000366210938,126.98620458012294,20.072667229540986,91.80578374541406,498.5698494257554,130.1546548975645,76089400,41309300,147385700,552842400,146267400,31193100
2024-08-06,130.17999267578125,141.00653076171875,19.704999923706055,103.96212768554688,508.8113708496094,151.0886993408203,136.44000244140625,145.89552028384904,20.4999563012095,107.41257244920943,516.2172002386701,153.3444872966361,129.10000610351562,137.41082678528207,19.62550428595571,100.27234777984627,504.64067761587216,143.63101189732825,135.14999389648438,138.8608619835696,20.191910941842604,103.55325619325184,505.95616721920055,146.27572164863582,64455600,24751300,106670400,409012100,84826300,24528100
2024-08-07,128.6699981689453,133.51136779785156,18.989999771118164,98.63687896728516,505.4103698730469,150.74839782714844,136.24000549316406,147.06139644112545,20.25,108.4995686514933,518.0101145360155,158.1477492793697,128.3699951171875,133.08027272230518,18.950000762939453,98.41748524596572,504.81596710801136,150.24280240601033,133.75,145.24884167800317,19.920000076293945,107.51229690555586,514.9697628304073,157.07820680873098,54676500,29749800,97972300,411440400,70698300,22379000
2024-08-08,136.32000732421875,142.78968811035156,20.489999771118164,104.68013763427734,517.0941772460938,159.99514770507812,136.47999572753906,143.3089577517831,20.549999237060547,105.208672877848,517.7177827712244,160.18960860256294,128.94000244140625,135.59826552826982,18.84000015258789,97.2507054584759,508.5092375881122,151.23454110197804,131.97000122070312,138.3415861499181,19.100000381469727,101.71833775867768,510.52630556896884,154.86130286211863,49037500,27583200,96836800,391910000,63276600,18889600
2024-08-09,134.27000427246094,145.25865173339844,19.709999084472656,104.46074676513672,519.374267578125,162.49400329589844,135.5,146.5225456286007,20.149999618530273,106.30563671378638,520.8554568034616,163.15518816180168,132.44000244140625,141.1926694020868,19.5,103.14439207443418,515.0574431658156,158.72141434679025,134.69000244140625,141.28084387387483,20.079999923706055,105.348288539487,516.2755107587682,161.71615969330506,40583000,18438700,76394500,290844200,45619600,20519400
2024-08-12,136.77000427246094,145.61138916015625,19.360000610351562,108.71895599365234,519.6473388671875,162.98989868164062,137.99000549316406,148.0705872545313,19.969999313354492,110.76329830179426,522.0444587278029,164.83729952673525,133.22999572753906,143.40693729382414,19.0,105.96658275414626,517.3865974265898,160.95773994833735,134.44000244140625,145.0823272901908,19.8700008392334,106.02641463942724,520.5633284209126,161.4050133809099,39724300,17778500,54677600,325559900,42542100,14727300
2024-08-13,141.1300048828125,152.9987335205078,20.469999313354492,115.81929016113281,528.1930541992188,167.5695037841797,141.19000244140625,153.21428108295137,20.479999542236328,115.90904559128121,528.4269731320612,167.67645950011476,137.52000427246094,146.7772755997744,19.469999313354492,111.27188458899278,522.5802488060642,161.73558801262627,138.1199951171875,148.48205678912979,19.479999542236328,112.1295103919247,522.8238623196474,163.34964160349566,42218000,22053600,77511300,312646700,52333100,15243500
2024-08-14,140.75,154.49777221679688,19.920000076293945,117.75394439697266,529.8594970703125,165.26512145996094,143.25,157.00594593459573,20.5,118.27250515954668,531.0386081211183,167.7348060862213,137.63999938964844,151.58789483094105,19.790000915527344,113.75501518576698,526.3222233938623,162.56207484809164,143.0,154.82109358743583,20.489999771118164,118.20269875673235,528.9824644571885,167.12225498317366,35506400,20184200,56758200,339246400,42446900,11510300
2024-08-15,147.36000061035156,162.76690673828125,20.690000534057617,122.52074432373047,538.94140625,169.14468383789062,147.9600067138672,163.29596852278718,21.059999465942383,122.89969228155606,539.22397656437,170.5837123487815,141.80999755859375,157.09410981330714,20.229999542236328,117.1456284695593,534.8584406614526,166.09160161487804,143.0,157.93670076633035,20.31999969482422,118.43206727440648,535.4625975238755,167.65702155488526,43582400,27945000,84814900,318086700,60846800,15393500
2024-08-16,148.55999755859375,162.3651885986328,20.8700008392334,124.2359848022461,540.149658203125,169.7086181640625,149.3699951171875,162.7276935862035,20.899999618530273,124.6548231821397,540.8415420362439,170.15589160716738,145.1999969482422,159.38672156326066,20.40999984741211,120.84537209002657,537.1775850470358,167.48201331048332,145.6999969482422,161.14049342452407,20.530000686645508,121.60327554530542,537.3334715360415,168.5904568109248,31123900,19296900,48582700,302589900,44430700,10710000
2024-08-19,155.27999877929688,164.31492614746094,21.520000457763672,129.64100646972656,545.3143310546875,170.5934295654297,155.3699951171875,164.43249211269494,21.860000610351562,129.64100646972656,545.3143310546875,170.5934295654297,147.72000122070312,157.17249476161714,20.84000015258789,123.07917523933753,539.7112190916396,166.3638492309311,148.42999267578125,161.52261487400213,20.889999389648438,123.93680096772643,540.5589895349276,169.92252682997545,60766900,20441700,65956300,318333600,39121800,11511000
2024-08-20,156.39999389648438,162.59054565429688,20.989999771118164,126.89861297607422,544.4276123046875,167.27781677246094,162.0399932861328,164.9615539700966,21.229999542236328,129.52135538667704,546.5129587158026,170.5448104273546,154.50999450683594,160.8269814256336,20.81999969482422,125.54236785937302,543.0926147134523,165.1484498289352,156.49000549316406,163.6682835023394,21.209999084472656,128.0454312895895,544.8661286211883,170.5448104273546,76851200,19417500,84161300,300087400,33732300,13555500
2024-08-21,157.80999755859375,162.4239959716797,21.40999984741211,128.1451416015625,546.298583984375,166.69442749023438,158.64999389648438,163.10003020131327,21.440000534057617,128.9928003758598,547.7505114259203,168.28903059014516,155.07000732421875,159.58270872093266,21.06999969482422,126.31022649443915,540.55903368272,165.20678010955484,156.1199951171875,161.77735323464805,21.06999969482422,126.9683999190984,545.4703215908407,165.64432083862255,42791200,16097700,57028900,257883600,41514600,9434800
2024-08-22,151.6999969482422,159.0536346435547,20.100000381469727,123.39830780029297,542.0108642578125,161.83285522460938,159.83999633789062,168.92957997193787,21.399999618530273,130.38895283197962,548.7930866218962,168.4835168495177,151.00999450683594,158.2208507559284,20.040000915527344,122.7600756761678,540.8025506157201,161.46336907775301,158.8699951171875,167.3815632191861,21.389999389648438,129.66097288180268,548.18892980085,167.23894911280098,45737300,30044500,81444700,376189100,56121500,13546100
2024-08-23,154.97999572753906,162.99227905273438,20.540000915527344,129.0127410888672,547.7699584960938,166.53883361816406,156.39999389648438,164.87340959003495,20.93000030517578,129.24211690201355,548.7054559638492,168.4931898952137,151.8300018310547,160.15099140730985,20.260000228881836,124.87420736161047,543.053573875613,163.2718404689797,153.60000610351562,161.68920121676072,20.31999969482422,125.51243939894613,545.2364013003757,164.3219469994047,43694600,18848000,73398400,323230300,50639400,12189100
2024-08-26,149.99000549316406,156.38868713378906,20.1299991607666,126.11079406738281,546.4641723632812,164.39004516601562,158.27999877929688,162.34560690083705,20.559999465942383,130.89753484404284,549.504464836925,166.3152333896991,148.91000366210938,155.4481295099832,19.950000762939453,124.02656901853358,544.7686315002069,163.174645937556,154.6999969482422,161.62059684704792,20.530000686645508,129.2122143703238,548.7931322733509,165.6637811836147,49893300,18521200,58534800,331964700,35788600,9611300
2024-08-27,150.5,158.12286376953125,20.06999969482422,127.94572448730469,547.2145385742188,165.82907104492188,151.6999969482422,158.74990718414602,20.260000228881836,128.84323320422493,547.7017657101911,165.85823943902489,148.44000244140625,152.67542130196014,19.84000015258789,123.53792378071748,544.057316249273,160.47158183628932,150.1300048828125,154.4095940853066,20.1299991607666,124.70469880770285,545.197411094177,161.81338731069206,35102700,16683100,43862000,303134600,32693900,9186000
2024-08-28,146.36000061035156,154.9778289794922,19.610000610351562,125.26314544677734,544.0377807617188,164.5164337158203,150.42999267578125,158.9948353908397,20.110000610351562,127.97563574905244,547.3022380940843,167.6959221959846,144.72000122070312,153.0869066840792,19.510000228881836,122.30134548595971,540.8610504788411,161.59947561860216,149.39999389648438,156.83937473470652,19.979999542236328,127.76620894054898,546.8734758569603,166.57776085995076,34075800,18063600,50144900,448101100,41066000,10581400
2024-08-29,145.49000549316406,153.75315856933594,20.1299991607666,117.2652816772461,544.0864868164062,164.46778869628906,149.49000549316406,159.89623513931835,20.600000381469727,124.08639756190335,549.2803444323956,170.5642343067986,144.47000122070312,152.26393966440952,19.75,116.38771446055243,542.9463920388357,162.87318578283103,146.58999633789062,155.28159105054303,19.760000228881836,121.02487540717718,545.9964384879656,163.98162909052243,31602100,23519300,64529700,453023300,38715200,13213200
2024-08-30,148.55999755859375,159.52392578125,22.040000915527344,119.04037475585938,549.2804565429688,166.94720458984375,148.99000549316406,159.93542162768907,22.1200008392334,121.41379989153823,549.7871918701893,167.46253258176162,145.25,155.4971268447959,21.0,116.89631023816276,542.9075460914414,164.07886590136923,147.52000427246094,157.85832813389422,21.25,119.19992897597831,546.4448203697416,165.35260168654034,31169100,25158500,177785400,333751600,62700100,9481400
2024-09-03,136.94000244140625,149.69692993164062,20.100000381469727,107.70177459716797,537.976806640625,156.0475311279297,146.49000549316406,157.48600299012904,21.690000534057617,115.88910303086084,546.4837745967734,164.01081380020324,136.10000610351562,148.31548517418855,19.989999771118164,106.99373606605621,535.4724516729985,155.3766284313859,146.41000366210938,157.1332901914432,21.540000915527344,115.68965834345619,546.1524339283656,163.34964379204808,42172700,37179100,115305500,477155100,60600100,18464400
2024-09-04,140.8699951171875,151.00003051757812,19.43000030517578,105.91671752929688,536.8755493164062,156.4169921875,143.3699951171875,154.59573420994346,20.049999237060547,112.95722005840781,540.2666308743978,159.34368261010547,138.50999450683594,146.1306406929292,19.280000686645508,103.83249237473713,535.4236220855641,154.55014101756515,140.50999450683594,147.25736936567375,19.760000228881836,105.11893116355375,536.144708671945,154.89045868786346,42130600,20324100,85871900,372470300,47224900,11317400
2024-09-05,139.44000244140625,149.72637939453125,19.399999618530273,106.91395568847656,535.5698852539062,159.16867065429688,141.7100067138672,153.19471045336385,19.899999618530273,109.34722045042044,539.6528516965958,160.03403426073766,137.8300018310547,147.07123298728527,19.239999771118164,104.47072401794104,533.1239951172813,156.5920303756854,138.1999969482422,147.52192750674297,19.280000686645508,104.70008464878364,536.8172154733717,157.06845734998592,25023000,31548500,65388800,306850700,44264300,10260600
2024-09-06,134.35000610351562,134.22659301757812,18.889999389648438,102.5460433959961,526.5560913085938,152.47911071777344,139.1300048828125,140.5950080147625,19.489999771118164,107.85135225389573,537.5089477091443,160.8313294494213,132.11000061035156,133.83469653616993,18.639999389648438,100.6712300257278,525.659610039857,151.69151966882535,138.6999969482422,140.35006897640926,19.440000534057617,107.74165540315337,535.8913798019039,160.32571928916695,39993500,76634600,92686500,413638100,68493800,14964400
2024-09-09,138.14999389648438,137.96929931640625,19.06999969482422,106.1760025024414,532.4515380859375,158.27415466308594,138.4499969482422,138.72370095802134,19.540000915527344,106.25578342210773,533.718376233379,158.58530400026825,134.86000061035156,132.16912844517697,18.950000762939453,103.40368021481835,528.8168426461983,155.81418770710397,136.10000610351562,136.29390934433067,19.0,104.59038905946406,530.7365485093424,156.3100652722692,27194500,39516700,64244100,273912000,40445800,10339000
2024-09-10,142.83999633789062,145.20968627929688,18.979999542236328,107.8014907836914,534.770751953125,157.933837890625,143.0800018310547,146.82627817739868,19.110000610351562,109.09790400275718,535.1216007015946,158.3811113564406,137.25,138.1848205260033,18.510000228881836,104.66018768236026,529.4989803786028,153.3250532878135,139.05999755859375,138.36118443210043,19.030000686645508,107.5122906776436,534.3517437427556,158.3811113564406,37217500,36067500,55621300,268283700,36394600,11910800
2024-09-11,149.86000061035156,155.0660400390625,19.639999389648438,116.58717346191406,540.2569580078125,165.51791381835938,150.16000366210938,155.65388487282692,19.690000534057617,116.86639906475774,541.1729474655668,165.66377061832227,140.7100067138672,142.10385290351718,18.520000457763672,107.12337325723898,526.1663863296421,156.95178297631193,145.32000732421875,145.38604262080935,19.010000228881836,109.0879346022382,534.683107736862,159.2659077073678,50935400,39700800,71403100,441422400,75248600,15059500
2024-09-12,150.77000427246094,161.2286834716797,19.360000610351562,118.82117462158203,544.8076782226562,167.2999267578125,151.5399932861328,162.95306401141553,19.540000915527344,120.46676065848584,545.1097566752126,168.00258181606117,147.64999389648438,153.65517196898855,19.040000915527344,115.07123444451854,538.619857760852,164.92847710460572,148.42999267578125,154.89946657211274,19.43000030517578,116.52732649632485,540.831888043875,166.48993609875308,29233700,43530700,51520600,366052700,51819600,13399900
2024-09-13,152.30999755859375,164.2953338623047,19.65999984741211,118.78128051757812,547.6530151367188,168.34414672851562,153.02999877929688,164.67743821554885,19.799999237060547,119.6389797203674,548.646977454259,170.55946227818242,150.6999969482422,160.71921445127626,19.489999771118164,117.28529459768677,545.1584147606665,167.31944024845473,152.32000732421875,163.36456838131448,19.489999771118164,118.76133738659651,545.4117823691347,168.09041598412492,25117200,29850000,44236300,238358300,39310500,8787800
2024-09-16,152.0800018310547,160.69964599609375,20.90999984741211,116.46749114990234,548.4617919921875,165.00657653808594,154.44000244140625,162.14968125579404,21.06999969482422,117.8637462195167,548.7248541652143,166.45091664719138,150.91000366210938,157.16272485831897,19.760000228881836,114.05396898625607,545.5968944537451,162.7522307560475,151.6999969482422,161.84595916929223,20.030000686645508,116.47746652004345,547.3898567571744,165.81658221101895,27677800,26126900,149337000,248772300,36656100,12194300
2024-09-17,150.82000732421875,159.18101501464844,21.469999313354492,115.28067016601562,548.6859741210938,163.31820678710938,154.0399932861328,162.65915303913377,22.579999923706055,118.48208669803358,552.1063181322738,166.13858026018394,149.22999572753906,157.44684209316333,21.239999771118164,114.52270945275087,546.4641898322706,162.35205252385268,153.5500030517578,162.13988337081884,21.709999084472656,117.85376774830212,550.6640853659264,165.27002275162255,29889000,19844300,196249800,231925900,49321000,8629100
2024-09-18,148.2899932861328,158.39720153808594,20.770000457763672,113.06661224365234,547.05859375,163.24989318847656,152.82000732421875,164.07979115097595,21.739999771118164,117.38501890816246,554.1623432239503,167.46582300314984,148.00999450683594,158.09347947263768,20.719999313354492,112.917012138231,546.5031477370794,162.97664013284123,150.89999389648438,160.4546957780634,21.360000610351562,115.57986510061662,549.3387831967661,164.4014724010895,26320100,26557600,118727900,310318900,59044900,9116000
2024-09-19,156.74000549316406,164.5703125,21.139999389648438,117.55457305908203,556.3939208984375,171.97454833984375,159.25,167.10639965942514,21.690000534057617,119.3397837869768,558.2454079377469,173.49696278594524,152.77000427246094,162.8402751737781,21.030000686645508,116.93622949013678,553.5680389935643,168.47104139129257,153.80999755859375,164.82588159393282,21.280000686645508,117.03596036023049,556.4231830771506,170.17888078245113,44500000,32453100,99829200,293506400,75315500,15855000
2024-09-20,155.9499969482422,168.1876678466797,21.84000015258789,115.68958282470703,555.4320678710938,169.88607788085938,157.4499969482422,169.0920064845434,23.139999389648438,118.30257441739377,556.46815521981,171.77934191109333,152.47000122070312,163.6364714961205,20.350000381469727,115.0812145821692,552.4215262762143,169.46642966915556,156.0,164.33437799969138,20.889999389648438,116.74674381909426,555.0313424308147,170.65703870072176,40248200,91758500,260377900,382462400,77503100,18429800
2024-09-23,156.75,169.99632263183594,22.559999465942383,115.94888305664062,556.8200073242188,170.54969787597656,157.19000244140625,170.36985930205864,22.81999969482422,116.67692526968904,557.465153194272,171.17427847780922,154.97000122070312,165.48445442714242,22.030000686645508,114.55262802291854,555.2854144616904,169.51523765023902,156.4499969482422,169.07232034174606,22.43000030517578,116.23810791147417,556.4974940475859,170.62777231260267,21728500,29431100,184439100,206228500,44116900,5794200
2024-09-24,158.32000732421875,171.86399841308594,22.809999465942383,120.54655456542969,558.4132690429688,177.5860137939453,159.63999938964844,172.9944329576794,23.110000610351562,121.47406618937484,558.471913246618,178.37649704200018,154.5800018310547,168.75778201097307,22.290000915527344,115.07124032940908,554.7967173955426,172.78454730586847,157.4600067138672,169.86855278112995,22.530000686645508,116.20818908018337,557.6117584874984,175.17551938328228,27531200,34223400,113082500,354966800,46805700,14576100
2024-09-25,162.02000427246094,172.53245544433594,23.540000915527344,123.17948913574219,557.1817016601562,177.9568634033203,162.9499969482422,174.1248764138701,24.059999465942383,124.60566275738313,558.9900073797687,179.39144962585587,158.17999267578125,170.80240303391145,22.729999542236328,121.28457201755812,556.0771860686909,176.84432866861692,158.5,171.67725362815847,22.799999237060547,121.69347090011009,558.2569249779147,177.14685782322917,35233300,16613800,117013400,284692900,38428600,8280900
2024-09-26,167.49000549316406,175.05868530273438,23.920000076293945,123.70806121826172,559.3907470703125,182.32891845703125,168.67999267578125,177.1819230427169,24.420000076293945,127.32834434574869,561.7464186568862,184.7686887919626,164.0500030517578,172.0212845074921,23.25,121.47405774507013,557.0449191197562,179.37191800238855,167.05999755859375,175.46171019764196,24.280000686645508,126.46067739619816,561.4238456875147,183.95868325382423,38044900,24340000,95416900,302582900,48336000,15103400
2024-09-27,164.35000610351562,169.75057983398438,23.90999984741211,121.07512664794922,558.5794677734375,173.682373046875,168.72999572753906,175.43219504247494,24.65999984741211,123.6980858451405,561.2674367221593,181.4603621220202,163.74000549316406,168.8364019203146,23.700000762939453,118.94085404604166,557.5531642883332,173.1260982587345,167.47999572753906,175.13729845745038,24.15999984741211,123.63824884420143,560.4562017753216,181.36276535144862,27876000,20580900,85883300,271009200,42100900,17908400
2024-09-30,164.0800018310547,169.5638427734375,23.459999084472656,121.11502075195312,560.8178100585938,169.48597717285156,165.0800018310547,169.97669206899792,23.950000762939453,121.17485775300766,561.4238200592039,172.56009697139956,162.17999267578125,166.74269842090814,23.09000015258789,117.83382410218941,555.2659399397932,167.78789152533426,163.10000610351562,168.94456133056377,23.739999771118164,117.99339197466074,557.5531235786384,170.07152805576857,21881600,16902000,66308200,226553700,63557400,13540200
2024-10-01,159.75,164.61944580078125,22.690000534057617,116.68689727783203,555.793701171875,167.9245147705078,165.39999389648438,169.31808283571658,23.719999313354492,122.11234177416986,561.1109941219235,171.75007275506175,158.0800018310547,162.9778731545985,22.260000228881836,115.48013626179672,553.232804974523,166.66558497603384,164.47999572753906,169.22961835157219,23.459999084472656,121.44412897274735,560.465907913519,171.0864475002685,31831900,23770400,86344400,302094500,72668800,11850200
2024-10-02,159.77999877929688,167.75514221191406,22.389999389648438,118.53194427490234,556.0283203125,171.56466674804688,163.10000610351562,169.89802849750606,23.06999969482422,119.06052472572213,557.0448994143397,172.7064775698125,158.6699981689453,164.17710047888596,22.350000381469727,114.83187351018621,552.519332659213,166.6753570727174,159.30999755859375,164.69807797030288,22.670000076293945,116.12839762685847,554.9042964358707,168.79309099823058,24630400,14317800,59033900,221845900,38097800,11164400
2024-10-03,162.85000610351562,168.96420288085938,22.260000228881836,122.52124786376953,555.0118408203125,175.15597534179688,166.7899932861328,171.96229082230062,22.729999542236328,124.0272091849403,556.9471593905891,176.43441252439624,159.39999389648438,166.31016347332903,21.649999618530273,120.01796257527629,552.7343813129046,170.90101558262535,159.7100067138672,166.73283710161436,22.139999389648438,120.59641230247804,554.5621954422553,171.56464081025592,29598800,13072300,49565900,277118000,40846500,12555000
2024-10-04,170.89999389648438,173.63336181640625,22.59000015258789,124.58570098876953,560.0553588867188,176.7955322265625,171.2100067138672,173.88893088587923,22.90999984741211,124.70538259718006,560.4267920576441,176.86383805681825,164.4199981689453,169.662134357106,22.299999237060547,121.50397375972977,555.2854315259468,173.2725030460392,166.52999877929688,173.29915264884963,22.700000762939453,124.6056517279934,559.4395649274686,175.3706997093699,44556500,17921400,49845500,243678100,42939100,9993800
2024-10-07,170.97000122070312,172.0999298095703,22.3799991607666,127.37821197509766,554.9922485351562,180.0648193359375,172.41000366210938,175.27494712840203,22.649999618530273,130.29039598837593,559.0584457401652,180.54301972197098,168.2100067138672,170.9006944756959,22.020000457763672,124.61562046227938,553.8486566717974,176.5710661403224,171.0800018310547,171.8443607216712,22.399999618530273,124.65551433206126,558.413299806086,177.2249377484166,38379900,15588300,54928700,346250200,49964700,12054200
2024-10-08,172.8000030517578,177.6537322998047,23.31999969482422,132.5343780517578,560.2411499023438,181.5677032470703,173.60000610351562,178.50893394914684,23.420000076293945,133.1227955252644,560.8374356454558,182.04588868114533,170.0,171.91314041926512,22.049999237060547,129.07366275536995,556.6833016920415,177.6445485530546,171.75,172.43411791875212,22.25,129.9114112143918,557.5531808736639,180.50396700212403,34730200,20774200,58650500,285722500,37398700,10394200
2024-10-09,171.02000427246094,182.78489685058594,23.459999084472656,132.2949981689453,564.12158203125,182.63143920898438,174.0500030517578,183.24689806626643,23.479999542236328,134.16000405397224,564.6787318135322,183.47072076130547,169.5500030517578,173.41711049700592,23.059999465942383,131.0284078789419,559.6350914993983,177.86900296872747,174.0500030517578,176.18911779108882,23.25,133.75109763690637,560.2313175326061,183.27554212170944,33890700,25504100,44759000,246191600,37912200,11925000
2024-10-10,164.17999267578125,182.52932739257812,23.219999313354492,134.44921875,563.1343383789062,181.30419921875,172.00999450683594,183.13876942089965,23.530000686645508,134.63871270645942,564.5516429072721,182.57288268214523,162.0,179.4231109273976,22.959999084472656,130.64941751515693,561.5313172618801,179.9574413231731,169.75999450683594,180.43557784499356,23.190000534057617,131.55698582348705,562.7824731556751,181.38227365093167,75113600,16318000,44874600,242311300,44138100,6443800
2024-10-11,167.88999938964844,178.39097595214844,23.559999465942383,134.43927001953125,566.5065307617188,186.21302795410156,169.35000610351562,179.4820829438269,23.81999969482422,135.4166432187145,567.2396131412746,186.87665322609638,163.00999450683594,174.38042092865638,22.979999542236328,133.30232133780012,562.9192713637127,183.4804822111122,164.19000244140625,178.05676678329039,23.049999237060547,133.6513755856735,563.0561277259117,183.6366310858376,42136200,23070000,43585300,170209500,42268000,12163900
2024-10-14,165.27000427246094,179.20684814453125,23.440000534057617,137.70053100585938,571.1396484375,187.5792999267578,168.89999389648438,181.80191136683385,23.770000457763672,139.22643549757692,572.0682314590191,189.5701458718273,165.14999389648438,177.06396173327255,23.270000457763672,135.93526327737888,567.6306009114653,185.91049054611634,167.77000427246094,180.1800024775441,23.579999923706055,136.104806530019,568.1095385598273,186.01784103131754,31757200,17195800,35403600,232347700,36217200,11714400
2024-10-15,156.63999938964844,172.98460388183594,22.65999984741211,131.24783325195312,566.7020263671875,182.62168884277344,164.1300048828125,178.60724378062818,23.719999313354492,138.1991821543322,571.7065305951428,188.9553229273602,155.74000549316406,170.41902863081688,22.469999313354492,128.3954862474048,565.4899467305453,179.8110687292111,163.2100067138672,177.71272947875985,23.40999984741211,137.50104323972985,571.4035256005812,188.31123489398215,50768000,27657500,68900600,377831000,54203600,21812700
2024-10-16,156.1300048828125,173.810302734375,22.309999465942383,135.35679626464844,569.1651611328125,182.9632568359375,158.27999877929688,176.19893380057223,22.540000915527344,136.25438165655956,569.6832346627543,185.4323032782247,154.9199981689453,172.34565905653676,21.739999771118164,131.22787606953918,565.9005342666823,182.16301989178547,158.07000732421875,175.47152415537238,22.3799991607666,133.6214472599385,566.7020448464575,185.20784857197407,30575800,15285100,62151800,264879700,30725400,18689200
2024-10-17,156.25,178.44012451171875,22.440000534057617,136.56358337402344,569.2139892578125,200.8809356689453,160.44000244140625,182.35237558842164,22.81999969482422,140.5129935540953,572.8989689898087,207.4780844787463,156.1999969482422,177.61442599284845,22.399999618530273,136.5037463621669,569.0282726746998,197.1041757874559,160.0,178.28284431791542,22.719999313354492,138.9671381366491,572.6936844531912,198.4509338374902,29491900,25232400,43807600,306435900,34393700,62274700
2024-10-18,155.97000122070312,176.8280487060547,22.770000457763672,137.6306915283203,571.4036254882812,195.94285583496094,158.00999450683594,179.6000560114651,22.81999969482422,138.52827690762766,572.1855682246422,200.98829966424498,155.55999755859375,175.63863780572493,22.5,136.91261713769273,569.4389548394798,195.9233335005714,157.41000366210938,179.21669489466,22.610000610351562,138.2988966827743,570.8953358633636,200.98829966424498,23823000,17835200,39971700,176090200,37416800,21030800
2024-10-21,157.89999389648438,176.92636108398438,22.84000015258789,143.32542419433594,570.4652099609375,197.0846710205078,158.0,178.62691022239724,22.8799991607666,143.32542419433594,571.6576620923939,198.53877969531135,154.14999389648438,175.2159725580873,22.25,137.63069803621275,567.5035282712228,194.84984764711442,155.75999450683594,176.3267434110319,22.610000610351562,137.76035501280404,570.6802188403536,195.9721361947211,25781200,13695100,39727000,264554500,36439000,14820000
2024-10-22,154.08999633789062,176.3267364501953,22.399999618530273,143.20574951171875,570.162109375,193.6982421875,156.74000549316406,177.6144362382261,22.81999969482422,144.0335302578968,571.3154850600835,195.3475293158731,151.91000366210938,174.3902670746012,22.170000076293945,141.400595506541,567.2884243093201,192.36125280964373,156.60000610351562,175.61899053632,22.729999542236328,142.5275764963188,567.9432944740728,194.27403930361834,34997400,12062600,50160400,226311600,34183800,11165100
2024-10-23,152.91000366210938,170.556640625,21.979999542236328,139.1865234375,564.9523315429688,196.0209197998047,153.4499969482422,175.93353568553798,22.43000030517578,142.04883820987033,568.5884509212708,198.2362355624511,150.52000427246094,169.63265318235486,21.579999923706055,137.09215234233463,561.462852493989,191.50246011122238,153.0,174.56719579806884,22.299999237060547,141.649914730207,568.1485895916966,191.94161581884708,26095900,19513700,45799100,285930000,49314600,16535700
2024-10-24,153.44000244140625,168.4334259033203,22.34000015258789,140.03427124023438,566.1741943359375,193.16146850585938,155.19000244140625,171.33321040695552,22.3700008392334,140.97175826689335,566.9757049256177,195.66955928131895,152.35000610351562,166.6149090964464,21.969999313354492,138.08949241788707,563.5644376745634,192.654007053808,154.74000549316406,171.2938828548892,22.09000015258789,140.4431777464081,566.897492764615,194.1666674728711,22877000,20485200,40554400,172354900,34979900,9935800
2024-10-25,156.22999572753906,170.05531311035156,22.68000030517578,141.16122436523438,565.9786376953125,198.5387420654297,158.91000366210938,173.79063512646118,23.34000015258789,143.74430494634163,571.27642231265,200.25633492443444,155.0500030517578,169.78008027749695,22.40999984741211,140.4232143860229,565.0403304898274,195.1816158895415,155.39999389648438,171.22506014951585,22.420000076293945,140.55285615055817,568.39295320261,195.4255929094034,29758500,19977700,67503000,205122100,47268200,13434900
2024-10-28,159.9199981689453,169.09201049804688,22.920000076293945,140.1439666748047,567.7283935546875,189.98977661132812,160.27999877929688,171.008816080269,23.270000457763672,142.7569505719539,569.5659916825215,194.92788397208832,157.0399932861328,168.43341652872263,22.559999465942383,139.67522319765803,567.4253885260767,189.83364263685317,158.5,170.05532548312624,22.670000076293945,142.6173258267159,569.4389192842264,194.4594373751371,36010100,13195800,41915000,173586700,30174700,20135300
2024-10-29,166.25,176.18910217285156,22.899999618530273,140.8719940185547,568.6471557617188,192.19534301757812,167.50999450683594,177.16224145654274,23.139999389648438,141.87928563006452,569.7613956814984,194.0007640624336,158.94000244140625,168.2957846543617,22.40999984741211,138.5282768804448,565.382469188388,188.93581354728002,161.10000610351562,169.50484421846562,22.8700008392334,139.91455642525435,566.7704218431865,189.70677439184004,71896000,23702300,83422200,157593600,42899700,13779100
2024-10-30,148.60000610351562,173.63336181640625,22.299999237060547,138.96710205078125,566.9268798828125,189.7946014404297,153.1199951171875,176.139960571211,22.93000030517578,139.95445814390004,570.1622147162088,190.74123348035425,148.10000610351562,172.63071931467132,22.260000228881836,136.44387391965424,566.2230897069062,187.96965807474092,153.00999450683594,174.44923596007567,22.420000076293945,139.1665637778278,568.1779762445088,189.69701956599795,87701700,17911500,50941200,179418100,41435800,10007800
2024-10-31,144.07000732421875,166.88031005859375,21.520000457763672,132.4047393798828,555.813232421875,185.94952392578125,148.67999267578125,171.48064350473604,22.25,137.24176725497634,562.6455498224844,188.21363787898667,143.3300018310547,164.53099139718708,21.469999313354492,131.75648481507793,555.6177318794403,183.13891870709554,147.8000030517578,171.48064350473604,22.149999618530273,137.2317994926413,562.5771216497128,188.21363787898667,44386600,26086600,112485500,270039600,60182500,13062700
2024-11-01,141.86000061035156,166.04476928710938,23.200000762939453,135.03765869140625,558.1591186523438,188.30148315429688,144.5399932861328,168.41375168347318,23.579999923706055,136.94255111570317,562.5673968338307,193.39572512098272,141.32000732421875,164.6489412566424,21.90999984741211,134.2098931927627,557.748609230934,187.91112583296,144.44000244140625,165.3959997098448,23.0,134.3395349599235,558.4328313722141,189.52136839744622,39027400,17847000,173471100,207127800,45667500,12691200
2024-11-04,140.7100067138672,165.68106079101562,22.520000457763672,135.68594360351562,556.9569702148438,186.94496154785156,143.63999938964844,169.51467167294246,23.0,138.5881603174159,559.586295105694,189.6775073273253,139.72000122070312,165.55326876192993,22.0,135.2072323079928,555.0802957635589,186.00809806934296,141.6999969482422,166.39863103320923,22.959999084472656,136.84284318415706,558.2960627771841,189.0334043788653,29117400,13621300,84616300,187528200,38217000,10917300
2024-11-05,141.66000366210938,170.94000244140625,23.31999969482422,139.5355987548828,563.6914672851562,191.0437774658203,143.0800018310547,171.43149182737815,23.579999923706055,139.99435925396384,563.7305435334926,193.56162232434278,140.8000030517578,167.15554316886193,22.399999618530273,136.9625011145287,557.6508758763042,188.8284766477431,141.94000244140625,167.15554316886193,22.579999923706055,137.08217511986183,557.8658847297456,188.9163048089158,27067300,13441800,59153300,160537400,39478300,10339200
2024-11-06,145.10000610351562,176.4938201904297,25.049999237060547,145.2203369140625,577.7080078125,188.56495666503906,145.6300048828125,177.1425897013485,25.1200008392334,146.09798683530676,578.57794657906,189.5798944959708,141.52000427246094,172.96493042504594,24.049999237060547,141.58011068537002,572.1854895240832,183.95866942760037,144.9499969482422,176.57246028257717,24.299999237060547,142.57743460752744,575.9095457320777,187.41337741009175,32911500,24300800,116760500,242043900,68182000,19834900
2024-11-07,149.82000732421875,180.6813201904297,26.229999542236328,148.48159790039062,582.1749877929688,196.34295654296875,150.1199951171875,181.72327525723338,26.3799991607666,148.53145192465237,583.191567003201,197.14319345590943,145.66000366210938,178.69569893159579,25.190000534057617,145.77884323892675,579.6238751058823,191.52196805991693,146.67999267578125,178.89230667927333,25.43000030517578,145.9982557303204,579.7020872739936,191.58052016437892,30326400,18970600,101489300,207323300,47233200,14865200
2024-11-08,147.9499969482422,180.5142059326172,26.200000762939453,147.2349395751953,584.6967163085938,196.35272216796875,150.7100067138672,181.90020948453238,26.43000030517578,149.369212218998,586.1140207981344,201.6323889776413,147.52999877929688,178.73501690454347,25.829999923706055,145.8685954157921,582.7222620683345,195.20115766726195,149.38999938964844,179.87527578409347,26.0,148.37188826922187,582.7222620683345,198.97791754580206,27560300,13503200,76428000,175665800,46444900,13112100
2024-11-11,147.35000610351562,175.86471557617188,25.049999237060547,144.8712615966797,585.25390625,189.375,148.57000732421875,180.50437604907555,26.290000915527344,148.4516658981078,586.6320749270757,193.4250133047517,144.91000366210938,173.8102937775309,24.829999923706055,143.18579701946294,583.5335966542183,186.87667724795458,147.3800048828125,180.2782801580577,25.959999084472656,148.2821074463959,586.2802096893201,193.19080485373382,29868100,17036700,80185300,182325600,37586800,16610000
2024-11-12,143.6300048828125,173.2205047607422,24.15999984741211,147.89312744140625,583.4358520507812,187.14991760253906,147.4499969482422,176.50364996299336,24.959999084472656,149.24948830655927,585.7718958867575,189.3261886948106,141.5500030517578,170.25190493761482,23.889999389648438,145.61923058187799,580.9628921945897,185.14930283654917,147.0,175.85488043227852,24.65999984741211,146.3871741057391,585.175669871058,189.16028608959664,33560300,15862000,62539700,198634700,43006100,11819000
2024-11-13,139.3000030517578,170.62545776367188,24.920000076293945,145.87857055664062,583.7192993164062,182.16302490234375,144.49000549316406,172.60123970406585,25.139999389648438,148.93037924410717,585.7132619411553,187.84280278055195,139.07000732421875,169.66214276278518,24.020000457763672,145.5095503668412,581.5396200997641,182.0068760192758,142.86000061035156,171.73622858042026,24.059999465942383,148.67108050956173,583.8952319310844,187.80377300537353,35146600,17472500,58202000,191903300,47388600,13882200
2024-11-14,138.83999633789062,167.47991943359375,25.030000686645508,146.36724853515625,579.9659423828125,183.95867919921875,141.39999389648438,172.5815814000007,25.610000610351562,148.60125952595652,584.3253608590082,188.01846052094584,138.55999755859375,166.9785906860334,24.93000030517578,145.16049515099348,579.2817798181851,183.0218008591371,140.33999633789062,171.7951954226838,25.1200008392334,147.24489842760545,583.8464232004079,183.86108243150207,31681400,20638900,49252100,194463300,38904100,11453900
2024-11-15,134.89999389648438,162.03419494628906,24.350000381469727,141.6000518798828,572.537353515625,181.5286865234375,137.35000610351562,166.26100608580137,24.81999969482422,144.85133773586546,576.886987680586,184.25147885452498,133.64999389648438,160.64819146814716,24.229999542236328,139.70514243904907,570.689971552463,180.3575996126289,136.57000732421875,165.60241219880558,24.809999465942383,144.4823175216733,576.4177743775998,183.64640561918443,44217500,20836200,55104900,250132900,75988800,9834800
2024-11-18,138.92999267578125,162.85008239746094,24.84000015258789,139.77493286132812,574.8832397460938,182.9632568359375,140.89999389648438,163.5185157251584,25.020000457763672,141.1711953957962,576.1929802203847,183.47073324636116,137.2100067138672,159.45880882045944,24.15999984741211,136.7829612819808,572.1366267509276,179.06939282558324,138.19000244140625,162.84025800994513,24.329999923706055,139.1266784396513,572.9967218779136,179.90867443501685,38705400,17856900,59589500,221205300,37001700,10681500
2024-11-19,139.38999938964844,162.53553771972656,24.200000762939453,146.61659240722656,576.9847412109375,185.10047912597656,139.75,163.96085386714154,24.540000915527344,146.73628163269873,577.7080396739373,185.44205290192002,137.13999938964844,161.51323144913493,24.100000381469727,140.61271302151263,570.856212572816,183.49023679064342,137.41000366210938,163.82323744599248,24.5,140.9418317601378,571.5208668268807,184.57349532804895,23131400,18003400,61190900,227834900,49412000,9390100
2024-11-20,137.60000610351562,160.4712677001953,24.010000228881836,145.4995880126953,577.1802368164062,183.82205200195312,140.77000427246094,162.72228225241992,24.209999084472656,147.16511715506326,577.463673880748,184.30025233617366,135.47999572753906,158.12194928145365,23.549999237060547,142.34804073132528,571.4426497345274,179.62564415513057,138.9600067138672,162.72228225241992,24.06999969482422,147.0155246522584,577.0629483995475,184.30025233617366,28843100,17196700,50191500,309871700,50032600,10624500
2024-11-21,137.49000549316406,161.1495361328125,24.440000534057617,146.27749633789062,580.2786254882812,186.63267517089844,140.27999877929688,163.50867909597227,24.770000457763672,152.48085228758558,581.6959299076706,187.66713540072752,134.92999267578125,157.86639075937788,23.829999923706055,140.3234713661803,574.1989580735773,182.24108860874964,138.8699951171875,163.42021460964344,24.079999923706055,148.95033233522298,580.0147564203452,184.8467615153501,29311400,24835300,58928400,400946600,46750300,18137300
2024-11-22,138.35000610351562,161.43458557128906,24.5,141.5701141357422,582.0771484375,185.5006103515625,139.1300048828125,162.10301887798335,24.68000030517578,146.76617796798797,582.7027263378066,188.3502601692547,137.0399932861328,159.63573277413542,24.139999389648438,140.72239801394366,579.7703970458107,184.8662611624011,137.35000610351562,161.50340127893213,24.350000381469727,145.5394587043998,580.2688429124006,188.30146178683066,21784700,17332500,36784700,236406200,38226400,8838900
2024-11-25,141.1300048828125,162.01454162597656,24.8700008392334,135.656005859375,584.0516967773438,180.62109375,142.35000610351562,164.38350867570978,25.56999969482422,141.66986796819967,587.3065398623395,183.71472099657336,139.0500030517578,160.11738511002756,24.760000228881836,135.45654411602544,581.7742372889147,179.2841042640995,140.49000549316406,162.5846560203413,25.040000915527344,141.61003096699034,585.9967993093868,183.55857210869632,30923100,26850600,91128400,344941900,42441400,14380000
2024-11-26,137.72000122070312,161.9359130859375,24.049999237060547,136.55360412597656,587.1013793945312,179.4109344482422,142.8000030517578,163.5381581344105,24.989999771118164,138.9272401830298,587.7660337218474,181.4213026722989,136.6199951171875,159.920803792833,23.809999465942383,135.30694909062626,584.5795588155904,177.9373186362334,142.5500030517578,161.79829667074844,24.950000762939453,137.33151565059862,585.293073379337,180.9333486415599,32092400,16308800,69613600,190287700,45621300,10186600
2024-11-27,136.24000549316406,156.95220947265625,23.649999618530273,134.97779846191406,585.3223266601562,176.8247833251953,137.94000244140625,160.42212313333155,23.93000030517578,136.8527720620769,587.2967213513849,178.05442211685133,132.9600067138672,154.8584600120266,23.059999465942383,131.44727893138864,583.807301635719,173.76043262021983,137.1999969482422,160.42212313333155,23.829999923706055,134.64867978414378,586.9155638447446,177.61526646920098,30175300,19722700,53992300,226370900,34000200,9895200
2024-11-29,137.17999267578125,159.32119750976562,24.049999237060547,137.88003540039062,588.9584350585938,180.21121215820312,138.58999633789062,159.92081514688905,24.280000686645508,138.97709782710584,589.7403777490892,182.44603538870228,135.77999877929688,156.37226126143372,23.600000381469727,135.68592576491588,585.8599565725738,176.81504089353885,136.24000549316406,156.85392624832483,23.719999313354492,136.41396798376013,586.1336096679657,177.13709238714551,16085700,11024000,36616800,141863200,30177400,8045300
2024-12-02,142.05999755859375,163.67579650878906,23.93000030517578,138.25900268554688,590.013916015625,189.716552734375,142.82000732421875,165.51397708572193,25.479999542236328,140.07412408062024,590.6883540641337,190.5851104578372,137.8000030517578,159.97980157708676,23.440000534057617,137.45117284579777,588.8800487400871,184.38810217193236,137.9199981689453,160.1763943395802,24.84000015258789,138.45846440112203,589.3687702344156,184.77845950494861,33102400,21472400,150497900,171682800,31746000,16646900
2024-12-03,141.97999572753906,165.28787231445312,22.469999313354492,139.88465881347656,590.2877197265625,194.09835815429688,143.4499969482422,165.4058399648893,23.75,140.16390831614373,590.5320805361104,194.2057086391414,141.0800018310547,161.2380046273625,22.440000534057617,137.58084280749418,588.7531863419945,187.95990286048348,142.5800018310547,161.6803420690679,23.68000030517578,137.89001081273594,589.7794898104154,188.83821417926563,22665300,17024400,138160500,164414000,26906600,11217700
2024-12-04,143.99000549316406,167.65684509277344,21.959999084472656,144.75161743164062,593.953125,195.85499572753906,144.1199951171875,172.40463402557262,22.540000915527344,145.39987200124563,594.1974858067216,197.71898374154705,141.17999267578125,165.69088768784118,21.809999465942383,139.91458952073046,591.3042920365143,193.49329995159817,142.9600067138672,170.4878285555766,22.530000686645508,141.62002040602846,591.9689462717889,195.03523651099937,25942700,32748200,104649000,231224300,42787600,12761100
2024-12-05,141.36000061035156,167.56838989257812,20.799999237060547,144.68179321289062,592.9756469726562,199.37802124023438,143.9499969482422,169.46553169388795,22.190000534057617,146.15793025557377,594.7546007001943,200.6759807574175,140.3800048828125,166.32000267154766,20.65999984741211,143.57468662612678,592.6237817496434,195.91354462112756,143.67999267578125,167.8436227445913,22.040000915527344,144.73166589534063,593.9530901421784,196.40149865505316,29576900,18490000,167993500,172621200,28762200,12483700
2024-12-06,138.58999633789062,176.47415161132812,20.920000076293945,142.068603515625,594.0997924804688,198.12887573242188,142.7899932861328,177.60457103215023,21.049999237060547,145.32009789302302,595.3313805479372,198.29477833010137,137.39999389648438,166.44777262108465,20.65999984741211,140.9415450143936,593.3276337729875,195.11330824761052,141.47999572753906,167.20467036320903,20.950000762939453,144.22297517109268,593.738143242676,197.1334452551683,33576800,27830800,78539100,188505600,31241500,9672900
2024-12-09,130.8699951171875,175.8942108154297,20.809999465942383,138.44805908203125,591.0403442382812,194.3716278076172,135.77000427246094,177.7127124093117,21.059999465942383,139.58508599383495,594.1486064406603,198.23623070052153,130.0,173.02391481396788,20.729999542236328,136.77244688316378,590.4539021843977,194.1862028733245,135.7100067138672,175.90403520275734,20.920000076293945,138.6076455444956,593.982457801793,196.0892208204764,57055600,20886300,68818200,189308600,34742700,9699700
2024-12-10,127.73999786376953,168.8855743408203,20.15999984741211,134.7178192138672,589.2028198242188,187.3157958984375,131.55999755859375,175.46170448873596,20.860000610351562,141.4502189353748,592.135149776554,195.0937843478399,127.06999969482422,166.8409767687388,19.959999084472656,133.44114274667672,588.5479495058842,185.78361309255163,131.55999755859375,174.78344676060976,20.829999923706055,138.64753308216282,591.7148563090614,194.30330119980462,38907200,27762600,90004800,210020900,37234500,15307900
2024-12-11,130.14999389648438,180.08168029785156,20.1200008392334,138.94677734375,593.7576904296875,189.9117431640625,131.2100067138672,181.72325279440008,20.25,139.80453569143606,594.7057817338718,191.2780086982936,126.22000122070312,173.42691083651343,19.8700008392334,134.85747632446007,591.841880207483,188.60401484852417,128.52000427246094,176.94597609822222,20.139999389648438,137.00186458417264,592.1155929499696,189.9800489951853,45588100,41295200,75209300,184905200,28677700,9027600
2024-12-12,130.60000610351562,177.58494567871094,20.780000686645508,136.98190307617188,590.6983032226562,187.4407196044922,132.32000732421875,178.90213361212338,20.899999618530273,138.07904108019704,593.4644247000379,191.3175796375997,129.07000732421875,172.99443668756246,19.920000076293945,135.44592508954074,590.6983032226562,187.2742752395101,130.0,177.85033914353363,20.020000457763672,136.72258646567687,592.8975505621333,190.5441705451371,34267100,46967200,77695000,159211400,31543800,7944900
2024-12-13,126.91000366210938,220.97361755371094,20.34000015258789,133.8999481201172,590.5809936523438,196.77066040039062,131.3000030517578,224.80722853255565,20.799999237060547,139.23600428177866,593.4351111707817,198.28810959338236,124.7699966430664,207.51663658071615,20.25,132.1944001851312,589.2125492712078,193.1287524602821,131.3000030517578,210.25914058880278,20.600000381469727,138.5777215546611,592.7215967057723,194.34271181467548,67544700,121336600,55104100,231514900,35904700,19477000
2024-12-16,126.69000244140625,245.74468994140625,20.829999923706055,131.6558074951172,593.1026611328125,197.97483825683594,127.76000213623047,247.5926948094666,21.100000381469727,134.0495433619733,594.0703798886923,201.18598069523998,123.12000274658203,226.8813251416534,20.0,130.07992554881972,591.5583440306177,196.65317255425515,126.01000213623047,227.8446401264854,20.170000076293945,133.83011579862796,592.3305025817151,198.93426113528892,42090300,111623200,73832900,237951100,43695200,15139300
2024-12-17,125.0199966430664,236.14096069335938,20.440000534057617,130.05001831054688,590.6591796875,196.4475860595703,127.08000183105469,238.3428383044887,20.770000457763672,131.24688636654815,591.5193345487469,198.15104900720277,123.1500015258789,229.820415071603,20.290000915527344,126.52922370948323,589.2907948870824,193.32455073762526,124.44999694824219,236.5538099331216,20.639999389648438,128.75340490862754,590.5614592226143,196.78044491847962,43314900,70382100,51767200,259410300,55773500,11169400
2024-12-18,121.41000366210938,219.81370544433594,19.299999237060547,128.57388305664062,573.055419921875,191.45465087890625,127.75,235.76746151358856,20.579999923706055,136.34356467427952,592.7312963771194,200.93144860213656,120.43000030517578,215.48860490128368,19.209999084472656,127.94552085179448,572.674202761188,189.8882482791374,125.43000030517578,235.3349484594702,20.479999542236328,133.51097335742298,590.3561165933274,198.73846703630244,49724400,53960100,86041200,277444500,108248700,14721100
2024-12-19,118.87999725341797,214.60391235351562,19.059999465942383,130.33924865722656,572.8794555664062,190.553955078125,123.37999725341797,224.16829069842802,19.690000534057617,133.6805197239663,579.6238377441589,194.40146102638394,118.44999694824219,213.87650273154608,19.030000686645508,129.21220544602065,572.6350947579137,189.87843774029196,122.16000366210938,224.03067428335967,19.530000686645508,131.41643441707996,578.020816522432,194.23501666154235,46160700,40845200,69117800,209719200,85919500,10553400
2024-12-20,119.20999908447266,217.0318603515625,19.520000457763672,134.34878540039062,579.7603149414062,193.07000732421875,121.86000061035156,226.37015799201694,19.760000228881836,134.92727495716574,584.27166262691,193.92173876749757,117.9000015258789,215.18387059681547,18.899999618530273,127.88568536239204,569.7175591199479,187.94978915546642,118.0,216.60918671054557,18.969999313354492,129.4715360054975,570.561034960996,188.55678374882174,53591200,131910400,108453700,306528600,125716700,16170100
2024-12-23,124.5999984741211,229.00704956054688,20.200000762939453,139.30581665039062,583.2321166992188,203.0069122314453,126.33999633789062,230.041930560013,20.229999542236328,139.42549888718457,583.8303494697157,203.68242951852932,120.47000122070312,221.890926754679,19.520000457763672,134.76767747092137,576.337534899556,196.6923194434883,120.70999908447266,223.42847970854487,19.579999923706055,135.9246564899382,579.5053432293004,196.78042649698722,47777900,40643800,57988400,176053500,57635800,17847000
2024-12-24,126.29000091552734,236.23158264160156,20.399999618530273,139.85438537597656,589.7147827148438,201.99855041503906,127.51000213623047,236.77367249200563,20.399999618530273,141.52999756440977,589.7540503475091,202.85028186941054,124.66000366210938,231.42180415618134,19.959999084472656,138.28847175842643,583.9970921591193,200.25591885410435,127.51000213623047,236.66525452192482,20.219999313354492,139.63495779620516,584.5757510081671,201.59715389162523,24829600,22827200,29884000,105157000,33160100,7634500
2024-12-26,125.05999755859375,241.82986450195312,20.440000534057617,139.56515502929688,589.7539672851562,198.7971954345703,127.30000305175781,243.72223854778386,20.670000076293945,140.48276971800976,590.8719573339298,203.79013802428713,125.05000305175781,234.1815175201474,20.079999923706055,137.37089410442982,586.5567683514358,198.63076600670828,125.5199966430664,236.5469813176228,20.229999542236328,139.33575896662117,587.9493923534018,201.1859753421693,24998200,28459000,39846200,116205600,41219100,8044900
2024-12-27,125.19000244140625,238.27182006835938,20.299999237060547,136.6527557373047,583.5458984375,197.397216796875,126.18000030517578,242.2438372101022,20.610000610351562,138.65752461945982,586.2625477535164,200.2069625422203,122.26000213623047,232.94951862441576,20.09000015258789,134.35876491420703,579.3777835694219,194.87137655262646,124.37000274658203,242.10585206271858,20.209999084472656,138.1887488761999,586.0271215733671,200.2069625422203,32924000,29282200,48260800,170582600,64969300,10664400
2024-12-30,122.44000244140625,232.1905975341797,19.81999969482422,137.13150024414062,576.88671875,196.1832275390625,124.0999984741211,235.33470385580537,20.110000610351562,139.90425017541338,580.338917958557,197.73006051315326,122.3499984741211,228.28756536682457,19.729999542236328,133.67054705312722,573.150128529516,194.3133204369848,123.55999755859375,231.3232537104889,20.010000228881836,134.47843254273522,576.5631199685903,195.64477065908432,30501600,27316800,59608100,167734700,56578800,11235200
2024-12-31,120.79000091552734,228.50437927246094,20.049999237060547,133.93984985351562,574.7880249023438,193.34414672851562,123.55000305175781,234.0435312857127,20.399999618530273,137.71000800391963,579.2601650774656,197.54408124827603,120.13999938964844,227.98200589430624,19.8799991607666,133.48105776544256,573.1599745686183,193.21687100600423,123.0999984741211,232.48626186129331,19.989999771118164,137.67010377599792,578.5441892688881,196.5748586951936,30203400,17927700,49846700,155659200,57052700,6427900
2025-01-02,120.62999725341797,228.6423797607422,20.219999313354492,137.94937133789062,573.375732421875,197.34828186035156,123.13999938964844,236.0541898492545,20.43000030517578,138.51789243847597,579.740679758371,199.4923101129345,119.44000244140625,226.92742366420353,20.0,134.27897378808947,569.3154835989945,192.5609370390429,122.29000091552734,232.76224776307393,20.229999542236328,135.64539681236818,578.0342139844852,192.8644268942551,34256200,31525800,46438500,198247200,50204000,10951400
2025-01-03,125.37000274658203,229.2041778564453,20.559999465942383,144.0933380126953,580.5448608398438,204.23068237304688,125.55999755859375,233.0874933089672,20.670000076293945,144.52220960853393,581.1823013188991,204.41669612189597,121.41999816894531,225.7052506571843,20.059999465942383,139.3656906953459,575.1311959956543,199.42375367627855,121.6500015258789,230.22920818539026,20.389999389648438,139.64495945984694,576.2100381173573,199.81536549976707,36785300,24973200,48983900,229322500,37888500,10261900
2025-01-06,129.5500030517578,233.00865173339844,19.8700008392334,149.04037475585938,583.88916015625,215.39134216308594,130.72999572753906,238.271818806191,20.979999542236328,151.7632676182901,588.145567536734,217.53537005714722,127.36000061035156,229.9433962963071,19.780000686645508,147.43458721714921,582.1630605707853,211.16203934803644,129.07000732421875,233.09735324783523,20.829999923706055,148.2025685915748,584.7816606701658,214.1773829452339,48020200,34028400,83271000,265377400,47679400,24339900
2025-01-07,127.33000183105469,225.35043334960938,20.010000228881836,139.77459716796875,577.2888793945312,206.981689453125,131.7100067138672,236.0541853188746,20.34000015258789,152.73073241075815,586.2331597023842,216.8304989725922,126.8499984741211,224.32540300349172,19.899999618530273,139.6449312609891,575.4745472605013,206.88379770139576,130.50999450683594,236.0541853188746,20.020000457763672,152.63098706400407,585.909501046868,216.5955468176712,39220400,25928600,61726100,351782200,60393100,17010000
2025-01-08,121.83999633789062,226.01080322265625,19.8799991607666,139.74468994140625,578.13232421875,202.77195739746094,125.30000305175781,229.12534237691784,20.1200008392334,143.57467420574872,579.2013495963691,205.88520792195735,120.12000274658203,222.80756255153835,19.709999084472656,137.20133554653654,573.9250009242365,201.59715179779695,124.51000213623047,226.39519150162025,19.829999923706055,142.20825109505992,577.357566647636,205.5621337678186,46723100,18756500,47897100,227349900,47304700,13262700
2025-01-10,116.04000091552734,221.08274841308594,19.149999618530273,135.55564880371094,569.3056030273438,203.9957275390625,118.70999908447266,224.55210879582228,19.65999984741211,139.55518814906236,574.6604259424307,205.5719297444822,114.44999694824219,218.06677642006534,18.90999984741211,133.87005266470834,567.4029789022777,198.9636310778999,118.18000030517578,224.02973534810323,19.65999984741211,137.09162690267476,574.5917674597674,203.24190274316163,59415600,23864000,71244600,207602500,73105000,17265200
2025-01-13,117.31999969482422,222.04864501953125,19.200000762939453,132.88262939453125,570.1882934570312,197.13287353515625,117.4800033569336,225.9615280505295,19.25,133.14196124495902,570.5413429214275,199.3160552217295,114.41000366210938,216.3518056773268,18.729999542236328,129.1723272147668,564.2646286559713,195.85037660296092,115.27999877929688,216.8249105301166,18.920000076293945,129.65108668370792,564.6765795569504,196.3105111426977,39128900,23772100,50669000,204808900,47910100,16612400
2025-01-14,116.08999633789062,221.4671173095703,19.200000762939453,131.41644287109375,570.9728393554688,197.22100830078125,118.66000366210938,226.94712019463327,19.520000457763672,136.02440701006375,573.7286961683375,201.93003080165468,114.5,219.890146393167,18.81999969482422,129.71091005586072,567.2067990118115,194.33293988961105,118.0,223.31022284108445,19.360000610351562,135.69526562735138,573.1010128011978,200.882500808035,37005300,18143100,47147500,195590500,48420600,14182900
2025-01-15,119.95999908447266,224.7196502685547,19.719999313354492,135.88479614257812,581.3589477539062,202.45867919921875,120.41999816894531,227.02597991189015,19.770000457763672,136.09424010113995,582.4965717179379,204.65164562851425,117.45999908447266,222.33446982041463,19.170000076293945,130.94768976753863,577.8479067851994,195.16507900617705,117.55000305175781,225.26174015205316,19.399999618530273,133.30153730793728,578.9561398854404,198.23916082306883,38185800,21745600,56306000,185217300,56900200,18286500
2025-01-16,118.44000244140625,226.10934448242188,19.670000076293945,133.22174072265625,580.2409057617188,210.2809295654297,121.08999633789062,235.1671248522734,19.950000762939453,138.38822723428095,582.8986539701259,217.29062402430765,118.25,225.91222501010745,19.399999618530273,133.14194748607855,579.5445637592774,208.69494283521993,120.23999786376953,231.8357501249282,19.75,138.2785134363621,582.7221292073649,214.2948646723724,29414100,23471900,44898100,209235600,43319700,38539600
2025-01-17,121.45999908447266,234.0238494873047,21.489999771118164,137.3509521484375,586.0664672851562,207.06002807617188,122.73999786376953,234.67435738864566,21.6200008392334,138.13888566634566,587.8121409710091,211.1522711059849,120.55000305175781,229.31262263684286,20.790000915527344,135.10681862678206,584.1343920679883,206.6292625070411,120.77999877929688,233.66902836286908,21.260000228881836,136.33360735729912,585.4584175885924,210.65298279910954,35765900,31196600,166483900,201188800,58070600,21606100
2025-01-21,122.27999877929688,236.8525390625,21.770000457763672,140.46279907226562,591.430908203125,214.10887145996094,123.75,239.25743598496308,22.40999984741211,141.46019165371834,591.440725108679,215.5284289109928,121.12000274658203,233.98440305877955,21.75,136.7325453387914,587.1352937130949,207.59847956119532,122.38999938964844,238.02542035167284,22.030000686645508,138.79715528751996,589.0967593301249,209.9578904963072,31578800,30903200,96262200,197749000,42532900,19061300
2025-01-22,123.75,237.4439239501953,21.860000610351562,146.6865692138672,594.7557983398438,218.51441955566406,125.6500015258789,243.43645008213136,22.290000915527344,147.40467804215123,596.109214840216,220.6976015837884,121.91000366210938,237.22708798521458,21.56999969482422,143.29542449743752,593.6965898049438,214.70608187500528,123.08000183105469,243.19989765508308,21.729999542236328,144.28284886721386,594.2457979602253,217.29066046883972,35023800,29610500,60972600,237651400,48196000,17294500
2025-01-23,123.04000091552734,236.82298278808594,21.56999969482422,146.8361358642578,598.001953125,219.9045867919922,123.70999908447266,236.941251481763,21.75,146.84610431115016,598.001953125,219.98290915858072,120.62999725341797,232.7228309624027,21.350000381469727,143.3452618575768,593.8534716457165,214.80396777754945,121.43000030517578,234.97989212843316,21.690000534057617,144.67179580639592,594.1280457618639,215.4794851182196,24921100,17653900,55778200,155915500,41152100,8986800
2025-01-24,122.83999633789062,241.1793975830078,20.829999923706055,142.2481231689453,596.2562255859375,217.2220916748047,125.25,245.99904254289777,21.40999984741211,148.58157206293976,599.0121428376514,221.6471928389024,122.2300033569336,238.42954507625655,20.75,141.5100624088345,595.1087847128249,216.32140697047163,124.55000305175781,241.1793975830078,21.360000610351562,147.98313043457708,598.0608006812332,221.4709787382222,31570300,25387800,66300600,234657600,34604700,13183800
2025-01-27,115.01000213623047,199.2218475341797,20.290000915527344,118.1112289428711,587.8218994140625,188.2728729248047,118.08000183105469,215.28731829287523,21.059999465942383,128.06520275177593,588.1357411390088,202.65449113512824,112.80000305175781,193.4067251080777,20.139999389648438,116.39571246675482,583.1830517473746,183.73028009786503,117.80000305175781,210.32968891723075,20.809999465942383,124.47459855123269,583.3497595871564,192.90357281483253,61067900,90569400,83582100,818830900,70361100,68667500
2025-01-28,114.16999816894531,204.37660217285156,19.799999237060547,128.65370178222656,592.8726806640625,198.1510467529297,116.1500015258789,206.92933485813393,20.34000015258789,128.66367023130923,593.7062796977629,198.58181230118896,112.94999694824219,196.02846335730416,19.739999771118164,115.94691212705192,585.7427332202798,188.41972795677574,115.18000030517578,205.0172442619987,20.34000015258789,121.49241361825959,589.0477983536082,191.54274830472747,40554800,50316000,73411400,579666400,44433300,31738800
2025-01-29,117.3499984741211,203.38111877441406,19.75,123.37747192382812,590.21484375,198.08253479003906,118.5199966430664,208.4077328430341,20.079999923706055,126.55915701971556,592.4901511824414,202.11603980041576,114.95999908447266,199.85262468147423,19.65999984741211,119.7369947161038,587.6747192887742,195.55669434209113,115.7699966430664,205.83528395311782,19.8700008392334,126.17017448185184,592.0880171861997,200.19719399368822,40199100,32533700,86506800,467120600,37177400,15199500
2025-01-30,118.86000061035156,212.55718994140625,20.010000228881836,124.32500457763672,593.3825073242188,203.7803497314453,120.44000244140625,218.76655154098228,20.100000381469727,124.67409050916186,594.9124479832741,205.2194915601475,117.08999633789062,210.62538287337597,19.43000030517578,117.7920791911556,589.1457347624095,201.10766416605478,118.52999877929688,215.42532585271917,19.719999313354492,122.77904281152207,592.3233590781479,202.23353144795598,29788400,42449500,108167000,392925500,39281300,13539000
2025-01-31,115.94999694824219,218.08648681640625,19.43000030517578,119.7569351196289,590.2247314453125,204.92579650878906,119.56999969482422,223.53692285648893,20.329999923706055,127.51664871512425,598.2079122989969,210.4865502949556,115.33000183105469,213.18799138201496,19.3799991607666,118.8792323275003,589.4695478929073,203.82929827467805,119.13999938964844,216.49965005541677,20.100000381469727,123.45726093608867,595.7952876097377,205.52297656637438,40463400,41104700,117081700,388161100,66566900,15746900
2025-02-03,114.2699966430664,214.597412109375,19.3799991607666,116.3558349609375,586.2527465820312,195.60562133789062,115.16000366210938,217.7612349503566,19.75,118.26085104341853,588.7241528776601,200.68667057107535,112.9800033569336,210.43812602646642,18.780000686645508,112.71535011762803,579.1129820721995,193.82382124752178,113.87999725341797,212.3600824928334,18.969999313354492,114.45081126895413,581.2509726905776,195.43919192370169,34586100,24507300,77523100,371235700,65857200,17719800
2025-02-04,119.5,219.22976684570312,19.290000915527344,118.34063720703125,590.1854858398438,199.76641845703125,119.8499984741211,219.8211403228019,19.530000686645508,120.88398385074507,590.695426254437,201.43072767859047,114.79000091552734,212.20236040611672,19.020000457763672,116.39571701060105,585.7721876960313,197.8377731135856,115.44999694824219,216.19409377840276,19.100000381469727,116.65504122535879,586.3115788306599,199.78600278343947,69412100,23768500,54098200,256550000,33457800,12692900
2025-02-05,112.01000213623047,228.66212463378906,19.649999618530273,124.50452423095703,592.5784912109375,204.1915283203125,112.08999633789062,234.50680016959487,19.770000457763672,124.67407915232373,592.7256251112395,206.06142062242952,106.5,224.2268679059785,18.90999984741211,120.44513651813745,587.0472023348536,199.55102905432116,107.61000061035156,230.57421549605928,19.190000534057617,121.44252915135603,589.0675100114589,201.67547277589824,110385200,29196000,66059200,262230800,30653100,10997800
2025-02-06,110.16000366210938,228.0312957763672,19.3799991607666,128.344482421875,594.6380004882812,206.08102416992188,112.55999755859375,231.42180499195473,19.700000762939453,128.43425932928383,594.7655005585997,206.746741923143,109.0199966430664,225.27157792373183,19.219999313354492,124.88353622330139,591.0190935628144,202.6544988274291,110.93000030517578,231.12611825073444,19.510000228881836,127.08777312720079,594.3143418590737,205.6502585938541,50426600,21169500,45553800,251483600,35771500,8491400
2025-02-07,107.55999755859375,221.63467407226562,19.100000381469727,129.50143432617188,589.1949462890625,201.79295349121094,109.91999816894531,232.2595754278412,19.360000610351562,130.03005111642076,596.4131263461926,208.70474173465328,106.79000091552734,220.8856139998824,19.030000686645508,124.6740584360869,588.4887874469584,201.4013565978375,109.12999725341797,231.61893333007623,19.350000381469727,128.88305586640928,595.1970270806008,208.5383123080464,46082500,22117500,58277900,228186300,50788500,11616200
2025-02-10,110.4800033569336,231.65835571289062,19.770000457763672,133.22174072265625,593.1962890625,203.58453369140625,111.4000015258789,232.42714730009928,20.079999923706055,134.64800487659767,593.8337894109928,205.57191700923406,108.1500015258789,223.85230650647574,19.239999771118164,129.621152724233,591.1269569453736,202.1943453321377,108.44000244140625,224.15784397563067,19.25,129.7508034170435,592.3921407355843,203.6334870365597,34905400,23901600,73007300,216989100,26048700,9296500
2025-02-11,111.0999984741211,231.65835571289062,20.969999313354492,132.4537811279297,593.6473999023438,204.35797119140625,113.06999969482422,234.46735735759532,21.8799991607666,134.12939390700265,594.1867909987916,205.4348701635336,108.94000244140625,226.66130815118046,19.860000610351562,130.67842297052752,590.8228845015021,196.78044997856358,108.9800033569336,229.13519011557509,19.8700008392334,132.23435347081184,590.9405676549386,200.8237545519641,35033800,18476200,150960700,178902400,30056700,9224500
2025-02-12,111.72000122070312,232.94952392578125,22.479999542236328,130.79808044433594,591.7350463867188,202.04750061035156,111.83999633789062,233.0776433260333,22.559999465942383,131.89521852186024,592.9021210468912,202.723017934718,109.05999755859375,226.6908784401031,20.93000030517578,128.7434538800678,586.9785152974936,198.7482363532175,109.5199966430664,227.04569954705775,21.979999542236328,129.68100547013307,587.6552234594287,200.59855927112997,25319700,16397300,162631200,160278600,45076100,7373700
2025-02-13,111.80999755859375,232.40744018554688,24.1299991607666,134.93722534179688,597.9822998046875,197.593017578125,114.5999984741211,233.5408885920436,24.829999923706055,136.144076969536,598.1882752794738,198.05315213999194,110.4000015258789,227.41037738362223,22.790000915527344,130.8279730901596,591.5781445820884,195.04759297794473,112.0,232.6636940320864,22.84000015258789,131.21695555845534,592.8334516677448,197.6419709239869,40911800,20962000,248661300,197430000,40921300,15580900
2025-02-14,113.0999984741211,229.6871337890625,23.600000381469727,138.4879608154297,597.9528198242188,199.61956787109375,114.62999725341797,232.34829960993105,25.190000534057617,138.88691174540978,599.2179436285784,201.9202408329398,111.69999694824219,225.60669858011846,22.860000610351562,135.14668970558725,597.3349533511362,193.31477386927503,112.6500015258789,231.155701849973,24.360000610351562,136.1241301373402,598.1881861265014,195.78186132884832,32477200,16988800,230254100,195479600,26910400,23220300
2025-02-18,114.27999877929688,225.2420196533203,27.389999389648438,139.03652954101562,599.7083129882812,198.48391723632812,115.55000305175781,228.85921566309037,27.549999237060547,143.06600437599374,599.7083129882812,201.5286301051495,113.44999694824219,221.07288305906533,24.489999771118164,137.57036112568994,596.658248231066,196.31052014342214,114.05000305175781,226.7894384712719,24.600000381469727,140.90166414837108,599.1100803238464,200.46150094622627,31720300,26080500,284292200,219176600,26749000,14988100
2025-02-19,114.69000244140625,225.43914794921875,25.719999313354492,138.86697387695312,601.1206665039062,196.73147583007812,116.11000061035156,225.77426763653614,26.329999923706055,140.99142508356047,601.4148744301086,198.34684652517544,113.13999938964844,221.17144392418868,25.459999084472656,136.86222013681927,597.8156011046507,195.82100638794753,114.25,224.57181915653905,25.979999542236328,139.1462426003846,598.3256014161959,197.76922097685778,28807700,16375500,151881700,167536000,31011100,13163100
2025-02-20,114.16999816894531,223.477783203125,26.09000015258789,139.74468994140625,598.6198120117188,195.8993377685547,116.55000305175781,225.68554557344862,26.1200008392334,140.29325896288867,599.8947529370754,196.1342899252311,113.11000061035156,219.5451839221063,24.479999542236328,136.43333891646114,595.3245635051746,193.46160457379125,115.01000213623047,225.3602916444092,25.559999465942383,139.6648967001902,599.7574359511714,196.075551886062,27219600,16104000,144939600,143903600,36554000,10639300
2025-02-21,110.83999633789062,215.5140380859375,24.8700008392334,134.07949829101562,588.3809814453125,194.07839965820312,115.76000213623047,224.4732523187902,26.290000915527344,141.09118323158302,598.5413613568134,198.43497886657343,110.43000030517578,212.52763334165329,24.84000015258789,133.68054728393315,587.9200057904889,191.8952027683014,114.8499984741211,222.40346000289355,25.959999084472656,139.67487215272783,598.4040443652323,197.1035284293391,41353700,24883600,111630900,228217600,76519800,13757300
2025-02-24,108.11000061035156,204.93841552734375,24.270000457763672,129.94032287597656,585.7034912109375,187.62672424316406,111.5999984741211,216.32224377791306,24.799999237060547,138.22865397806314,591.4113636230724,194.6168350662383,107.9800033569336,204.55402722461432,23.6200008392334,129.74084737496105,584.9973324269623,187.4407254231385,111.48999786376953,215.45491493849417,24.549999237060547,136.20394796569565,590.4208138598086,192.74694266409722,29072200,33050400,91358100,251381100,50737200,15114300
2025-02-25,103.95999908447266,199.6259307861328,22.989999771118164,126.29984283447266,582.7907104492188,185.39459228515625,108.63999938964844,205.6381724992798,24.280000686645508,129.86053469386732,586.3704094872951,189.46726590150323,103.62000274658203,198.02924349543719,22.770000457763672,124.11555785804758,578.200887648266,183.53448454440766,107.88999938964844,204.0217687494053,24.209999084472656,129.6411070684952,585.6446767168586,186.64772033042232,39169200,33100800,88886500,271428700,58266500,20581000
2025-02-26,104.73999786376953,209.87631225585938,23.520000457763672,130.93772888183594,583.0849609375,190.5343780517578,105.80000305175781,210.46767068750557,23.81999969482422,133.3813382599071,588.0278934374002,191.9637351484455,103.98999786376953,203.03615961779508,23.209999084472656,128.15500959573998,580.4566037497201,187.07848380239352,104.94999694824219,203.93307053426506,23.25,129.65109883362112,584.4481941378576,187.07848380239352,29178200,21368300,67449300,322553800,43321600,14112300
2025-02-27,99.51000213623047,194.9541473388672,23.09000015258789,119.83673095703125,573.7777709960938,177.28839111328125,105.76000213623047,216.09553157014867,24.399999618530273,134.6579790491402,586.4979078319449,190.6812159306808,99.5,194.5598933318353,23.06999969482422,119.69709659183455,573.3855137517263,177.2786064201853,105.08000183105469,214.1538738233679,23.700000762939453,134.64801060127058,585.3504072406853,190.6028935705249,47263700,27572900,97871900,443175800,74196700,24219200
2025-02-28,99.86000061035156,196.56069946289062,23.729999542236328,124.59428405761719,582.73193359375,176.7401580810547,101.80000305175781,198.29538713925828,24.440000534057617,124.76383897645573,583.2615078706541,178.33594450219883,98.69000244140625,190.3710539831784,22.639999389648438,116.09650229748219,571.2181376161361,171.83533767939994,99.55999755859375,192.943503285743,23.020000457763672,117.71227346912306,574.2780198233005,175.54576817320478,45194600,39747200,104133800,389091100,88744100,27929400
2025-03-03,98.2300033569336,184.67420959472656,22.739999771118164,113.76260375976562,572.5224609375,169.33888244628906,102.33999633789062,201.12408465115186,25.040000915527344,123.37746834229016,585.8310134980443,177.75835063339048,97.08999633789062,181.87507369986866,22.520000457763672,111.98724605192426,568.727029424783,167.47877467722626,101.5199966430664,201.064950307342,25.0,123.18796891235903,584.6933298193593,177.3471544492948,38958000,37435600,141348700,411381400,74249200,37403000
2025-03-04,100.75,184.78260803222656,21.329999923706055,115.68756866455078,565.74560546875,176.2213134765625,103.18000030517578,191.15952144580842,22.6299991607666,118.99891188150963,574.1112864169365,179.74574572148006,95.88999938964844,177.88332125122315,20.760000228881836,109.82290275774469,561.2244408531591,170.52348383702338,96.0,186.49757901763513,22.540000915527344,110.36149568941593,568.5407303426414,171.38501503877342,54156900,37910500,152182200,398163300,109648200,29395200
2025-03-05,101.66999816894531,188.82363891601562,20.809999465942383,116.99415588378906,571.8262329101562,180.4114532470703,101.83999633789062,191.28767009243415,21.360000610351562,117.971596377653,573.611174316589,180.86180315103132,98.87000274658203,184.40809925886438,20.18000030517578,114.2114295961939,562.0385358294819,176.92618985789954,100.36000061035156,189.09960920463428,21.329999923706055,117.27342459632162,565.5789679172403,179.15832517317668,27855500,25644500,127219300,284337900,71230500,17334000
2025-03-06,98.8499984741211,176.8681640625,20.75,110.28170776367188,561.6755981445312,172.1584014892578,101.08000183105469,184.1419892873163,21.1299991607666,115.04924353236196,568.9918277562862,177.7387388736385,98.2699966430664,175.05464063146698,20.0,109.93262184934352,559.1354734261878,172.09964851598005,99.05000305175781,178.43528436303654,20.260000228881836,113.2339891683523,564.3921877543482,174.8310866425865,28985000,56864100,96466400,321181900,80094900,17864300
2025-03-07,100.30999755859375,192.15501403808594,20.639999389648438,112.39617919921875,564.8237915039062,173.3821563720703,100.6500015258789,192.66752169494305,21.200000762939453,113.18412029909872,566.2655002910393,174.72339126450922,96.38999938964844,178.94779789800307,20.110000610351562,107.27955007853643,554.7320694307674,167.42979165222815,98.87999725341797,185.0290250417254,20.270000457763672,110.95993136050063,559.9005520347207,172.0996445746392,33254400,74528900,81099600,341755500,81158800,21012700
2025-03-10,96.62999725341797,181.79623413085938,19.93000030517578,106.70106506347656,549.779296875,167.0675811767578,101.29000091552734,189.21789552275558,20.510000228881836,111.5583622176382,558.5666258451241,171.21857729310562,95.83000183105469,177.83406741893236,19.649999618530273,105.18502403072868,544.8854490052353,164.38511087334456,98.56999969482422,186.87214785088443,20.239999771118164,109.61344966651625,556.6542444695278,168.84938154157734,38733200,44217100,82760600,366487400,99326600,18265100
2025-03-11,96.76000213623047,187.35507202148438,19.780000686645508,108.47642517089844,545.208984375,167.380859375,98.16000366210938,192.80550781260428,20.059999465942383,111.94734728122161,553.1529563050404,169.6913169258322,94.7300033569336,182.683278508669,19.290000915527344,104.49682307629253,541.3841622094388,164.57111353837934,96.79000091552734,185.3444291869852,19.969999313354492,106.71103594468934,548.6219753669684,167.06756990578555,34078300,42153200,80789000,354865700,88102100,16561100
2025-03-12,100.79000091552734,191.4355010986328,20.68000030517578,115.4488525390625,548.1022338867188,173.45071411132812,101.72000122070312,197.10277266085458,21.170000076293945,116.46629097878981,552.2605321303586,174.39056765195494,98.16999816894531,189.68111214859826,20.209999084472656,112.59604629385464,543.022044250635,171.0913030342609,99.05000305175781,193.39687527951523,20.790000915527344,113.83293253862912,551.3386407379146,171.91368048423385,34241300,30409700,128671100,323857500,69588200,14737600
2025-03-13,98.11000061035156,188.6068115234375,23.700000762939453,115.28925323486328,540.7957763671875,167.98782348632812,100.06999969482422,193.49545621644305,24.530000686645508,117.46376961532557,548.337615563181,170.23954278770202,97.2699966430664,186.7440044711493,23.1299991607666,113.50375517662202,539.0893105175023,166.92070934029277,99.72000122070312,190.37105130849739,23.5,116.73560262668995,547.7295658893665,170.23954278770202,28575200,27236100,243261000,299033100,74079400,14381600
2025-03-14,100.97000122070312,192.72666931152344,24.049999237060547,121.36392974853516,551.96630859375,170.43536376953125,101.22000122070312,194.65847650576373,24.3700008392334,121.57340056729696,552.9666753566005,170.70948459673758,99.58000183105469,190.4203395790533,23.520000457763672,117.85278787516224,540.8644044287432,168.32070458382705,99.63999938964844,193.37717719686236,23.68000030517578,118.31162980343127,545.3953858640715,169.02559097906177,24715300,25900900,116901600,277593500,62660300,11449400
2025-03-17,104.58999633789062,191.70162963867188,25.690000534057617,119.22930908203125,556.2227172851562,172.54022216796875,106.1500015258789,193.8896905734206,26.149999618530273,122.58085727393843,558.7333912461695,173.44090693599156,102.5999984741211,184.80234219666312,24.3700008392334,117.73308248243704,551.5151512314662,170.1710267032529,102.5999984741211,185.3444320749573,24.420000076293945,122.43123309193861,551.9466761244148,170.29828747214458,43689500,26830600,160723600,255501500,49008700,9678100
2025-03-18,103.51000213623047,185.95550537109375,25.920000076293945,115.1396255493164,550.2108154296875,170.15591430664062,104.55000305175781,190.11479125267726,26.40999984741211,118.7205909220559,554.1337472059147,171.5810026767183,102.97000122070312,184.21096706511602,25.389999389648438,114.25186503478537,548.2885573100283,167.502283897299,103.8499984741211,187.70004367707145,25.549999237060547,117.70316017412442,553.9179548314441,171.38444134923657,27152800,24951000,132488800,299686900,66041400,9986000
2025-03-19,106.2300033569336,192.7562255859375,24.1200008392334,117.22435760498047,556.2030639648438,170.77508544921875,107.9000015258789,195.4173760760222,25.229999542236328,120.14698705841565,559.9494708906026,172.71124531015502,101.95999908447266,184.21095278580444,24.030000686645508,115.3889900516623,550.8090329217521,168.78979650284552,104.41999816894531,186.6158494642927,24.899999618530273,116.97498651717953,551.9859243939003,170.02814638989037,32287500,37962700,135491400,273426200,66556000,10678500
2025-03-20,107.13999938964844,188.3668670654297,23.959999084472656,118.23181915283203,554.5947265625,174.42135620117188,108.26000213623047,191.6292332776112,24.309999465942383,119.89761619602571,559.5768672502725,175.60073916003813,105.12000274658203,186.785124264054,23.729999542236328,116.17700382075364,551.760393662907,171.55151883581908,105.12000274658203,189.33570093595006,23.770000457763672,116.25680439544837,552.4763694984304,171.84636832470264,26871800,31430000,68937600,248829700,62958200,12209700
2025-03-21,106.44000244140625,189.47410583496094,24.260000228881836,117.4039077758789,554.7776489257812,173.6940460205078,107.25,189.87943337217726,24.700000762939453,117.6931791575635,555.6728342872004,174.15597334259274,104.33000183105469,185.2330251841099,23.489999771118164,115.1296446207881,548.9247817378139,170.8045483025013,105.33000183105469,186.06345638065977,23.600000381469727,116.64582513098318,550.1543857754978,171.90531862158306,30767900,43086500,94110700,266498500,83763000,9993200
2025-03-24,113.8499984741211,189.06878662109375,24.219999313354492,121.1045913696289,564.712890625,178.04795837402344,114.8499984741211,194.4467456318779,24.989999771118164,121.91255134314885,565.7654388953832,179.7875417470538,109.4000015258789,188.49539973254198,24.1299991607666,119.03979124138472,560.8961948547495,176.59337165973776,109.7300033569336,192.0840042743564,24.719999313354492,119.5784337604655,561.4863807824129,176.8980589421897,53342000,33180300,69169000,228452500,58766800,11440000
2025-03-25,114.80999755859375,186.1128692626953,24.200000762939453,120.38639068603516,566.0703125,177.79241943359375,114.94999694824219,189.41478767216472,24.75,120.98487978418257,567.0047634369732,179.37476279159168,112.70999908447266,185.53948241416182,24.110000610351562,118.62083909476823,564.329174156886,176.71132468380262,113.2699966430664,188.71287866032313,24.18000030517578,120.24674348347415,565.9128895780813,179.33545652656923,29077500,23417300,51743300,167447200,38355700,8718800
2025-03-26,110.19000244140625,177.22540283203125,23.420000076293945,113.47382354736328,559.3124389648438,170.51954650878906,115.9000015258789,185.915144918823,24.420000076293945,118.5410383402261,566.926137079624,176.46562015007166,108.68000030517578,175.554675123395,23.25,112.42646191953317,557.9352585138073,168.52441987328993,114.11000061035156,184.53111816390788,24.25,118.4313220614094,565.8047238585734,176.15111004168392,39824000,30578500,59496700,293463300,51848300,14612400
2025-03-27,106.6500015258789,170.02842712402344,23.6200008392334,111.1496810913086,557.8270874023438,165.3498992919922,107.62000274658203,176.34554736848193,23.760000228881836,114.16208047077859,561.5847644413973,168.6620030428691,105.55000305175781,168.51587826864323,22.860000610351562,110.38162149260253,555.7219909391279,164.6717500381134,106.11000061035156,175.63375789715482,23.290000915527344,111.0698805170997,557.9254317069114,168.44578110694638,32773700,32151700,57720600,236902100,42164200,17559100
2025-03-28,103.22000122070312,167.191162109375,22.709999084472656,109.39411163330078,546.5933837890625,162.41127014160156,106.51000213623047,171.32349657238726,23.579999923706055,112.58606625933987,557.0303082338021,165.73321196370378,102.4800033569336,164.57139169825967,22.559999465942383,108.79562251910656,546.0130443195492,161.24171003279432,105.52999877929688,169.969111322419,23.350000381469727,111.20953292547101,556.3023922676962,165.15333581958868,31069100,30391500,58365300,229872500,71662700,16332000
2025-03-31,102.73999786376953,165.5204315185547,22.709999084472656,108.10735321044922,550.2625732421875,163.14837646484375,102.81999969482422,166.0246245555119,22.75,110.68086470981991,551.5610423029548,163.27614806462304,98.80000305175781,158.78810288062965,21.75,103.38925640513808,537.9468400615768,156.98608117882185,100.23999786376953,162.61397527765797,22.3799991607666,104.86552901006266,540.8585640195936,157.6052635510856,30865300,35656400,65832000,299212700,95328200,19408300
2025-04-01,102.77999877929688,166.5980224609375,22.049999237060547,109.87290954589844,551.8168334960938,165.7430419921875,102.83000183105469,166.78585791191372,22.6200008392334,109.92277920039626,553.7547209633009,165.96908677198766,100.93000030517578,161.55618226485782,21.65999984741211,106.20216660392524,544.6458033137422,162.22453869543625,102.16000366210938,164.47253430249697,22.559999465942383,108.2470050831867,548.3543088463027,163.53169328587748,23523200,20472400,64060400,222614000,54609600,9180000
2025-04-02,102.95999908447266,170.12728881835938,21.979999542236328,110.14221954345703,555.308837890625,167.4629669189453,104.19000244140625,171.45200233363107,22.3799991607666,111.69830029652357,558.1614830372098,168.7996048556603,100.76000213623047,163.6124521971362,21.700000762939453,106.5213541109438,545.7572527723408,163.49237436978234,101.5199966430664,164.18583903615547,21.889999389648438,107.0200962834212,545.9933271249679,163.98378515538835,20794000,19523700,58878800,220601200,76014500,10072700
2025-04-03,93.80000305175781,152.2534942626953,22.43000030517578,101.54390716552734,527.9428100585938,154.6764678955078,99.44999694824219,161.56605635817968,23.899999618530273,105.36426634037092,539.02887941269,159.02053755916137,93.63999938964844,151.94703225897965,20.860000610351562,101.3444057347278,527.9428100585938,154.5093900234443,97.79000091552734,158.70901771662903,21.399999618530273,103.24960444530586,536.2155597389653,157.31042257980423,50472500,44354900,242972100,338769400,125986000,28370500
2025-04-04,85.76000213623047,144.62155151367188,19.850000381469727,94.07276153564453,497.0354309082031,144.2781982421875,91.08000183105469,151.0573144221598,22.200000762939453,99.87812106911886,517.2894637749819,148.71071777898229,83.66999816894531,137.58276015489864,19.700000762939453,91.87829866162578,496.8190194100305,142.35186151643384,90.0999984741211,146.48011488426295,21.700000762939453,98.66119636165205,515.1253487932553,148.29793455132062,65847000,72302200,175014700,532273800,217965100,36085100
2025-04-07,83.63999938964844,152.38201904296875,19.56999969482422,97.39437866210938,496.150146484375,143.65904235839844,89.0,158.6002743985089,20.670000076293945,101.49404025826172,514.6335325434056,151.10883245051855,77.75,136.52496330107851,18.559999465942383,86.40210364552667,473.93856260259804,131.94380979825766,80.68000030517578,142.8420841816652,19.139999389648438,87.2399869097494,481.20799599577117,132.19933803482044,70515400,68503500,142491200,611041300,256611400,46388300
2025-04-08,78.20999908447266,154.25047302246094,18.1299991607666,96.05775451660156,488.3789978027344,138.9414825439453,88.93000030517578,167.84365395338497,20.389999389648438,105.58372634261488,516.4139362196548,149.98840254792313,76.4800033569336,151.34400137712322,17.670000076293945,94.2223791915971,481.1784302837954,136.5925395578356,86.1500015258789,165.70828518316597,20.059999465942383,103.54885717389794,513.3448497413204,149.36922015101257,69910200,58888200,163982700,476243400,165816600,30479700
2025-04-09,96.83999633789062,183.03836059570312,21.530000686645508,114.04239654541016,539.6682739257812,156.02293395996094,97.91000366210938,185.19350556779784,21.729999542236328,114.8104562069238,539.6682739257812,157.8608056114532,78.87000274658203,155.71359504385535,17.979999542236328,97.28465510127192,485.00499114058437,135.53109694985952,79.22000122070312,158.6694995627984,18.06999969482422,98.6412345329499,485.3886419991045,137.79158970105397,97827400,72708300,224183500,612918300,241867300,45612500
2025-04-10,88.69999694824219,170.33489990234375,19.8799991607666,107.29940032958984,516.0205078125,148.53382873535156,92.94999694824219,174.93186003510849,20.81999969482422,110.58112503277279,524.7949444304113,153.32016498432625,85.05999755859375,164.50218109162773,19.15999984741211,98.90058321638736,501.0094937975821,144.3863205084781,91.0,173.30068452600116,20.68000030517578,109.09487535601897,523.4866290700438,152.82875419912008,65210600,51212200,129064900,437812400,162331200,24503500
2025-04-11,93.4000015258789,179.86495971679688,19.739999771118164,110.65094757080078,525.227783203125,154.38162231445312,94.76000213623047,180.57674925631565,19.799999237060547,111.26939065397997,527.6771446389012,155.2956392252887,90.5,171.3333808458846,18.18000030517578,107.20962934859612,511.58410272380377,150.6174136993966,90.51000213623047,171.63984285336272,19.25,108.22706011361765,514.47613358467,153.32017316219165,57892600,33964100,128425800,313417300,97866300,19632200
2025-04-14,94.5,176.32579040527344,20.309999465942383,110.4314956665039,530.3233032226562,153.1629180908203,97.37000274658203,183.87865498514373,21.049999237060547,114.00249160148302,535.3991423599505,155.86567755339448,93.44999694824219,173.81476594761,19.979999542236328,108.79562187923341,525.1491197771261,151.38401335310198,97.11000061035156,182.9691494695821,20.59000015258789,113.82294410726054,535.1728543881914,155.5806658813296,36003000,25748300,101964400,264705000,68034000,17509400
2025-04-15,95.29000091552734,176.9090576171875,19.850000381469727,111.9177474975586,528.837890625,154.6273193359375,96.8499984741211,180.18130438327924,20.469999313354492,113.33418114021705,534.3661851955569,155.53151338031782,94.62000274658203,176.04898486536896,19.809999465942383,110.22202704858428,528.0509561027874,153.3693089266547,94.66000366210938,177.68016044669957,20.200000762939453,110.69084593782598,530.8642755383438,153.80175281672072,28116500,17242400,64056900,228966900,56892900,14306600
2025-04-16,88.29000091552734,172.61854553222656,19.229999542236328,104.2271499633789,517.0828247070312,149.06455993652344,90.47000122070312,174.07178115310387,19.43000030517578,106.52136728458446,529.1133096787019,150.90243164874238,85.30000305175781,165.01624880274517,18.719999313354492,100.19731179816195,511.80045133694625,145.93919424430075,87.61000061035156,168.48621125895173,19.34000015258789,104.28700420641553,523.0046160988867,148.01294855461268,62109000,34638600,89469700,397016900,83484800,23806100
2025-04-17,87.5,169.0398406982422,18.93000030517578,101.23468780517578,517.8206787109375,149.1333465576172,89.02999877929688,174.2398442361374,19.100000381469727,104.20719461222582,522.5030206369137,154.79439325500007,86.5199966430664,167.98203695637892,18.559999465942383,99.79831546993584,515.3614705598376,148.84831991158578,88.83999633789062,174.2398442361374,18.90999984741211,104.1872406628714,519.0306499479765,153.36930501484292,34801400,22501800,85646700,292517500,79868100,27239900
2025-04-21,85.55999755859375,164.31436157226562,18.84000015258789,96.66621398925781,505.4951171875,145.32000732421875,86.13999938964844,166.08393976941886,18.989999771118164,99.18984822876095,513.1875268574667,147.69843387760744,83.75,159.7668190922939,18.25,94.80091547691985,500.16354114488826,143.33470342554943,86.0199966430664,165.08546437155707,18.93000030517578,98.52152791683338,512.6562995153043,147.41342220243607,33855400,23469800,72409900,288501100,69368100,15170500
2025-04-22,86.26000213623047,167.6459197998047,19.510000228881836,98.64122772216797,518.64697265625,148.79917907714844,87.16999816894531,168.57520139080626,19.739999771118164,99.55891150664588,520.6635112296127,149.97857695355054,85.16999816894531,163.3356455648846,19.040000915527344,97.03527729423074,510.71848838241135,144.90721407435572,86.12000274658203,165.520431779272,19.059999465942383,98.53150383378456,511.6529994400941,145.45759175178767,35236700,18504900,83365600,241004800,75948100,12668600
2025-04-23,90.38999938964844,174.892333984375,20.59000015258789,102.45162200927734,526.6836547851562,155.0990753173828,93.73999786376953,178.39195342524775,21.030000686645508,104.53636836662163,536.5303334599773,157.6249340444082,90.12000274658203,173.81476912302205,20.309999465942383,101.76335533667917,525.1688042348989,153.320170609141,91.87999725341797,175.7524067527332,20.719999313354492,104.25706634151078,531.6119173418257,156.6322746240074,41102600,24380500,97188100,247526000,90590700,17667900
2025-04-24,94.47000122070312,186.00411987304688,21.489999771118164,106.1622543334961,537.7698364257812,161.35963439941406,94.75,186.41934299552847,21.549999237060547,106.27197821529161,538.4977524760462,161.723288569563,90.37000274658203,176.266469395955,20.8799991607666,102.85060676252529,526.7132455190999,154.68628269334783,91.58999633789062,177.6406156701126,21.040000915527344,103.21967869312851,527.9624825083663,155.06958249683814,33681900,27576900,117086200,220815000,64150400,18761100
2025-04-25,96.6500015258789,190.11668395996094,20.049999237060547,110.73074340820312,541.6552734375,162.26385498046875,97.0999984741211,191.1645921467628,20.18000030517578,111.63845023877658,542.0585570888795,163.059938090846,92.8499984741211,184.7585013795936,19.34000015258789,105.46402708737592,534.8186639244827,158.39153540966151,93.27999877929688,184.7881580199928,19.729999542236328,106.5812047250048,537.7303874976484,161.11394049140412,28575300,21242300,147711200,251064700,61119600,14654800
2025-04-28,96.38999938964844,190.27487182617188,20.510000228881836,108.45648193359375,541.86181640625,160.59304809570312,97.48999786376953,190.89769147373633,21.079999923706055,110.09235573735528,544.5177728075638,162.48007881946117,94.2699966430664,185.53949355344994,20.049999237060547,105.75329251827114,536.1269871108482,157.74287137176518,95.58000183105469,188.35699520363391,20.1200008392334,109.4140660423662,542.393043710064,162.1655686999455,30456700,16385800,96624400,207708500,47613800,11415600
2025-04-29,96.05999755859375,188.9897003173828,20.34000015258789,108.7457504272461,545.2753295898438,161.65447998046875,97.18000030517578,191.0459796837886,20.850000381469727,109.9227823722281,546.3868965128709,163.14837289520224,95.33000183105469,187.93191153397328,20.219999313354492,107.16973079396023,539.5994577828174,160.69131908653955,95.76000213623047,189.5334305727626,20.309999465942383,107.39914795371472,539.9535693584907,161.55620682612204,20700600,14630000,70031900,170444300,47775100,9830100
2025-04-30,97.3499984741211,190.27487182617188,20.100000381469727,108.64599609375,545.4916381835938,163.8265380859375,97.55000305175781,190.99654191818726,20.18000030517578,108.64599609375,547.4393716679848,164.05258285926172,91.87000274658203,181.92124748959458,19.549999237060547,103.81817538074749,532.6841242611865,158.97139688815543,92.80999755859375,183.77979574374774,19.709999084472656,104.20719367744803,538.6353953740775,160.73064098779656,29730700,22768900,68297300,235044600,93101500,10073000
2025-05-01,96.6500015258789,195.07945251464844,19.979999542236328,111.32923126220703,549.3574829101562,169.75294494628906,100.0999984741211,199.10302630725778,20.649999618530273,114.6508560442669,554.8661444027258,171.77755500697694,96.44999694824219,194.00188758855714,19.940000534057617,111.02001354244473,548.7574506167018,168.01334654602144,99.2699966430664,195.88021204843668,20.219999313354492,112.79553450528941,551.2265048528457,169.83157247249707,29591500,24939700,72607500,236121500,63186100,22670600
2025-05-02,98.80000305175781,201.31748962402344,20.6200008392334,114.21197509765625,557.5122680664062,176.20025634765625,99.87999725341797,203.33421683108017,20.780000686645508,115.10971266849934,559.105829955879,177.54671714912382,98.30000305175781,198.78668878192758,20.209999084472656,113.08482035383273,553.203731094349,174.09701871039994,98.4000015258789,201.57451889916155,20.260000228881836,113.89278036249011,555.5153624660799,176.71132778191193,29957900,17766800,63298500,190194800,60717300,21691200
2025-05-05,100.58999633789062,198.43077087402344,20.270000457763672,113.53367614746094,554.3152465820312,173.36972045898438,102.05000305175781,200.91213865925664,20.579999923706055,114.38153638068397,557.4040257766436,176.98651166634517,98.76000213623047,197.71898133443858,20.239999771118164,112.3765981799359,552.5347826583787,173.22230322086753,99.0,197.9661300611066,20.389999389648438,112.62596928442517,553.3905821110088,175.92506256190234,41268900,14025400,44237000,133163200,38659200,14618900
2025-05-06,98.62000274658203,197.80795288085938,19.940000534057617,113.25438690185547,549.68212890625,169.3205108642578,100.06999969482422,199.6072028664705,20.1200008392334,114.4513652140045,554.157875203981,171.73825869611787,97.44000244140625,193.70529001836732,19.770000457763672,110.541227943435,547.872185543118,167.6595398939287,98.41000366210938,194.1995874757645,19.920000076293945,111.19957134225872,548.8263293740373,169.6350209873188,54264300,16348800,51330800,158525600,48264700,14565600
2025-05-07,100.36000061035156,202.47412109375,20.309999465942383,116.7655258178711,551.9938354492188,171.5416717529297,103.41999816894531,203.8779240557108,20.3700008392334,117.38396890879066,554.6202527049248,172.95693722576704,96.87999725341797,196.16688074113134,19.81999969482422,111.99755142427854,546.9671688153295,168.42612914795694,100.75,197.01707296708068,19.969999313354492,112.7656187028628,551.0101522781708,171.10924285548907,86474400,20253700,61002600,206758800,55588000,9682500
2025-05-08,101.69999694824219,205.40037536621094,21.0,117.07474517822266,555.8399658203125,172.2100067138672,105.44000244140625,208.75171161690432,21.239999771118164,118.38144728921775,561.0043020556944,174.40169474340718,101.55999755859375,201.36690619183244,20.639999389648438,115.55856464909375,552.5348050390884,170.67680737493632,101.91999816894531,205.62774797918541,21.010000228881836,117.95252869863282,556.0170215722441,172.32794051019482,54231400,18460900,71651700,198428100,65130800,10343000
2025-05-09,102.83999633789062,205.82545471191406,21.420000076293945,116.35655975341797,555.1318359375,173.48765563964844,103.54000091552734,207.5653913863475,21.450000762939453,117.9325869721132,558.2402486138279,177.3599747549313,101.5999984741211,204.16462252423963,20.829999923706055,114.92017974547274,553.5775995797053,173.43851156524144,102.58999633789062,206.94257177358907,21.200000762939453,117.05479580716789,557.2368724786456,176.71130896475717,31704300,13289200,51768600,132972200,37603400,11582800
2025-05-12,108.12000274658203,219.0528564453125,22.18000030517578,122.69058990478516,573.4775390625,183.76795959472656,110.66999816894531,219.27034852681007,22.670000076293945,122.69058990478516,573.4873855021532,185.92034107595805,106.9800033569336,213.41786861733144,21.8799991607666,119.97743092665668,567.6246111991788,181.4386774421606,110.41999816894531,216.98669675584622,22.18000030517578,121.66318211752383,571.9823211776136,184.06280904361657,50543400,25437700,94578700,225023300,78993600,22064900
2025-05-13,112.45999908447266,229.76922607421875,22.559999465942383,129.6031494140625,577.2647094726562,190.65756225585938,113.12999725341797,232.5966081067003,22.8799991607666,130.88991289915035,579.4681503640297,190.9425739133625,109.0,219.46806897140777,22.299999237060547,124.15689275092413,573.3299764411289,184.495266796966,109.5999984741211,219.46806897140777,22.360000610351562,124.66561195964681,573.8906230635715,184.495266796966,55659500,28790500,76850400,330430100,67947200,19996000
2025-05-14,117.72000122070312,229.47265625,21.520000457763672,134.99952697753906,578.0025024414062,191.41433715820312,122.5199966430664,230.83692211575223,22.459999084472656,135.09928149974084,579.3697766122316,192.8492633507668,116.58999633789062,225.7456641286886,21.459999084472656,131.34873063875938,575.9859036248392,189.91062124912463,119.83000183105469,227.60421238744286,22.350000381469727,132.86491109788813,578.2188839507223,191.9254086099383,86743700,19751400,91584800,281180800,66283500,12359000
2025-05-15,114.98999786376953,229.98672485351562,21.549999237060547,134.49081420898438,580.8255615234375,190.88360595703125,117.5,231.78597487416837,21.6299991607666,135.9571173935552,581.3271894858746,191.14897197920826,114.01000213623047,225.4688538489927,21.190000534057617,132.32627503661865,575.5529743261593,188.3381016975072,117.0199966430664,227.53501364081004,21.229999542236328,133.9521641466833,576.0054901792878,189.78285060084073,43843200,18803700,66705500,226632600,71268100,10241800
2025-05-16,117.16999816894531,226.002685546875,21.65999984741211,135.05938720703125,584.5045776367188,190.88360595703125,118.23999786376953,229.98672187267027,21.760000228881836,136.0070096021913,584.7996705930015,191.7288331045824,116.01000213623047,223.80800361495287,21.350000381469727,133.1242801768634,579.664873035907,189.26195637002436,118.06999969482422,229.67037934195108,21.530000686645508,135.87733175434735,581.6027001482121,191.1882782433578,43419700,23094600,55795100,226542500,76052100,9146700
2025-05-19,114.73999786376953,227.99964904785156,21.3799991607666,135.2289581298828,585.1439208984375,190.17596435546875,115.52999877929688,228.61257306527054,21.559999465942383,135.52819125301625,585.8226647003453,190.17596435546875,114.05999755859375,219.07263821234318,21.049999237060547,132.05695004104146,578.5040593733968,185.56652902149492,115.0199966430664,219.31978693998133,21.18000030517578,132.05695004104146,578.5040593733968,185.75326750999275,37737400,15355500,64279100,193154600,68168500,10144400
2025-05-20,113.51000213623047,229.0376434326172,21.270000457763672,134.04196166992188,583.1765747070312,190.12684631347656,114.51000213623047,229.12662843191308,21.40999984741211,134.24145551049554,584.3570065824167,190.40203517736464,112.08000183105469,223.75855065018234,21.1200008392334,132.286379343903,579.9796042324612,187.5321977420545,114.3499984741211,223.90684892583548,21.329999923706055,133.95217650431997,583.4127091135157,188.50519658008838,29030800,11787200,48497400,161514200,60614500,7054100
2025-05-21,112.05999755859375,227.1099090576172,20.690000534057617,131.46844482421875,573.3494873046875,188.46588134765625,116.0999984741211,233.8027009578173,21.6299991607666,137.0543482410567,582.9109177576073,191.91559506776076,111.08999633789062,225.2315847244188,20.59000015258789,130.26148202288624,572.3264785482603,187.2570148714099,113.8499984741211,225.78519547168733,21.190000534057617,132.72526966841644,578.8384555269332,189.78287380603533,43594600,17642900,62904700,270608700,95197700,7375700
2025-05-22,110.70999908447266,227.90078735351562,20.549999237060547,132.495849609375,573.5758666992188,192.81976318359375,112.63999938964844,231.02475094371277,20.899999618530273,133.9122755767364,577.0482371941405,193.44876837862918,110.61000061035156,224.83613704538678,20.510000228881836,131.21907084385478,571.9232260794693,188.05307264543464,111.9000015258789,225.73576204945343,20.729999542236328,131.89735290411087,573.1528300863163,188.05307264543464,29252000,14340200,56077500,187344000,70860400,11825000
2025-05-23,110.30999755859375,226.1114501953125,20.049999237060547,130.959716796875,569.6607666015625,188.68209838867188,111.0199966430664,228.01943130959262,20.270000457763672,132.3462194682512,572.3167232636762,189.48801934955813,107.66999816894531,223.60041044130963,19.940000534057617,128.8350854296202,566.2080289447406,186.76559914794885,108.08999633789062,224.3517522975133,20.15999984741211,129.67296865108418,566.5818333658885,188.7214196532689,30867300,15385600,68206100,198821300,76029000,9403100
2025-05-27,114.55999755859375,232.96237182617188,20.549999237060547,135.15914916992188,581.5043334960938,194.2841796875,115.4000015258789,233.78290736697696,20.670000076293945,135.31875034213425,581.6616963869777,194.9033621358578,112.2699966430664,228.4939339372416,20.18000030517578,132.97465568903243,568.9918522772189,190.3725536568733,113.18000030517578,230.21407933275745,20.440000534057617,133.81253901253905,576.5072061511252,190.76569132117527,37885000,17941700,69504600,192953600,72588500,12228200
2025-05-28,112.86000061035156,236.69927978515625,20.3700008392334,134.4708709716797,578.1400756835938,192.7706298828125,114.94999694824219,238.24150056628514,20.639999389648438,136.904735369061,583.0978771602481,194.6674833873689,112.66000366210938,231.7563050738452,20.329999923706055,134.45091702175245,577.412159762467,192.1219640213579,114.91999816894531,234.44528452357935,20.56999969482422,135.68780317037033,581.9075989404909,192.72148580300515,27483700,20443000,46096500,304021100,68445500,17787600
2025-05-29,113.02999877929688,239.21029663085938,20.25,138.83985900878906,580.4222412109375,193.76327514648438,115.54000091552734,243.2635415424703,20.600000381469727,143.12904506361895,583.5208672055215,196.3677614208464,112.12999725341797,234.69241093380367,20.100000381469727,137.56308016740775,576.5072014152614,192.7116638180698,115.48999786376953,243.10536274641245,20.540000915527344,141.8921589021039,583.3831371525944,196.03360567138142,30501400,20743700,66372200,369241900,69973300,14609900
2025-05-30,110.7300033569336,239.30918884277344,19.549999237060547,134.79006958007812,579.7731323242188,189.99905395507812,112.11000061035156,240.39663424625715,20.260000228881836,139.26876471984463,581.4847317122724,192.5445579655401,108.62000274658203,232.2209497157974,19.309999465942383,132.58562239610197,573.7234558285315,187.2864570974955,111.58000183105469,238.4688770941507,20.260000228881836,138.37103486307464,579.3206163782471,192.40696355947904,36088500,27088600,114281900,333170900,90601200,11998300
2025-06-02,114.62999725341797,245.87344360351562,19.739999771118164,137.034423828125,583.0388793945312,191.49295043945312,114.86000061035156,247.14872438404245,19.81999969482422,137.77255260816483,583.1175308206884,191.80746053916906,111.01000213623047,240.4163955453829,19.3700008392334,135.05939358324852,575.51367904973,188.89830210346452,111.05999755859375,240.4757088256733,19.479999542236328,135.14917875467413,578.1696356443219,189.72386862021838,34078400,19197000,67885500,197663100,61630500,7447400
2025-06-03,117.30999755859375,253.92062377929688,20.290000915527344,140.86473083496094,586.3637084960938,194.2153778076172,117.68000030517578,254.93887539041646,20.40999984741211,141.64276735349586,587.3375451970118,194.76575550650745,113.27999877929688,246.5555791936629,19.399999618530273,137.60295298700936,582.1928415555221,190.31357483917387,114.5,247.22783161654732,19.75,138.4308667634816,582.6748967264019,191.01138477669602,37161500,30380200,80401900,225578800,63606200,9548300
2025-06-04,118.58000183105469,258.1023864746094,20.25,141.56298828125,586.206298828125,198.92308044433594,119.30000305175781,262.4027810442472,20.5,142.03180718032695,588.1933580255613,200.52508440780542,115.7300033569336,254.65219934961524,20.010000228881836,139.18897047063936,585.77347583579,196.93779166379954,117.41000366210938,255.11684023726858,20.34000015258789,141.83231333868676,587.2195213026215,197.92061323713452,31025000,31536000,71166500,167120800,57314200,13531100
2025-06-05,115.69000244140625,256.9654541015625,19.989999771118164,139.63784790039062,583.373291015625,199.84693908691406,119.23999786376953,261.8689063174333,20.549999237060547,143.63775490128222,589.2262178754949,202.2253655419633,114.70999908447266,256.10538140255284,19.850000381469727,138.48076233301106,581.405924678812,198.8051505979807,118.94999694824219,259.9510298800808,20.270000457763672,141.8123566062966,587.8785767379185,201.36049273800646,34091000,41970900,72458400,231397900,92278700,12214300
2025-06-06,116.19000244140625,244.1137237548828,20.059999465942383,141.36349487304688,589.3638916015625,201.6553192138672,118.37999725341797,252.40804918693863,20.440000534057617,142.9095987862069,591.0263183988576,202.74625173847124,115.87999725341797,243.32285992751267,20.030000686645508,141.15401644541944,587.1210653731052,199.73882018325648,117.69000244140625,248.2757147905549,20.170000076293945,142.1515008770834,588.8916828991635,200.0828137257593,27042100,41146700,70072800,153986200,66588700,8532000
2025-06-09,121.7300033569336,241.4939727783203,20.479999542236328,142.27120971679688,589.8951416015625,203.44407653808594,122.37000274658203,245.3396065240458,20.959999084472656,144.63524295526028,591.4395314497265,205.6750858276914,119.04000091552734,238.36012860219415,20.219999313354492,141.58294302195193,588.7245561772476,202.33348330201196,119.18000030517578,242.25519511228993,20.219999313354492,142.8297985646697,589.9344673159251,202.8543775639461,55437700,25334100,92893900,185114500,53016400,11472300
2025-06-10,123.23999786376953,241.83998107910156,22.079999923706055,143.59786987304688,593.2396850585938,208.81028747558594,124.08999633789062,243.47115666975557,22.440000534057617,143.92702635161132,593.6232758793388,209.56704932354353,120.80000305175781,238.64680861363445,20.280000686645508,141.17397471532814,589.3147986704665,206.3532334315653,121.11000061035156,241.43465353992912,20.5,142.33106034435926,590.426305457828,207.9748831019518,41691900,25491300,171457000,155881900,66247000,14514000
2025-06-11,121.13999938964844,250.02554321289062,20.68000030517578,142.4805908203125,591.5477294921875,210.42213439941406,124.47000122070312,251.86433035553273,21.829999923706055,144.6353103750697,595.1873694307895,213.69491750115176,119.87999725341797,241.0194429468213,20.3799991607666,141.52293261104455,589.491865174911,209.29188043335625,124.44000244140625,243.5502435120145,21.780000686645508,144.25623511410478,594.3315698285918,211.3066679409644,32261900,24599000,146784500,167694000,73658200,13326400
2025-06-12,118.5,253.14950561523438,20.770000457763672,144.645263671875,593.8987426757812,212.50344848632812,122.25,254.94875559049106,20.979999542236328,144.645263671875,593.8987426757812,212.94734742847314,118.02999877929688,246.65442982172834,20.40999984741211,141.50297610137997,589.7377818775473,209.03127734270745,120.62000274658203,247.33656272257267,20.5,141.62267765562083,590.2197770479303,210.0275514129475,44718400,20410900,78175900,162365000,64129000,9796100
2025-06-13,116.16000366210938,245.8635711669922,20.139999389648438,141.62269592285156,587.2589111328125,208.23226928710938,117.87999725341797,251.10312763458765,20.600000381469727,143.22875794239724,592.0297509680191,210.36291482880904,115.05999755859375,245.51757197110908,20.100000381469727,140.50544068193668,585.7636933525403,206.55535128876352,116.05000305175781,247.80122398603487,20.329999923706055,142.13144281545507,588.7344360351562,207.2557127523494,39702700,19028400,87655900,180820600,89506000,10152500
2025-06-16,126.38999938964844,249.2248077392578,20.739999771118164,144.33604431152344,592.84619140625,212.7500457763672,128.13999938964844,252.27956269594586,20.93000030517578,145.82238955213242,594.5873299052357,214.64397640745625,117.77999877929688,246.72366357390655,20.299999237060547,142.84968384945327,590.4263090889528,209.84012363666218,118.63999938964844,247.4947664739489,20.40999984741211,142.9993260342438,590.6034249017806,210.10645998345646,100968500,20363000,86745100,183133700,79984100,10932900
2025-06-17,127.0999984741211,246.5259246826172,20.799999237060547,143.76744079589844,587.7802734375,210.9942169189453,130.6999969482422,251.06358709321972,21.479999542236328,144.86475600350525,591.9313878788944,213.00651246698564,126.58000183105469,245.09246498236578,20.6200008392334,143.4282761758971,587.0228181324287,210.5996568377425,127.93000030517578,248.08790655705218,20.6299991607666,144.1365460319819,590.4165373080118,210.98435818494104,86623900,22014300,87512200,139108000,82209400,8389700
2025-06-18,126.79000091552734,248.39437866210938,21.489999771118164,145.1240997314453,587.6917114257812,210.59963989257812,129.2100067138672,252.72442966580633,21.600000381469727,145.2936820241915,591.4100028153547,212.24695142888328,125.7699966430664,246.56548693062467,20.65999984741211,142.7698725249477,586.7375074721152,209.99792603368215,128.00999450683594,248.028603332765,20.809999465942383,143.6576946584193,588.675394655937,211.78333509244698,49627100,30435500,94200600,161494100,76605000,6932000
2025-06-20,128.24000549316406,247.72056579589844,21.079999923706055,143.49810791015625,586.3115234375,206.66384887695312,132.80999755859375,251.21851881662496,21.889999389648438,145.84235000620308,591.4220592916591,212.5724815077033,127.55000305175781,241.953393206548,20.8799991607666,142.3010312756641,584.910520395366,205.3223235656101,129.0,250.9113354535993,21.700000762939453,145.09418472037632,590.3565237964918,212.27655392917873,79931000,42134900,133472800,242956200,94051400,16992000
2025-06-23,129.5800018310547,251.46624755859375,21.190000534057617,143.81732177734375,592.1027221679688,207.46286010742188,133.25,251.90225560128684,21.579999923706055,144.4258301714446,592.4874469643536,207.72918138463447,126.81999969482422,244.22261109733395,20.729999542236328,141.6825573691225,583.9534693671619,203.39881909132058,130.47000122070312,246.84854800864298,21.06999969482422,142.15140884759998,587.0611954614843,203.8229854704959,65152900,19747000,81461000,154308900,87426000,7535500
2025-06-24,138.42999267578125,261.37542724609375,22.549999237060547,147.53819274902344,598.6438598632812,217.10012817382812,138.7899932861328,263.45636903396843,22.690000534057617,147.59805875973223,599.699459496435,217.37632323896204,132.92999267578125,256.42081834188394,21.329999923706055,145.14406985038545,595.3189919942236,210.97449791671255,133.42999267578125,256.42081834188394,21.34000015258789,145.20392063963206,596.2266992885851,211.47756427431315,78572000,32764900,130368700,187566100,67735300,14814700
2025-06-25,143.39999389648438,262.2474365234375,22.200000762939453,153.9324951171875,598.9791870117188,219.71414184570312,144.17999267578125,267.4200492963441,22.770000457763672,154.0721520137232,600.4491981238863,220.4638120295895,139.4600067138672,261.0385107722055,22.1299991607666,148.8948463426075,597.4203562047107,217.80049382074057,140.94000244140625,263.5851869413591,22.579999923706055,148.90483162044157,599.7585723068516,217.80049382074057,74607200,18894200,64975100,269146500,62114800,9168400
2025-06-26,143.67999267578125,267.71734619140625,22.5,154.64076232910156,603.66552734375,220.9668731689453,146.0,269.20372883688265,22.6200008392334,156.33660039378947,604.0996298621668,222.16044223565277,141.91000366210938,261.7321702716056,22.209999084472656,153.6232534017049,600.2124582889446,219.67467160883777,145.97000122070312,262.67352780275456,22.399999618530273,155.59840525486092,600.8241399898848,221.9236971587887,58180100,23569600,63229300,198145700,78548400,7982200
2025-06-27,143.80999755859375,266.90478515625,22.690000534057617,157.36407470703125,606.664794921875,225.46493530273438,147.75,269.3820895845788,23.3799991607666,158.32173282582838,608.1249909093486,225.7707216143794,141.6300048828125,264.45720717143985,22.420000076293945,154.88016085316636,602.6395460052738,220.98660175041178,144.17999267578125,267.8461426946954,22.709999084472656,155.65825141530053,604.6620460106875,221.25293807570014,61937900,27477600,95542400,263234500,86258400,13133000
2025-06-30,141.89999389648438,273.1475524902344,22.399999618530273,157.60353088378906,609.5653076171875,223.4132080078125,146.0,275.1888487127079,22.969999313354492,158.27189010551226,610.9169326524568,225.05064597614154,141.00999450683594,269.65951909583475,22.270000457763672,155.5784978805412,606.7929889413094,221.7461637329295,144.0,272.2359214878539,22.969999313354492,158.01251637488383,609.1016386885779,224.35029953793224,42972500,24708400,77102400,194580300,92502500,9279800
2025-07-01,136.11000061035156,262.3366394042969,22.850000381469727,152.92498779296875,609.3680419921875,221.62777709960938,140.22999572753906,272.00804628242076,23.15999984741211,156.81544119896878,610.5322123119217,225.4945382288171,135.1199951171875,260.27553527382094,22.280000686645508,151.1194180014287,607.2665980456669,218.17532363185455,138.77000427246094,271.90894804987573,22.329999923706055,155.9076636637482,608.0953008822769,224.34041910998818,55257200,28847600,79094900,213143600,70030100,9990200
2025-07-02,138.52000427246094,267.44976806640625,21.8799991607666,156.8653106689453,612.1305541992188,230.42662048339844,139.77999877929688,269.5307097411908,22.770000457763672,157.21446053326332,612.1699961712587,230.64363305387917,135.22000122070312,260.3448762185878,21.520000457763672,152.59578228626097,608.3420172970813,220.95702756706584,135.52999877929688,261.59341703103354,22.530000686645508,152.6057523429847,608.9635746030316,221.43050269743156,39228000,17582100,138245300,171224100,66510400,12012500
2025-07-03,137.91000366210938,272.6818542480469,22.489999771118164,158.95021057128906,616.9550170898438,231.61029052734375,139.5,273.2962209268723,22.6299991607666,160.5861981093371,617.8824153010514,234.35252356213923,137.32000732421875,267.6677923485919,21.989999771118164,157.38405910191088,614.0840027457131,230.1010764848664,139.11000061035156,268.272270372959,22.149999618530273,157.98258221790178,614.1037538406599,230.69291657027833,28646000,10592700,61176000,143716100,51065800,7779600
2025-07-07,134.8000030517578,271.6909484863281,22.0,157.85292053222656,612.3574829101562,226.05677795410156,137.44000244140625,275.0402692137003,22.389999389648438,158.92029519483475,615.6625999062851,229.39086627012296,133.5,270.1847581447825,21.860000610351562,156.95511296944946,609.5851637565357,224.35028380928972,136.55999755859375,272.6323363501287,22.209999084472656,157.8130098557672,615.0015403770067,228.48336605867672,37395000,16760600,80725200,140139000,74814500,13817500
2025-07-08,137.82000732421875,269.33251953125,23.59000015258789,159.60858154296875,612.0220336914062,224.7645721435547,139.14999389648438,273.84123163769186,23.790000915527344,159.82804456030718,613.7682592313246,227.2010189357881,135.91000366210938,268.6884264419103,22.1299991607666,158.0025195823342,611.2130216520668,224.44891204911877,137.32000732421875,273.84123163769186,22.18000030517578,158.94022243433284,613.0184402574613,226.65848755566498,36124600,14869400,119545500,138133000,59024600,8854400
2025-07-09,138.41000366210938,275.37713623046875,23.440000534057617,162.4815673828125,615.692138671875,228.6905059814453,140.64999389648438,276.91308302009764,23.530000686645508,164.0177935332838,616.3432624074327,230.10108760359884,137.58999633789062,270.24416904773904,23.1299991607666,160.76577363365794,612.5843521193799,227.1122506259159,138.69000244140625,270.4819805803657,23.290000915527344,160.8256244260647,614.4194576258184,227.31938939779374,37013100,20133000,70247700,183656400,66113300,9475300
2025-07-10,144.16000366210938,272.8998718261719,23.81999969482422,163.69854736328125,617.4285278320312,226.6387481689453,145.82000732421875,278.6273989176156,24.040000915527344,164.09756270376434,618.4644365752275,229.88406256620013,141.85000610351562,270.22440097172546,23.479999542236328,161.21463348761435,614.6562088976586,224.67579157785016,143.0,277.2500332692543,23.6299991607666,163.91801036698482,615.8302548644143,229.61772625102847,61101500,17891600,54599800,167704100,57529000,13124700
2025-07-11,146.4199981689453,271.8891296386719,23.43000030517578,164.51654052734375,615.258056640625,227.27008056640625,147.39999389648438,273.9601525818335,23.65999984741211,167.47927598463818,616.4814202079069,229.11468742433505,141.60000610351562,269.42174402169826,23.15999984741211,163.07009082840767,613.196114561925,226.28366526003902,142.60000610351562,271.65131808249134,23.559999465942383,163.31947923241253,614.389851486408,227.8619357708278,50049200,14274700,49367900,193633300,63670200,8817800
2025-07-14,146.24000549316406,273.0980529785156,23.299999237060547,163.6686248779297,616.4320678710938,225.56358337402344,147.5800018310547,275.8329765714404,23.399999618530273,165.08514914967665,616.7773507170579,226.72756124721522,141.89999389648438,267.1326844136851,22.8799991607666,161.62363697338392,613.4624186155016,223.23564267914276,145.08999633789062,271.641396729026,23.239999771118164,164.96543236823985,614.804168244691,226.21462108013904,44718600,11934200,48420500,136975800,51898500,10673500
2025-07-15,155.61000061035156,278.3895568847656,22.920000076293945,170.28240966796875,613.7978515625,233.73109436035156,158.67999267578125,280.7875705680168,23.780000686645508,171.97824787505814,619.4411242116038,234.48077959576807,153.55999755859375,275.3276123279013,22.899999618530273,168.78607915204378,613.7189074073614,230.67321606545005,153.75,277.2698104767424,23.56999969482422,170.77121644956358,619.1057169315715,231.27492998000685,93370100,17918400,66099400,230627400,74317300,14270100
2025-07-16,160.0800018310547,278.2607421875,22.690000534057617,170.95077514648438,615.8499145507812,234.3328094482422,160.36000061035156,278.9543995286286,23.1299991607666,171.32985042878116,616.3530856848711,235.07262090173757,152.85000610351562,273.1674199713404,22.25,168.4868162544787,609.7626638597798,230.9691297606559,155.30999755859375,277.56708484637136,22.989999771118164,170.64153593048928,615.3763700559891,233.18856412114204,59492800,15031000,58865900,158831500,88987500,15092800
2025-07-17,160.41000366210938,283.8495788574219,22.799999237060547,172.5767822265625,619.6187133789062,242.2635955810547,161.9600067138672,285.6629525551577,23.049999237060547,173.7339481189201,619.9739319743786,244.90718127173258,158.67999267578125,277.3689414264892,22.59000015258789,170.4120926228971,615.8104858123922,238.11078068457638,161.80999755859375,278.58778620072815,22.65999984741211,171.59918390717252,616.0275671883336,242.4510018385112,50605100,17231100,49384000,160841100,68885700,27395700
2025-07-18,156.99000549316406,280.767822265625,23.100000381469727,171.9882354736328,619.1649169921875,237.13421630859375,160.8300018310547,284.91978766396704,23.59000015258789,173.8237306114437,621.0295285799061,242.6285563884462,155.80999755859375,278.44906852668726,22.899999618530273,170.841039596405,618.0599396747441,235.44745468675717,159.58999633789062,284.50358713826836,23.219999313354492,173.21522225123383,620.8618249379944,241.9775187214382,48859800,15012400,60195600,146456400,65621600,16252000
2025-07-21,157.0,285.5935363769531,23.260000228881836,170.96075439453125,620.3389892578125,235.6053009033203,160.33999633789062,287.90240088629105,23.829999923706055,172.9558617527255,623.0718060276608,239.04788067433867,156.9199981689453,281.05512826997335,23.15999984741211,170.58167912560677,619.9147622533486,235.46720336310042,157.6199951171875,281.38211912707186,23.399999618530273,172.32739806402674,620.3389892578125,236.85803749977825,39021100,17726800,61658000,123126100,63375000,11971800
2025-07-22,154.72000122070312,276.0608825683594,23.239999771118164,166.62139892578125,620.4277954101562,231.41305541992188,156.22999572753906,285.38545972504494,23.540000915527344,170.97073381366536,621.2861250306559,234.76686170945524,149.33999633789062,273.92048799155776,23.079999923706055,164.17739532245605,617.7936134788556,228.6116242864305,156.1999969482422,285.0386310696339,23.34000015258789,170.9208530826869,620.6645676893623,234.599172900129,49028000,16564800,53969800,193114300,60046300,11919500
2025-07-23,158.64999389648438,281.1146240234375,23.489999771118164,170.36221313476562,625.7059936523438,237.065185546875,159.4499969482422,281.4218073798558,23.6200008392334,170.84103463039327,625.7059936523438,237.2328743379398,156.0,270.52166695317123,22.920000076293945,167.55908978070133,621.2860243619085,233.1688482094214,156.32000732421875,274.2673503629014,23.260000228881836,169.1152710575868,623.0816274772815,235.27977630209392,41510900,20556200,68711700,154082200,70511000,9885400
2025-07-24,162.1199951171875,286.0889892578125,22.6299991607666,173.31497192382812,625.9132080078125,238.3179168701172,163.92999267578125,288.5564048001945,23.579999923706055,173.4047480967394,627.6200518287297,238.6631531570861,158.36000061035156,280.92629578152156,22.600000381469727,170.88093864849802,625.488980993582,234.7964074031251,159.1199951171875,287.1592016050102,23.489999771118164,172.01814916975516,626.0907872079496,236.94680035263738,48440100,16413800,131963300,128984600,71307100,9081900
2025-07-25,166.47000122070312,287.54571533203125,20.700000762939453,173.0755615234375,628.5572509765625,242.2635955810547,167.17999267578125,289.93384078680145,21.049999237060547,174.29257821699642,629.0308557161836,242.89490074983618,162.36000061035156,284.6621289175296,20.360000610351562,172.53688923976992,626.3276053702117,237.6668968247539,163.50999450683594,285.4548845974222,20.68000030517578,173.18529303585547,626.5742531786653,238.04173944267188,53432300,12476200,245077700,122316800,56865400,11593400
2025-07-28,173.66000366210938,291.62823486328125,20.68000030517578,176.31761169433594,628.3994750976562,239.45230102539062,174.6999969482422,292.76781897416697,21.290000915527344,176.56700011257405,629.4847014583399,240.6359963105813,168.6699981689453,287.9519239415037,20.649999618530273,173.54441370124516,627.0182231688269,237.77539811707862,169.0800018310547,289.8049426226053,20.81999969482422,173.594294429185,628.9322127301592,239.69890483695127,68267800,13683400,86105600,140023500,54917100,11892200
2025-07-29,177.44000244140625,294.7200012207031,20.40999984741211,175.08065795898438,626.7420043945312,238.05160522460938,182.30999755859375,299.4466877396441,20.850000381469727,178.94120142739456,630.1062542617998,240.6557410043694,174.67999267578125,292.19313226210227,20.34000015258789,174.59186634988595,625.8343572512257,236.562123545973,175.2100067138672,294.79926166590343,20.690000534057617,177.52467689032716,629.7905378170077,238.21929401877352,108154800,19210800,100831500,154077500,60556300,9411500
2025-07-30,179.50999450683594,299.87274169921875,20.34000015258789,178.83145141601562,625.9526977539062,239.61012268066406,180.3699951171875,300.50694614853245,20.6200008392334,179.4499298230835,629.129492632239,241.24757554440723,173.8000030517578,293.11464795881585,20.079999923706055,175.60934208925488,623.0718079865017,237.94307856469075,175.61000061035156,294.4523983986542,20.43000030517578,176.07819353379378,627.3930824208583,238.83084623459882,64820300,16738900,67420300,174312200,80418900,6823800
2025-07-31,176.30999755859375,291.03375244140625,19.799999237060547,177.43487548828125,623.6046142578125,238.33766174316406,182.5,304.1634666381165,20.229999542236328,182.85160010862035,631.2703873241156,244.0490148015081,173.0,287.595252494986,19.65999984741211,175.49961883405416,622.3121821287813,236.5423937105857,182.02000427246094,300.0511168670968,20.170000076293945,182.45256948733228,630.8856625012866,242.63843308522937,71765300,25488500,90665200,221685400,103385200,13490700
2025-08-01,171.6999969482422,286.0196838378906,19.309999465942383,173.29502868652344,613.3834228515625,232.01473999023438,174.39999389648438,289.983371051339,19.549999237060547,176.1081221843386,617.9415293786636,233.9678379911438,166.82000732421875,279.0534745293429,18.969999313354492,170.47194991004753,610.9860135753424,228.6905103281105,170.16000366210938,283.93874200272353,19.5,173.6641186818972,617.9020271938194,232.41915880780232,75396100,21428100,86496100,204529000,140103600,13549800
2025-08-04,176.77999877929688,295.0172424316406,19.5,179.5596466064453,622.706787109375,235.75323486328125,177.86000061035156,295.77035268408076,19.59000015258789,179.75915428060495,622.7561046288977,235.75323486328125,173.55999755859375,288.754609335799,19.350000381469727,174.09305718288007,617.191775701563,233.1786905666891,174.61000061035156,289.54736492798173,19.520000457763672,174.7314908730668,617.2805351933534,234.6780458982317,52951000,17164600,69249400,148174600,73218000,6450700
2025-08-05,174.30999755859375,290.27069091796875,20.190000534057617,177.82391357421875,619.5496826171875,229.3119659423828,177.99000549316406,298.465632860626,20.540000915527344,179.81902093485988,624.1274805006751,235.3882878013461,171.8000030517578,288.80414613269426,19.68000030517578,175.46968627980374,618.6321599743907,227.04320774260398,177.57000732421875,295.10639372899794,19.700000762939453,179.18058718831315,623.3184684441039,235.09236020111356,88808500,18477500,97338200,156407600,68051400,11868900
2025-08-06,163.1199951171875,298.9313659667969,20.40999984741211,178.9810791015625,624.2952270507812,228.2268829345703,166.17999267578125,300.06100099265234,20.479999542236328,179.4599006050506,624.9463507668227,229.0456093672508,157.8000030517578,289.2500414930322,19.8700008392334,175.81883576850015,619.7075537473198,225.7115361835117,165.0500030517578,290.2409632043756,20.1200008392334,175.898641889325,620.615200817688,227.8915053746294,133641800,17392100,67074200,137192300,64357500,9457200
2025-08-07,172.39999389648438,301.0024108886719,19.770000457763672,180.32777404785156,623.7722778320312,239.32408142089844,175.75,307.5226629238072,20.440000534057617,183.43016644757114,628.4388348760696,244.4731706233664,166.6999969482422,297.15762952693996,19.600000381469727,178.36259217804582,620.6743670535704,237.52881335553596,166.83999633789062,303.39053601779983,20.0,181.12581999654523,627.7087670325432,241.1489557934046,95448300,16319400,131382800,151878400,74205800,17691000
2025-08-08,172.75999450683594,302.201416015625,19.950000762939453,182.25303649902344,628.63623046875,238.5447998046875,176.47999572753906,305.0750831253288,20.020000457763672,182.85157473717487,629.099959687417,239.8567338828688,170.52000427246094,299.8033720056868,19.610000610351562,179.9586602147226,625.2423540250035,235.72365161020412,174.0399932861328,301.2897546735197,20.0,181.10585596760288,625.5580704635792,239.8567338828688,68866700,12458700,75415000,123396700,64051600,10552500
2025-08-11,172.27999877929688,301.14111328125,20.649999618530273,181.6146240234375,627.3931274414062,238.80125427246094,178.82000732421875,305.5110818204214,21.600000381469727,183.39026839012567,630.3825280073482,242.0169774859272,169.3800048828125,298.5548220334621,20.440000534057617,179.80905426349312,626.1500127592028,238.25872289735145,170.0399932861328,302.28066724376805,20.450000762939453,181.6046539661726,628.912516593768,238.75193050172342,70651000,12396400,175545600,138323200,58742300,8272900
2025-08-12,174.9499969482422,309.9900817871094,21.809999465942383,182.71194458007812,634.0723266601562,240.9713592529297,175.16000366210938,310.59455986556446,21.860000610351562,184.02870758664506,634.2301547632397,241.44484937946282,168.5,301.90418577001026,20.760000228881836,179.02099882862018,628.2514142554742,238.4165475326207,173.32000732421875,303.8463842085904,21.200000762939453,182.51243687865426,629.7313011159781,240.40911042348583,52243500,17609600,134153600,145485700,64730800,7295800
2025-08-13,184.4199981689453,306.28399658203125,22.219999313354492,181.145751953125,636.2428588867188,238.1601104736328,186.64999389648438,314.4690198205595,22.299999237060547,183.51993435768304,637.5254154950222,243.08231314702581,179.3800048828125,301.9833998649916,21.360000610351562,178.91124166315015,634.0624705008762,236.6804875358508,179.91000366210938,313.8744607292407,21.6200008392334,182.17323092856017,636.2625497647373,243.08231314702581,108305100,17371200,86024400,179871700,60092800,7971900
2025-08-14,180.9499969482422,308.40460205078125,23.860000610351562,181.57472229003906,636.302001953125,237.72608947753906,185.44000244140625,311.3179145558856,24.200000762939453,182.57227595462552,636.9630011917295,238.10093211145355,179.55999755859375,304.212991959021,21.899999618530273,179.02098734413144,633.7270133914775,233.60288071049246,179.8300018310547,304.2229108539708,21.989999771118164,179.3102712094187,634.1709312549185,234.73725229528196,66308800,15717600,188052500,129554000,59327500,11040500
2025-08-15,177.50999450683594,303.5589904785156,24.559999465942383,180.00856018066406,634.8123779296875,235.63485717773438,180.13999938964844,308.6721507620578,25.649999618530273,181.45500998578265,637.4268692474167,237.52877247023818,176.25,297.0387381278039,24.110000610351562,177.6044521364236,633.9047306950813,234.03685439069932,180.05999755859375,308.2064162912545,25.010000228881836,181.43506987144983,637.3281739765669,237.06515614300278,51543100,22806900,310161100,156602200,68592500,8155500
2025-08-18,176.13999938964844,302.9842834472656,23.65999984741211,181.5647430419922,634.6741333007812,238.13050842285156,178.8000030517578,303.3905650465833,24.899999618530273,182.49247589603021,635.3647592128409,239.56080752089466,174.36000061035156,296.2856418672094,23.209999084472656,180.14821861780752,633.5691559281859,236.7298005781023,176.75999450683594,299.95206491629557,24.0,180.15820389652,634.2400307460651,236.7298005781023,35937500,14724700,212515600,132008000,43804900,6919800
2025-08-19,166.5500030517578,292.2327575683594,25.309999465942383,175.2103271484375,631.2308959960938,229.53883361816406,173.1699981689453,300.1502132332778,26.530000686645508,182.0535459787435,635.4732259966958,236.9073569951018,166.10000610351562,289.7356454685235,24.940000534057617,175.06070018553257,629.9187128752989,229.42046860054347,173.10000610351562,299.6745901136142,24.940000534057617,181.98370991508045,634.4965103700933,236.75940072307603,64455000,20149600,297659200,185229200,69750700,14594700
2025-08-20,165.1999969482422,288.5267028808594,23.540000915527344,174.9709014892578,629.5537719726562,225.49452209472656,166.64999389648438,292.8074619118753,24.93000030517578,175.56943975883806,631.0829764734092,225.91867340855296,158.25,279.31111234567646,23.329999923706055,168.38705663117767,624.4629872631401,220.66107855480018,164.10000610351562,292.77773546862284,24.899999618530273,174.74146841521826,630.8265133126017,225.04076447734104,60233200,23600500,161149400,215142700,88890300,17165200
2025-08-21,163.7100067138672,286.970947265625,23.5,174.55194091796875,627.028076171875,224.2417755126953,165.8800048828125,289.7356274387643,23.56999969482422,176.4672421817212,629.4156102095885,227.2010211957092,162.25999450683594,283.5720928922198,22.780000686645508,173.38480492387563,625.3114169787772,223.1863039943661,165.86000061035156,287.42676280711595,23.530000686645508,174.42226928848822,627.7483287539096,225.05062817260477,37880500,14946300,97718300,140040900,54805800,7449100
2025-08-22,167.75999450683594,291.3310241699219,24.799999237060547,177.55459594726562,636.6572265625,229.82489013671875,168.52999877929688,297.3657346131489,25.229999542236328,178.15311905934888,637.831272612948,231.26504794543524,161.8000030517578,286.3863338108117,23.649999618530273,170.78119751777692,628.7053031285401,223.09753103518776,162.1699981689453,289.1014500053561,23.649999618530273,172.18775194658505,629.2084743239826,224.90267271447098,43998600,16301300,200266800,172789400,84083200,10299500
2025-08-25,163.36000061035156,291.5589294433594,24.549999237060547,179.37013244628906,633.8552856445312,232.3895721435547,165.58999633789062,295.6910563770009,25.8799991607666,181.46500135257926,636.6374803454853,234.05661637456984,161.72000122070312,289.0617871761766,24.440000534057617,176.13806812642193,633.736899505491,229.09494872155582,165.5500030517578,290.151807194349,25.5,177.91371253514103,635.404241216521,231.1171030553405,36134700,15124700,156825600,163012800,51274300,7655000
2025-08-26,166.6199951171875,295.3045959472656,24.350000381469727,181.32533264160156,636.5091552734375,235.47705078125,169.77000427246094,297.524250956868,24.739999771118164,181.94381103857447,636.85449832521,235.58555706131565,164.91000366210938,291.3210712183159,24.100000381469727,178.37256711704984,632.9673265691392,232.5276637514675,168.64999389648438,291.67781876802,24.579999923706055,179.61950918930867,633.5888838455812,233.15896891234874,52138600,25689100,78558200,168688200,51581600,9793100
2025-08-27,167.1300048828125,297.5242919921875,24.850000381469727,181.15574645996094,637.95947265625,236.039306640625,167.67999267578125,298.44584207518415,24.989999771118164,182.04356858750407,638.6895405097797,236.14781292390438,164.64999389648438,291.1130262723598,24.049999237060547,178.6618623689453,635.7790844255956,232.24161682885185,166.0399932861328,294.8289832914129,24.190000534057617,181.53480649120215,635.9270971923372,233.65218345998116,37031000,13830300,90934400,235518900,48341100,9516400
2025-08-28,168.5800018310547,305.8480529785156,24.93000030517578,179.72923278808594,640.21875,235.03317260742188,170.99000549316406,308.176725602721,25.139999389648438,184.01871637210735,640.7712386679527,237.39070452082436,166.64999389648438,299.5854190140046,24.610000610351562,175.9784366795831,636.6867968305069,232.79400571095087,168.5,300.1799782304775,24.959999084472656,180.3776517699909,638.5612839961418,233.08993330478228,36285200,18907100,60035100,281787800,61519500,8466200
2025-08-29,162.6300048828125,294.6902770996094,24.350000381469727,173.75390625,636.4005737304688,227.73367309570312,168.57000732421875,304.2229408984669,24.969999313354492,177.71419588670034,639.1532014239915,232.7446641330259,161.89999389648438,290.99412754178024,24.280000686645508,172.72642709704877,634.5162112345507,227.44761930949934,166.80999755859375,304.2229408984669,24.760000228881836,177.67430043382657,638.7881073194712,232.63615785863794,37516800,21610700,63734400,243257900,74522200,15526000
2025-09-02,162.32000732421875,295.53253173828125,24.209999084472656,170.36221313476562,631.684814453125,225.28738403320312,162.38999938964844,295.998266231383,24.239999771118164,171.9583050821389,631.9018356294255,226.22447553406116,156.6199951171875,284.56304951230754,23.68000030517578,166.81092453439402,626.4065150056712,222.56488329300976,158.4199981689453,286.71333305665485,23.8799991607666,169.58412249632292,628.9519373540064,223.07780839887783,38656100,19693000,57661800,231164900,81983500,13974900
2025-09-03,162.1300048828125,299.64483642578125,24.0,170.20260620117188,635.108154296875,228.2466278076172,164.75,301.6861327701727,24.09000015258789,171.9882358353705,635.5718834333111,229.29222558138233,160.5800018310547,293.7091947000028,23.719999313354492,168.46687251736884,631.8721667546157,225.49453583801846,161.80999755859375,299.54573820468306,24.09000015258789,170.64153226145447,634.0524945785448,228.37486660868356,30752800,18529400,47822900,164424900,70820900,7198500
2025-09-04,161.7899932861328,303.3211669921875,24.610000610351562,171.24008178710938,640.4161376953125,232.01473999023438,162.0500030517578,305.97683014063443,24.639999389648438,171.43958949445846,640.4457643382553,232.11337248535972,157.7899932861328,299.5061120396878,23.75,168.9955858311417,634.8813749728572,227.17143744995923,159.94000244140625,302.2905998597554,23.850000381469727,170.1527518438138,635.7791465574808,228.20717648354082,32103500,31220800,59056500,141670100,65219200,6241900
2025-09-05,151.13999938964844,331.8498229980469,24.489999771118164,166.6114044189453,638.5612182617188,240.1033477783203,157.13999938964844,353.1050779044343,24.709999084472656,168.6164816497661,643.4646073746923,241.22786059949343,150.17999267578125,328.4113230711315,24.170000076293945,163.66862438059468,634.7036735299132,234.66818993306475,157.1199951171875,352.5501641041714,24.600000381469727,167.61892806242963,642.7443549194211,236.9764131356855,78256000,78401600,55975300,224441400,85178900,14056600
2025-09-08,151.41000366210938,342.51214599609375,24.479999542236328,167.89825439453125,640.1300048828125,243.8319854736328,152.63999938964844,350.95481987171087,24.739999771118164,170.54178073137314,641.1264716601992,244.51261439716552,149.22000122070312,338.1520957184539,24.1200008392334,166.9406114031506,638.5514227841185,238.33764536459515,151.8000030517578,339.63847855677676,24.479999542236328,167.14011909123317,639.922799046398,238.7026292382516,41849000,43535600,51122100,163769100,63133100,12986600
2025-09-09,155.82000732421875,333.6136474609375,24.440000534057617,170.34225463867188,641.6099243164062,247.51132202148438,156.66000366210938,347.7937356489944,24.809999465942383,170.5617176578999,642.1327863823664,251.2695618569208,151.92999267578125,332.78124655785496,24.270000457763672,166.3320999523285,638.54157966928,243.57551960759673,151.99000549316406,346.3766945272351,24.530000686645508,168.6763418810487,640.268114410177,243.57551960759673,42802500,26972300,42146200,157548400,66133900,13443400
2025-09-10,159.5399932861328,366.2149353027344,24.770000457763672,176.8961944580078,643.4646606445312,256.9019775390625,164.52999877929688,369.5840629920882,24.8700008392334,178.85139113084074,645.7732503039375,260.98572082054017,158.0,347.36758545276996,24.280000686645508,175.04074401948455,641.9058297062181,254.2485182382485,163.5399932861328,348.3287806992547,24.420000076293945,176.2078799889887,644.8557277247635,255.35329844767236,52465300,51086800,61600700,226852000,78034500,18822400
2025-09-11,155.6699981689453,356.36517333984375,24.610000610351562,176.74655151367188,648.8119506835938,255.3927764892578,160.2100067138672,370.8326361076891,24.93000030517578,179.84911904071384,649.5025765403432,258.0857009641052,154.99000549316406,355.503076305303,24.56999969482422,176.05819821844705,644.8261440671411,254.7220213426673,158.6199951171875,367.8103067993158,24.760000228881836,179.25054698686972,645.4081991313436,256.8132168602757,48817700,29430900,55536900,151159300,69934400,10005000
2025-09-12,158.57000732421875,356.60302734375,24.079999923706055,177.39500427246094,648.5949096679688,255.80702209472656,160.41000366210938,361.08201328413594,24.6299991607666,178.1731387966239,650.2721267910674,257.4050398898304,154.9199981689453,353.91763770285525,24.049999237060547,176.02826832324598,648.0917987261137,254.8699457842097,157.0,359.6154381170266,24.610000610351562,177.3451207317183,648.7823644090812,257.3063923563547,42232800,31949800,52672800,124911000,72780100,8496600
2025-09-15,161.16000366210938,360.78472900390625,24.770000457763672,177.32516479492188,652.0480346679688,257.8292541503906,162.3000030517578,362.18193242681093,25.459999084472656,178.4225418052247,652.1762963553084,259.22994711768945,157.60000610351562,353.1050847458822,24.219999313354492,174.0929031464731,650.4991393056443,255.234976911581,160.00999450683594,356.6030376305608,24.329999923706055,175.2501343169162,650.7951046545995,256.4679961237142,36808700,21792200,83951600,147061600,63772400,8147700
2025-09-16,160.4600067138672,356.7318420410156,25.270000457763672,174.4620361328125,651.1502075195312,259.3154602050781,161.9499969482422,362.3701894080732,25.34000015258789,177.07576937869646,652.9063688014267,263.6495935809019,159.22000122070312,353.7491577958688,24.690000534057617,173.96323114864717,650.3708221309846,257.8806338818228,161.3699951171875,362.11254006740637,24.81999969482422,176.57696439453113,652.6004677140577,263.1350503784364,27946500,21306500,60336600,140737800,61169000,10381900
2025-09-17,159.16000366210938,343.0274353027344,24.899999618530273,169.8829803466797,650.3411865234375,260.037841796875,161.6300048828125,356.6624996011668,25.260000228881836,172.78602876073558,652.8471065185831,262.03667571935586,155.75999450683594,338.39981688748577,24.450000762939453,168.00748411706098,645.5266166017295,257.00989120831827,159.27999877929688,355.5923172928341,25.079999923706055,172.22736966160153,651.1600740883537,261.57159676239604,41823800,45197100,63093700,211843800,101952200,10422000
2025-09-18,157.9199981689453,342.21484375,30.56999969482422,175.8187713623047,653.3798828125,265.8265686035156,158.77000427246094,347.5162813362711,32.380001068115234,176.67671647107687,655.9746224265324,267.7066640112345,149.85000610351562,340.6690081880208,30.15999984741211,172.54661216194535,651.4165760040546,255.27820633325646,150.9600067138672,346.82262399207383,31.780000686645508,173.56416328312818,653.0148488941834,255.29798600353797,84549500,24663900,523908000,191763300,90459200,16917300
2025-09-19,157.38999938964844,341.80853271484375,29.579999923706055,176.24774169921875,656.6160278320312,262.0960693359375,159.83999633789062,343.126445266531,30.6299991607666,177.65437533147113,657.4569312262267,263.7782776853161,155.89999389648438,333.37577939313707,29.329999923706055,174.76129744715922,653.3215535907623,260.0576456831935,157.3800048828125,341.5211569552539,30.3799991607666,175.34989886544702,655.2606553211801,263.5803601625748,55448100,41240100,225702900,237182100,97945600,17640200
2025-09-22,159.7899932861328,336.2895812988281,28.760000228881836,183.171142578125,659.7225341796875,269.7748107910156,162.67999267578125,344.11142809429634,30.100000381469727,184.10889825944,660.1676828141602,273.4657279945118,157.4199981689453,335.4458486342185,28.729999542236328,174.29242112755998,655.1023357778903,262.67001259970004,157.4199981689453,339.90270066016484,29.670000076293945,174.88100727738347,655.1320445581616,263.74859364562616,46505500,28660000,130314500,269637000,69452200,15630300
2025-09-23,160.89999389648438,336.4385070800781,29.34000015258789,178.0035400390625,656.1312866210938,279.7492370605469,163.38999938964844,342.67215727938327,30.200000762939453,181.98400930831284,660.2172101260659,283.0047901297097,159.2100067138672,334.5326640206938,28.81999969482422,175.78885990523673,654.914373896894,277.0676267004151,160.52000427246094,337.7289005100019,28.989999771118164,181.53508786527138,659.6037721086419,279.44248603253794,39448300,21944100,126317900,192559600,81708900,17830300
2025-09-24,160.8800048828125,336.8057861328125,31.219999313354492,176.54702758789062,654.043701171875,277.7701416015625,165.10000610351562,337.5700923923668,31.700000762939453,179.35030900890538,657.5162467217733,278.2649051476724,158.42999267578125,331.34637781281276,29.229999542236328,174.98077271717747,652.6289715744526,273.8219381669564,162.97999572753906,337.2524771122976,29.3799991607666,179.34033838980653,657.4173382288552,277.3743368042687,38464100,19677300,164458500,143564100,68082200,10231000
2025-09-25,161.27000427246094,333.6194763183594,33.9900016784668,177.2653045654297,651.0263061523438,273.7625732421875,161.6300048828125,335.5650023848785,34.25,179.82915407834395,652.3717757310584,274.23755712515674,154.77999877929688,324.8844050686064,31.209999084472656,172.7162058826927,647.4251431178142,267.3603316473994,157.13999938964844,330.5324134002917,31.610000610351562,174.06297010669513,650.91749472694,270.2596388254702,36809900,21678200,295709300,191586700,89622100,11863400
2025-09-26,159.4600067138672,332.06103515625,35.5,177.76409912109375,654.756103515625,270.49713134765625,162.11000061035156,336.57744224080056,36.29999923706055,179.3403244887289,655.3002210405111,272.6147339759262,157.0500030517578,328.1401756006561,34.4900016784668,174.51188131329135,650.8581544995363,267.78583657872423,160.52000427246094,334.93962595147707,35.02000045776367,177.74414266212372,652.4707616041429,271.02160973519534,30316900,15464700,268583300,148573700,69179200,10451900
2025-09-29,161.36000061035156,325.47991943359375,34.47999954223633,181.41537475585938,656.5962524414062,270.3685302734375,164.3000030517578,338.5328594569204,35.04999923706055,183.56023005067578,658.1792111877495,276.9389752403677,159.89999389648438,325.13249655926,33.72999954223633,179.88903275637574,654.7956708332731,270.3685302734375,160.1199951171875,333.52014323065845,34.52000045776367,179.99875523700084,657.2689872647139,273.59436844119443,39828800,21336000,152605900,193063500,73499000,8046200
2025-09-30,161.7899932861328,327.4751281738281,33.54999923706055,186.13406372070312,659.0694580078125,276.36505126953125,162.27999877929688,328.6066987392107,34.2400016784668,186.90222763381766,659.5344728182262,276.562938584393,159.3300018310547,322.21422624207713,33.02000045776367,181.04624695721463,654.5482290856307,270.9622111884719,160.7899932861328,327.6835698030718,33.93000030517578,181.6448190078555,655.8541471878013,272.4366272037514,29669300,20109500,124818400,236981000,86288000,8348800
2025-10-01,164.00999450683594,330.9294738769531,35.939998626708984,186.79248046875,661.3153686523438,285.4488830566406,164.17999267578125,335.4558169785511,36.060001373291016,187.6903232769056,662.2255322042525,287.4378421861954,160.49000549316406,322.1050708021695,33.5,183.46045188172369,655.9828838603935,274.2672389327902,160.92999267578125,325.72812640295405,33.529998779296875,184.79726069745416,656.0916952927918,275.5239274754906,39895200,21122700,162649700,173844900,72545400,14620100
2025-10-02,169.72999572753906,335.68408203125,37.29999923706055,188.4385528564453,662.0769653320312,285.0926818847656,171.05999755859375,345.0444773931538,37.56999969482422,190.59339411626704,663.4125921637317,293.6125272216374,166.1199951171875,332.77571393429145,35.439998626708984,187.6105347272827,659.6630669539827,284.0240057404417,168.67999267578125,345.0444773931538,35.7599983215332,189.14686265639136,663.2938778298502,293.4146096921819,55475200,19917600,149361700,136805800,56896000,10198000
2025-10-03,164.6699981689453,335.8726501464844,36.83000183105469,187.17156982421875,662.0671997070312,289.12994384765625,170.67999267578125,341.85814442673546,38.08000183105469,189.90502650703218,665.5001336306916,292.9594091324841,163.13999938964844,333.26205605529583,36.45000076293945,184.93693332773543,661.0283585893458,287.44773559325904,170.67999267578125,338.9795539799569,37.95000076293945,188.73782471792558,662.838842966907,289.7929101352561,42699100,14749100,125359300,137596900,70494400,10572500
2025-10-06,203.7100067138672,333.013916015625,36.59000015258789,185.09652709960938,664.4415893554688,299.2330322265625,226.7100067138672,341.5901632845777,38.68000030517578,186.78249020197808,665.3320074034157,304.08170967739136,203.00999450683594,332.09078712402555,36.43000030517578,182.89181782906448,662.314573504463,296.7988036643541,226.4499969482422,333.44076543518025,37.189998626708984,185.05662940294908,664.4514922823549,296.86807781887416,248859600,18465700,112086100,157678100,54623300,15785000
2025-10-07,211.50999450683594,333.92718505859375,37.16999816894531,184.5977325439453,661.9780883789062,290.95062255859375,218.89999389648438,335.61462031328495,38.04999923706055,188.6081286768816,665.8067767881695,303.8837476941729,209.27999877929688,324.1697167902412,36.349998474121094,183.56022492696124,660.5435529952065,290.2084773087047,214.85000610351562,334.5426044039722,36.63999938964844,185.78489078203316,665.3615678230638,303.40876386297555,115748100,18086700,111140200,140088000,72020100,13081000
2025-10-08,235.55999755859375,342.9500732421875,37.43000030517578,188.6580047607422,665.925537109375,301.3307800292969,235.8699951171875,343.98240611238566,37.790000915527344,189.14683908131633,666.0245059882836,303.19109579914715,210.6999969482422,330.16512789364833,35.90999984741211,186.09414006589398,662.2749199573431,290.90118619291803,212.9499969482422,331.3562835355959,36.54999923706055,186.12408236678675,663.0960778489103,291.9104929583181,159983500,21478300,103202100,130168900,60702200,12821200
2025-10-09,232.88999938964844,342.4736022949219,37.79999923706055,192.10975646972656,663.9963989257812,296.73944091796875,240.10000610351562,344.7467096528682,38.099998474121094,194.833227386451,666.7467557943302,299.6585282295374,229.52999877929688,337.8877046056565,36.86000061035156,190.60335569438294,662.0672604073742,294.305212302666,236.3000030517578,343.19822550564476,37.529998779296875,191.7705575158363,666.3411584665431,299.14398492325466,94290700,17643700,89884700,182997200,66501900,10259900
2025-10-10,214.89999389648438,322.23406982421875,36.369998931884766,182.7222442626953,646.0499877929688,277.720703125,234.22000122070312,348.01239918631205,39.650001525878906,195.15245586263575,666.7565834688588,297.05607275856363,213.1999969482422,321.6583335564162,36.29999923706055,181.61489659616785,645.8719162752307,277.3941422433682,232.77000427246094,342.84086012625113,38.459999084472656,193.04749823427522,664.9560020556908,296.81856569974786,118656600,28941000,183063300,268774400,159422600,23398000
2025-10-13,216.4199981689453,354.0674133300781,37.220001220703125,187.86990356445312,655.9630126953125,299.7178955078125,224.19000244140625,356.7276265119792,37.5099983215332,189.65561858658472,658.030731623523,301.43966310010615,214.89999389648438,340.98466435334234,36.279998779296875,185.51554359294212,652.7279561413051,289.2585861958363,220.1999969482422,350.16639539124964,36.439998626708984,187.52073401073042,653.5985682812151,295.11657006279773,63104000,45984300,104020700,153482800,79560500,20318300
2025-10-14,218.08999633789062,341.5901794433594,35.630001068115234,179.59971618652344,655.1616821289062,292.8406677246094,224.97999572753906,348.0819199505021,36.54999923706055,184.35831986008523,658.7232938317348,298.5898180608293,215.89999389648438,337.1432328388366,34.689998626708984,179.2705030798172,646.1983862715207,288.288836786656,219.1999969482422,347.5458968977502,36.0,184.32839277968645,650.1556923521978,292.5339167233838,71216300,22078000,117908300,205641400,88779600,16567900
2025-10-15,238.60000610351562,348.7370300292969,37.150001525878906,179.4001922607422,658.0703125,301.5188293457031,239.24000549316406,356.7474774551497,37.4900016784668,184.42813951825556,663.076302337462,303.3989250153471,220.75999450683594,344.93531029766996,35.63999938964844,176.86625456034105,651.8969246006144,296.9274387692454,222.7100067138672,351.85387010727675,36.400001525878906,184.35831474003746,659.70272543157,303.082299256883,108481000,23918500,99242700,214450500,81702600,20788000
2025-10-16,234.55999755859375,351.5362243652344,36.84000015258789,181.37545776367188,653.5886840820312,296.6998291015625,241.1999969482422,360.5591328706342,38.02000045776367,182.84194556906473,661.5725563129243,308.10907639725525,232.24000549316406,346.9106134062097,36.40999984741211,179.34034021746592,650.0963324960569,293.5828244918617,236.2899932861328,354.16666023990877,37.150001525878906,181.79445210488134,659.7027147054259,307.67368201770626,69726400,20317200,83357800,179723300,110563300,26341500
2025-10-17,233.0800018310547,346.7518005371094,37.0099983215332,182.7821044921875,657.2986450195312,291.98968505859375,235.3800048828125,348.3797112636776,38.380001068115234,183.66000615888444,658.6540174880462,300.12360018952234,227.91000366210938,338.2649148538246,36.08000183105469,179.32039659193174,651.1153544209424,291.8313872742129,233.25999450683594,347.0297328206275,36.36000061035156,179.74936158304564,652.4608239631079,295.2749227470313,55804200,20937900,119394700,173135200,96500900,17633300
2025-10-20,240.55999755859375,346.66241455078125,38.099998474121094,182.20347595214844,664.1348266601562,294.5822448730469,242.8800048828125,353.9581737251466,38.52000045776367,184.75735492260156,665.035147534835,300.4699133015376,234.39999389648438,345.27275334907887,37.560001373291016,181.2956472677441,660.1478725090891,293.94893300150676,236.47000122070312,351.1887569176646,37.56999969482422,182.69231029505525,660.1973267543179,296.85814524070344,56741700,15640200,80230200,128544700,60493400,13391600
2025-10-21,238.02999877929688,340.13104248046875,38.119998931884766,180.72702026367188,664.1249389648438,291.4256591796875,242.25999450683594,348.5087544931143,38.349998474121094,182.35311411361405,665.8068060270512,296.23474677507977,234.02000427246094,338.790999935566,37.66999816894531,179.37027013728058,662.8289237149189,290.58455503785905,239.38999938964844,347.41686685310657,38.13999938964844,182.35311411361405,664.2733620876278,295.86862655048895,47122400,16092600,73134900,124240200,56249000,11190500
2025-10-22,230.22999572753906,337.7884521484375,36.91999816894531,179.84910583496094,660.6721801757812,285.8546447753906,240.1300048828125,345.4415714008497,37.93000030517578,183.00155667206866,664.8273632729761,292.10846441713176,224.8800048828125,333.03382587244175,36.040000915527344,176.33751483638122,656.2202112252926,281.4215517006166,236.85000610351562,344.7367896443459,37.84000015258789,180.7070509305708,664.8273632729761,289.93149232729274,59668800,19268800,87099900,162249600,80564000,15409100
2025-10-23,234.99000549316406,341.7489929199219,38.15999984741211,181.72462463378906,664.5900268554688,287.68524169921875,235.89999389648438,344.01216427937095,38.400001525878906,182.59254038327154,665.5298991744598,291.0100384571824,228.5399932861328,337.8876883349711,36.43000030517578,179.3602787988416,660.6722718970066,286.5967557851333,230.16000366210938,337.8876883349711,36.599998474121094,179.988777912505,660.9888636457038,286.7649584912356,39024400,12859200,121974200,111363700,65604500,10379900
2025-10-24,252.9199981689453,351.5163879394531,38.279998779296875,185.81480407714844,670.0213623046875,291.87091064453125,253.38999938964844,355.6555947565441,41.119998931884766,187.0219186862977,671.2283116328227,294.8296172657698,241.9499969482422,348.2903742014157,37.83000183105469,183.06140638753934,668.4384640813665,291.3069031370053,243.36000061035156,349.90834901526836,40.02000045776367,183.40059008116805,669.2398161192735,292.47453789023115,71221100,16143700,246380000,131296700,74356500,8747000
2025-10-27,259.6700134277344,359.3778991699219,39.540000915527344,191.03231811523438,677.926025390625,295.12646484375,260.4200134277344,360.0727449780649,40.66999816894531,191.54109366524804,678.2228112394536,297.33312120236775,249.8000030517578,352.4593396329431,38.22999954223633,187.97961914819697,674.8393317954225,290.6142235724544,257.8800048828125,358.8716837936956,38.38999938964844,189.53590332097463,675.442806418656,295.52226965390423,65613100,20065800,160007600,153452700,63339800,13615000
2025-10-28,258.010009765625,370.2173156738281,41.529998779296875,200.54953002929688,679.7266845703125,298.3721008300781,264.5799865722656,371.29926735087304,42.47999954223633,202.6644582837766,681.5569145007897,298.96582312086707,257.0,359.8543651232864,39.540000915527344,191.45133202040452,677.5205057270293,292.9791661358697,259.1400146484375,359.9436972479219,39.59000015258789,192.58860677151606,679.716781643602,295.19572734161704,47448700,21056000,181256400,297986200,61738100,11804200
2025-10-29,264.3299865722656,383.1313171386719,41.34000015258789,206.54515075683594,680.0531005859375,301.8948669433594,267.0799865722656,383.62762692963696,42.040000915527344,211.68285096872194,682.338442194909,304.73480533672387,257.3999938964844,370.43570420392757,40.91999816894531,204.29055782184227,675.5813258562629,299.2132565347298,264.19000244140625,370.43570420392757,41.599998474121094,207.48290651547202,681.3688612448931,302.59742283976556,49335600,24975200,106962900,308829600,85657100,16177300
2025-10-30,254.83999633789062,373.69146728515625,40.15999984741211,202.4050750732422,672.5738525390625,300.0444641113281,263.8800048828125,383.5481717267092,41.43000030517578,205.66726375798942,678.6186229721906,304.0916270770933,252.30999755859375,367.3287726055538,40.11000061035156,200.9286166610889,672.5738525390625,297.6696046705191,259.9200134277344,383.5481717267092,40.970001220703125,204.65966800141675,676.600418646911,299.9059157966093,45162500,24295300,84855500,178864400,76335800,14507100
2025-10-31,256.1199951171875,366.9020080566406,39.9900016784668,202.0060272216797,674.780029296875,297.2836608886719,262.1300048828125,376.0241851127657,40.83000183105469,207.4729250244422,677.7678146457715,304.45773336474736,253.41000366210938,362.4054422295642,39.790000915527344,201.58703290468912,671.9901213244605,293.57293374587425,259.6000061035156,375.4782261269102,40.68000030517578,205.95655376605836,677.7282029402567,302.78542991655524,34449200,21598400,80471400,179802200,87164100,12667900
2025-11-03,259.6499938964844,359.87420654296875,39.5,206.3855438232422,676.04638671875,301.667236328125,260.9100036621094,372.08344521076793,40.45000076293945,210.83487551397138,678.4800912258883,306.87215886732014,253.88999938964844,359.3084364203813,39.04999923706055,205.06869143040765,672.6826525168186,298.95594156565636,259.3299865722656,369.254473428452,40.25,207.58267267525224,678.3514739521635,299.421020540048,36351400,17198900,61267500,180267300,57315000,12466600
2025-11-04,250.0500030517578,349.342529296875,37.029998779296875,198.21511840820312,668.0328369140625,290.9704895019531,257.3800048828125,366.2269976541692,38.25,203.4824975937368,672.7024895383894,298.82733865322496,247.38999938964844,348.40946448995305,36.630001068115234,197.4569251230167,667.3799079726423,290.43616650430306,250.35000610351562,355.8739526529837,38.13999938964844,202.51481474882632,668.8935461650569,293.7708686623512,56491800,24047500,102250300,188919300,78427000,16224300
2025-11-05,256.3299865722656,356.3305969238281,38.380001068115234,194.74343872070312,670.3478393554688,290.56475830078125,259.6499938964844,362.1771106487969,38.689998626708984,202.43500266122365,673.5927987432043,295.0967792277808,242.80999755859375,347.50619408971056,37.11000061035156,194.18476438007542,666.9742023136038,288.4471557668492,243.24000549316406,348.300307949599,37.41999816894531,198.29492759193732,667.7755543304748,289.5554213106759,67366600,17087600,74631600,171350300,74402400,10502500
2025-11-06,237.6999969482422,352.965576171875,37.2400016784668,187.63047790527344,663.1553955078125,286.2108154296875,253.50999450683594,360.8172003144875,39.84000015258789,197.1476699621838,670.1499405995044,291.55428605294634,235.74000549316406,350.1068270695133,36.79999923706055,185.9345440647224,661.5823399185376,284.3703094756989,253.47000122070312,357.45220555664895,38.34000015258789,195.95054108781363,669.2496197351962,291.0199329510262,66049700,19896900,77629900,223029800,85035300,11516900
2025-11-07,233.5399932861328,346.85107421875,38.130001068115234,187.70030212402344,663.8084106445312,283.49951171875,235.8699951171875,351.8836630736336,38.27000045776367,187.86990920765928,663.9172824573612,284.8749688709801,224.63999938964844,334.7808157374754,36.970001220703125,178.4823961188316,654.1526341751978,274.2276477029394,230.94000244140625,351.57595340801487,37.2599983215332,184.45806985353664,660.7810737969259,282.2230133152653,52162600,21903200,95521400,264942300,100592400,15715700
2025-11-10,243.97999572753906,355.7449645996094,38.45000076293945,198.5742645263672,674.1666259765625,292.17767333984375,248.89999389648438,357.3430676674622,39.529998779296875,199.46213677715232,674.8987178962867,294.01820955836047,240.5,351.99283330844776,37.970001220703125,193.32682642239038,667.8250699305912,288.6945486117535,242.13999938964844,355.2585603809326,38.93000030517578,194.6436788693004,670.011442763763,291.2772000014797,43361600,16409000,77820300,198897100,75842900,10869200
2025-11-11,237.52000427246094,349.3623962402344,37.880001068115234,192.69833374023438,675.7099609375,288.1206359863281,248.4600067138672,359.21913218118834,38.220001220703125,194.9529266552934,676.2738842563608,291.83136283017217,234.63999938964844,347.0893190996685,37.4900016784668,190.84277869998112,671.485517700804,285.88429494508694,241.66000366210938,356.3206695350522,38.150001525878906,194.69355355890158,672.6925273614432,289.0012994543215,61336800,16446800,53741900,176483300,58953400,9666300
2025-11-12,258.8900146484375,352.5982971191406,37.88999938964844,193.33680725097656,676.0859375,287.576416015625,263.510009765625,356.22135220605287,38.20000076293945,195.4218083488666,677.6490902522322,291.7819069956024,250.0,349.08441563601116,37.349998474121094,190.673190567689,673.6818813898049,286.54729917920895,253.1300048828125,355.3974913564191,38.060001373291016,195.25221648764446,677.4808612736824,290.6241769778636,108942000,12190500,53876000,154935300,62312500,9715900
2025-11-13,247.9600067138672,337.4708251953125,35.90999984741211,186.41339111328125,664.866943359375,279.24456787109375,259.6300048828125,350.94065025218157,37.310001373291016,190.9824463944715,673.5928101259233,286.4681038332975,246.05999755859375,331.693771807236,35.45000076293945,183.41059072037282,663.3632081763918,277.0675961081979,251.89999389648438,348.98518841294657,37.27000045776367,190.59337913278358,673.2366670865612,286.14157316784883,63178600,22616600,95593200,207423100,103457800,13827600
2025-11-14,246.80999755859375,339.9324951171875,35.52000045776367,189.71546936035156,664.7581787109375,281.837158203125,253.44000244140625,342.1956665627553,36.099998474121094,190.55345800755302,668.448347404196,283.85577204779395,235.0800018310547,326.63139871631194,34.619998931884766,180.14839424900484,656.1906373926532,270.36854101522715,240.11000061035156,329.02361555490245,35.029998779296875,182.42294356130517,658.2781019123212,273.0204667940492,47655600,18500800,71716200,186591900,96846700,11486800
2025-11-17,240.52000427246094,340.12109375,34.709999084472656,186.1540069580078,658.5650024414062,279.05657958984375,248.77000427246094,349.6006289345155,35.72999954223633,188.54826454585316,666.5192267278557,283.52923173076323,237.14999389648438,335.0289504470232,34.22999954223633,183.8794576828592,655.1023594385355,276.86970270196167,242.75,337.3119936612734,35.45000076293945,185.52550787171305,662.5520175117457,278.4925418297308,37942200,14799600,72580100,173628900,90456100,10227100
2025-11-18,230.2899932861328,337.9869689941406,34.33000183105469,180.92652893066406,653.03466796875,274.9994812011719,238.0,345.4018385124019,34.7599983215332,184.35830936263392,658.0208519047019,277.25560179123266,224.7100067138672,333.03380695412073,33.56999969482422,179.22060933347112,648.8596786437042,269.86383311361755,236.77999877929688,340.6670539929708,34.25,182.94170515591497,655.0330664835586,274.6432357406514,45619900,21726800,61504800,213598900,114467500,11850400
2025-11-19,223.5500030517578,351.80426025390625,35.11000061035156,186.07420349121094,655.5574340820312,279.41278076171875,235.27999877929688,357.03535476397707,35.75,187.41099710874653,660.2171837101976,281.5699427340006,219.7100067138672,335.3068966674341,34.25,182.39302051116815,651.7188423695233,273.42615349239327,230.25999450683594,338.1954234066085,34.33000183105469,184.3483273978252,653.7272041810384,274.019875831014,52093400,21851900,67115500,247246400,94703000,11179200
2025-11-20,206.02000427246094,344.26031494140625,33.619998931884766,180.20826721191406,645.5652465820312,274.5937805175781,234.25,373.3043419824847,36.68000030517578,195.5315572014955,668.3494043558474,289.7830281101268,204.52999877929688,342.6324043611155,33.47999954223633,179.4201620210147,644.9320631333248,273.5151995620044,232.6999969482422,363.2987503825476,36.0,195.48167365774535,665.7276649913678,289.1497162474202,66342900,28867000,96389100,343504800,165293500,15747300
2025-11-21,203.77999877929688,337.689208984375,34.5,178.4524688720703,651.9959106445312,272.1793518066406,208.8300018310547,346.02720778682993,34.97999954223633,184.11888595894638,657.4569521849606,275.7713404085033,195.0,329.3511798895731,32.88999938964844,172.51667761994415,643.9031662606766,264.02565726438905,208.80999755859375,342.6125938489684,33.5099983215332,180.80682891210233,648.0583498819193,269.95291558545046,67421100,30280300,105641700,346926200,123956200,20872800
2025-11-24,215.0500030517578,375.17047119140625,35.790000915527344,182.1136932373047,661.59228515625,281.65899658203125,217.1300048828125,379.18066259706404,36.15999984741211,183.06141961318156,662.9081062970187,282.074581035968,205.85000610351562,345.09411137983335,34.689998626708984,176.0581937395723,654.5285399004904,270.32889967676067,207.16000366210938,345.1636020174876,34.970001220703125,179.0610093294625,655.6167748873626,270.32889967676067,46749600,47262400,103804200,256618300,80437900,13570300
2025-11-25,206.1300048828125,382.18829345703125,35.83000183105469,177.39500427246094,667.815185546875,281.6985778808594,206.5800018310547,385.2654200346103,36.130001068115234,177.73418799379976,668.9924864834618,282.4110386268295,194.27999877929688,369.0063074126653,34.68000030517578,169.1447659257062,657.3876457131933,270.22005706155056,201.47999572753906,382.08902544633315,35.54999923706055,174.49195573568102,661.4933747936815,279.76901808408695,69773500,33507600,62203300,320600300,81077100,13726800
2025-11-26,214.24000549316406,394.63580322265625,36.810001373291016,179.82916259765625,672.4254150390625,286.92327880859375,215.58999633789062,396.9188163105634,37.2400016784668,182.47283807635972,674.4238738525114,289.7434371750693,207.0,380.43141839328314,36.130001068115234,177.81400147563977,669.4969869185696,284.71665263040256,210.0500030517578,382.70449559109613,36.20000076293945,181.19589856886267,670.3973078307199,286.0722999698946,43270200,28693000,54563400,183852000,71879600,12220300
2025-11-28,217.52999877929688,399.9859619140625,40.560001373291016,176.5769500732422,676.0958251953125,288.4570617675781,218.3000030517578,400.02567517757427,40.59000015258789,178.86147001761242,676.3728052050843,289.60491685591876,214.02000427246094,394.2287806909756,37.34000015258789,176.07814512953246,673.2366572287348,285.9733390213773,216.13999938964844,396.4026199099932,37.400001525878906,178.5821404669205,673.5928002628821,289.4169042863992,18658000,13365500,95799500,121332800,49212000,5515400
2025-12-01,219.75999450683594,383.2305603027344,40.0099983215332,179.48997497558594,673.0090942382812,284.66717529296875,220.97999572753906,392.50165398682486,40.380001068115234,179.8690716163194,675.7000330812516,288.110740791745,213.5,382.25781248573634,39.599998474121094,173.2648835948944,671.4953958513415,280.2242078650842,213.8800048828125,391.93585354693045,39.86000061035156,174.3423041351479,671.5646559458772,283.9151551618135,30768700,23252000,74534900,188131000,61201200,7713000
2025-12-02,215.24000549316406,378.7538146972656,43.470001220703125,181.02630615234375,674.2556762695312,289.031005859375,225.97999572753906,390.5957575872455,43.68000030517578,185.2162648499111,676.5212120744054,291.4157701146303,214.38999938964844,376.9869532698099,40.04999923706055,179.56978894419797,672.0791460292079,286.15147798762627,221.7899932861328,385.44406016543934,40.470001220703125,181.32557695606172,674.6414676887413,288.94195203216316,42002500,22207000,167205800,182632200,62953800,10746400
2025-12-03,217.60000610351562,377.8009338378906,43.7599983215332,179.16078186035156,676.5905151367188,292.3558349609375,218.1999969482422,379.47846339603353,44.02000045776367,182.01394715864362,677.5995871066391,293.5135649201736,211.77000427246094,367.91445104036177,42.5099983215332,178.68193330759738,672.4353317565424,283.0740646236572,216.25999450683594,377.1954504183348,43.38999938964844,180.64722628696225,673.3059439079583,289.1200615613843,28545200,21336400,91957200,165138000,57238500,9599200
2025-12-04,215.97999572753906,378.21783447265625,40.5,182.95188903808594,677.085205078125,289.8621826171875,219.1199951171875,381.05674220183573,43.279998779296875,184.08922700452197,678.0547257643626,290.9506685285983,214.13999938964844,373.75104639670536,40.13999938964844,179.53987513877786,674.0677712084201,287.1607928074728,216.8800048828125,377.87041156383543,43.2599983215332,181.19598816136636,677.9854656605314,290.9012042499774,24478200,15845900,107850200,167364900,61970300,6753000
2025-12-05,217.97000122070312,387.3598327636719,41.40999984741211,181.98414611816406,678.3712158203125,291.6334533691406,223.63999938964844,390.62555947452637,42.83000183105469,184.22889322931675,681.0424091541689,297.6497653709175,216.24000549316406,382.3074030292696,41.150001525878906,180.4876480440623,677.2730780178052,290.178847198284,217.1699981689453,383.31989432931135,41.15999984741211,183.4606866221248,678.1535326146577,292.949511238976,33292400,24779900,103042000,143971100,79241000,10275300
2025-12-08,221.11000061035156,398.13970947265625,40.29999923706055,185.1168212890625,676.3333129882812,298.7085266113281,223.7100067138672,404.2840269400075,42.119998931884766,187.5610985176648,679.3111955598065,299.4506719009636,218.36000061035156,394.46700500310675,39.70000076293945,181.97416608957425,674.2953027143022,293.61246832875855,219.08999633789062,399.50952930500006,41.939998626708984,182.21361127014939,679.2617413091358,298.0455603967832,30943200,30410600,93953600,204378100,55231500,16643100
2025-12-09,221.6199951171875,403.2914123535156,40.5,184.53817749023438,675.74951171875,300.232421875,224.83999633789062,403.9266731243686,41.2599983215332,185.2864265695677,678.0744650894321,301.4891104242476,217.91000366210938,392.590974633076,40.029998779296875,182.89203560496765,675.3043631264671,295.37384017664607,221.0399932861328,395.8070523365675,40.72999954223633,185.12679644575,675.8583835190601,296.8482258964218,25166100,24546000,61877200,144719700,58310100,11349100
2025-12-10,221.4199981689453,409.922119140625,40.779998779296875,183.35096740722656,680.2312622070312,306.8919982910156,222.61000061035156,411.54999953942325,40.9900016784668,185.0469957406681,681.616283144729,310.6917793379769,218.6699981689453,396.6110866137911,38.88999938964844,181.61502392815055,674.0380683519487,299.33199554487067,222.0,399.2316169090932,40.11000061035156,184.53819180758595,675.2747265375898,302.1719339436534,23279400,31531000,75974900,162785400,85671300,12429200
2025-12-11,221.42999267578125,403.37078857421875,39.5099983215332,180.5076141357422,681.8140869140625,302.47174072265625,221.5,406.27915649101277,40.189998626708984,180.896718300432,681.8932499368323,303.4540076194729,210.19000244140625,391.28069011839824,39.08000183105469,176.20767820623186,674.8888018222121,297.3023946409227,217.80999755859375,401.8421460350543,40.06999969482422,179.85913764092777,677.8271327535609,302.93807526266465,30694600,45681600,59096800,182136600,86173700,15028400
2025-12-12,210.77999877929688,357.2735595703125,37.810001373291016,174.61141967773438,674.4832153320312,289.76165771484375,222.49000549316406,379.18068105759903,40.029998779296875,182.39321360477518,681.5272148787925,301.9061576359237,209.05999755859375,352.5288391708667,37.619998931884766,174.21234434473615,671.9208332382598,288.7099297297565,218.3699951171875,377.1557286245446,39.25,180.6871989054384,680.8247713558317,301.9061576359237,37073900,95588500,87784500,204274900,113160300,19306100
2025-12-15,207.5800018310547,337.3020935058594,37.5099983215332,175.87843322753906,673.4642333984375,285.49517822265625,215.36000061035156,359.32832678963985,38.47999954223633,178.0034654802094,678.4405748577324,293.4922954728187,206.5800018310547,335.0190803420913,37.31999969482422,174.6213802569945,672.0000494482242,285.3066580908948,212.27999877929688,359.2191531643682,38.33000183105469,177.52459033283526,678.4207690042323,292.847372522869,27222200,65894900,60898500,164775600,90811000,12082400
2025-12-16,209.1699981689453,338.78106689453125,37.310001373291016,177.3050994873047,671.6240844726562,284.6319885253906,210.22000122070312,344.9353207046172,37.959999084472656,178.0733061224419,673.8105178026394,286.2095805604762,205.11000061035156,332.5871301098181,36.91999816894531,174.4916756985292,667.7755898483048,281.1096958424602,206.9199981689453,333.5400364707708,37.58000183105469,175.84850127733236,671.9802275249427,285.01896048770215,23467600,58061100,50490300,148588100,122030600,11418400
2025-12-17,198.11000061035156,323.6138610839844,36.04999923706055,170.5409393310547,664.2338256835938,274.7992858886719,211.5,344.0518969073966,37.84000015258789,175.71882560019336,673.1773153631458,286.84459011670054,197.52999877929688,319.0478347346158,35.970001220703125,169.91240520818417,664.035948310003,272.9339478788392,210.0399932861328,344.0518969073966,37.59000015258789,175.68889685369163,672.6331978735437,286.2790297091352,31595400,73300900,54792000,222775500,110625200,16823000
2025-12-18,201.05999755859375,327.4453430175781,36.279998779296875,173.73345947265625,669.2495727539062,282.4590759277344,206.36000061035156,333.54994721056556,37.4900016784668,175.7387615308714,673.4740156275043,284.91973923218603,200.5,321.2414708108135,35.66999816894531,171.41888356310693,667.6963835086992,279.55194144351105,203.82000732421875,333.5201698356669,37.380001068115234,174.1225483861358,670.3675163697123,282.776586730792,29720100,54501900,69468400,176096000,108650100,11260300
2025-12-19,213.42999267578125,337.84796142578125,36.81999969482422,180.56747436523438,675.3153686523438,286.69573974609375,215.17999267578125,340.91518236479004,37.58000183105469,181.0263919449467,675.8114935895343,289.8906198047641,204.1999969482422,330.12538286013245,36.439998626708984,175.92832091222974,671.2272434527378,284.1457825914221,204.60000610351562,330.8797833802608,36.47999954223633,176.2575523358494,671.3463691548195,284.1457825914221,58445500,159095200,163221300,324925900,103599500,12735800
2025-12-22,214.9499969482422,339.5784606933594,36.369998931884766,183.26116943359375,679.5225219726562,290.99200439453125,220.1699981689453,344.34218395336666,37.900001525878906,183.73007341419415,680.0483829319917,292.7085188743169,213.30999755859375,335.3716351900633,36.290000915527344,181.9243013805983,675.3153920494597,288.9381460240562,220.0,344.13334350081175,37.88999938964844,183.49062822521734,678.6394050189502,292.3711749836275,24950700,28739600,51685400,129064400,69556700,6091100
2025-12-23,214.89999389648438,347.4053039550781,36.349998474121094,188.76828002929688,682.6282348632812,294.63336181640625,217.02999877929688,348.19095193101117,36.79999923706055,188.88799500778453,682.8663651395233,295.5858639147308,212.27999877929688,336.6843928305084,36.029998779296875,182.47299846788633,678.5699062922599,289.9204188593533,212.86000061035156,338.9419395118739,36.2400016784668,182.5428423541149,678.6195066727895,291.11103891238497,20272300,28232600,35958000,174873600,64840000,6802300
2025-12-24,215.0399932861328,348.3004150390625,36.15999984741211,188.169677734375,685.0294799804688,296.4689025878906,216.5399932861328,350.9259291880828,36.18000030517578,188.4689804086018,685.4760045408373,296.8261097967219,213.97000122070312,345.2373101401541,34.95000076293945,186.154389299292,682.4694583215327,293.9189754303668,214.97999572753906,348.7678401423381,35.16999816894531,187.50124372172942,682.6183200290311,295.41717458996357,7956800,11424400,37443800,65528500,39445600,2753900
2025-12-26,214.99000549316406,350.1999206542969,36.20000076293945,190.085205078125,684.9600219726562,300.4773864746094,216.8300018310547,351.31377688845333,36.4900016784668,192.240166195598,686.2995351048382,301.01318213639195,213.02999877929688,345.84392332048026,35.849998474121094,187.5611125998212,683.9281038851597,296.1910817393388,215.42999267578125,349.135778221545,36.16999816894531,189.47662851874142,685.2874813951044,297.56032049750814,15792600,15028100,28779400,139740300,41613300,5125900
2025-12-29,215.61000061035156,347.4749450683594,36.68000030517578,187.7805938720703,682.51904296875,298.5723876953125,216.0500030517578,348.4097648368254,36.79999923706055,188.31932652162573,683.8586166189733,302.1244450231818,209.24000549316406,342.8006944745006,35.81999969482422,185.47598909796272,680.7528697076866,296.3200777082167,211.5800018310547,346.8086041048624,36.0099983215332,187.2717899684254,682.2114479341877,299.42566387616273,20326900,21946900,38062300,120006100,62559500,6205100
2025-12-30,215.33999633789062,347.93243408203125,37.29999923706055,187.1021728515625,681.685546875,297.2428283691406,216.82000732421875,350.74690914085545,38.2599983215332,188.5487999407664,683.2235219572843,302.1740563751994,214.3300018310547,347.3854304912363,36.81999969482422,186.49359631469858,681.2588867271484,297.1138679923818,215.8699951171875,348.05177149084255,36.90999984741211,187.8005508490403,682.1221392108215,300.0011391277321,16409600,16633600,61935300,97687300,47160700,6190600
2025-12-31,214.16000366210938,344.2029724121094,36.900001525878906,186.06460571289062,676.635009765625,301.5192565917969,217.63999938964844,347.96225236762314,37.58000183105469,190.11512498868174,682.0328514439952,304.9919518012533,213.8000030517578,343.52670689319933,36.869998931884766,186.05463453876877,676.4266760541103,301.0628234201717,215.82000732421875,347.81308061349677,37.400001525878906,189.12744593978846,681.8145855439083,301.6283839070773,17591600,15346100,51524700,120100500,74144800,8175100
