Price,Close,Close,Close,Close,Close,Close,High,High,High,High,High,High,Low,Low,Low,Low,Low,Low,Open,Open,Open,Open,Open,Open,Volume,Volume,Volume,Volume,Volume,Volume
Ticker,AMD,AVGO,INTC,NVDA,SPY,TSM,AMD,AVGO,INTC,NVDA,SPY,TSM,AMD,AVGO,INTC,NVDA,SPY,TSM,AMD,AVGO,INTC,NVDA,SPY,TSM,AMD,AVGO,INTC,NVDA,SPY,TSM
Date,,,,,,,,,,,,,,,,,,,,,,,,,,,,,,
2021-01-04,92.30000305175781,38.04343795776367,44.90293884277344,13.046198844909668,341.58868408203125,101.91307830810547,96.05999755859375,39.566177236467894,46.457863595539294,13.582433110247534,347.7574571892461,104.10279675151602,90.91999816894531,37.68735773442891,44.65885502561427,12.895973780811365,337.91150340640877,100.77260067725861,92.11000061035156,39.30582601722883,45.101825529359715,13.036996628743378,347.6277697833951,101.70323432214654,51802600,24171000,46102500,560640000,110210800,11262100
2021-01-05,92.7699966430664,38.30110549926758,45.752723693847656,13.335954666137695,343.9413757324219,102.88932037353516,93.20999908447266,38.41651681188635,45.95161037517049,13.374505491666145,345.0250911405823,104.87831351435766,91.41000366210938,37.79114012328809,44.59557234487782,13.01983542997663,340.90330357734024,102.19591502970536,92.0999984741211,38.02822887018308,44.70405442169798,13.03251966866756,340.9496326301057,102.56086924067623,34208000,15069000,24866600,322760000,66426200,10583600
2021-01-06,90.33000183105469,38.064903259277344,46.1956901550293,12.549759864807129,345.9976501464844,105.4804916381836,92.27999877929688,38.880847013673446,47.144919452274856,13.177023851121177,349.17468134346575,106.19214853882416,89.45999908447266,37.62472195331379,45.38206947699663,12.521406527298588,341.8944053169438,102.68860473230973,91.62000274658203,37.87165351252352,45.59903361170558,13.15463928774817,342.44088464548366,103.87469724640309,51911700,17226000,36809600,580424000,107997700,10609300
2021-01-07,95.16000366210938,39.6690673828125,47.18107986450195,13.275511741638184,351.13818359375,110.79055786132812,95.51000213623047,39.776427621867185,47.633092521198556,13.309089050974185,351.8791655404596,112.16825677118837,91.19999694824219,38.524776583603014,46.37649788735526,12.82036035518454,348.18347073460757,107.28700700358262,91.33000183105469,38.65539928854436,46.548264903993015,12.900944000031782,348.35945889361477,108.88367566676354,42897200,21267000,32092300,461480000,68766800,13556100
2021-01-08,94.58000183105469,39.870361328125,46.692909240722656,13.20860481262207,353.1390075683594,108.29061889648438,96.4000015258789,40.25954681982284,47.48844904076202,13.352114345568758,353.35202512177233,115.2247205179011,93.2699966430664,39.24498471672542,46.34937865290666,12.975059905190177,349.2858377443825,106.73044655373477,95.9800033569336,39.992038747380924,47.41612880829613,13.293915265456878,352.51841303741696,114.87801787315298,39816400,15271000,34625400,292528000,71677200,18976800
2021-01-11,97.25,39.881103515625,46.593467712402344,13.551589965820312,350.758544921875,111.85807037353516,99.2300033569336,40.15129417791959,47.22628615181472,13.889347964433247,352.50912740198214,112.77045268810056,93.76000213623047,39.40334586583016,46.33129953129702,13.293919414175052,349.86008915448537,108.39102175474135,94.02999877929688,39.42034562190137,46.36746137322528,13.349880341033488,349.9805051233097,109.24865639700408,48600200,11660000,32925000,518344000,51034700,12006800
2021-01-12,95.36000061035156,40.20586013793945,48.130306243896484,13.415538787841797,350.83258056640625,112.2230224609375,98.97000122070312,40.68630363594178,48.681758754359336,13.683904877446144,351.8421806908139,114.23026072871454,94.06999969482422,39.866779763905356,46.611543534866485,13.276506530781823,348.60033453721564,111.01867810808636,97.86000061035156,40.060923687298235,46.91891226046976,13.681914337959379,350.94375332137713,114.19377156247089,67672300,13846000,39883900,291476000,52547700,14163200
2021-01-13,91.77999877929688,40.36870574951172,51.48423767089844,13.462299346923828,351.7773132324219,108.78331756591797,93.88999938964844,40.57269260955208,54.467520247870254,13.555071023692324,352.7683702844573,113.8652854312564,90.83999633789062,40.09135815804591,51.43903709899846,13.316303027862848,349.9804022259505,107.6610845539479,93.01000213623047,40.287290525126785,53.7895013236229,13.420763670245865,350.7584417957653,113.5003312100754,60712900,13118000,124070700,210028000,45303600,20650500
2021-01-14,90.79000091552734,40.44563674926758,53.56349182128906,13.132503509521484,350.5454406738281,115.37071990966797,92.36000061035156,41.020911655145476,54.36807367830824,13.529953094168745,353.01851855461456,122.85225074404995,90.44999694824219,40.379429521493606,52.28881645766244,13.112855226974897,350.2120072157381,111.00953435297286,91.7699966430664,40.5744710521306,52.84027236827083,13.505330358708365,352.51834010082484,112.63357346378334,53408200,19692000,74680900,283120000,49989100,37125400
2021-01-15,88.20999908447266,39.88915252685547,52.053775787353516,12.793501853942871,347.98907470703125,114.25762176513672,91.58999633789062,40.26044410828829,53.925107787488265,13.256861253737839,349.7303856428167,117.27759754760895,87.86000061035156,39.42481791671576,51.98145211170451,12.78255862740494,346.13659100513945,112.41460589082608,90.75,40.097613688671046,53.201884825328854,13.160110379541644,348.93383121899916,117.21373803531912,49340300,18165000,50265400,277780000,107160000,17343100
2021-01-19,89.44999694824219,41.08979797363281,52.42443084716797,12.95840072631836,350.7214050292969,119.7957763671875,89.58000183105469,41.109483692360854,52.74083833590907,13.02679731028673,351.25864103080227,122.30482722288247,87.23999786376953,40.10654956470877,51.61984539985793,12.77808038942773,348.96155149790013,117.18636292039086,89.55999755859375,40.10654956470877,52.37922682141954,12.949446142963154,350.43427237101565,119.14797892974109,45115100,18819000,35647100,226188000,51233300,20443800
2021-01-20,88.75,41.32332229614258,53.03916549682617,13.29715347290039,355.5749816894531,119.19361114501953,90.77999877929688,41.673139807022864,53.53638219695184,13.36157087660753,356.40859366437286,124.20259448085433,88.5999984741211,40.70778504492973,52.514832588397766,12.989739333786316,352.6109965934532,118.7009308781109,90.55000305175781,41.11217856525885,52.65043776999259,13.04445641294081,353.00000232397593,123.34495297748776,35185800,14710000,28701300,258572000,61836100,17360700
2021-01-21,91.52999877929688,41.765296936035156,56.46542739868164,13.796327590942383,355.8991394042969,122.40518951416016,92.06999969482422,42.00238571510749,57.81242680362233,13.927401511527409,356.55679143284385,123.53653444179336,88.43000030517578,41.19091602449664,52.63236151561215,13.184981367786673,354.98216906964274,120.74464736033586,89.33999633789062,41.34390361030156,53.373662090599645,13.349631654463508,356.13069985378786,121.574918437248,54221900,15749000,86519500,337780000,47840100,15460100
2021-01-22,92.79000091552734,41.604248046875,51.222076416015625,13.642125129699707,354.6393737792969,117.82503509521484,95.94999694824219,41.83060315311697,53.89799063600339,13.770712324132925,355.7971757317906,119.75016206703305,91.87999725341797,41.36805349170438,51.21303767985282,13.557312743438613,353.6760746401603,117.52394730282462,94.41999816894531,41.48794255239324,53.20189069964345,13.669484147612303,354.0558370725762,118.64617349493557,71294700,16248000,85729300,246820000,52860500,19163200
2021-01-25,94.12999725341797,41.58366775512695,50.11915588378906,13.583176612854004,356.0380554199219,119.08412170410156,95.73999786376953,42.04979411435688,51.07742383799151,13.75752722329833,356.39000351678175,120.58954667765428,91.4000015258789,40.80440599638361,48.8716035898405,13.168565561333795,350.545420736657,116.19186500830662,94.13999938964844,42.010429496395155,50.96894177951391,13.71101709190849,355.3711602750166,120.27934008897078,55086900,14692000,61968500,251112000,70402000,20469300
2021-01-26,94.70999908447266,41.50135803222656,49.911231994628906,13.36629581451416,355.4823303222656,115.55319213867188,95.72000122070312,41.78407407452331,50.806218487445655,13.574719948658196,357.3903860722406,117.98925758920319,93.62999725341797,41.323316241981935,49.58578236087736,13.31879041384867,355.25076988400014,115.18823791349406,94.91000366210938,41.39220602932044,49.97451348468253,13.510799710027586,356.98283743956097,117.74291052881594,59449100,10742000,31485900,163980000,42665300,17084600
2021-01-27,88.83999633789062,39.78627014160156,48.446712493896484,12.851452827453613,346.7942810058594,111.07337951660156,91.87999725341797,40.883141814422956,49.58578277290941,13.164835741319445,352.26837478192436,114.13898350476016,86.22000122070312,39.50086808313013,48.18454434802008,12.728088683861888,344.57130579256653,110.85440979199653,91.0999984741211,40.75609926414384,49.36881864766057,13.162099460401164,352.1757449258156,114.00212481653627,73341200,21857000,49722900,371272000,123351100,16732700
2021-01-28,87.5199966430664,40.41611099243164,50.688697814941406,12.984020233154297,349.7766418457031,114.80503845214844,89.87999725341797,41.01912268729823,51.8910531078713,13.271288976197027,353.7594696685846,116.40170708735207,87.30000305175781,39.9947178126757,49.45018413127699,12.893984812234667,348.16499040605424,112.75217877831521,89.83000183105469,40.75519479083037,49.53154654544956,12.929551725740128,348.60029684934375,113.5915686187722,47048400,16946000,49202600,228316000,94198100,14148100
2021-01-29,85.63999938964844,40.305171966552734,50.18244552612305,12.923084259033203,342.7743225097656,110.87267303466797,88.33000183105469,40.98512795577542,51.674088729043454,13.266313924856322,348.8875242713741,113.46384189559907,85.0199966430664,40.048400953908214,50.04684379313766,12.845235919916684,341.1070702475137,109.98766821845842,87.55999755859375,40.25149356571705,50.60733854302657,13.007896642574716,347.9242248487391,113.13538377293284,56735800,22069000,37256200,271552000,126765100,15169200
2021-02-01,87.66000366210938,41.75813293457031,51.24919509887695,13.169066429138184,348.47998046875,115.56231689453125,87.94999694824219,41.98895896477223,51.882013524318666,13.202642802213429,349.5080953515023,115.7356647552544,84.66000366210938,40.58163450473318,50.36325068269175,12.836531396500265,343.0614600074217,112.56969784307071,86.83000183105469,40.78382954758626,50.5802182808883,12.986259306624243,346.1551043861422,113.62806439070727,42359300,17027000,26926600,217204000,75817600,10179900
2021-02-02,88.86000061035156,42.66533660888672,52.43346405029297,13.487173080444336,353.4075622558594,117.18637084960938,89.27999877929688,42.67338768790261,52.686590014575536,13.502344069129984,354.9543985638464,118.83778038796575,86.94999694824219,41.870863366989724,51.4209567445801,13.217314493896918,348.5633355300297,116.28310746857666,88.48999786376953,42.028328684342476,51.70120236258362,13.329983990357096,351.64770841562836,118.12612339267237,33850000,16141000,23580900,220440000,64450700,9302400
2021-02-03,87.88999938964844,41.61946487426758,52.1441764831543,13.461057662963867,353.68536376953125,116.32872009277344,89.4800033569336,42.81206903809531,52.73179427269006,13.860248208938296,355.39891639815266,117.82502621003408,87.33999633789062,41.56578304546577,51.87296959897727,13.447129576053145,352.41641728887157,115.01488761481848,88.5999984741211,42.66981509275306,52.334020957219956,13.566015475389744,354.23184292640985,117.69729327033548,32312900,17857000,21893200,245408000,52427100,9676600
2021-02-04,87.83999633789062,42.10616683959961,53.470245361328125,13.594120979309082,357.7054138183594,116.92176055908203,88.5999984741211,42.15358595789895,53.55210163223287,13.60332319408904,357.7517146134517,116.96738244845623,87.05999755859375,40.92966827611688,52.015023152967714,13.269296744638849,353.79667129933307,114.93277426335003,88.22000122070312,41.15512580849446,52.39702024036156,13.46155462652012,354.7136418688055,116.3287177627554,30791600,15243000,29853800,201340000,47142600,7445100
2021-02-05,87.9000015258789,41.69282150268555,52.915443420410156,13.521246910095215,359.1131591796875,116.58419036865234,88.36000061035156,42.66891321790164,53.73400614937411,13.666747036533561,359.8171119122872,117.58781630545054,86.87999725341797,41.63466534540079,52.860871415307486,13.476229206080044,357.6589812031138,115.59881597302687,88.1500015258789,42.43718959965014,53.66124347590387,13.654559959985026,359.56703683096254,117.50569133109664,30268700,12488000,23432600,169152000,48669800,6226800
2021-02-08,91.47000122070312,42.291358947753906,53.80677032470703,14.364644050598145,361.7066345214844,120.9362564086914,91.98999786376953,42.35577440038302,53.861342334851784,14.399464262915846,361.7529352971616,121.57492112743051,87.9800033569336,41.65434766308368,52.706260808154454,13.656795624381022,359.7059491724851,117.42357957285623,88.30999755859375,41.937961317501355,53.09735154040298,13.656795624381022,360.55807565817906,117.42357957285623,47639900,17610000,34358300,434624000,38365200,11160000
2021-02-09,90.91000366210938,42.464027404785156,53.46115493774414,14.190045356750488,361.4658508300781,121.05487823486328,93.30000305175781,42.51412906512659,53.943199023885,14.508402678677383,362.05865913101644,122.63330965524091,90.55000305175781,41.92632532814123,52.69716413750876,14.14950400191793,360.4655221555642,120.2063693688648,91.38999938964844,42.228727073001785,53.452061337408914,14.2671469869661,360.8730425291398,122.24097802249327,37596400,12758000,28754100,287560000,35551100,7929100
2021-02-10,92.3499984741211,42.05427169799805,53.53391647338867,14.68847370147705,361.3083190917969,121.97639465332031,93.2699966430664,42.719910579279286,54.04324134964066,14.828501247250246,363.34606196471054,124.08399558614795,90.45999908447266,41.646298049214,52.86087556896432,14.267893903608194,358.91862814688085,120.8997762757847,91.5,42.69485974538483,53.93410080037459,14.389018911932702,363.19785991334857,122.36871236864175,42441300,14587000,16325100,485352000,59154400,12196300
2021-02-11,92.66000366210938,42.80043029785156,55.17103576660156,15.172479629516602,361.89190673828125,126.96712493896484,93.6500015258789,42.88631984370218,55.47117659861541,15.193869871578354,362.79963383055735,127.03098446097036,91.33000183105469,41.97732613185647,53.53391373334195,14.84840204460825,359.4744293353658,122.31396961348203,92.9000015258789,42.379931244956246,53.752194820701725,14.903368657320849,362.3828137358075,123.53655856126487,35571000,17123000,27539100,450828000,42913300,12347900
2021-02-12,93.7699966430664,43.50990676879883,56.216976165771484,14.884465217590332,363.6795349121094,125.96346282958984,94.22000122070312,43.57253384968297,56.853632222738476,15.212771494540394,363.920338519712,127.56013140738138,91.9000015258789,42.487290154499384,54.96184778150815,14.699170418654422,361.0211976334396,125.14232455832084,92.75,42.79953478681594,55.11646326119576,14.972759615299346,361.09531279474186,126.74811194469264,38538400,13551000,26214200,374756000,50593300,11114100
2021-02-16,91.45999908447266,43.76131820678711,56.8172607421875,15.251569747924805,363.3646545410156,127.77909851074219,94.0,44.26681270796578,57.1810637485648,15.29360353659292,365.09675048774824,129.74071419021377,90.75,43.572542740591295,56.11693553127869,14.873271342590193,362.6514585158837,127.20429341092797,93.9000015258789,43.91788935386548,56.38978865344059,14.98693515502818,364.90221935362916,129.2024121656687,35105900,15163000,26326300,321960000,50972400,11833600
2021-02-17,89.94000244140625,43.16635513305664,56.253360748291016,14.829499244689941,363.4479675292969,124.33032989501953,90.95999908447266,43.49201597722334,56.56259521409304,15.145369878254435,363.6980425939292,127.4050535431291,88.56999969482422,42.50250461471972,55.671273158432086,14.704145502301538,360.61364213020715,124.17522658714658,90.55999755859375,43.322922846598324,55.92593908113215,15.093138598804355,361.6232703836871,127.01273586824715,32245500,14084000,21055400,274756000,52290600,12311200
2021-02-18,88.63999938964844,43.23613739013672,56.035072326660156,14.75289249420166,361.90118408203125,122.83401489257812,89.5999984741211,43.42849297708989,56.371591020111794,14.796914923640662,362.6421661884554,123.97449259477662,87.30999755859375,42.508765630263404,55.152843986770876,14.50019545688719,359.14097344228867,121.711774809885,89.08999633789062,42.96504915054391,55.16194105577823,14.653405352105606,360.8545263633819,123.03474008191282,35624900,16715000,17846100,233868000,59712800,11614600
2021-02-19,89.58000183105469,43.83556365966797,57.30839920043945,14.849894523620605,361.2620544433594,124.68614959716797,90.41999816894531,44.299007429584165,57.53577739726149,15.099108634072808,363.4387281237623,125.86311646050703,88.69000244140625,43.55016166825858,56.253364505965834,14.77055375591211,360.8174482448131,123.82850813741305,89.75,43.593106436003545,56.307936522228864,14.947391142889295,363.1515954538638,124.22082578457709,29548300,17992000,28290100,271724000,83241000,10771900
2021-02-22,85.37000274658203,42.618812561035156,55.21651077270508,14.282073020935059,358.4833984375,121.86690521240234,88.30000305175781,43.53585395563324,57.02644242768457,15.055582861112889,360.8823615464996,123.4270710815573,85.20999908447266,42.52576612009637,55.1710358352415,14.251480563869782,358.2147803740749,121.51106276584763,88.1500015258789,43.30234537467772,56.28064235083271,14.698922288674808,358.51118456360194,121.88514283388069,36930200,16967000,32288200,325884000,67414200,10363800
2021-02-23,84.73999786376953,42.21977996826172,55.589412689208984,14.069417953491211,358.918701171875,117.78851318359375,85.11000061035156,42.463134799452426,55.9350284707364,14.165671652932998,360.26176310227765,120.19720093116014,79.36000061035156,40.80261281516648,53.815862312087425,13.320779544823493,352.1571472693643,114.39444431630436,83.4000015258789,42.151784367708984,55.00732514317257,14.003010016724044,356.28817782496253,117.78851318359375,49720900,21303000,27374600,391780000,107284100,18444700
2021-02-24,86.94000244140625,43.02320861816406,57.472103118896484,14.42458724975586,362.873779296875,120.70816802978516,87.08999633789062,43.07062432007034,57.55395939619764,14.43229798344174,363.29987092323375,120.78116027651899,82.80999755859375,41.393105727903645,54.91637479224502,13.68540047372523,356.8532069417338,116.49295975337778,84.33000183105469,41.84223580231234,55.05279960807,14.050268938182565,357.8350210952394,118.1626138916404,40821200,15125000,24669900,448320000,72433900,12782900
2021-02-25,82.41999816894531,40.90102767944336,54.934566497802734,13.239201545715332,354.1300354003906,114.96015167236328,87.08999633789062,42.88899883363903,57.79043571826617,14.300974328312286,362.9756620610373,120.01474269171013,81.91999816894531,40.72656604708921,54.68899766126718,13.148420401177352,352.6943718341732,114.70468578239466,86.16999816894531,42.47476252346022,56.76268543265786,13.973413810504649,361.6140854057681,119.99650507231726,54625100,23148000,36394000,824436000,146670500,13581200
2021-02-26,84.51000213623047,42.03815460205078,55.280181884765625,13.644113540649414,352.3052978515625,114.9053955078125,85.58999633789062,42.56511956735345,56.1078383192897,13.783394411878966,357.1402809088511,116.22834667180352,82.91000366210938,41.221316756279364,54.27971928286292,13.29242744323524,350.33242667147107,112.0678868272148,83.56999969482422,41.828799311663964,55.38022883885903,13.681917670854737,356.00102164898425,114.44007872174483,48962900,22640000,38216800,500932000,152701600,17281000
2021-03-01,86.38999938964844,43.801578521728516,57.190155029296875,13.770710945129395,360.84527587890625,117.81591033935547,86.5,43.839154776288005,57.372058248829184,13.853533731594203,362.0864647926419,118.88339577385823,83.97000122070312,42.395148118329686,56.071454913018904,13.483691763689485,352.49985630016823,116.0915016885667,85.37000274658203,42.91763894149243,56.13512051942791,13.80379015389627,357.14958006161066,118.27210140992143,32746200,24677000,28495400,353184000,105348800,9714900
2021-03-02,84.12999725341797,42.9901008605957,55.69855499267578,13.337447166442871,358.029541015625,114.96015167236328,86.94999694824219,43.916090934602146,57.42662690811826,13.849057762968405,361.2991736921879,117.25935860392767,84.04000091552734,42.9086856511359,55.58031737930111,13.32724967985745,357.5293624902229,114.96015167236328,86.91999816894531,43.87225197566225,57.117392475110506,13.828662789797564,361.0676132242538,117.17723362927237,34828200,18546000,23320000,264116000,79595300,8274500
2021-03-03,80.86000061035156,41.428897857666016,54.47980499267578,12.739034652709961,353.2871398925781,112.12265014648438,84.37999725341797,43.068840365318074,55.953214402511854,13.382464939307132,358.29808287365273,116.56595405143526,80.8499984741211,41.33137706264895,54.29790178256284,12.733064929422051,353.18523860165686,111.95842106890507,84.27999877929688,42.76554434478257,55.152842359723984,13.357345042013627,357.3348118079067,115.61707570996853,43541000,23991000,28740400,377592000,119940200,10660300
2021-03-04,77.75,39.686954498291016,53.0518798828125,12.3067626953125,348.915283203125,105.46224212646484,81.80999755859375,41.781391755819385,54.78904908048515,12.90840960500294,355.67683676199033,112.35985543966464,76.77999877929688,39.49370473606512,52.6698827271929,12.021733103971219,344.45079112435485,103.54624113537936,80.2300033569336,41.30452835176998,54.416148995210364,12.735053297663734,353.1018857931817,111.26499275838515,60549400,34575000,40210400,573344000,183433000,24454200
2021-03-05,78.5199966430664,40.27296829223633,55.24380111694336,12.397544860839844,355.3341064453125,110.21575927734375,79.4800033569336,40.797247415567824,55.64398544282323,12.485590681099316,356.38076408471085,110.67195032243056,74.19999694824219,38.73949212894805,53.2155848091353,11.61930914685573,345.15471924913305,105.27064305830125,79.0,40.64067970919067,53.89771931181504,12.485590681099316,352.397907830953,110.30699609417653,58548900,42414000,39511700,542840000,152039600,17448700
2021-03-08,73.95999908447266,37.68824768066406,54.434329986572266,11.533751487731934,353.56494140625,103.94770812988281,79.0,40.077929902914356,56.1169304482748,12.407244732397784,359.08533337643155,110.39825024159526,73.86000061035156,37.510205882561365,54.31609584170488,11.507138212191661,353.28708023548506,103.73785715339388,78.02999877929688,39.97682897349162,54.99823032008055,12.386104019186076,356.28809394634715,109.9785552495414,54563900,45243000,33112400,543112000,123149200,17246900
2021-03-09,78.52999877929688,39.68785095214844,56.99916458129883,12.460294723510742,358.61297607421875,106.18302917480469,79.22000122070312,39.983092428872894,57.45392097388433,12.556332060651476,361.15086903670385,108.02604496495715,75.7699966430664,38.52477215935135,55.33475798858419,12.001501869193406,356.8901519833952,105.22503212035006,76.7300033569336,38.98016149756469,55.643992474322964,12.072161970913891,357.3903303667505,106.81257506839144,45088300,37884000,36387500,521824000,113633600,17717100
2021-03-10,77.5199966430664,39.150142669677734,56.61716079711914,12.408539772033691,360.84527587890625,103.85645294189453,80.04000091552734,40.62099153818681,58.317951900641866,12.917838270232659,362.53104277568065,107.68845486049781,77.41000366210938,38.927367759782356,56.5080202537938,12.397841436057153,359.53929978707265,103.47325414221876,79.75,40.023348372123756,57.49938915191353,12.779006670400841,360.9471771777907,107.47861088202322,45416600,19914000,27160300,384376000,109899400,15240300
2021-03-11,81.2300033569336,40.590576171875,57.58124542236328,12.9312744140625,364.5038757324219,110.0150146484375,81.88999938964844,40.926974032045564,58.29066068868114,12.983772381108242,366.4675035095816,110.21573978652665,79.37000274658203,39.55275160655139,56.74449200489245,12.673514929162938,362.84589526271924,106.81255212920082,79.4000015258789,40.17276310814165,57.24472325373675,12.887982786943063,363.29977289296414,107.88003731530583,43583700,26170000,30701800,299916000,86245000,15091600
2021-03-12,81.05000305175781,40.36511993408203,57.208343505859375,12.794435501098633,364.9948425292969,107.93482208251953,81.19000244140625,40.57268348840133,57.572146461466964,12.827028797912275,365.1337731463777,108.57348686796144,79.2300033569336,39.77015924594769,56.6080653330674,12.529709519311325,362.3458045414346,107.00418829696237,79.7300033569336,39.8453117438695,56.98096535753643,12.58768004946713,363.15163038715974,108.57348686796144,32938000,18906000,20173000,243964000,64653600,8171000
2021-03-15,82.5,42.11868667602539,58.017818450927734,13.128079414367676,367.17156982421875,108.64645385742188,83.38999938964844,42.15984307963751,58.099674736214745,13.143505256096866,367.43091643604373,108.67382420458797,81.19999694824219,40.545845856036884,56.826355513864755,12.706110083817578,363.1146256154373,106.48410593930707,81.91000366210938,40.723887659439605,57.854105880353714,12.803143022661203,365.24497076495254,108.25412930588853,39086800,31241000,21247400,221988000,73427200,8935000
2021-03-16,82.75,42.78164291381836,58.91822814941406,13.22760009765625,366.7083740234375,108.8927993774414,84.75,43.30234530824929,59.78226932729189,13.447790141533767,368.48674235114737,110.62632671401046,82.26000213623047,41.818076593769,58.281572072266876,13.0539352931175,365.9395775428918,107.7523217824516,83.66000366210938,42.16341974033501,58.345237679981594,13.292537069306986,367.7828178436457,109.2303832514906,42971600,31190000,30186600,272128000,73722500,10793400
2021-03-17,82.62999725341797,43.265663146972656,59.8277473449707,13.277359962463379,367.95892333984375,108.76277160644531,83.25,43.59490413575735,60.291600788540464,13.388823115161827,368.7554779294579,109.45878968898401,80.41000366210938,42.050690895996276,57.945056237577624,12.92729410030536,364.2909844946517,105.67645607557202,81.75,42.076635914569515,58.408909681147385,12.977303509185077,365.4302723844458,107.83779156527922,43320600,23754000,32394700,243864000,97959300,9890400
2021-03-18,78.12000274658203,41.52640914916992,57.96324157714844,12.661572456359863,362.60516357421875,104.86136627197266,81.62000274658203,43.24418633233502,59.75497916338515,13.120862523869793,367.45866174204525,108.36895775519145,78.01000213623047,41.49062127129068,57.89048236828096,12.656098955024245,361.92899685898453,104.49503695743523,81.05999755859375,42.457767681519954,59.69131355455781,13.073590340581577,365.38388907793455,108.06673554666177,51036500,28728000,30094200,293896000,115349100,10283800
2021-03-19,79.05999755859375,42.78063201904297,57.990516662597656,12.784233093261719,361.93426513671875,104.0645980834961,79.33999633789062,42.98080285960945,59.10921664419653,12.85962068483066,363.8764477066978,105.21853295158152,77.58999633789062,40.94483261906113,57.226526008150266,12.552100433738472,359.7690371420061,103.67995545651773,78.48999786376953,41.21082704502731,57.46300120592787,12.688941772839797,362.3059696989545,104.75146291187903,42283400,108602000,54951700,299208000,113624500,11536000
2021-03-22,80.30000305175781,42.854576110839844,59.69131088256836,13.123100280761719,364.8242492675781,107.3157730102539,81.2699966430664,43.39557679131557,60.37344534905419,13.33035300913703,366.1995871570597,108.36896726175807,79.22000122070312,42.52907315192335,58.71813265460981,12.844938809314465,362.3895521009953,105.12696407249844,79.98999786376953,42.640880738863984,58.95460787925347,12.850910591400218,362.4453063598302,105.12696407249844,39648600,31805000,34380100,297804000,73778600,9376400
2021-03-23,78.37999725341797,41.842891693115234,57.735862731933594,13.008155822753906,361.9527893066406,105.21854400634766,80.33999633789062,42.86268081559947,60.07331343950007,13.280594218123273,365.6327121636265,106.92196951867943,77.94999694824219,41.71575728312734,57.45391256079138,12.958892409753085,361.17220132844585,104.97127571649676,80.12999725341797,42.71931494409074,60.02783503128827,13.190776400457926,364.1923465537259,106.32668520744072,40466600,24712000,35160000,222048000,90686600,8977400
2021-03-24,76.4800033569336,41.23066329956055,56.42616271972656,12.582456588745117,360.11285400390625,99.78772735595703,78.80000305175781,42.37758690986801,61.33753216346483,13.09623504907679,364.972975381263,105.03537803083566,76.4000015258789,41.19459567568723,56.380687783482095,12.576237087351224,360.06640156970496,99.68698661617196,77.55000305175781,42.32889596159883,60.555350769805045,13.088272986327917,363.34674315486654,103.00225690011987,43753600,20882000,74584700,245840000,97588600,24196100
2021-03-25,76.22000122070312,41.63010787963867,56.40797424316406,12.475221633911133,362.1385803222656,101.15229797363281,76.94999694824219,41.83929738417449,56.789967885879,12.653862631787966,362.92844160622286,103.25868638884204,74.95999908447266,40.51294002940986,55.462080266657495,12.213232870066019,356.7487667963971,98.80780143208928,75.8499984741211,41.02238241005876,56.080549138256764,12.439643393307525,358.6816752192018,98.90854217290412,44735100,17537000,35401400,295144000,116128600,16772400
2021-03-26,77.41000366210938,43.46409606933594,59.000083923339844,12.777766227722168,367.9744873046875,106.74795532226562,77.5,43.55065698809848,59.091033794089796,12.794685017145731,368.3740689250356,106.87616953729959,75.02999877929688,41.17385705823182,56.18059282639418,12.314246825391695,362.6869079495488,101.83916055849171,76.62000274658203,41.17385705823182,56.20787709371613,12.494379826753573,363.28162946554033,102.57181920481494,49148700,28925000,34705800,363968000,114409100,12910900
2021-03-29,77.13999938964844,42.6147346496582,58.66356658935547,12.886242866516113,367.78863525390625,104.76062774658203,78.0199966430664,43.38476102377115,59.2365570672934,12.999945925065388,368.6900335718035,106.93112321662156,76.26000213623047,42.22250690457634,57.85410087681087,12.639181685648806,365.02868604213734,102.9289881223919,77.02999877929688,43.316233901225345,58.217907328737084,12.758855578432918,366.506230599657,106.73880189453968,37144300,28410000,26161600,273520000,108107600,10863600
2021-03-30,76.0,41.13057327270508,57.9996223449707,12.81010913848877,366.81292724609375,105.3833999633789,76.55999755859375,41.83748279930243,58.20880983898771,12.913113858096398,367.4820067384965,106.31753322559014,74.8499984741211,40.721213010744215,57.43572547111983,12.644157722970252,365.22384572711366,104.66906152983769,76.47000122070312,41.82666182543273,57.9996223449707,12.780501735531377,366.52485411067954,105.57572131185911,39169300,27935000,20709500,200204000,76262200,8206200
2021-03-31,78.5,41.80683135986328,58.20881271362305,13.284329414367676,368.2997131347656,108.32318878173828,79.12999725341797,42.114300465685915,58.654471993032985,13.405993599058158,369.85161555750506,108.39645605885748,76.5199966430664,40.79155145649391,57.826819045557386,12.920330575787311,367.35186241979716,105.83215725690236,76.56999969482422,41.38665350640838,58.21790978353829,12.953172540579997,367.379739547907,106.04279893183204,43659500,28684000,33013200,314776000,112734200,9806500
2021-04-01,81.08999633789062,42.91497802734375,58.709041595458984,13.74560832977295,372.2770080566406,114.29431915283203,81.30999755859375,42.97178298079327,59.01827255130448,13.803578856697488,372.3327906716872,114.3675794300063,79.4800033569336,42.30634812101703,57.826813255853125,13.446546506677153,370.01887561856495,111.40032509634582,80.16000366210938,42.56512968188461,58.86365707338173,13.507255208263642,370.22331734295256,112.4718326352856,40182400,23528000,31416300,308276000,99682900,17904000
2021-04-05,81.43000030517578,44.04477310180664,60.51897048950195,13.920516014099121,377.6203918457031,114.01957702636719,81.9000015258789,44.1493678335801,60.700870237655316,13.946888858751477,378.1593875358287,116.67545612160038,80.38999938964844,42.99342561540867,58.84546366256243,13.667234391669156,374.85116890824196,112.35278509550795,81.73999786376953,43.30720637113117,59.07284181726944,13.801090791161734,374.92549847279105,116.373233879072,32610600,22966000,27947500,255672000,91684800,14113900
2021-04-06,81.44000244140625,43.62910461425781,59.627647399902344,13.795117378234863,377.3973693847656,112.13296508789062,82.45999908447266,44.02132883943942,60.5553541932154,13.98694428007725,378.43815342897005,113.57080172181239,80.87999725341797,43.07637843331248,59.38208203639646,13.707539461225052,376.7282898764573,111.30872596939892,81.20999908447266,43.561478680385775,60.08240372708654,13.932705651391382,377.0628438102306,113.56164156850977,29327900,18063000,28771400,191744000,62021000,13042300
2021-04-07,82.19999694824219,43.50196838378906,60.25520706176758,14.075769424438477,377.83404541015625,109.79763793945312,83.0999984741211,43.63271094360205,60.5462508032217,14.175289971373456,378.1778727378527,112.28866897411854,80.3499984741211,43.09982434329828,59.445741439003605,13.645838042143147,376.77468630209785,109.75184415347663,81.31999969482422,43.28106020184202,59.72768811193506,13.814277068484714,377.2300221296708,112.13298128123964,35590900,12074000,17793300,251284000,55836300,11193200
2021-04-08,83.3499984741211,43.77427291870117,60.98282241821289,14.248437881469727,379.62762451171875,113.03965759277344,83.79000091552734,43.999690405600816,61.201103498613584,14.402198005906836,379.6833787740755,113.39682681709695,82.44000244140625,43.290978459674335,60.355256505651646,14.180762736178757,378.15007984078824,111.16222388571765,83.31999969482422,43.999690405600816,60.91005974506918,14.184495575099847,379.0793553590518,111.16222388571765,41925300,18121000,22224200,244416000,57863100,10226700
2021-04-09,82.76000213623047,43.73910903930664,62.08333206176758,14.331039428710938,382.38751220703125,112.46266174316406,83.58999633789062,43.7589452014666,62.210663270733,14.339001489543403,382.55480332633414,113.04878579108878,82.16000366210938,42.96818160157498,60.600822081765116,14.107117501169766,379.38597091748704,111.45525448534052,82.80000305175781,43.28016002713988,60.75544449753496,14.145930293598289,379.5067812528372,112.41686796339033,32759900,16614000,27177100,195172000,61104600,8315200
2021-04-12,78.58000183105469,43.6110725402832,59.49122619628906,15.136163711547852,382.5269470214844,110.7226333618164,82.18000030517578,43.76886409920662,62.29251990482872,15.278976816323755,382.796416474297,112.15131024804897,78.02999877929688,43.15392588694621,58.854563173278905,14.071536912958104,381.1887881496238,109.20236889085471,82.05999755859375,43.454182156039636,62.02876040174277,14.221316464351995,381.79281150001924,111.92235526052956,62098800,23247000,51266900,869324000,56704900,9868400
2021-04-13,80.19000244140625,43.72739028930664,59.31841278076172,15.604413032531738,383.6605529785156,111.06148529052734,80.72000122070312,44.02133492496582,59.691309337827924,15.624815043568274,384.28317985277835,112.55427632150919,78.9800033569336,43.306311219319475,58.399803113404765,15.053314813963015,382.0436231737803,110.21893259046942,79.66999816894531,43.73099842797906,59.67312213903244,15.158558477798532,382.42462941635466,112.09636633402312,37767300,15281000,26822000,676212000,56551000,8384800
2021-04-14,78.55000305175781,43.03670883178711,58.38161849975586,15.203843116760254,382.350341796875,110.66766357421875,80.12999725341797,44.10879372243452,59.463933821288585,15.645218885689257,384.68280356603617,112.12382071974832,77.94000244140625,42.846457781953816,58.06328699449556,15.15457969534275,381.81134623004976,110.35628818959084,79.87999725341797,43.502874122010866,59.4002682141396,15.550176216248406,383.6327179168514,111.72085776349975,34263800,18220000,25768400,385500000,61659900,9521900
2021-04-15,83.01000213623047,43.28015899658203,59.136505126953125,16.059968948364258,386.4577941894531,108.38728332519531,83.94999694824219,43.48844385369921,59.31841180707427,16.13659985814199,386.7272920226282,111.73002734398241,79.97000122070312,42.98982252908536,57.917761595777975,15.556640352730028,384.43198042379737,106.7479648724279,80.31999969482422,43.42803419395932,58.18152107768088,15.587492029138685,384.4784328546867,111.45527858024325,68942800,18370000,24927700,598480000,60229800,18709100
2021-04-16,82.1500015258789,43.171058654785156,58.89094924926758,15.836298942565918,387.7494812011719,108.83602142333984,83.58999633789062,43.440657787586375,59.59127099797693,16.088336305909337,388.35350456848977,110.44786622396805,81.52999877929688,42.9898227952474,58.72723668035701,15.789274468247468,386.3276909048911,107.92936177986485,83.30000305175781,43.3234397264908,59.41846829787181,15.976125238422119,387.7401793717676,109.15656394230979,47280600,16263000,24625500,335208000,82037300,9512100
2021-04-19,81.11000061035156,41.65715789794922,57.87229537963867,15.288183212280273,385.8443298339844,105.68561553955078,83.18000030517578,42.99162918802953,58.88185158504863,15.731798779412195,387.26611968922316,108.8726648088482,80.38999938964844,41.48133250956826,57.362967007108736,15.160049939654558,384.5247749927704,105.5024473712772,82.12999725341797,42.96728371091852,58.845470243543126,15.46209667219749,386.8200857639575,108.06674582989797,39115500,26319000,23997700,404420000,78498500,12630300
2021-04-20,79.2699966430664,41.229774475097656,57.02644729614258,15.098599433898926,383.01947021484375,105.27349090576172,81.11000061035156,41.65986880804708,57.990528542931266,15.422788907675336,385.73293861586444,106.94944293911242,78.51000213623047,40.984517310971796,56.762687779014655,14.891346639823693,381.55119913988244,104.90716854872096,80.81999969482422,41.477731724405814,57.88138798979805,15.249871024156077,384.63640040393466,106.28089834907705,34977800,19128000,19872100,334132000,81851800,9299200
2021-04-21,81.61000061035156,41.4578857421875,57.93595886230469,15.286938667297363,386.6435852050781,107.51724243164062,81.66000366210938,41.50747786822814,58.00871807312476,15.28892894500283,386.8480269077358,107.59966285713621,78.86000061035156,40.80958340480421,56.662639712555574,15.02992519507416,382.26667807443886,104.19281219364477,78.98999786376953,41.04582188453256,57.10830245582243,15.046345697974633,382.4060920583846,104.86136370031609,35069000,25947000,24364200,216776000,66793000,8472200
2021-04-22,79.05999755859375,41.03590774536133,56.90821075439453,14.779135704040527,383.11236572265625,105.61234283447266,81.79000091552734,41.57961193262865,58.12695794100672,15.364568865290124,387.303406925715,107.60883034937692,78.58999633789062,40.48498728079704,56.64445123225468,14.712704831012775,382.05300649472724,104.77895041997888,81.61000061035156,41.03500313100046,57.61762956751415,15.301372550222148,386.47636655189376,107.60883034937692,38846100,27057000,38257600,277788000,97582800,7411800
2021-04-23,82.76000213623047,42.029537200927734,53.87953186035156,15.192147254943848,387.2661437988281,108.6528549194336,83.30000305175781,42.1846252183484,54.57075995992379,15.261563065807191,388.66935844761497,108.72612217657785,79.95999908447266,41.25139702968693,52.660784749132645,14.828895411965819,383.5955237172511,106.17098422766169,80.20999908447266,41.340661467312536,53.80676918170424,14.86273203688158,383.66985325634715,106.76626846444577,49194000,22890000,77479500,227500000,73209200,8380300
2021-04-26,85.41000366210938,42.5452995300293,53.44295883178711,15.403874397277832,388.07464599609375,111.29042053222656,85.9000015258789,42.72382842619303,54.134190350487664,15.40487001062498,388.6415186781956,111.30874084127956,82.69999694824219,41.79871413996853,53.17010574578015,15.052565251799168,387.33123709676823,109.34888700165001,83.3499984741211,42.10979138582719,53.75219325446573,15.11227832495062,387.9166850756221,109.89837749167827,57594500,18271000,39645900,197796000,52182400,8444000
2021-04-27,85.20999908447266,42.04937744140625,52.72445297241211,15.308089256286621,387.9911193847656,111.06148529052734,87.1500015258789,42.762598716247304,53.32473122295407,15.595456172950886,388.5672940504344,111.409501352794,85.12999725341797,41.93306399675056,52.54254973629001,15.280969463843478,386.8574020736745,109.79765624044045,85.66999816894531,42.712105418176996,53.26106561073868,15.503896739298003,388.3721257652972,111.27212695911778,61909900,13267000,38167700,164572000,51303100,5491800
2021-04-28,84.0199966430664,41.404685974121094,52.4061164855957,15.203592300415039,387.87957763671875,109.58700561523438,89.19999694824219,42.01511834325747,52.897254135822116,15.457869551472516,389.37572589844,110.28302366420047,83.91999816894531,41.120661153972364,51.97864791107893,15.142635880213009,387.41493989916654,108.73529288293952,88.8499984741211,41.961016903401344,52.31516661089392,15.290922515939359,388.26058398462,109.89838100759013,108920300,15940000,30387400,209416000,51238900,6476500
2021-04-29,83.91000366210938,42.04397201538086,53.00639343261719,15.251359939575195,390.3513488769531,109.07415771484375,85.2699966430664,42.35053995389075,53.02458410103275,15.362574421161485,390.9646739287683,110.65852934724461,82.62999725341797,41.389358024946915,52.2696904441207,14.999322628696001,386.9873770987906,107.70958790737316,84.69999694824219,42.35053995389075,52.642590472851644,15.326249241914937,390.59296951048833,110.55778859093955,51294500,14650000,23290600,173196000,78544300,8831800
2021-04-30,81.62000274658203,41.13418960571289,52.32426834106445,14.937617301940918,387.78662109375,106.91281127929688,84.0999984741211,41.54264880864999,53.14283121863576,15.291414991076516,388.9389418978536,108.23159414786821,81.41999816894531,40.92139540394023,51.90589330120172,14.925177355723553,386.8945246318917,106.83039084358677,82.97000122070312,41.45067738393853,52.39703102774451,15.101828008795524,388.0932978632619,108.07590644453721,46601900,19367000,30731800,201912000,85527000,7950700
2021-05-03,78.55000305175781,40.5877685546875,52.07869338989258,14.765698432922363,388.62298583984375,106.1801528930664,82.0,41.46238945256473,52.64259373719654,15.173734835232782,390.1469827577325,107.65462337232532,78.45999908447266,40.420057211445425,51.69669973802421,14.716684635138343,388.1304710094045,105.98783156800883,81.97000122070312,41.45427200204172,52.624403067652985,15.052568004352894,389.76597643845156,107.58135610930792,66323300,15098000,22281700,203912000,68128300,10229500
2021-05-04,78.61000061035156,40.08283615112305,51.75127029418945,14.282523155212402,386.225341796875,105.64897918701172,78.66999816894531,40.36776557193476,51.824029500806155,14.567402449672667,387.13604167321887,106.07025548247262,77.04000091552734,39.43092913832163,50.75990138373999,13.94315656113804,382.55472188921084,104.16534850435733,77.94999694824219,40.3244851100444,51.73307962515644,14.567153783566326,386.6435269672598,105.31928347975519,59194300,23497000,35323600,405324000,101591200,9638300
2021-05-05,77.83000183105469,40.01881790161133,51.70579147338867,14.389259338378906,386.34625244140625,105.66726684570312,79.30000305175781,40.70499018215607,52.115072849570325,14.742559766034404,388.0932947530025,106.68382719832037,77.36000061035156,39.88717416806167,51.351082103869686,14.318599252847807,385.7886815225001,105.18188355767222,79.05000305175781,40.61211759705497,51.80583841751256,14.638559441083883,387.8609759000612,106.23507753410398,42310200,16388000,21001900,292024000,60162200,7059000
2021-05-06,77.88999938964844,40.447120666503906,52.335391998291016,14.453453063964844,389.4315490722656,107.15092468261719,78.05999755859375,40.49310466040543,52.39030011976375,14.50147220524019,389.5616329149968,107.7370488398577,76.47000122070312,39.659060469125315,51.475185707191464,14.149914271480062,384.4227397626572,104.82474137669027,77.62999725341797,40.016121761886446,51.813777062395566,14.4258359359886,386.42067671584044,105.59403370003788,38661300,13495000,25529300,193380000,74321400,8581700
2021-05-07,78.80999755859375,40.807777404785156,52.77465057373047,14.741316795349121,392.2657470703125,106.99522399902344,79.56999969482422,41.33074761821225,53.08578963767279,14.899057484920897,392.9162512267745,109.36719381829974,78.22000122070312,40.50301183849706,52.38115455754446,14.601489557572949,389.5150996883385,106.28088570576108,78.75,40.989013254379266,52.80210638202974,14.737336239196171,390.1934809738354,108.4330607395298,36954200,11712000,19959000,229328000,67733800,9614300
2021-05-10,75.98999786376953,39.32183074951172,51.21895980834961,14.197434425354004,388.3814392089844,102.855712890625,78.30000305175781,40.44260662975897,52.37200254520282,14.735097113534144,392.8419506611757,105.66727921641363,75.91999816894531,39.292074785356924,51.13659936351118,14.181759916939434,388.26062884578397,102.78245262156855,78.19999694824219,40.42908212957903,52.298795200282434,14.716436713295641,392.6189335963382,105.30095690968102,45134500,25239000,35046500,268904000,81852400,12281200
2021-05-11,76.83000183105469,39.67979049682617,50.36789321899414,14.237737655639648,384.9151306152344,103.35025024414062,76.93000030517578,39.832171566644774,50.907810809663246,14.28600545214214,385.9001602068303,103.47846444130352,72.75,38.14514850459335,49.69070708340348,13.684151890616677,381.05864362633724,99.94339989175589,73.56999969482422,38.32097387426035,50.37704282624299,13.758792529289508,383.88364860033465,100.49289729348223,51008200,17887000,35968100,285584000,116888000,10007700
2021-05-12,74.63999938964844,38.08474349975586,49.06843566894531,13.692611694335938,376.73748779296875,99.10086059570312,76.12999725341797,38.8493594145624,50.011005923123264,14.191958844362496,383.40967737539506,100.82259931955099,74.16000366210938,37.79260462262616,48.88541208137491,13.643597898091196,375.4272062689719,98.96348622705847,75.08999633789062,38.70779928991091,49.773074212016375,13.942409127844432,382.14587663008854,100.1448946179615,42531400,29940000,30232300,303408000,134811000,15058900
2021-05-13,73.08999633789062,38.82590103149414,49.42532730102539,13.599806785583496,381.2630310058594,99.59541320800781,75.69999694824219,39.20640302789437,49.77307175112745,14.013317589093692,383.1866374916352,102.0498107968958,72.5,38.378670850159686,48.92201507825508,13.394544329389682,378.23358475439954,98.81696769760536,75.20999908447266,38.76187980952606,49.45278310687846,13.966541791864056,378.28006553031264,100.15406390083632,48646800,21841000,29192500,285404000,106394000,10552000
2021-05-14,74.58999633789062,39.819549560546875,50.65158462524414,14.17479133605957,387.1174621582031,102.99311065673828,75.02999877929688,40.135136125484514,51.1091418612116,14.259384315186782,387.96310601913143,103.33196655334376,72.72000122070312,38.956654146519014,49.65410971119969,13.682659301255852,383.9579320535756,100.95998925140884,74.0199966430664,39.34797722194005,49.96524877129295,13.823482138772494,383.9858091760576,101.29884514801431,38355800,16964000,28158300,258616000,82201600,8425200
2021-05-17,74.6500015258789,39.668067932128906,50.633277893066406,14.097663879394531,386.1324768066406,100.55701446533203,75.5199966430664,39.866436424898744,51.14573968712696,14.101395769520703,386.9409701694624,100.7676491015643,73.41000366210938,39.02788308313273,50.11165950986538,13.787158662144325,384.1252386808852,98.78948201349618,74.22000122070312,39.866436424898744,50.59667248180946,14.089204485525109,386.0116948349033,99.88846295273954,40779200,15725000,20010200,216980000,65129200,10688600
2021-05-18,74.44000244140625,39.109031677246094,50.184879302978516,13.948631286621094,382.80572509765625,101.50948333740234,75.7699966430664,40.0738182182511,51.3745274544067,14.335271049826762,386.6343353537289,103.92725451535533,74.23999786376953,39.06755356756111,50.14827388517832,13.936937334846162,382.6477357955868,101.41790273673526,74.73999786376953,40.02692962125088,51.20065695618293,14.198678365986758,386.39271466558824,103.48765785014062,31982500,17824000,18703400,186256000,59810200,7476600
2021-05-19,76.2300033569336,39.828556060791016,50.660736083984375,13.998391151428223,381.8020324707031,102.93814849853516,76.97000122070312,39.898885501654874,50.724793815674246,14.012075380470698,381.97859704474223,103.02056892796884,72.76000213623047,38.384080082017505,49.26976171279006,13.478393295136081,376.6631412455345,98.90853991921122,73.16000366210938,38.411129073211974,49.48023761561172,13.50153158198769,378.14071391443656,99.3664498262446,73966200,21369000,23769700,344000000,106467100,7280500
2021-05-20,78.05999755859375,41.02599334716797,51.20065689086914,14.542523384094238,385.90948486328125,103.74406433105469,78.2699966430664,41.4137118012212,51.46604093325487,14.613432141859077,387.1640123182548,104.14702727313599,76.25,40.15407913278822,50.6607391971017,14.202161157001548,382.5548143000937,102.6633967031416,76.80999755859375,40.19194911539255,50.85291240398042,14.234007504367282,382.6755962796749,102.92898527977242,49135000,21886000,23145200,321592000,78022200,6442500
2021-05-21,77.16999816894531,40.686954498291016,51.31962585449219,14.919955253601074,385.5935974121094,102.43444061279297,78.80999755859375,41.29558101434312,51.896145509968804,15.14910295826252,388.6230447677026,104.40345452986524,77.04000091552734,40.51563500990453,51.22811230457805,14.798291095690491,385.13826146942415,102.28791308185873,78.55000305175781,41.29558101434312,51.63076145154529,15.091131488505768,387.3870924100726,104.40345452986524,40201100,13216000,17723100,672992000,76578700,5979400
2021-05-24,77.44000244140625,41.403785705566406,52.12491226196289,15.537236213684082,389.5243835449219,104.0645980834961,78.01000213623047,41.696829158570516,52.51841170964836,15.669598713415175,390.5930445875986,104.89799742909956,76.80000305175781,41.14861566900922,51.612450462844464,15.10332335245462,387.582172994574,102.68171525976672,77.26000213623047,41.1991089714741,51.8412290491321,15.139648534960056,387.8237936745519,102.80992946875949,33194300,14420000,19164400,554816000,51376700,6653600
2021-05-25,77.86000061035156,41.43533706665039,52.04256057739258,15.572813034057617,388.66015625,104.6598892211914,78.7699966430664,41.74371075735587,52.67399181582893,15.742744980486313,390.95546775246584,105.26433366378674,76.83999633789062,41.161232087664395,51.63075835469166,15.408354588751854,388.084010006822,104.03713145631325,77.33000183105469,41.648131216930196,52.67399181582893,15.6904966300758,390.6023385429732,105.18190624563701,47353100,9600000,22309900,435408000,57451400,5331700
2021-05-26,78.33999633789062,41.52099609375,52.088321685791016,15.624814987182617,389.4315490722656,106.23509216308594,78.58999633789062,41.666164311481964,52.372008470303754,15.718116033223644,389.9333374989682,106.23509216308594,77.58999633789062,41.0737692918506,51.78633568114148,15.511610211521978,388.21420025319503,104.40345264303274,77.83000183105469,41.54624274031208,52.20728756199122,15.658901227493464,389.24568260065894,104.40345264303274,30354000,9873000,15173600,370440000,43088600,6605100
2021-05-27,78.41999816894531,42.169307708740234,52.829559326171875,15.41382884979248,389.63592529296875,106.02447509765625,78.43000030517578,42.23783482744415,52.96682789664256,15.67457423164348,390.9647824277328,106.72050023286782,77.47000122070312,41.44526536866031,52.16152616437638,15.385963061533063,389.35712563246545,105.31929679347287,78.11000061035156,41.476823683879324,52.26218931727025,15.624564822611564,390.45369225566577,106.23511676559002,35883200,19098000,32387600,581476000,56707700,6513700
2021-05-28,80.08000183105469,42.588592529296875,52.27133560180664,16.166702270507812,390.3329162597656,107.48062896728516,81.08999633789062,42.79507509943715,52.75634862664112,16.1995451708995,391.4573317528187,107.92021862670236,78.66000366210938,42.16931572477273,52.10661472407184,15.426764176967593,390.10059736851764,106.18931949504983,78.66000366210938,42.37850181976067,52.66483508851927,15.426764176967593,391.19713572899053,106.50986206451647,40952700,19946000,20303900,644536000,58520200,5386500
2021-06-01,80.80999755859375,42.22611999511719,52.060855865478516,16.18661117553711,389.989013671875,108.53379821777344,82.91000366210938,43.09983661053401,52.91191250745516,16.30976923688421,392.8232922551266,109.93500128749206,80.66000366210938,42.12603454384661,51.786322253105084,15.827091228848875,389.55225310614026,107.54471123191911,81.01000213623047,42.869008562238,52.71973932788218,16.192085626438377,392.68390661909086,109.63277909951157,43433000,16277000,20326400,472804000,54216600,7596100
2021-06-02,81.97000122070312,42.714813232421875,52.60077667236328,16.697904586791992,390.6023254394531,108.93675231933594,82.5999984741211,43.07277563896984,52.79294986359009,16.83773279900915,391.43869600618797,109.39466217689876,80.66000366210938,42.33069956205417,51.94189317000338,16.157754218440484,389.6358994197464,107.9934591307005,81.0,42.54349373375903,52.079161729956525,16.174424342650617,390.6395043968989,108.8909655258696,35203200,13286000,18483600,594168000,49097100,5383400
2021-06-03,80.27999877929688,41.909629821777344,51.46603775024414,16.88848304748535,389.1525573730469,106.986083984375,81.88999938964844,42.356860215127526,52.25303323796262,17.1763491798281,390.28627422833796,108.30486691997211,80.26000213623047,41.77077321853835,51.32876918760052,16.503585882792244,386.83867124710173,106.65638825047573,81.12999725341797,42.270299271924344,52.14322048237846,16.62077215706791,388.29764008761765,108.11254557305614,29812000,20389000,21831300,580008000,58138800,4912200
2021-06-04,81.58000183105469,42.82932662963867,52.50011444091797,17.49407196044922,392.7117614746094,109.44963836669922,82.19000244140625,43.13589457888738,52.84785890553627,17.576424107008513,393.0091363874435,109.76101377932545,80.80999755859375,42.33521114815315,51.74057127104209,17.01363381979466,389.2176771468902,108.1125421491869,80.91999816894531,42.42357442628035,51.74972087945211,17.030550709204036,390.99259643637595,108.27739001091588,26387800,23865000,21493800,617120000,55938800,5352100
2021-06-07,81.3499984741211,41.81764602661133,52.24388122558594,17.53462028503418,392.330810546875,108.2682113647461,81.68000030517578,42.78243600458205,52.56416986917057,17.727194109995963,392.87907966771104,108.75359471162025,80.37999725341797,41.699530239009,51.96019450492212,17.11041308265878,391.4015350825624,107.67292713310509,81.4000015258789,42.64898649009763,52.53671755425886,17.48710039214021,392.7025150607527,108.19494410823486,29006800,24142000,17364400,575756000,51555000,6266000
2021-06-08,80.88999938964844,41.795108795166016,52.16151809692383,17.373401641845703,392.4143981933594,106.16183471679688,82.6500015258789,42.593986381732144,52.74719072403202,17.53711316104232,393.2786174726193,107.77367959981174,80.44999694824219,41.793306445826005,51.795470959539095,17.16838687091044,390.5930264269201,105.3742290914118,81.87000274658203,42.20266331987607,52.57332025376059,17.443314784213733,393.18568426469994,107.65462553537947,26956600,16615000,33254500,323848000,47134300,11564800
2021-06-09,79.95999908447266,41.8311767578125,52.16151809692383,17.279081344604492,391.8289489746094,107.26996612548828,81.68000030517578,42.12512136371546,52.60077256725497,17.4948438746544,393.32509704758354,107.74619631416752,79.80000305175781,41.63190708699512,52.13406578342945,17.17704981871262,391.6059319636749,106.20761883570047,81.08999633789062,42.12512136371546,52.49095982239324,17.435864226348606,393.25073913778317,106.23509231059538,28454600,12126000,13904800,381656000,48436300,6401600
2021-06-10,81.55999755859375,42.258567810058594,52.5092658996582,17.345523834228516,393.65032958984375,108.28656005859375,81.70999908447266,42.33701128283192,53.104088172493114,17.412219583949422,394.5982086261025,108.8452108444701,79.69999694824219,41.49575439556981,52.097463716382066,17.097660874799708,391.7360245783089,106.81208922861222,80.0199966430664,41.972737213397046,52.298790003958054,17.27086704833761,393.0463062654877,107.18757880052851,28606400,15413000,26738100,287772000,51020100,8566600
2021-06-11,81.30999755859375,42.44159698486328,52.93937301635742,17.743955612182617,394.3008728027344,108.29569244384766,82.33000183105469,42.57053716893248,53.02173346190715,17.857436015238456,394.4123813217684,108.45138013450405,80.69999694824219,42.12150462031921,52.11577205174501,17.364195263212135,392.91626142600035,107.29745220559714,81.61000061035156,42.23782148228917,52.59163201593399,17.399781657404368,394.1986661133654,108.33232607467573,24310900,14508000,18119700,416308000,45570800,6036600
2021-06-14,81.55000305175781,42.90415954589844,53.25050735473633,17.936569213867188,395.18359375,110.8050308227539,81.55000305175781,42.91047120775949,53.25966045391958,17.957224622706175,395.28580041296436,110.81419097675737,80.19999694824219,42.02322696958022,52.371998340907496,17.582193863360512,393.1763558482373,108.48800794754757,81.51000213623047,42.422667455642475,53.094939577466114,17.82433434092857,394.41227942721866,108.57043535927818,27830200,14675000,21784500,321376000,42358500,7610300
2021-06-15,80.47000122070312,42.44521713256836,53.06748580932617,17.707365036010742,394.4588623046875,109.39466094970703,81.68000030517578,42.970890937012854,53.46098179132408,17.934077024365276,395.36953411673755,111.73000399193948,80.22000122070312,42.24774979557196,52.89361183844806,17.647141786464086,393.58534109284255,109.22981312334768,81.58999633789062,42.9699863226664,53.268808604349296,17.83328913764329,395.33238351653245,110.21890008150378,26194300,11131000,20806500,243032000,51508500,8196900
2021-06-16,80.11000061035156,41.99528121948242,52.36284637451172,17.729019165039062,392.2564697265625,108.08504486083984,81.44999694824219,42.4794768845406,53.41522582570014,17.872860848959444,394.82127919481803,109.80679047918565,78.95999908447266,41.610266365826824,51.951044201923054,17.50429881095447,390.2213824615084,107.60882166060287,80.75,42.40283575953029,53.21390303423351,17.709609271497378,394.59826214861766,109.48625496103094,29598300,20437000,21879700,307124000,80386100,8059400
2021-06-17,84.55999755859375,42.48398971557617,52.32624435424805,18.572158813476562,392.12640380859375,109.51093292236328,85.37000274658203,42.85096734714884,52.98512787311466,18.749097779560163,393.1021317895134,110.54058123770648,80.56999969482422,41.83208263245872,51.88698983863183,17.675268955812072,389.6638292802219,108.10434775337663,80.7699966430664,41.916837776420614,52.20727849870055,17.693435236474446,391.84763248811356,108.18709135811848,77822800,20881000,21498800,809656000,90949700,7608100
2021-06-18,84.6500015258789,41.79240417480469,50.944427490234375,18.553735733032227,386.83642578125,106.4495620727539,85.7699966430664,42.35685255329064,51.93275292190608,19.28662750216868,389.5494393113769,108.38015984593058,83.4800033569336,41.52280503064457,50.42281245381379,18.4992350161202,386.6313151981734,105.91634728366164,84.27999877929688,42.13233622234427,51.86869517995163,18.69832354334408,388.85953482830837,108.03081585339791,58736800,28537000,55118300,968856000,118676300,12532800
2021-06-21,82.58999633789062,42.22041702270508,51.127445220947266,18.34320640563965,392.3743591308594,104.93266296386719,84.19000244140625,42.290388784830995,51.28301649841829,18.451959152942997,392.5608336456239,106.09102445152999,82.20999908447266,41.6597346967318,50.66988797915028,17.741463607959098,387.7780497072785,103.90300752883871,83.48999786376953,41.90781639881461,51.01763246036371,18.3511693418325,388.5891597876732,106.0726338646086,44417100,18591000,19254600,672384000,72822000,11116200
2021-06-22,83.58000183105469,42.20587158203125,51.127445220947266,18.800609588623047,394.4720458984375,105.1073226928711,84.04000091552734,42.58117807546,51.5026420195854,18.877259967462265,395.3018204521082,105.2544122963943,82.4800033569336,41.921439968299126,50.78885383946522,18.30214384565627,391.64713072526837,102.97447083713871,82.9000015258789,42.39943178258896,51.191502955528065,18.387254606653663,392.3650319575485,104.34427477110816,32107700,13722000,18682800,580144000,57700300,11792400
2021-06-23,83.81999969482422,42.406707763671875,50.56922149658203,18.9703311920166,393.99652099609375,106.68859100341797,84.48999786376953,42.517570627896745,51.21895539021026,19.065396569450836,395.34836134844016,107.94807264831813,83.16000366210938,42.07774862032168,50.54176918096552,18.821513150301545,393.91261601852824,106.46794604671483,83.83000183105469,42.15226499346128,51.12744185334773,18.92105744176349,394.5465837059187,106.82648533391526,25992400,17674000,20287900,332356000,49445400,8913700
2021-06-24,86.0999984741211,42.715667724609375,51.31047058105469,19.117902755737305,396.3273620605469,107.78260040283203,87.13999938964844,43.04190212191772,51.33792289942382,19.3314248397284,396.74688700384473,108.1779138786964,84.37000274658203,42.58299352326858,50.6424374039552,19.00118709622117,395.879840335682,106.89084625862958,84.38999938964844,42.70021743549235,50.77970597757057,19.140052396781588,396.13158375367453,107.30455032255512,42217700,12502000,21209700,320924000,45110300,6772200
2021-06-25,85.62000274658203,42.00141143798828,51.1640510559082,18.944204330444336,397.735107421875,107.12987518310547,86.36000061035156,42.93285560616914,51.6216083014416,19.257270776737716,398.1826291109268,108.41694280770594,85.0999984741211,41.801490158378435,51.01763287697291,18.80832746643894,396.7468552540623,107.12987518310547,86.33999633789062,42.83289496636422,51.26471420846711,19.192566694456715,397.0731713740786,107.97565987408846,27804500,19100000,21101200,278364000,58129500,6712800
2021-06-28,87.08000183105469,42.96466827392578,52.60077667236328,19.893856048583984,398.5369567871094,109.96142578125,88.0,43.28181699546265,52.82955527836219,19.987178487793155,398.7047667692016,110.27399564902092,86.1500015258789,42.30220533158451,51.55754678754977,19.230893075901268,397.0639106353862,107.72744620728052,86.37999725341797,42.346732819349604,51.575849494935824,19.272950069531685,398.25727348362227,107.82857340307805,30262000,13987000,22480900,495436000,53159600,11026600
2021-06-29,89.5199966430664,43.35995864868164,51.9327392578125,19.935413360595703,398.7514343261719,110.53140258789062,90.30000305175781,43.37449724352614,52.92106442944463,20.00708358846568,399.5532121672935,110.5865603198881,86.66000366210938,42.777465027770646,51.13659075236498,19.56734872951691,398.2200075512794,108.867405195112,87.41000366210938,42.92558606237023,52.66483003815989,19.791820384449192,398.91924432286936,109.768354563475,46181000,14184000,26360000,367632000,35970500,7874900
2021-06-30,93.93000030517578,43.331790924072266,51.3745231628418,19.911270141601562,399.0870361328125,110.46704864501953,94.33999633789062,43.490821121848114,51.59415216041152,20.070540237808444,399.75830454102925,111.01864700227368,90.5999984741211,42.94012931744775,50.68818734540258,19.773152897382392,398.2665938058792,109.40981436880944,90.81999969482422,43.44901832398041,51.55754674566915,19.9080348431735,398.2945621373876,110.46704864501953,70721500,15381000,29891600,326568000,64827900,7936400
2021-07-01,93.30999755859375,42.67750930786133,51.255558013916016,20.11981964111328,401.296630859375,108.86738586425781,94.18000030517578,43.42266611063101,51.83208108592609,20.36270632131494,401.4551370436827,110.51299237820213,91.69999694824219,42.61299038596427,51.12744255144368,19.927699060494447,399.77695175037366,108.50884664203026,94.04000091552734,43.42266611063101,51.36537425965049,20.03321652568688,399.8422206763837,110.41186521152743,58059000,11153000,24871600,480136000,53441000,8295600
2021-07-02,94.69999694824219,42.54392623901367,51.94189453125,20.3935604095459,404.3638610839844,109.31787872314453,95.2699966430664,43.489912558611664,52.1523739262634,20.411728585764077,404.7181455099098,109.56609552049878,92.20999908447266,41.41164898814912,51.53924543085807,20.195219897428057,401.38044024125367,108.8582122722302,93.27999877929688,43.325429521811,51.74972133498689,20.34702451247123,402.45262577824144,109.17078209215431,51316700,37054000,17219400,342764000,57697700,5144300
2021-07-06,94.47000122070312,43.00827407836914,51.328765869140625,20.60409927368164,403.6273193359375,110.36592864990234,95.41000366210938,43.32360277669353,52.1706694256635,20.746944185216677,404.6342359510612,111.20251802653901,93.31999969482422,42.55573004358446,50.97187181840226,20.257438112216875,400.9049741658819,108.68354758883484,94.87999725341797,42.74656207430824,52.08830899157893,20.64292096446594,404.41979315569,110.18205784287211,44930100,13870000,26186600,446708000,68710400,7181500
2021-07-07,90.54000091552734,42.66841125488281,51.20980453491211,20.278839111328125,405.0538330078125,108.71110534667969,95.44000244140625,43.197291592238656,51.65821215797489,20.779794027787037,405.33354476274883,111.2852400336198,90.30999755859375,42.38034673837913,50.98102591905827,20.23927125233733,402.303519022366,108.67433119241451,95.0199966430664,43.16457802357664,51.58500132527703,20.758392448778196,404.3079918986779,110.90831021286633,51498500,12581000,14857400,418428000,63549500,7391800
2021-07-08,89.73999786376953,42.75565719604492,50.68818664550781,19.811983108520508,401.7533874511719,108.36177825927734,90.33999633789062,42.8083656731185,50.9901760766358,20.041182456212237,402.5085606918011,108.73870112471367,87.44999694824219,41.94325334457947,50.139119395491676,19.61090466789789,398.5834921499517,106.07263414434306,87.86000061035156,42.203152414629734,50.614979307918404,19.765944640178606,399.75821872515706,106.52311234370504,45673500,16011000,19162000,503300000,97595200,7565400
2021-07-09,90.9000015258789,43.63530731201172,51.237266540527344,19.958803176879883,406.04205322265625,110.83477020263672,91.26000213623047,43.69891800167806,51.34707931197298,19.988667035276382,406.3404010235605,111.0462198520047,88.52999877929688,42.53120253205652,50.614988350860294,19.664153655569276,401.55761775710965,108.13193629433397,90.04000091552734,42.671146049322466,50.79800847297467,19.87145390678074,403.25443886623873,108.48128026507969,35278400,16782000,18708000,296624000,76238600,8374200
2021-07-12,90.80999755859375,44.1414680480957,51.91444778442383,20.418949127197266,407.4965515136719,112.73779296875,91.9000015258789,44.89298587999308,51.941900103725274,20.43910519307565,407.74829497300664,112.82973187151666,89.6500015258789,43.00646615465738,51.34707774325599,20.09567932268978,405.52937895734175,109.8786670387547,91.22000122070312,43.7389007796957,51.48434283064815,20.147690934282892,405.9582362315906,111.41395833914329,28526600,33142000,15392800,321984000,52889600,10668700
2021-07-13,90.26000213623047,43.98334503173828,52.04256057739258,20.15764045715332,406.10736083984375,113.90535736083984,91.41000366210938,44.30321490434411,52.43606009120849,20.3679272570643,408.2050710020873,115.35790514922283,89.83000183105469,43.80069050871475,51.55755101003637,20.022261067377123,405.8463136021785,112.27813406219633,90.4800033569336,44.10329710059602,51.813781952657045,20.3074533787736,406.71336030742225,113.25263178822686,30367600,11806000,15716000,290708000,52911300,13460200
2021-07-14,89.05000305175781,43.7634391784668,51.72227096557617,19.751007080078125,406.71331787109375,114.35584259033203,91.4000015258789,44.7094255119898,52.582477322337326,20.324629020047354,408.27962958567196,115.63371502528054,88.94000244140625,43.6871063469284,51.54840047063389,19.66266291046804,405.47335073456526,114.06165628186808,90.76000213623047,44.454979273672365,52.3170932846217,20.264903197063806,407.7948073005834,115.05453770316696,28108500,14020000,16263600,380100000,64130400,10587700
2021-07-15,86.93000030517578,43.377227783203125,51.072540283203125,18.87974739074707,405.3241271972656,108.0491943359375,89.77999877929688,44.02333212525973,51.61245796495688,19.756481081917247,406.051332083829,110.96347793806812,86.18000030517578,42.99374372427096,50.852911272453845,18.77248888227508,403.4315280404398,107.44243827075904,89.77999877929688,43.917010411618975,51.61245796495688,19.72139214020743,405.3800638460775,110.4302701880487,38944700,12624000,18917000,550564000,55126400,23734500
2021-07-16,85.88999938964844,42.53483581542969,50.30384063720703,18.07817268371582,402.1449890136719,106.40359497070312,88.02999877929688,43.64439344502248,52.097464057343515,19.069630529102028,406.54551958157515,109.39142709475257,85.68000030517578,42.461231140478134,50.23978290726534,17.990574677215164,401.75343241278944,105.87957546335107,87.31999969482422,43.533527118346996,51.292162392653566,18.943708276091723,406.49891518452205,109.17078914796062,35860700,13980000,25263800,688224000,75874700,12110000
2021-07-19,86.58000183105469,42.31674575805664,50.00185012817383,18.694091796875,396.2062072753906,106.04505157470703,87.2300033569336,42.34400649376976,50.15742139103147,18.955144608130855,402.21032270665535,106.29327539245537,84.23999786376953,41.58249115307147,49.38872515738363,17.784010592807327,393.40926015344803,104.09607026119004,84.98999786376953,42.11773268108687,49.79137423562416,17.833534946806758,397.3436335763946,104.80395352782612,39244800,14938000,27007700,749060000,147987000,9230200
2021-07-20,87.11000061035156,42.582088470458984,50.550926208496094,18.52711296081543,401.8839416503906,107.01036071777344,87.7699966430664,42.91468049415341,50.84376256744403,18.752082041477266,403.15190560272424,107.44244834239477,85.16999816894531,42.098643792141964,49.66326403181247,18.081156267494258,396.0756054886236,105.19927361744358,87.08999633789062,42.51847778469653,50.25808635866339,18.644574810811843,396.86807940233047,106.53230363838021,28089000,20727000,19867000,434687000,99608200,7108000
2021-07-21,89.41000366210938,43.529876708984375,51.45688247680664,19.321475982666016,405.13775634765625,108.36177825927734,89.48999786376953,43.55350451771854,51.50263749879311,19.437942953866006,405.2776264574665,108.36177825927734,86.9000015258789,42.573893349026505,50.34044178773768,18.65652328269626,401.8373794156442,106.57827007670697,87.25,42.67658210755528,50.49601305155299,18.7958841722349,403.07734671744265,106.85407276962435,29469900,13660000,18497200,371017000,64724400,5564700
2021-07-22,91.20999908447266,43.285438537597656,51.20980453491211,19.5046329498291,405.9861755371094,107.1574478149414,91.36000061035156,43.52715912194931,51.74057259931766,19.7962958674944,406.2285867170565,108.56402612468281,89.08000183105469,43.12005076935706,50.95357360223889,19.18808253655946,404.33598703643406,106.83568268100609,89.4000015258789,43.30997458085079,51.30131807578444,19.552414359226333,405.31490711357736,108.56402612468281,33730100,12583000,36691000,323826000,47878500,5746500
2021-07-23,92.1500015258789,43.90518569946289,48.50106430053711,19.468795776367188,410.16290283203125,107.368896484375,92.37000274658203,43.94426379874088,50.06590912223273,19.610148306398543,410.4985227710104,108.15952338552661,90.19000244140625,43.330869714553785,47.878786215146256,19.16220001414079,407.2261145579136,106.02667121389652,91.3499984741211,43.6216623550251,49.94694676097013,19.56634836932359,407.90668669595885,108.15952338552661,31708900,13489000,67742300,195672000,63766600,5773900
2021-07-26,91.81999969482422,43.8224983215332,49.69986343383789,19.206003189086914,411.1697998046875,106.32086181640625,92.75,43.94790322963999,49.91033932317588,19.353326995509125,411.17913206497195,106.73455885679198,91.12000274658203,43.5898634813591,48.28143334644187,18.82773525659861,409.52894375936796,105.60378320562879,92.01000213623047,43.81522902442186,48.327191858332846,19.222925851749505,409.5755481567641,106.44956787403532,27668500,11160000,32881200,203943000,43719200,6440600
2021-07-27,91.02999877929688,43.19729232788086,48.6657829284668,19.120397567749023,409.2958679199219,104.38105010986328,94.0999984741211,43.78342228700745,48.68408563494312,19.53250898261361,410.1629145724487,106.09100973068385,89.0999984741211,42.51029350819073,47.869634396610145,18.655526474479164,406.48025668627827,103.011246160351,92.94000244140625,43.68800626573411,48.6108748090378,19.177136815966357,410.1349462433999,106.01746142111132,69427000,14715000,39878000,248863000,67397100,11127500
2021-07-28,97.93000030517578,43.405391693115234,48.565120697021484,19.414047241210938,409.1280212402344,105.78765106201172,98.70999908447266,43.5353412094437,49.34296653695657,19.556394670076585,410.49852624000596,106.19215983807294,89.6500015258789,43.102785107408785,48.44615484814145,18.908364802076598,407.7109118436593,104.69364251618491,93.44000244140625,43.31906142516517,48.528515283383875,19.230886448455678,409.9204951499821,104.74880726725513,140561000,8359000,28478800,202191000,52472400,6819700
2021-07-29,102.94999694824219,43.992431640625,49.14164352416992,19.57232093811035,410.8248291015625,106.78053283691406,105.73999786376953,44.14873366466144,49.5076871862575,19.76244975897193,411.8969862615193,107.66309170403642,96.58000183105469,43.38631021626935,48.79389907793501,19.239842800646095,410.04168747728073,106.2840921590413,96.58000183105469,43.47990978492263,48.94031724094691,19.429971621507672,410.051019737145,106.64263147962367,164091800,9162000,16886600,190781000,47435300,7162000
2021-07-30,106.19000244140625,44.109649658203125,49.15994644165039,19.410064697265625,408.82977294921875,107.2309799194336,106.97000122070312,44.195068216086305,49.32466731210547,19.54046581793175,410.27485092545965,107.94805839918013,101.37999725341797,43.579861167424085,48.729841558697196,19.17514104352935,408.13983997332065,105.89795013159225,101.5999984741211,43.7970456765145,49.095888713238345,19.32943286615587,408.27037783028055,106.18294106227285,125632000,11548000,16465700,183497000,68951200,6482600
2021-08-02,108.62999725341797,44.04423141479492,49.12334442138672,19.659923553466797,407.97198486328125,107.4332504272461,110.33000183105469,44.94569020100078,49.84628568155878,19.869961658246222,411.08591559023773,108.8306334423944,103.83000183105469,43.93791316858199,48.995228955712605,19.27269777815783,407.6177003787268,107.2493866405529,105.93000030517578,44.441345837077755,49.40703116029699,19.610152354563404,410.53585279390853,108.02162296140894,115581900,15619000,18098100,217444000,58783300,6028800
2021-08-03,112.55999755859375,44.23597717285156,49.47108459472656,19.724626541137695,411.291015625,108.85820007324219,114.8499984741211,44.324123911904245,49.56259463628998,20.129769849720965,411.4122212036647,109.06964268915395,107.66000366210938,43.61531361717722,48.738990298681955,19.13233905420484,406.5828332901923,107.41484084572322,108.1500015258789,44.11784154597661,49.31551333500757,19.649967848258107,408.76444835011597,107.84692838339417,157723100,11135000,16375900,301811000,58053900,5874700
2021-08-04,118.7699966430664,44.3277473449707,49.32467269897461,20.18153190612793,409.2679443359375,109.16158294677734,122.48999786376953,44.52585214148502,49.818831873423804,20.225331848038415,411.2630850809124,109.90624734046673,114.16000366210938,43.983341455993134,49.14164910171558,19.737565032108463,409.0348654177105,108.73869066853497,114.36000061035156,44.3940861755666,49.644961376014344,19.898826814854456,410.0137854934574,108.87659200173324,225368700,12123000,17612700,231309000,46732200,4254000
2021-08-05,112.3499984741211,44.315940856933594,49.635990142822266,20.542877197265625,411.8597412109375,109.60285949707031,117.68000030517578,44.56675069519368,49.75572908898309,20.63844002549978,411.9436461991985,109.62124306725971,111.58999633789062,44.06331456086656,49.35046340433776,20.249222567431012,410.10698336189347,108.70191025082926,116.62999725341797,44.56675069519368,49.72809837585745,20.4065028973456,410.4239672459952,109.4649581718152,137860900,8372000,15310000,211435000,38969700,4452300
2021-08-06,110.11000061035156,44.112388610839844,49.66360855102539,20.273109436035156,412.54034423828125,108.6743392944336,116.26000213623047,44.35683739109783,49.857034035690226,20.476179458259256,412.9598976629853,109.03287855780833,109.69999694824219,43.985167228258796,49.4886082219723,20.117820818881334,411.89704416147674,107.97564433921086,110.55000305175781,44.07967503625082,49.608347138465966,20.430389736170728,412.17675592861804,108.82143592246081,143899000,9964000,19256000,178497000,46930000,4338100
2021-08-09,107.58000183105469,44.04423141479492,49.783348083496094,20.202436447143555,412.2047424316406,108.68353271484375,112.33000183105469,44.23960809150855,50.11493061723116,20.414464320594274,412.82937801362914,109.20755216874501,107.05999755859375,43.709819452163195,49.58071704565611,20.051129279869148,411.44023673390757,107.85613173132778,111.30999755859375,44.20871097613536,49.81098230368668,20.35274682348764,412.5123940918411,108.86739648275702,115749900,5952000,14670100,146443000,41222600,4280200
2021-08-10,106.4800033569336,43.82432556152344,49.68204116821289,19.84507942199707,412.71746826171875,106.97357940673828,109.16999816894531,44.205081493523544,50.09651942181475,20.336825937530577,413.42603723143196,109.44658721234748,104.36000061035156,43.421758268026,49.2859845607233,19.744538317496026,411.9716271529787,104.87750146599373,107.9000015258789,44.15510116770208,49.958362346327284,20.229318686706037,412.6521993404,108.94095129946895,113012300,9319000,16215700,179238000,43339300,5132800
2021-08-11,107.68000030517578,43.94154739379883,49.86625289916992,19.60915756225586,413.7429504394531,106.6334228515625,109.79000091552734,44.16146012358416,50.06888748789151,19.957561686039927,413.8361876751202,107.82855844669568,105.62000274658203,43.599866123223606,49.58993524136663,19.34138529513122,412.6614611001366,105.90714900700662,107.5999984741211,44.05604663661176,49.97677925957731,19.951588533994844,413.78025102412187,107.1022846021398,91788300,9816000,18590800,185925000,44034300,4490400
2021-08-12,106.5,44.00606918334961,49.31361770629883,19.814212799072266,414.9830017089844,106.36683654785156,108.44000244140625,44.073316260437025,49.903096314698224,19.937645875886666,415.1228718168817,106.59666982216754,105.86000061035156,43.321798368637815,49.05571817994685,19.530512852851448,412.6988454575395,105.20848189534658,107.38999938964844,43.82614278048629,49.893883735059056,19.77937258803807,413.5938605071988,106.2289421944259,60578700,8702000,15070100,151652000,38909400,6338400
2021-08-13,110.55000305175781,44.17872619628906,49.26755905151367,20.09592628479004,415.73822021484375,106.18293762207031,111.70999908447266,44.43407718311684,49.33203304646829,20.121808676083944,415.756856285703,106.20132119179647,106.56999969482422,43.810688959715,48.87150250332431,19.760463380904792,414.9457461970688,105.25440953696626,107.16999816894531,43.8561281377897,49.276768116406096,19.814217948269306,415.43054010755844,105.78762424040839,100135700,8582000,15281100,183063000,39470300,4593200
2021-08-16,107.4800033569336,44.3586540222168,49.2491455078125,19.8590087890625,416.7171630859375,105.38312530517578,111.58000183105469,44.428625782909634,49.267567154196236,20.19447162539359,416.84767249312245,106.16456386282418,105.87000274658203,44.01878920369577,48.816245601719075,19.36427396613772,412.8946629015271,104.89588000195243,110.19999694824219,44.05786731408915,49.02808926477741,20.043164472251572,414.4423104279769,105.81521288017105,73325400,9188000,17690300,210876000,73740000,5435900
2021-08-17,107.55999755859375,43.49989700317383,48.53071594238281,19.36925506591797,413.9855041503906,102.1470718383789,108.69999694824219,44.18417110649137,48.98203750033989,19.679832352567306,414.8432187291261,104.66604184188907,105.3499984741211,43.12095762107168,48.09781954460297,19.179126204409833,411.01141455591,101.81611145672613,106.63999938964844,44.12691802971439,48.97282492025127,19.595219037943533,414.17195023393253,104.55572639064007,74053900,16499000,22014900,204585000,92673900,13398800
2021-08-18,103.44000244140625,42.61662292480469,48.0701789855957,18.953163146972656,409.454345703125,101.54031372070312,108.06999969482422,43.353602193826994,48.843870473339166,19.54445389093999,414.53547694662274,103.88461536867487,103.2699966430664,42.56028153063341,47.996495922442186,18.913344667898965,409.2119630019986,101.47596069970544,107.3499984741211,43.314527549447575,48.447813907377075,19.41106426442262,412.97849742393936,102.72625397676326,79387900,15616000,15061700,285913000,89351900,9167300
2021-08-19,103.69999694824219,43.0309944152832,48.300445556640625,19.70771026611328,410.0883483886719,101.60467529296875,106.18000030517578,43.24000142399528,48.51228920001898,20.401532053475176,411.28173973529556,102.01837933187488,101.9800033569336,42.043205515418954,47.508335917144386,18.676433811620484,406.6014969603048,98.99377306251976,103.31999969482422,42.378525651416965,47.94123226945256,19.405095827311523,406.74133861748237,100.20729228486084,71117500,14044000,22999400,766555000,92812200,12146900
2021-08-20,104.6500015258789,43.18002700805664,47.904388427734375,20.7210636138916,413.3514404296875,99.39828491210938,105.9800033569336,43.276354727829826,48.245183579889876,20.76983992496617,413.67775658772473,100.86002099228034,103.98999786376953,42.75019905046499,47.360962213657935,19.84209132480141,409.94849410047595,99.03974560889937,104.31999969482422,42.966478839020084,48.04254900439951,19.899825465212288,410.4333164331078,100.33600147113079,55227600,10007000,25728300,675741000,72008700,13042000
2021-08-23,108.7699966430664,43.841583251953125,49.02808380126953,21.857852935791016,416.987548828125,102.0091781616211,109.0199966430664,44.18144803757124,49.3136140180444,21.89667462197285,417.8918962380203,102.34933386104248,104.86000061035156,43.22819251919809,48.337287949923045,20.854450854471086,413.4260958570307,100.45550330976982,105.30000305175781,43.2854421360407,48.4386052369583,20.87535498538819,415.02968007503,101.20016773131898,68835300,15707000,23976300,575807000,54973000,9533500
2021-08-24,107.6500015258789,43.748897552490234,49.56230545043945,21.693603515625,417.6493225097656,103.06639862060547,109.61000061035156,43.89520213614111,49.709675104910396,21.85884677029652,418.1807491056021,103.94895724853343,107.27999877929688,43.633486617684206,49.10177484102156,21.436780805743606,417.13656043084046,102.7814077030112,109.44999694824219,43.83704428754709,49.3320401457305,21.65378693903574,417.6493225097656,102.79979127248882,51239300,9429000,20348800,297299000,38744700,6719800
2021-08-25,108.30000305175781,43.92882537841797,49.56230545043945,22.111692428588867,418.52581787109375,107.58952331542969,109.91000366210938,44.188720981063845,49.94914947583703,22.367520297278727,419.03858009290565,109.56609036413138,107.44999694824219,43.76162112491309,49.48861886641913,21.62293250890913,417.46296438324526,106.28407233961856,108.12999725341797,43.76162112491309,49.810992401153484,21.637863490780983,417.8359134013071,106.37600422268427,45485500,10017000,15048400,347701000,40529700,22106800
2021-08-26,107.2699966430664,44.14055633544922,48.93598175048828,21.96735191345215,416.0551452636719,108.57321166992188,109.2300033569336,44.3559244339356,49.50703870147794,22.23811072383032,418.4791429251638,108.9041720676696,106.83999633789062,43.67347018546448,48.788612101408056,21.6906199517518,415.9619080185347,106.96437913074112,108.56999969482422,43.89156297049172,49.50703870147794,22.098749850642953,418.24606403832706,108.46289621330813,51442500,10836000,19570000,237940000,57829600,9892100
2021-08-27,111.4000015258789,45.06745910644531,49.635990142822266,22.532760620117188,419.775146484375,108.93174743652344,111.77999877929688,45.11289481421556,49.68204250255494,22.61836882879445,420.1480670762453,109.67641181453837,107.80000305175781,44.222341769134005,48.74255960701502,22.06589978843184,416.80105710708057,108.19628536486871,108.01000213623047,44.34683498445046,49.147828805230176,22.0828224516965,416.8569937732602,108.7846578277737,61030000,16459000,16525000,304722000,77235100,6827700
2021-08-30,111.31999969482422,45.33553695678711,49.68204116821289,22.58452796936035,421.62103271484375,109.39141082763672,114.48999786376953,46.149757266121526,50.53862838780016,22.93790848715854,422.4041742907106,109.8602725320569,111.26000213623047,45.277379106089505,49.51624986677214,22.448153642564538,420.20389499964745,108.91336084501722,112.61000061035156,45.43640583320118,49.97678047886983,22.72588055620961,420.4463061250384,109.29028365582153,56130500,19614000,14581300,262580000,48357400,6434200
2021-08-31,110.72000122070312,45.18287658691406,49.792564392089844,22.286834716796875,420.9964294433594,109.40982055664062,111.26000213623047,45.55363856160418,50.19783001170306,22.595474734179547,421.8634761216063,111.0554274421853,109.02999877929688,44.77303996420649,49.42413854620928,22.022997435726552,420.39976225528045,109.12482256167714,111.26000213623047,45.55363856160418,50.1425650807502,22.595474734179547,421.5278561630646,110.32915354204297,49339000,17378000,22350100,259850000,59300200,8424900
2021-09-01,109.98999786376953,44.81482696533203,49.433349609375,22.34259033203125,421.22021484375,110.74283599853516,111.8499984741211,45.36733161660899,49.884671113142915,22.597468221617223,422.4415461141893,111.57023697924532,109.8499984741211,44.790290923710664,49.304401612175425,22.25895905860022,420.987135922643,109.91543501782498,111.30000305175781,45.0974386252958,49.83861875893869,22.386398003393204,421.9287838685606,110.52219807499681,38579600,12586000,18615000,201767000,48721400,8603900
2021-09-02,109.19999694824219,44.7003288269043,49.488624572753906,22.297788619995117,422.5161437988281,111.04623413085938,110.87999725341797,45.071090708568455,49.63599424421745,22.493925233851396,423.31792162382027,111.5978325291573,108.7699966430664,44.5422103498967,49.138620285439195,22.197231693882596,421.3227808707356,110.74285255691156,110.31999969482422,45.05382396150129,49.55309858442107,22.41925336542852,422.6373493891215,111.1841354839224,40090500,16991000,15869500,187834000,42501000,6866400
2021-09-03,109.91999816894531,45.225582122802734,49.285980224609375,22.74282455444336,422.41357421875,113.9697036743164,111.16999816894531,45.98164111154541,49.810988308695386,22.885197091806518,422.92636491207014,114.4385654293145,108.5,44.98567795653759,49.110979872293655,22.102644720659796,420.98713237168766,111.47831229274209,108.8499984741211,45.06473547201086,49.221506225673615,22.227096544764898,421.38804973614276,111.77249854777051,42605800,25191000,13456200,280532000,47170500,10361400
2021-09-07,109.1500015258789,45.12652587890625,49.41493225097656,22.562623977661133,420.9031982421875,114.64082336425781,110.58000183105469,45.21830552471069,49.69124989409053,22.798584206722087,422.161830008836,115.17403819258283,108.66000366210938,44.61854515989516,49.221506738584274,22.423236609861565,420.23192986344264,113.89616587177392,109.95999908447266,45.21830552471069,49.341245672242465,22.732873642997227,422.0685927572297,114.56728205417667,28815200,12398000,13915000,198107000,51671500,9739900
2021-09-08,106.16999816894531,44.925689697265625,49.34124755859375,22.241037368774414,420.3904113769531,112.05747985839844,109.30000305175781,45.426397577979195,49.663617568956234,22.510848859948066,421.0989803051799,113.2066459140584,105.5199966430664,44.35591830198586,48.80703389662597,21.88062343636692,418.47914741318687,111.45072382826552,108.87999725341797,45.40186500293603,49.48861720812654,22.414274113005263,420.3717753085308,113.05036101383736,43067900,13987000,18235100,254434000,56181900,7983300
2021-09-09,106.1500015258789,44.84482192993164,49.184669494628906,22.079748153686523,418.591064453125,112.78376007080078,107.30000305175781,45.31826918483405,49.63598751511434,22.43916513590544,421.9380740118784,113.52841747281512,105.83999633789062,44.78666408054632,49.129404557733494,22.033950346554978,418.34865329472603,112.04829094770888,106.55999755859375,44.78666408054632,49.42414386070306,22.21415637158111,420.1946484083509,112.33328891523252,31857900,13174000,13495800,196856000,57970400,5101300
2021-09-10,105.19999694824219,45.26829147338867,49.58993148803711,22.37942886352539,415.29071044921875,113.05036926269531,106.98999786376953,45.980734702391,50.63994061635902,22.526778660735864,420.931209090967,114.30985086266834,104.9800033569336,45.119262192400164,49.56230077841897,22.172340814379883,415.169504855089,112.97682094641782,106.98999786376953,45.1683342889244,49.5991405533867,22.24999788331724,420.51168409438407,113.09633169990363,32602300,16110000,20324700,248376000,89948200,5163900
2021-09-13,104.80000305175781,45.34189224243164,50.6491584777832,22.054861068725586,416.3534240722656,113.6479263305664,105.27999877929688,45.66085735143047,51.109689091820414,22.863300618199723,418.53506727838766,114.08920215867144,102.62999725341797,44.82391755932356,50.114941278986564,21.762149673506425,414.0506037564788,112.34246838870298,105.26000213623047,45.618146331161874,50.2991542273154,22.584527770420298,418.2740200886309,113.02277972912357,37767800,14927000,22639200,297500000,83738600,6622800
2021-09-14,105.7300033569336,45.6063346862793,50.21625518798828,22.14446258544922,414.106689453125,113.16069793701172,106.81999969482422,45.92893272657064,51.06362977412809,22.311725124711973,417.99443010602226,113.6571386089243,104.41999816894531,45.287369561454426,49.98598989650644,21.989146556569096,413.2209781306569,112.52636292341867,105.5199966430664,45.61814859459012,50.99915577359874,22.177316913239693,417.7893195077674,113.6571386089243,40629500,14134000,22072700,199755000,78197100,5110500
2021-09-15,105.5999984741211,46.321510314941406,50.768890380859375,22.243026733398438,417.5655517578125,111.69895935058594,106.31999969482422,46.40874883212811,50.796524605009346,22.268913686849235,418.05967793066094,112.6182923493562,104.02999877929688,45.38370492149178,50.12414686328225,21.86967123574188,413.426067858019,111.12897036632489,106.0,45.62906195113327,50.354412154304825,22.21116747444568,414.5261935331129,112.53555574616486,37998900,23346000,18796200,166538000,78792200,5566500
2021-09-16,106.22000122070312,46.104312896728516,50.50178527832031,22.14446258544922,416.9035339355469,111.5023422241211,106.75,46.267884204336575,50.61231163413451,22.179308947795626,418.0129632027851,111.81619591842598,103.76000213623047,45.45548050541949,49.95835905134372,21.830843425347233,413.9667173539982,110.17306294762255,104.91999816894531,45.90893624967011,50.52941598888149,22.08572130335323,417.04337556990373,110.77308523452888,38150300,17569000,19863100,156033000,77786700,7301400
2021-09-17,103.87999725341797,45.98163986206055,49.97677993774414,21.80396270751953,412.8425598144531,108.69608306884766,105.9800033569336,46.12885614180648,50.28073182495103,22.223116047519348,416.5557122591402,111.20694063685542,103.70999908447266,45.52727581810136,49.43335368081006,21.734269978657856,412.4871402613684,108.64069878338834,105.55999755859375,45.79716886444635,50.28073182495103,22.202208228860844,416.13484321720034,110.94847124769508,44528300,34470000,35359200,294503000,118425000,10722700
2021-09-20,101.55000305175781,44.96568298339844,48.797813415527344,21.020416259765625,405.95867919921875,105.88057708740234,102.51000213623047,45.70902329938586,49.27676557734666,21.339012693768538,408.31563107334745,107.08985441069888,99.51000213623047,44.385917471269074,48.18991327044303,20.57139376968549,401.1137908654286,104.81900759615205,101.58000183105469,45.34553413482477,49.00965703282971,21.053270591267214,406.74432982392835,106.34213148977595,45228400,30105000,35051900,349440000,166445500,8991000
2021-09-21,102.81999969482422,44.94462585449219,48.696510314941406,21.152830123901367,405.57525634765625,106.12062072753906,103.43000030517578,45.197273787725095,49.23072755948926,21.331044106280054,409.57835018926,106.96065338460633,101.18000030517578,44.5793877052151,48.65967053297642,20.8581286447772,405.0514891940385,105.74214966078517,102.1500015258789,45.17347281037941,49.000462232750365,21.32307976600177,408.2876280809987,106.75756825684223,35481500,16935000,17968900,204688000,92526100,8182200
2021-09-22,104.37999725341797,45.823402404785156,49.27676773071289,21.844783782958984,409.5315246582031,106.96063232421875,104.55999755859375,46.04401192831697,49.617559346172655,21.863699567380518,411.5611435713708,107.30217811478718,102.20999908447266,45.057224555311315,48.816237191173514,21.103049939355934,405.68744521806696,106.07444861254282,102.81999969482422,45.24304749395584,49.184663028232684,21.272304527219312,407.83862947573203,106.36984318310147,34126300,20610000,18594100,268726000,102350100,5345600
2021-09-23,106.1500015258789,46.16300964355469,49.76492691040039,22.383411407470703,414.5072937011719,107.25603485107422,106.86000061035156,46.43671041568265,50.01361381304627,22.43617848847477,416.1066812903445,107.97605873004996,103.88999938964844,45.82339873920188,49.36887038176834,21.794006511837477,411.1589238061392,106.70216382777355,104.88999938964844,45.99915443589808,49.507030943316835,22.04291020210144,411.3927493965041,107.97605873004996,32816700,18370000,16474300,248555000,76396000,5484700
2021-09-24,105.80000305175781,46.219764709472656,49.93993377685547,21.984169006347656,415.19012451171875,106.74832153320312,106.05000305175781,46.272855976598,50.124143185301115,22.0518716003552,415.90096352552064,107.59758010175102,104.68000030517578,45.84537070872429,49.48861229359744,21.765134441649685,412.66479641554514,106.6467789823156,105.19000244140625,45.977187483435856,49.53466464570885,21.973217562960425,412.8799262600289,107.08064132833275,26482600,10605000,12976200,217655000,62094800,4455900
2021-09-27,108.16000366210938,46.213356018066406,50.34519958496094,21.565011978149414,414.0023498535156,107.2191162109375,108.44000244140625,46.302148750973934,50.538621572702404,21.703402346102116,415.3211013801482,107.60682031677426,103.44000244140625,45.529559787792,49.57150812042579,21.231482000300172,413.31020653137995,106.16677247065886,105.06999969482422,45.749254407537045,49.68203446862531,21.614791948311225,414.1613353087631,106.8037129180298,51944300,9831000,13899900,245215000,61371100,5198800
2021-09-28,101.5199966430664,44.94736862182617,49.737300872802734,20.60822868347168,405.6593322753906,103.2958984375,107.6500015258789,45.90211733706792,50.280727078437245,21.32507250371504,411.5704499178845,106.1944601320852,101.41999816894531,44.903429704265065,49.70045758445512,20.560438842257536,404.9297975915055,103.24974017042665,106.83999633789062,45.49477008369646,49.903092156797626,21.120971560225616,411.2430883900673,105.53905358766755,74469000,20124000,24691300,343069000,130436300,9792300
2021-09-29,100.3499984741211,44.8064079284668,49.26755905151367,20.42702865600586,406.3421630859375,103.03742218017578,102.66000366210938,45.244875317548356,49.783351011150636,20.92483604642628,408.7645930197675,104.17284222980605,99.80999755859375,44.63888968263266,48.982028849879484,20.377246777573124,405.7809759041746,102.4835511832454,102.30000305175781,45.186291247126256,49.73729865955008,20.848174042522803,407.03427776898445,103.66513653963624,52224700,15783000,20514300,218394000,82329200,6522400
2021-09-30,102.9000015258789,44.38990020751953,49.07414627075195,20.625150680541992,401.3756408691406,103.06510162353516,104.44000244140625,45.26775676446908,49.71888990095408,20.97361615381417,408.51197340892935,104.63438380746481,101.98999786376953,44.34870943302123,49.05572462262388,20.597273594598942,401.03891720025194,103.06510162353516,102.08000183105469,45.26775676446908,49.516255285115385,20.67692268286252,407.81049668716884,103.78512537952079,57636700,15735000,20534100,221009000,140506000,6433400
2021-10-01,102.44999694824219,44.611427307128906,49.60835266113281,20.651042938232422,406.14569091796875,102.9820327758789,103.0,44.73134359005491,49.83861794194864,20.767528549150793,407.8198901478323,103.6651384734326,100.63999938964844,43.70976971862274,48.86229188640457,20.11440509795195,399.58924073132897,101.81892056325758,102.5999984741211,44.657196001118926,49.41493066850416,20.65900727941029,403.0966246093554,103.38820296980138,41491600,16052000,19895100,240978000,129240100,5315200
2021-10-04,100.33999633789062,43.56788635253906,49.2491455078125,19.645469665527344,400.9080810546875,100.6373291015625,101.8499984741211,44.539110135184366,50.04125873446439,20.451917043098803,405.8838687084721,102.86202492937232,99.81999969482422,43.27770717150465,48.88993218725403,19.469245817551954,398.77556393327893,100.1757746519185,101.73999786376953,44.38990356206259,49.672832833929164,20.414083578048384,404.98598629215144,102.46508782096801,41967100,20093000,27353300,345635000,128570000,8514500
2021-10-05,101.80999755859375,44.43476104736328,49.691253662109375,20.361316680908203,405.07952880859375,100.85889434814453,102.87000274658203,44.83478582704513,50.05046697675313,20.557453280437706,407.3148869982612,101.86507980790778,100.61000061035156,43.51113565301648,49.25835376314397,19.766934576510337,401.60956443702145,100.82196914190143,100.91999816894531,43.566975071401146,49.322827767640554,19.86251425727249,402.40454874779994,101.35737406828189,31455200,16557000,18129400,279282000,90682500,8039600
2021-10-06,103.63999938964844,44.74232482910156,49.71887969970703,20.60922622680664,406.7629699707031,100.93272399902344,103.72000122070312,44.79450470099813,49.801775342489904,20.629137078715868,406.968737621166,101.09888388315132,100.3499984741211,43.91115530570915,48.880714206488875,19.99194424199397,399.8791586518761,99.3080574017308,100.44999694824219,44.225131962443406,49.25834913170652,20.03176974378131,401.4972133847707,100.10193162114604,39071700,12042000,20059600,297202000,113032200,7553600
2021-10-07,106.44999694824219,45.21283721923828,49.9030876159668,20.982574462890625,410.2798767089844,102.30815887451172,107.94999694824219,45.76024227975192,50.64914832605752,21.228490964045882,413.1044805248047,103.12049215362742,104.45999908447266,45.094754192463284,49.8478226884741,20.88002554054075,409.84964546861346,101.99429819303307,104.5999984741211,45.094754192463284,50.032035599880714,20.999498206381272,410.0273552611265,102.46508569387012,41543100,13261000,20704400,256919000,72437500,7821900
2021-10-08,105.05999755859375,45.11489486694336,49.56230545043945,20.73965072631836,409.5315246582031,101.57890319824219,107.27999877929688,45.58631910134456,50.271523010571386,21.113006266424186,411.4302160683865,102.529704229013,104.88999938964844,44.97117759030526,49.460988154196365,20.683896542065902,408.90488798924395,101.08965661291445,106.55000305175781,45.47830329557041,50.24388878477891,21.00846717095083,411.04673863158837,102.44662780935897,30623000,10279000,16068000,151258000,74557400,5143400
2021-10-11,104.68000030517578,45.068206787109375,49.22150421142578,20.604246139526367,406.5666198730469,101.781982421875,107.19999694824219,45.73186158628086,50.11493460807374,20.970632383544228,411.7762613135145,103.12048741950247,104.0199966430664,44.93181209688639,49.20308256768807,20.421053017517437,406.5011418518959,101.44966267686543,104.62000274658203,44.967513564189,49.56229935021952,20.484773437642136,408.8768180412666,101.61582254937022,31284400,11186000,14398800,163388000,65233300,5318500
2021-10-12,105.04000091552734,44.42194366455078,48.0517578125,20.580350875854492,405.5658264160156,100.80347442626953,106.04000091552734,45.46731507643914,49.47940538516251,20.964657828842242,407.8853866681187,102.49276515824805,104.33999633789062,44.12352701518089,47.90438817117882,20.437978323976292,404.78017581687527,100.21268537947283,105.16999816894531,45.388593058355674,49.341244809237295,20.73666197268602,407.48321348221907,101.97582650299117,34039900,20991000,32784300,162134000,71181200,9294600
2021-10-13,109.16000366210938,44.397220611572266,48.13465118408203,20.847171783447266,407.02490234375,101.52352905273438,109.87999725341797,44.431088812857006,48.42939396638617,20.897948716863187,407.83861088635894,101.58814639983615,106.25,43.89742108070474,47.77543791990943,20.622163067208096,403.62041636017756,100.57272088429025,106.27999877929688,44.04571275035716,48.24518104503455,20.826263969508474,406.5853090624002,100.91427374340684,55631900,16424000,18534000,180652000,72974000,7845100
2021-10-14,111.98999786376953,45.5496940612793,49.64520263671875,21.6506404876709,413.871337890625,103.9051513671875,112.22000122070312,45.69158154064608,49.737307356024196,21.659599896985824,414.0209897091665,105.91752935761782,109.62999725341797,44.929063357902805,48.567559150281916,21.029376283806112,410.20493969427326,102.61280434442195,110.5,45.02426377012875,48.72414138938497,21.194648710999132,410.6725909235282,105.36366534175214,46900200,19233000,26586700,243589000,70236800,16930500
2021-10-15,112.12000274658203,46.066890716552734,50.16099166870117,21.766122817993164,417.0233154296875,106.02828979492188,112.83999633789062,46.30580488779363,50.18862589368611,21.834820458738758,417.38809710044063,106.11136621616201,111.11000061035156,45.86825243433525,49.562304002095004,21.567001065569997,415.35847814408345,104.27438146019976,112.51000213623047,46.17215835574986,49.92151730477263,21.71435082054604,415.97578121085803,105.95443939197814,34203000,25103000,25231100,226994000,66260200,11558800
2021-10-18,116.43000030517578,46.07697677612305,50.17020034790039,22.12455177307129,418.2578430175781,106.47138214111328,116.87999725341797,46.13373109308656,50.253095989271515,22.193249435993522,418.5945381490445,106.48061520251986,111.37000274658203,45.64674671827996,49.479404507664135,21.54908541210571,414.59144539702993,104.69901466021665,111.9000015258789,45.80510917620233,49.91230084498504,21.653626407282953,415.24616843242967,104.69901466021665,47537800,16042000,22407600,189494000,62213200,6773800
2021-10-19,116.33000183105469,46.72049331665039,50.851783752441406,22.192256927490234,421.48468017578125,107.96680450439453,117.16999816894531,46.76443225155497,50.860996331269305,22.280865453012563,421.5501296498801,107.9852706243582,114.47000122070312,45.93142575077157,50.07809226865671,21.940366100720357,419.26798954865865,106.73906810897735,116.16000366210938,46.16485068771558,50.31757012821138,22.178316480739,419.8759589330048,106.89600195762345,39593900,16383000,18392900,161473000,46996800,5406100
2021-10-20,116.38999938964844,46.628936767578125,50.999149322509766,22.00606918334961,423.14019775390625,106.70217895507812,118.30000305175781,46.99875281133187,51.10967917820973,22.33462191107961,423.4395013974078,108.03145833103319,115.41999816894531,46.541977304114305,50.732044288490854,21.885599533351265,421.830779992545,106.66526078820259,116.29000091552734,46.776313555735804,50.88862298037887,22.20718298956857,421.9430117230665,107.89299055557727,34244800,13458000,16850300,146276000,49571600,8205800
2021-10-21,119.33000183105469,47.06466293334961,51.57942199707031,22.592485427856445,424.24383544921875,107.34835052490234,119.68000030517578,47.12324699624977,51.64389599348111,22.61140310749031,424.468298903712,107.40373481331798,116.26000213623047,46.55662244271693,50.50178218828764,21.986156894632483,422.1113470020355,105.7975270643973,116.5,46.63168491014864,50.59388689356898,22.000095437948342,422.5415781375362,106.1667720869486,34794900,11787000,38390900,187590000,41305400,4640300
2021-10-22,119.81999969482422,47.18000793457031,45.55568313598633,22.626340866088867,423.8042297363281,105.44673156738281,121.55999755859375,47.72649462082179,46.55963991901545,23.02856856064082,425.2539656192229,108.14220783499631,118.37000274658203,46.96122818790122,45.260943852305246,22.46206541817937,421.86814686856104,105.44673156738281,120.83000183105469,47.11867571631267,46.41227027717491,22.72291561933294,423.8135918943795,107.30217536485844,38992700,15367000,109971900,249384000,58845100,6283000
2021-10-25,122.36000061035156,47.78966522216797,45.50963592529297,23.064411163330078,426.0770263671875,104.90211486816406,123.45999908447266,48.0121045491642,46.117536205787445,23.252581526641404,426.40438793845834,105.74214750813029,118.5999984741211,47.15896360172122,45.41753120632131,22.67014782202449,423.12149569678843,104.41286818456321,120.5199966430664,47.3704173221692,45.896483474827534,22.87225673076628,424.88920251258514,105.6036797381315,47834100,12416000,43178800,230235000,45214500,6667700
2021-10-26,122.93000030517578,48.86980438232422,44.468833923339844,24.608606338500977,426.46051025390625,105.40058898925781,127.19999694824219,48.97232735837145,45.537264782285696,25.148231194964065,428.82682438361206,106.43447363493846,122.58000183105469,47.96631716398102,44.14646390650821,23.819084651019782,426.0863949710087,104.97595968195048,122.98999786376953,48.078907365503184,45.500425004340414,23.88380013492317,427.62030473700503,106.10215382178264,59458900,24043000,68405400,485898000,56075100,4852300
2021-10-27,122.27999877929688,47.884849548339844,44.109622955322266,24.34377670288086,424.57122802734375,105.0036392211914,128.0800018310547,49.07118989842726,44.9662102038597,24.979974473581777,427.58290328215884,106.21290964776917,121.05000305175781,47.770426079102776,44.091201308587394,24.175517185619338,424.4963878416024,104.96671401941074,121.62999725341797,48.68215080140664,44.6898925299763,24.366676556372838,426.918846485335,105.26210859089394,98245300,23500000,41081500,245990000,72438000,5394500
2021-10-28,121.16000366210938,48.476200103759766,44.284629821777344,24.831626892089844,428.66778564453125,107.0898666381836,123.5,48.51098319750129,44.54252586627589,24.840588199418896,428.7425972745419,107.09909265649637,120.26000213623047,47.91414986589669,44.100416855605495,24.41546066539416,425.9834724309799,104.80978650327737,122.86000061035156,47.979145119767885,44.33989125212984,24.768903437739628,425.9928060452543,104.92056210788941,58002500,11872000,31317200,234204000,51437900,5714300
2021-10-29,120.2300033569336,48.66842269897461,45.13199996948242,25.454877853393555,429.5376892089844,104.95748138427734,122.56999969482422,48.71236162039696,45.38989598782286,25.596255323739626,429.8276307113878,105.40980982585481,119.87999725341797,47.92054964176492,44.137252161192606,24.89036493868352,426.0864205712987,104.5143930466352,120.94999694824219,47.92054964176492,44.30304346257424,24.89136000637363,426.3763620737021,105.2990342200632,43320100,15564000,42301000,292503000,70162400,7118900
2021-11-01,125.2300033569336,48.337059020996094,45.638580322265625,25.713741302490234,430.2764587402344,105.34521484375,125.66999816894531,48.751728935420765,45.68463267810367,25.78044692731383,430.8937616556617,105.5482929333301,118.12999725341797,48.05145774074684,45.13199738090812,25.11637208457716,428.5555060107822,104.6344168805469,119.44999694824219,48.54668293686061,45.5004232547515,25.536522381847643,430.5196179179532,104.84673507602362,54559800,16896000,28013700,265740000,48433600,4955700
2021-11-02,127.62999725341797,49.16273880004883,45.924110412597656,26.285219192504883,432.01617431640625,105.33597564697266,128.4600067138672,49.50600926383566,45.96095370258553,26.56100485226317,432.32484009362486,105.97292315355016,124.19999694824219,48.21164942748319,45.34384089278197,25.686855006308992,430.31391709227427,104.80980376324962,124.9800033569336,48.28213398875778,45.693845120527726,25.708759787654955,430.4448731294371,104.85595499069989,53491900,16262000,27193300,294112000,48908400,4479700
2021-11-03,130.52999877929688,49.64788818359375,46.41227340698242,26.481361389160156,434.65380859375,105.24365234375,130.60000610351562,49.777875180104225,46.46753834398794,26.666546557874828,435.0559818458261,105.3267287679207,126.79000091552734,48.86065410860899,45.78595150853181,26.119954258485805,431.0154679198227,104.06207402601804,127.75,49.34397876034863,45.988586097315725,26.553046154370787,431.4550612665384,104.71748052904866,59537800,14038000,23962100,239910000,52509800,6073000
2021-11-04,137.5,50.22000503540039,46.66083908081055,29.670318603515625,436.70208740234375,108.7330093383789,139.0,50.2611993022016,46.69793505049029,31.22745940153133,436.7862612009498,108.78839362438067,130.77000427246094,49.51515601038641,46.12290683341081,26.999083410913848,434.906294069248,103.76668548194336,132.00999450683594,49.77878954051758,46.59591671136627,27.109596719532924,435.25235142235067,104.65286927178524,84825200,15956000,24806000,1153631000,52847100,14682800
2021-11-05,136.33999633789062,51.16285705566406,47.22658157348633,29.621530532836914,438.21728515625,108.74223327636719,141.22000122070312,51.231511844017795,47.838712718581654,31.26230243845938,440.20012191636965,110.33920775936882,134.4199981689453,50.32893935203147,46.87414693225358,29.28102933486203,436.7114618114456,107.31141163742993,139.19000244140625,50.34633264335896,46.88342003838998,30.054622412775466,438.91876204081126,109.08377906840458,64920600,18674000,36816200,851260000,66390600,8668100
2021-11-08,150.16000366210938,51.16560363769531,47.810890197753906,30.668916702270508,438.59136962890625,111.61309814453125,153.60000610351562,51.617804754885846,48.21897766088027,30.963618188602332,439.8072799359265,112.8500606641277,137.6999969482422,51.08779650950714,47.35643366218569,29.775849037020173,437.9086171102104,108.049897301654,137.6999969482422,51.44204906078447,47.7274180837511,30.01678837668219,439.3115707807346,109.28685982125045,141493800,17231000,31647800,503101000,50405200,15776300
2021-11-09,148.9199981689453,51.06033706665039,47.48628234863281,30.52256202697754,437.1416015625,112.41619110107422,155.64999389648438,51.43564597422081,48.01493793542432,32.16831504259849,439.18991592053965,113.79162127247099,143.88999938964844,50.8168449414456,47.08747149712291,29.83260209058048,435.73864808675563,110.9299853357569,154.00999450683594,51.18757593167566,47.80162107917544,32.140437950177784,438.9560903412489,111.92694455275759,98442600,15838000,22508400,646746000,51149100,10874100
2021-11-10,139.8699951171875,50.23373794555664,47.078189849853516,29.329814910888672,433.6249694824219,109.11146545410156,146.3000030517578,51.34410455089837,47.66249463454768,30.714715789314535,437.14171625142313,111.51155414673006,138.52000427246094,50.16783130550827,47.03181724046583,28.65180150099656,432.1472039925876,108.63145194123292,143.92999267578125,50.7399487106966,47.282233576763325,29.22726785132228,435.45815451293214,110.40381927872573,82989200,18450000,25040700,636206000,69429700,9046100
2021-11-11,146.00999450683594,50.84064483642578,46.86487579345703,30.256729125976562,433.7652282714844,109.10224914550781,146.47000122070312,50.99809236545324,47.36570849573113,30.45585281899345,435.1869063329562,111.20693642642755,140.83999633789062,50.2374038467813,46.753580816730626,29.646418368081974,433.7465324971055,108.74223721812744,142.9600067138672,50.59257479917414,47.310059238366165,30.334388087867172,435.1120661491066,110.08997544112408,67934800,14157000,25420000,332172000,34848500,6994000
2021-11-12,147.88999938964844,51.55647277832031,46.66083908081055,30.256729125976562,437.0387268066406,109.56379699707031,148.58999633789062,51.79630534285059,47.20804443612927,30.54545829095262,437.59055177805936,109.68379861802144,144.25,50.76649402007675,46.54026744984099,29.500061751090385,434.0831679013753,108.25297701372104,146.02999877929688,51.1161721479632,46.929801666506634,29.87839638802561,435.0278324259744,109.28686151147605,52162100,13592000,23884800,413054000,53466700,6947200
2021-11-15,146.49000549316406,51.78989028930664,46.670108795166016,29.893335342407227,437.18841552734375,109.03760528564453,148.97999572753906,51.96564595921908,46.95762465180126,30.509620414960658,438.4791374698599,110.4407274508019,142.86000061035156,51.24615185989642,46.48461480824017,29.118747114504277,436.06606971793025,108.47450839918226,148.0,51.96564595921908,46.753580912382475,30.41802479111372,438.32015203819657,110.14533294009716,52271300,13972000,24695800,384909000,46980500,5157000
2021-11-16,152.4499969482422,52.064510345458984,46.9390754699707,30.0705509185791,438.91876220703125,109.0007095336914,153.0800018310547,52.134080013072705,47.43990817935832,30.25673114722093,440.0504702557984,109.2776380007255,145.33999633789062,51.51253092124054,46.68865911527689,29.575730654228828,436.8517516451615,108.15145096636674,145.92999267578125,51.636110228415646,46.71648197535279,29.62849963276353,436.926563287216,108.64069759661328,53100800,13194000,30927800,264484000,48857500,5555100
2021-11-17,151.33999633789062,52.14415740966797,46.586631774902344,29.132680892944336,437.85247802734375,109.90534210205078,154.66000366210938,52.301604939898255,47.245131998081376,30.375209109979387,438.8345341273656,110.35767052857857,149.69000244140625,51.637031726679105,46.3547652001489,28.673702083946914,437.2351750198691,108.47452754934922,151.97999572753906,52.006847826760485,46.929793314896564,30.28460666991569,438.6568243884033,108.92684893311508,54527500,12532000,23546900,428508000,47858300,6391400
2021-11-18,155.02000427246094,52.617408752441406,46.07653045654297,31.53609848022461,439.33953857421875,113.90242004394531,158.88999938964844,52.79316445103273,46.59591290770332,32.61633964212017,439.60142206392663,114.05934688519412,152.55999755859375,52.14415479236264,45.418030169931384,31.183650744846176,436.1688502286369,110.58846208254387,157.07000732421875,52.27780133635425,46.59591290770332,32.225065268536866,438.8812210598602,110.74538892379269,60612700,12712000,30658200,781711000,50625600,13229700
2021-11-19,155.41000366210938,52.05994415283203,45.928131103515625,32.84034729003906,438.5539855957031,114.70552825927734,156.9199981689453,52.83710761578813,46.122898175287055,32.94289622909161,440.4713442276694,115.20400797287134,153.4499969482422,51.804548041593954,45.668441674487056,31.7650836274217,438.1892039343977,112.63775899338458,155.75999450683594,52.75197441473282,46.00232656695102,32.10160069976278,439.2273759676528,112.64699205551489,41668900,19612000,27607600,533867000,57315600,9071800
2021-11-22,152.52000427246094,50.646575927734375,46.21565628051758,31.815868377685547,437.3193664550781,115.15785217285156,161.8800048828125,52.36384295598829,47.161668974297186,34.49506799575462,442.9031231346711,118.24103297074073,152.38999938964844,50.57334671875659,45.82611852013436,31.76011418765911,437.11359877761777,113.73626341312126,157.13999938964844,52.33088963735192,45.95596326092748,33.370022121626484,440.42457739014736,114.00396587853442,58674100,25898000,33389600,754335000,72762000,16076100
2021-11-23,149.9199981689453,50.81501007080078,45.53859329223633,31.606788635253906,437.8992614746094,112.02851104736328,152.66000366210938,50.88274647938579,46.7906749029209,32.218096459002574,438.7503901392518,113.72702826085863,145.3000030517578,50.21176912883328,45.111959649189636,30.744585069545465,434.4012394044777,110.32998679110504,150.41000366210938,50.56785493814596,46.5217088304772,31.396713465869023,436.99201694576334,113.28393987593067,62852700,17109000,44713300,532163000,73206500,10984000
2021-11-24,157.8000030517578,51.14546203613281,46.150726318359375,32.53071594238281,439.0683898925781,111.4284896850586,157.92999267578125,51.17750046850422,46.169276070843864,32.71092196803006,439.18998377950254,111.57619050974711,147.19000244140625,50.10740984344453,45.10269183801208,30.792372310199486,435.09335443045563,109.29611008864963,149.4600067138672,50.64199945947035,45.316008684578435,31.323035910804574,435.90706300520714,110.77308312171996,60677100,12084000,26035800,435162000,61858800,6992600
2021-11-26,154.80999755859375,50.034183502197266,45.2418098449707,31.364850997924805,429.27581787109375,108.08682250976562,158.10000610351562,51.01456308082274,45.6127978200502,32.56655680344716,433.88685264976294,109.88688917018318,152.80999755859375,49.73485199063793,44.62968216269201,31.212522066253175,428.153443379823,107.5606506951616,155.8000030517578,50.50835232844338,45.35310836029668,32.45703857581968,432.4277829370123,108.46530055606162,36245100,14219000,25269000,283069000,112669600,6766900
2021-11-29,161.91000366210938,51.65899658203125,46.373313903808594,33.229637145996094,434.5415344238281,110.10842895507812,162.50999450683594,51.95283879381903,46.493885510599355,33.265478577950766,436.37471927780655,110.66229288899011,156.10000610351562,50.68319488655016,45.186158200032075,31.895513237231377,431.8572208947111,108.83454120280436,157.5,50.913871620803704,45.724086801554655,32.22406792574834,434.0458252551393,109.25917045356229,57438900,18703000,31478900,454964000,86268800,7634000
2021-11-30,158.3699951171875,50.683189392089844,45.63134765625,32.5327033996582,426.08636474609375,108.1422119140625,164.4600067138672,51.71849342086527,46.74430804552508,33.20673647061269,434.0083773215289,110.92999776724578,155.67999267578125,50.529404919258944,45.14906470296401,31.724265919380148,425.8431769850362,106.85909107242449,163.27999877929688,51.56104591642675,45.90958686906789,33.023541458568594,432.10971456592034,109.01916257523534,75182500,22574000,49460800,622066000,148559600,10561800
2021-12-01,149.11000061035156,50.78205871582031,45.07486343383789,31.30097770690918,421.3537292480469,111.35462951660156,160.8800048828125,52.03796888132469,46.66083358963109,33.14707524856972,434.6069767536424,114.01318778596688,148.9199981689453,50.6511568266128,45.00066796520616,31.246211893152907,421.1573237370427,110.05304956619341,160.3699951171875,51.58027494950281,46.224923270658316,33.07737399441328,431.77301163649753,110.05304956619341,64039100,21980000,35093500,484368000,131939200,12924400
2021-12-02,150.67999267578125,50.570613861083984,45.909584045410156,31.989032745361328,427.8074035644531,112.34233856201172,152.52999877929688,51.1802626619197,46.17855013439296,32.33953320579173,429.3693714655688,113.91162775352302,146.47000122070312,49.79711330250081,44.82445012076024,30.89272694054253,421.17611155512066,110.79151549051561,147.67999267578125,49.98659581492863,45.08413956501766,31.08092223246618,421.5689512061459,111.09614308591478,56161200,22619000,37240800,472890000,127637800,8425500
2021-12-03,144.00999450683594,51.089630126953125,45.67771911621094,30.562143325805664,424.0848388671875,110.15460205078125,152.3800048828125,52.08557331531735,46.42896815606743,31.992021860446783,430.5196955865321,112.48083370356619,140.72000122070312,50.38295124925397,45.22325903427229,30.001542011299605,419.8759779470982,108.90840627097636,151.64999389648438,51.713923953328965,46.076529941788685,31.86357023241154,429.4628278206349,111.69619243796778,65910000,20305000,32224900,544325000,137331600,7809000
2021-12-06,139.05999755859375,51.717586517333984,47.291507720947266,29.908939361572266,429.1074523925781,109.97918701171875,141.30999755859375,52.027903657573425,47.49554789906532,30.112068189261706,430.9780574380259,110.31150675868047,134.1999969482422,50.89099135637526,45.61279246104828,27.918461454083303,424.21580992319184,107.61603062689012,141.13999938964844,51.68737785067244,45.89103164066608,29.752607234466886,426.61954425695245,109.74840980092652,66776500,22482000,40336000,658938000,98977500,5681200
2021-12-07,144.85000610351562,54.044498443603516,48.75690460205078,32.28874969482422,437.98345947265625,112.91466522216797,145.75999450683594,54.28890543038328,51.01064806315403,32.310659060877626,438.5446466888678,113.15467547595114,141.0,52.36018469291362,48.4230161577387,30.520322375117104,428.9764917091224,111.01306339689475,143.89999389648438,52.36018469291362,50.695309369970765,30.82501943857468,434.3638433156849,111.27153272738691,53359400,29562000,91731500,593053000,95484700,7459200
2021-12-08,145.24000549316406,53.87606430053711,47.99639129638672,31.690311431884766,439.1432189941406,112.43467712402344,147.0399932861328,54.09392914256056,49.04442943031123,32.152333886772645,439.59217446913857,112.82238120723254,142.6999969482422,53.31493251992586,47.65322968258988,31.287037448230688,436.62725298872556,110.87462068660629,144.9600067138672,54.09392914256056,48.75691354210075,31.862574188094904,438.37629263787375,112.27774324416607,40977500,17998000,37143400,475551000,72238800,5795700
2021-12-09,138.10000610351562,53.40555953979492,46.818504333496094,30.36001205444336,436.1782531738281,110.31151580810547,146.69000244140625,54.02985335594338,47.84799262306009,32.067702562935565,439.2460437157852,112.70236452752101,137.8000030517578,53.316766802511395,46.772131720219186,30.29827610494739,435.9818476739704,110.3022827469431,145.16000366210938,53.316766802511395,47.57902651284896,31.598708004869856,437.8617859732188,111.86233907356171,53019900,29080000,31694200,488507000,61272600,6103900
2021-12-10,138.5500030517578,57.823219299316406,46.92052459716797,30.069255828857422,440.2842712402344,109.96996307373047,141.3699951171875,59.0196304983451,47.36570803777282,31.171536668842634,440.4339230591345,111.50232726103164,135.82000732421875,56.624978330254585,46.41969189973621,29.733692678385772,436.3279600988827,109.1483966985791,141.2899932861328,57.11837023260399,47.15239119360821,31.01719680171708,438.8719839338528,110.77307036930227,42224300,57087000,23783600,488825000,77159800,5973900
2021-12-13,133.8000030517578,56.906005859375,46.373313903808594,28.040939331054688,436.3841247558594,107.46835327148438,139.39999389648438,58.07404174106413,47.31932993200666,30.16484694472882,440.11597285770756,109.87766844107412,133.4199981689453,56.86664484920328,46.3269412975054,27.99613110546957,436.10351686035926,107.44066112699119,138.25,58.03559561597624,47.16165882497211,30.120038719143704,439.76991547544293,109.72074159377073,42174000,26898000,35726900,598344000,87724700,5854300
2021-12-14,135.60000610351562,56.28812026977539,46.0950813293457,28.2161865234375,433.3817138671875,107.34835052490234,137.24000549316406,56.62772771142428,46.62373690051859,28.55573229210016,435.60773818463684,107.98529801273426,130.60000610351562,55.43955387030786,45.74264310256259,27.1338209994663,430.47293705354144,106.38831628337417,131.6699981689453,56.55632826297027,46.206376308012736,27.580906118057847,433.1291924903542,106.56370925370771,50754600,35956000,34120400,667035000,97264100,6267300
2021-12-15,146.5,58.57201385498047,46.99472427368164,30.329139709472656,440.1533203125,111.14232635498047,146.69000244140625,58.663551253881955,47.09674615132553,30.36996527334218,440.39647953000116,111.24386890963162,133.80999755859375,55.869788914013135,45.751922602030746,27.71931388041696,430.9312236978613,107.52374072140636,135.11000061035156,56.348535725899644,46.252751806276706,28.27891810418674,433.4378558520737,107.80990226118897,72425800,29092000,32590300,698297000,116899300,6700700
2021-12-16,138.63999938964844,56.8162956237793,47.143123626708984,28.265975952148438,436.2718505859375,108.05194091796875,147.92999267578125,58.64524161245894,47.671779245679815,31.027154448930762,442.276476487203,111.92649824141702,137.02000427246094,55.97597022095708,46.911257003019884,27.97323064778504,434.7285786686983,107.65336180077566,147.0,58.34316193613773,47.059651500660756,31.01918913294205,441.99589716215934,111.54645456302316,63369600,42748000,33132300,707366000,116568600,9116100
2021-12-17,137.75,58.123470306396484,46.94834899902344,27.68247413635254,431.62860107421875,107.82020568847656,142.0399932861328,58.58391241688796,47.31933698071769,28.79869516682683,436.19952155606984,108.90470915788671,136.11000061035156,56.305509828311166,46.382593919041334,27.64164857062036,429.9297585264146,107.45870453200651,136.3000030517578,56.527949122408785,46.92052613869763,27.865689688111814,433.20542255890297,107.79239899519357,55642100,50661000,50102300,713758000,135511600,11725600
2021-12-20,135.8000030517578,59.04524612426758,46.0023307800293,27.600826263427734,427.0389404296875,106.54105377197266,138.25999450683594,59.142279782012594,46.493890364570674,28.024013613704202,427.4331314987916,108.09829232294544,133.52000427246094,57.21996368551034,45.40875286617138,27.029273973350673,423.43476458066107,105.5863195367261,135.97000122070312,57.33072759884243,46.28984662993073,27.188591698105373,426.5696462517917,107.44943880143417,38195400,32770000,30140300,461847000,107134800,6980800
2021-12-21,144.25,59.53444290161133,47.08747100830078,28.9510440826416,434.62274169921875,108.85835266113281,144.5,59.83200276506078,47.15239337526762,28.995852308207283,434.76352423036354,108.91396604035991,135.14999389648438,58.34235494431563,46.317672174260245,27.284179231128302,428.2872700067012,106.67080350086847,138.19000244140625,59.705791444483445,46.317672174260245,28.25303247287371,430.4460118667737,107.58845961758868,57785200,36534000,31956300,524385000,69806300,6122900
2021-12-22,143.8800048828125,60.35987091064453,47.272953033447266,29.274654388427734,438.9684143066406,112.43630981445312,144.5,60.54044087762986,47.319325635539954,29.428994238441074,439.0810403325154,112.56607910012765,140.27000427246094,58.891410658132216,46.56807674482851,28.327708710251994,434.17221265287645,108.29294271241349,142.64999389648438,59.265437402054516,46.96688749123057,28.767825605381404,434.3693368416024,108.3763627938204,46923700,28383000,23307900,395184000,58890200,9300100
2021-12-23,146.13999938964844,61.2442741394043,47.58830642700195,29.513629913330078,441.6996765136719,111.86161041259766,149.02000427246094,61.790566671295316,47.97784065088824,29.930844139118374,443.19202853023717,112.89050049810396,143.85000610351562,60.4455519351702,47.34716316059286,29.305521344818228,439.8600513958449,111.08298763918143,143.88999938964844,60.4455519351702,47.3749895608732,29.628139385488993,439.96328236392037,112.12114897977122,48653800,23596000,25198200,343022000,56439700,6512500
2021-12-27,154.36000061035156,62.11762619018555,48.17259979248047,30.813068389892578,447.95068359375,113.73401641845703,154.88999938964844,62.30371360812428,48.28389829917935,30.954463182806666,447.9976015537163,114.25310069579362,147.25,61.21296272798777,47.57902190876616,29.51363183960114,443.0230947726751,112.34362498511699,147.50999450683594,61.244288895904106,47.625394517555726,29.533547027159024,443.07001273264143,112.36216749782358,53296400,19442000,20985400,403686000,56808600,6309900
2021-12-28,153.14999389648438,61.63119888305664,48.005653381347656,30.19272804260254,447.58465576171875,113.14077758789062,156.72999572753906,62.438207778947984,48.33954181021225,31.196430036361836,449.4055195900255,114.62386736601576,151.3800048828125,61.449715185229536,47.885085311593414,29.884048305079407,446.8244014321464,112.9646661574578,155.8800048828125,62.41885823322482,48.16332448964621,31.178507125619166,448.3824616482978,114.36432170451653,58699100,17247000,19290400,420591000,47274600,6321000
2021-12-29,148.25999450683594,61.96377182006836,48.070579528808594,29.873092651367188,448.1571960449219,112.53826904296875,154.33999633789062,62.36819351700451,48.35809181450542,30.41776144298987,449.1708589058926,114.15112088236127,147.2899932861328,61.64225867956355,47.912908419681806,29.240799693853926,446.6930004438283,112.13041868766896,152.82000732421875,61.70490397995965,48.05202977844055,30.143934262767104,447.6879018485856,112.89977019538611,51300200,14797000,14174800,343139000,54503000,5847700
2021-12-30,145.14999389648438,61.27006149291992,47.98711013793945,29.459861755371094,446.9182434082031,111.62059783935547,148.85000610351562,62.24841876185325,48.35809455229415,30.32714857163771,449.5838309519996,112.66803034640438,144.85000610351562,61.155826800668784,47.90363802555906,29.414058345471055,446.45834427104364,111.40740849374205,147.44000244140625,62.00889350022608,48.15405082469691,29.699833486975336,448.5795345178264,112.15821743838102,44358000,11473000,18359400,308864000,55329000,4187800
2021-12-31,143.89999389648438,61.30045700073242,47.76451873779297,29.285612106323242,445.79193115234375,111.5186538696289,148.61000061035156,61.843987229349466,48.376646409223184,29.9019745214391,447.5752433544864,112.85343183566115,143.5500030517578,61.10331378211038,47.72741923334181,29.2059532443293,445.5197611440757,111.43523378269997,146.16000366210938,61.444169339538256,48.12623006118308,29.54749135107495,446.4301930229222,112.48265939266373,49448100,12046000,16319000,266530000,65237400,3888200
2022-01-03,150.24000549316406,61.10792922973633,49.35049057006836,29.99258804321289,448.373046875,119.38827514648438,151.64999389648438,61.879928980691304,49.36904032423573,30.580072899349123,448.50446299701963,120.1205417114999,145.02000427246094,60.91446892323916,47.85726897063133,29.658020042237183,444.7501094779795,114.93901993321437,145.13999938964844,61.384305112464084,47.90364512505169,29.687892829558706,447.04963382232506,115.0595179727456,59396600,22591000,33857600,391547000,72668200,18592000
2022-01-04,144.4199981689453,61.80806350708008,49.28556442260742,29.165122985839844,448.22283935546875,123.65213012695312,152.4199981689453,61.92506040425722,50.02753684242391,30.338100081012925,450.503630734945,125.59868364914301,140.6999969482422,60.546878283262174,48.83110786334639,28.22813495488004,446.3738192251194,120.77866319394906,151.00999450683594,61.067383042204305,49.68437526163446,30.14791442477698,449.7902944480765,121.30700454530275,80200500,21103000,45681400,527154000,71178700,25554900
2022-01-05,136.14999389648438,59.23595428466797,49.96261215209961,27.486310958862305,439.61602783203125,117.7754135131836,143.75999450683594,61.834781166307124,52.095784086568784,29.290585804595278,448.62648196413437,121.31628358148168,135.2899932861328,59.144745057876555,49.925516186337504,27.41561451686952,439.5221632658069,117.60856626950408,142.82000732421875,61.834781166307124,50.25940110621688,28.825575893064034,447.8568326219161,121.15870759353328,65403200,34961000,59109300,498064000,104538900,17891200
2022-01-06,136.22999572753906,58.68597412109375,50.09245681762695,28.057863235473633,439.2030029296875,119.08236694335938,138.0,59.75645792008272,50.70458447701535,28.316754959283724,441.90614176454653,119.57363734513463,131.77000427246094,58.446452356325935,49.54525152074919,26.949609518873476,436.8471371761855,115.68980918696455,136.19000244140625,58.97432308482403,50.64893875943675,27.522156879900578,439.15608497296836,117.7197825025744,64802900,28581000,35757900,454186000,86858900,16249000
2022-01-07,132.0,57.038795471191406,49.56380844116211,27.130836486816406,437.4667053222656,114.47554016113281,137.44000244140625,58.95129728548595,50.44490232296015,28.300828200556737,440.38573041712436,117.84955551591985,131.1300048828125,56.97522944107264,49.29484584529013,26.94164598984423,436.11513560687246,114.29942168249383,136.27999877929688,58.577270519034734,50.25940831552837,28.02102606266158,439.212494806085,117.30267171451807,58441100,27832000,30717200,409939000,85111600,21248100
2022-01-10,132.0,57.22396469116211,51.20541763305664,27.283180236816406,436.9222412109375,115.87521362304688,132.4199981689453,57.30503176098298,51.298166393210956,27.351886299717222,437.1380981844354,116.67237187228713,125.02999877929688,55.60349483251636,49.44323364616595,25.53466639311799,428.5594161640464,114.2530904299015,129.0800018310547,56.09083556025214,50.055361311170664,26.467671784773447,434.2848104246131,115.96790496256172,84671300,29793000,49260800,594681000,119362000,11857700
2022-01-11,137.30999755859375,57.30595397949219,51.85464096069336,27.698402404785156,440.90191650390625,119.73120880126953,138.99000549316406,57.854091475880246,52.01231207227358,27.945346157388915,440.9957810759172,120.08344573410604,131.58999633789062,56.61686282487281,50.76023043797126,26.724573342620975,433.6747741107534,116.32938699051479,133.4499969482422,56.70622355741428,51.47437991723928,27.206509077115893,436.65950709740383,117.29339232097591,77153900,19037000,39795200,404089000,74303100,12113100
2022-01-12,137.47000122070312,57.30134582519531,51.69697189331055,27.87963104248047,442.0939025878906,122.567626953125,140.57000732421875,58.12954212084136,52.19780099455663,28.47308885587238,444.1400470908077,123.2072092307293,135.77000427246094,57.093143193789345,50.8344279717158,27.490297267388375,440.1416512981123,120.70450765454069,138.58999633789062,57.80894977967095,52.067956281714935,27.947340025615873,442.6289048560433,120.96404623910591,69669600,18806000,29136800,383413000,67605400,16389200
2022-01-13,132.74000549316406,55.0157470703125,50.95500183105469,26.461702346801758,436.0024719238281,129.01905822753906,141.25,57.84304033238292,52.13288456255021,28.358579457679358,443.8396908575435,134.40450545913617,131.80999755859375,54.735688234360936,50.797334244116065,26.385029059468522,434.9794139965531,128.76878380883585,139.44000244140625,57.80527252244,51.938117471154214,28.2580102227296,443.1920625646944,130.4650630577477,76618100,30048000,29605400,540171000,91173100,52020000
2022-01-14,136.8800048828125,54.94020080566406,51.65987777709961,26.827133178710938,436.1808166503906,130.38162231445312,137.0,55.309616842890485,51.72480014028671,27.08104705883841,436.52808978679013,133.36632992201368,131.42999267578125,54.53761713404859,50.57474027896593,26.098253685229988,431.6568135400959,126.14555695537706,131.67999267578125,54.88584566674739,50.871529235822244,26.18787012536713,432.8676006358353,126.14555695537706,71078400,25661000,30151500,395832000,95890900,28255300
2022-01-18,131.92999267578125,53.228546142578125,50.788055419921875,25.792566299438477,428.4561767578125,124.05068969726562,136.38999938964844,54.449194908887705,51.613503437666665,26.524433344257982,431.71307940228024,127.1558878522538,131.58999633789062,53.06272197357106,50.713859952193985,25.660133902473458,427.3486494050049,123.55014100471953,134.5,54.19861717984284,51.29816473931565,26.14804463261415,431.5065888243464,126.75731587836432,56527400,35825000,35313800,424270000,109709100,15191400
2022-01-19,128.27000427246094,51.95537185668945,49.730743408203125,24.96013069152832,424.00732421875,121.43675231933594,134.57000732421875,53.86787366173255,50.871526564593466,26.429837857961516,431.3846155465078,125.96942669244612,128.02000427246094,51.89641302861871,49.67509769296664,24.945195249139907,423.73512555326494,121.37187475678128,133.5500030517578,53.577683208854104,50.667486378720916,25.967817240669206,429.99552299874756,124.78296076428813,69831800,22692000,30595100,488315000,109357600,11155100
2022-01-20,121.88999938964844,50.458351135253906,48.265350341796875,24.047040939331055,419.31439208984375,118.95260620117188,128.50999450683594,52.52377970872896,50.16665567685542,25.469949535319014,430.56805849452223,123.04962399980501,121.41000366210938,50.37083187343026,48.17260158276756,23.975347395495497,417.2025680670074,118.83210110175028,126.04000091552734,52.326632942384414,49.95333883809308,25.196122322501015,425.88451127200136,122.28027248771137,91157300,25225000,28582600,435181000,122379700,11421900
2022-01-21,118.80999755859375,49.12347412109375,48.265350341796875,23.27435302734375,411.0829162597656,115.43026733398438,125.0199966430664,51.16587030756832,49.27628881819435,24.717175090048293,420.5438737739102,118.62817108893313,118.38999938964844,48.949356325781395,48.181878227672186,23.16382617931283,411.05475975634477,115.18926423122454,120.13999938964844,50.35886142128206,48.3024498454086,23.406785447324438,418.1974030107011,117.7939350192989,95685300,38010000,46372400,718958000,202271200,15573700
2022-01-24,116.52999877929688,49.89271545410156,48.17259979248047,23.272357940673828,412.8287048339844,116.75578308105469,116.7699966430664,50.0705162130321,48.3488206590854,23.280323256927787,413.3355505734703,116.85774566833906,107.5,47.29665006613691,46.262021421525446,20.79894871741768,394.92045135440037,111.35179424256411,115.4000015258789,48.90790574787905,47.74596613081122,22.234800479522537,405.4983319626778,114.72580966207799,116210100,54256000,64198400,913982000,251783900,17083400
2022-01-25,111.12999725341797,49.20730972290039,47.300785064697266,22.228822708129883,407.78851318359375,113.53009033203125,114.81999969482422,50.24462956784913,47.87581322582321,22.8451850306954,412.7161024030997,116.62602497896567,109.86000061035156,48.29343548696029,46.60518528433407,21.906204650379927,400.9180390545414,112.80708089692997,114.0999984741211,48.64166406886781,47.310058171713926,22.449876349333593,406.4651000702844,116.32013718779545,85102900,38158000,44095400,664616000,167997300,11370500
2022-01-26,110.70999908447266,51.32432556152344,47.940731048583984,22.674909591674805,406.765380859375,114.08623504638672,117.16000366210938,52.89504408617061,48.89602372898467,23.954430766160627,416.77073505367554,117.41390127913874,108.62999725341797,50.674847130860186,47.06891401344465,22.20492187006913,402.52294363244783,112.9831890907781,114.55000305175781,50.85264787821954,47.42135219275762,23.14091465619821,413.6546151854852,116.21816399063171,94752600,49715000,54895400,755959000,186391100,13592100
2022-01-27,102.5999984741211,49.959957122802734,44.564754486083984,21.85044288635254,404.75677490234375,107.87580871582031,112.75,52.53483462559707,46.42896370855836,23.892699123335404,414.47116870984235,115.06876734993618,101.94000244140625,49.842039468711924,44.31433816345296,21.58258875418974,403.0767226115069,107.55138553884684,111.95999908447266,52.48508668760728,46.35476470718482,23.46751957498949,411.34568253977307,114.9389980791468,125954100,34183000,89642800,573353000,149878300,18599800
2022-01-28,105.23999786376953,51.598854064941406,44.26797103881836,22.742626190185547,414.80914306640625,109.01593780517578,105.4000015258789,51.635704653490095,44.70388138086401,22.760549101180075,414.8560610276969,110.86052144792119,99.3499984741211,49.04608805575252,42.94169379804433,21.20520811526972,401.54688476779603,105.8458476279401,101.55000305175781,50.05669242826091,44.24942128617774,21.918155191484143,406.1084105135008,110.03555658434632,98749500,30254000,61945400,543774000,164457400,14005900
2022-01-31,114.25,53.97381591796875,45.27890396118164,24.381610870361328,422.28033447265625,113.66911315917969,114.30999755859375,54.018956653161084,45.325276568046625,24.40451353042062,422.6276076174351,113.79888243929537,106.9000015258789,51.22113775163186,43.87843142104158,22.953724311798037,412.8005853653847,110.1282505048188,107.93000030517578,51.53436068561064,44.22159295744623,23.083169257619492,414.14275997921226,110.78636816023273,97206000,40288000,51828400,564680000,152251400,10189100
2022-02-01,116.77999877929688,54.60395050048828,45.399478912353516,24.532957077026367,425.13360595703125,114.05843353271484,117.26000213623047,54.712657274261815,45.47367438120014,25.037795466622228,425.7718391626573,114.23454495164982,112.7300033569336,53.04705006931538,44.85227361984658,23.788145059709638,419.49268078948916,111.32399312073002,116.75,53.97290087862925,45.24180779179895,24.996969904301384,423.00299206387587,113.91939299110618,122467900,25719000,35386100,518925000,123155400,6956300
2022-02-02,122.76000213623047,55.590599060058594,45.91885757446289,25.134384155273438,429.2634582519531,115.07804870605469,130.05999755859375,55.71681038433208,45.98378347412771,25.70693156804896,429.98616108876035,117.2285201889194,120.63999938964844,54.68778078815398,44.60185705161216,24.448320550364187,425.22751049662656,113.594966144061,129.88999938964844,55.182490944099484,44.750251526553136,25.684030811068062,427.52706378997823,117.00605957259422,180065000,24443000,37962700,543419000,117361000,8562900
2022-02-03,120.08000183105469,53.51043701171875,44.778079986572266,23.845901489257812,419.17352294921875,111.0829849243164,125.37000274658203,55.184337974707276,46.08580756620817,24.970087889771477,425.1523255868119,114.82777276233018,118.81999969482422,53.44318802401364,44.750257124666334,23.678618459668993,418.3381656483604,110.53610110998017,120.31999969482422,54.875722192815154,45.677723593571336,24.35372741378853,423.2563876118731,112.57533872098685,103599500,30602000,42145800,410178000,118024400,9926800
2022-02-04,123.5999984741211,54.36811828613281,44.866851806640625,24.21531867980957,421.14459228515625,112.17676544189453,124.95999908447266,54.95495149138275,45.08179716992636,24.529971431012495,424.97402004258834,112.92758154254004,118.58000183105469,53.07653419769014,44.04446672562207,23.531247360390374,416.5736430884237,110.66587612905735,120.33999633789062,53.098645958720596,44.726674232922534,23.869797957184883,418.9389039958587,111.6391528545369,86212000,20548000,32431500,354829000,118454400,5743200
2022-02-07,123.66999816894531,54.135032653808594,45.025726318359375,24.62257957458496,419.7930908203125,113.37249755859375,127.62999725341797,55.42016776783625,45.474300994257604,25.074642641567248,423.2940075029743,115.0316985926571,122.79000091552734,53.815361044410466,44.82012825504803,24.098821059296263,418.4696776323214,112.97391846022215,123.55999755859375,54.368105742926296,44.97900045804897,24.268096386769162,421.904914890702,113.60422942806804,81672500,18671000,27558500,376868000,84472900,6562900
2022-02-08,128.22999572753906,55.29487609863281,45.61448287963867,25.000953674316406,423.2471008300781,114.67019653320312,128.7100067138672,55.445040642850756,45.73596940542432,25.12243327791411,424.16692787247695,114.80923706816482,122.05000305175781,54.07607276215986,44.76405937436569,23.877762561815906,417.8783734599183,112.72365025942568,122.37999725341797,54.20412555088472,44.838820039083416,24.255146434255927,419.29565126198895,113.08515140718883,84902800,14570000,28051200,410359000,81012000,7036200
2022-02-09,132.85000610351562,56.31930160522461,46.6424674987793,26.591144561767578,429.4417419433594,116.34794616699219,132.9600067138672,56.35431071532083,46.69854067273571,26.611059748632012,429.76085856020444,116.37575993465042,127.6500015258789,55.41832483157083,45.63317532224748,25.244909456729868,427.06711445154485,113.78963115033639,129.60000610351562,55.951727034805586,46.100441077019845,25.512761692954534,427.26420999418116,115.75471308441436,92948900,22004000,35217300,524282000,92589900,10979700
2022-02-10,125.7699966430664,54.478660583496094,45.66120910644531,25.713899612426758,421.7265625,115.5971450805664,131.75999450683594,56.62331477418959,46.66115751411787,26.81020536713915,429.6013045752705,119.25851349995584,124.61000061035156,54.22163073470247,45.56775381860623,25.49085560163504,419.73675960069767,115.27272182110067,128.83999633789062,54.841627959353026,45.96025889762095,25.884171987627038,423.62250082711057,115.68057224551283,108939900,24920000,32762700,513200000,140103700,10474900
2022-02-11,113.18000030517578,52.82594299316406,44.51173782348633,23.84689712524414,413.41058349609375,112.16749572753906,127.16999816894531,55.252500804300276,45.89484406168886,26.040506046365,423.8758370313711,117.33048148030547,111.80999755859375,52.426125064144344,44.39024772625868,23.671648776457072,411.98393963004395,111.64841153266102,126.13999938964844,54.478656137093886,45.74531915931439,25.805512129420663,421.8109600128864,116.32939811007147,164723200,27281000,37208200,605472000,153214600,9845700
2022-02-14,114.2699966430664,53.30131530761719,44.46500778198242,24.163537979125977,412.0590515136719,111.01811218261719,118.37000274658203,53.6909981565521,45.02572522196282,24.76894557701756,414.48062552290673,112.6680492011077,113.45999908447266,52.51733537909019,44.02577686285989,23.653719855080432,408.6050532231465,109.3774534918734,115.51000213623047,52.971508514993744,44.78274505033799,23.831957540433464,412.9038039524639,111.18495942844673,135146400,19291000,28456900,440424000,123006300,8081800
2022-02-15,121.47000122070312,55.5297966003418,45.268699645996094,26.38204002380371,418.7043151855469,115.4209976196289,121.87999725341797,55.831042925119434,45.28739070175485,26.43182609028829,418.87325423289116,115.50442476365265,114.36000061035156,54.192151305267245,44.100535398231344,24.67833439160507,415.96362429591613,112.58460201692965,117.19000244140625,54.26400748523165,44.577148407693805,24.84262993037753,416.47986513184117,113.10367910189555,143975900,34284000,35837900,699869000,88482700,9248700
2022-02-16,117.69000244140625,55.017578125,45.07245635986328,26.397972106933594,419.17352294921875,114.56822204589844,119.54000091552734,55.34922631378453,45.31543655994511,26.468670452357063,420.543853789651,115.20780419715383,114.22000122070312,54.097255455402355,44.483700483462655,25.443061093040882,414.7996982172283,112.68656060762517,119.05000305175781,54.727384202681186,44.91358770707936,26.147047583163317,416.6674796900843,114.1418363023597,119109600,22931000,26022900,732676000,84863600,5749500
2022-02-17,112.37000274658203,53.340003967285156,44.455665588378906,24.402517318725586,410.2194519042969,111.00883483886719,116.9800033569336,54.498927841104155,45.10049107507641,25.675068597680315,419.1454369302685,113.78034597035659,112.26000213623047,53.32986882610765,44.278105877102625,24.06197633665846,409.6187702110395,110.90687225228673,116.26000213623047,54.32573430343045,44.72668059371241,25.5207287378447,416.00115999955716,113.53934285008502,98179600,21424000,32030600,810595000,102259100,7976700
2022-02-18,113.83000183105469,53.43119812011719,42.09130096435547,23.54120635986328,407.563232421875,110.59172821044922,115.63999938964844,54.14515966870584,43.18470114321391,24.879476296810182,411.72117196742954,111.87089280731497,109.88999938964844,52.81304245817817,41.59599682931479,23.001517271399226,405.3012310451236,109.79456991938386,113.9000015258789,53.51871737039678,43.16601008482041,24.562831248228793,410.4728334127503,111.71330974278624,114321200,19708000,76520100,761255000,132642900,8389000
2022-02-22,115.6500015258789,53.19812774658203,41.764217376708984,23.290281295776367,403.18939208984375,108.36710357666016,119.19999694824219,54.37271466083769,42.43708129295376,23.961407632998917,408.7552139612039,110.6380732519328,113.61000061035156,52.493377003734714,40.979210662741835,22.901944582346907,399.70720879424357,107.26405752598123,115.2699966430664,53.43120435732234,41.764217376708984,22.936795215643546,405.36692386987266,108.91398743822286,141648500,20204000,57093300,633422000,124391800,9793500
2022-02-23,109.76000213623047,52.0677604675293,41.72683334350586,22.291555404663086,396.0374450683594,107.43090057373047,118.6500015258789,53.89919152504384,42.7174344624404,24.052019342712313,406.65287914171387,110.70295357538083,109.04000091552734,52.026302684073926,41.63337805354189,22.205923511795177,395.4742862168669,107.30113128717575,117.4000015258789,53.453308618436175,42.21278659149934,23.700523668904758,406.08972029022135,109.88725990676606,120299400,22416000,38176700,566511000,132578000,8114700
2022-02-24,116.61000061035156,53.43212890625,43.66130828857422,23.64675521850586,401.9974060058594,103.70465087890625,116.95999908447266,53.95631674060534,43.72672520158731,23.698533574396834,402.42917729930826,103.79734929064608,104.26000213623047,50.578116621372516,40.77360611073059,20.800939822460943,385.4219598312815,96.7526943121748,104.55999755859375,50.81395546138158,41.025930017332975,20.92540691455172,385.7785993678831,100.10817456093304,142956600,35316000,72740100,735801000,213942900,27539100
2022-02-25,121.05999755859375,54.170040130615234,44.58649444580078,24.05401039123535,410.8670349121094,103.1021499633789,121.2300033569336,54.29625145134485,44.66125867268031,24.113754059814244,410.95150442325064,104.74280854308337,116.04000091552734,52.87938054702323,43.22207938984032,23.28131966006848,401.58438272743587,101.36879297523483,117.16000366210938,53.41646569897256,43.85756105849812,23.6198702807105,403.22691227876925,104.08469086015697,127821000,22380000,39266300,528866000,121804500,14258900
2022-02-28,123.33999633789062,54.117530822753906,44.577152252197266,24.281036376953125,409.81585693359375,99.19051361083984,124.61000061035156,54.5652552459326,44.68929503146708,24.559843299003468,411.2894475933548,101.74882841535347,119.19999694824219,53.09863638046397,43.782798356236505,23.605927486955995,404.2500346060891,97.32738735841933,120.30999755859375,53.52424904660086,43.92297950403978,23.889712256178317,405.4983445727152,101.3780630734093,124666100,25005000,41946100,477319000,145615000,26390800
2022-03-01,113.83000183105469,52.52194595336914,43.7547721862793,23.376911163330078,403.5742492675781,100.15452575683594,122.43000030517578,54.13412240298686,44.7640680937243,24.273075765282154,410.3227021337157,102.99092182941381,112.80000305175781,52.07790441651481,43.19405461433566,23.033382665393212,400.8804765076019,99.22759819618737,122.33000183105469,53.873409568453624,44.42763612457597,24.18744196343962,408.32350426508583,101.96203167134222,126552200,24898000,53853000,412056000,137785900,20377900
2022-03-02,118.27999877929688,53.96460723876953,45.67055892944336,24.120853424072266,410.99853515625,101.60053253173828,119.4800033569336,54.40220006100438,45.78270528977188,24.309080821194527,412.71613952126535,101.93422702603442,113.30999755859375,52.84069242702964,44.371560557757064,23.319150331128935,405.06664891646875,99.97840926798064,115.47000122070312,52.92728744251072,44.40894267786658,23.658754033910338,405.8175082648305,100.47895100942482,118354500,21771000,46936500,389642000,117726500,13342400
2022-03-03,111.9800033569336,53.30315399169922,44.79209518432617,23.616918563842773,408.95233154296875,100.84042358398438,118.26000213623047,54.69423024836783,45.37150371748581,24.22641262648791,414.02070302306777,101.96200478802534,111.05000305175781,52.90978118454259,44.50238913526897,23.37292072724898,407.1596243152398,99.73737781463504,118.12999725341797,54.69238877332004,45.0257280598693,24.162673555504384,413.42002135958006,101.87858472407163,123916700,26454000,36389900,365095000,105501700,10841700
2022-03-04,108.41000366210938,54.90519332885742,44.92292785644531,22.842103958129883,405.6297912597656,97.38300323486328,113.0,55.81906746282911,45.10983486501204,23.583057606711368,406.7560802365222,100.21940626213697,106.80999755859375,53.80154535743094,44.268755108939104,22.389962101255723,401.60323870750193,96.22434383192841,112.0,54.6103956745782,44.268755108939104,23.288269861512525,405.2355714996603,99.18124489122485,100609400,44757000,38310700,431415000,113978200,22372100
2022-03-07,102.94999694824219,52.57537078857422,44.55846405029297,21.26458740234375,393.672119140625,92.03462219238281,109.52999877929688,55.16222152218118,45.3621617439656,22.938707297032252,405.75174706324987,96.48386945946876,102.81999969482422,52.510884019165594,44.48369981601881,21.242678105287446,393.60641107929933,91.82142577921758,108.52999877929688,55.00561180055034,44.86685760428659,22.723590064178474,405.04780577504613,95.74233178423519,92600000,26494000,43813700,450821000,137896600,29422900
2022-03-08,105.52999877929688,53.059024810791016,44.3902473449707,21.425928115844727,390.68743896484375,92.69275665283203,109.9000015258789,54.91072284970941,45.53037694387971,22.281410884459255,400.974360268534,95.5755019504868,100.08000183105469,51.922209171244994,43.8201825455162,20.565464751978574,389.6268294424803,91.41359915690555,102.80999755859375,52.710792743442646,44.56780705096684,21.22176739996016,393.85047743128945,92.88741059317545,135348300,26993000,44813900,557467000,164772700,25650000
2022-03-09,111.05000305175781,55.000083923339844,44.51173782348633,22.919788360595703,401.1620788574219,97.28105926513672,111.70999908447266,55.42570011618349,45.28739714050547,23.124944442804253,403.1331202623526,97.99479755424427,106.8499984741211,54.07699886796208,43.82018292190762,22.15592800317561,396.85396145942144,95.25109241146716,108.41000366210938,54.24190225603579,45.240671276942486,22.295354282391074,399.0314934618867,96.87321588611525,102310300,22560000,36076500,492742000,116990800,14348400
2022-03-10,106.45999908447266,54.144256591796875,43.60524368286133,22.565242767333984,399.3506774902344,96.36336517333984,109.06999969482422,54.3552214900948,44.212690640059584,22.694709732633942,400.2423194510564,97.81864081057266,103.06999969482422,53.097725767912074,43.137977889618085,21.792418612832495,394.62018304866166,95.0285875441194,108.88999938964844,53.94434757412805,44.19399958053524,22.43876187931811,396.5724346829495,96.57656157263258,102557400,19323000,36456000,428066000,93972700,11811000
2022-03-11,104.29000091552734,53.23406219482422,42.8295783996582,22.00952911376953,394.2728271484375,93.9997329711914,108.19000244140625,54.76148498125494,44.184646160792845,23.050251249791206,402.4385288577548,97.66109422711766,104.08000183105469,53.16681321017931,42.773505228836,21.955749323787682,393.76598140373204,93.89777036763834,108.12999725341797,54.53762275451658,44.06315963810996,22.927753683517206,401.82845214023683,97.66109422711766,87584400,19813000,27082100,367209000,95636300,18116400
2022-03-14,102.25,52.30820846557617,41.493202209472656,21.2426815032959,391.391357421875,92.04390716552734,105.23999786376953,53.43028526376395,42.96976020339688,22.170865393438028,398.4776882871235,94.41683939498922,101.04000091552734,52.02722889727409,41.399746915581915,21.072381995476352,390.255673493645,91.83071072058544,102.98999786376953,53.152067907992645,42.894999533239236,21.779474563363422,395.0424799965583,94.1016803553224,89731700,25234000,35993900,385354000,95729200,17959400
2022-03-15,109.33000183105469,54.607627868652344,41.8763542175293,22.878950119018555,399.9982604980469,94.63001251220703,109.69000244140625,54.97612314162389,41.9604621879354,22.943684546567038,400.6270987320428,94.67636170980941,101.79000091552734,52.97518505886886,41.18479939808418,21.23471009579193,392.7241998621839,90.48665307789953,102.66000366210938,53.18062195547443,41.5866481939184,21.429906837917056,393.99127138077023,90.86668962503927,112425500,28260000,34448900,491996000,106219100,13415600
2022-03-16,115.37000274658203,55.930538177490234,43.57719802856445,24.395719528198242,408.8678894042969,98.43943786621094,115.41999816894531,55.98488980202915,43.57719802856445,24.49630589121448,408.9242024189119,98.53257622700733,109.88999938964844,53.80614733358125,42.306234816925524,23.077140259936503,398.71235566484523,95.75700759686565,111.5999984741211,54.96599539790449,42.334269616755904,23.403796625061247,403.4897960044395,95.92465948869973,113689800,29454000,38885500,671422000,144954800,20347100
2022-03-17,111.69000244140625,55.52058792114258,44.0538215637207,24.664613723754883,413.983154296875,99.18456268310547,114.2699966430664,55.919488687635585,44.19400273769005,24.74030090825493,413.983154296875,99.22181945269034,109.70999908447266,55.05628315879724,42.736132075239155,23.80813378286248,406.58707380377643,97.56393228917591,112.13999938964844,55.70944455093699,43.28750589325372,24.02125840895199,406.96250340047624,98.49533021079095,103201700,18174000,28555000,471941000,102676900,8042000
2022-03-18,113.45999908447266,56.233619689941406,44.34352493286133,26.344709396362305,418.5174560546875,99.3988037109375,114.93000030517578,56.491566721840705,44.4837025332556,26.460235655741535,418.8375640496455,99.69685081072728,110.55000305175781,54.90518544713052,43.31553803852772,24.523198138240513,411.6444865688326,97.6943435280756,111.27999877929688,55.640338002308276,43.754769029331044,24.69748098703601,412.3788587296018,98.45808966541213,105834800,41538000,46237100,730719000,106345500,10218200
2022-03-21,115.91999816894531,55.76803207397461,44.287452697753906,26.62455940246582,418.3951110839844,99.58505249023438,117.56999969482422,56.16777275753974,44.75471850560521,27.040849423539733,420.34400315492985,99.86447467661831,112.54000091552734,54.61518297112572,43.98840286592549,25.860699040597943,414.90210943181734,97.91784955174674,113.7300033569336,56.16777275753974,44.35286962565667,26.398489377058596,418.34801862936644,99.39877576997935,101905900,25789000,32910900,591727000,88349800,10366100
2022-03-22,114.77999877929688,56.70014572143555,45.22197341918945,26.415420532226562,423.29083251953125,99.69683074951172,117.94999694824219,56.90047956524541,45.29673764161297,27.12649837424718,424.222912400997,100.55371510073276,113.80999755859375,55.58625020696475,44.29678933890163,25.965271190591476,419.77901181940337,98.94240073441514,115.43000030517578,55.80791836859906,44.39024105197669,26.617588642474022,419.77901181940337,99.09142070132222,101672600,19262000,27923300,547007000,74650400,10401200
2022-03-23,113.91999816894531,55.59088897705078,45.109832763671875,25.529064178466797,417.83953857421875,98.12276458740234,117.55000305175781,56.70293057233899,46.334070226048645,26.50305932852309,422.2551954239961,100.767938244217,112.20999908447266,55.57048516083045,44.91358201804832,25.47030568855705,417.75480664692736,98.12276458740234,114.29000091552734,56.39037043078319,45.287392452813975,26.019048781115384,420.7676314797247,99.19387356351389,90579200,13839000,37126400,502120000,79426100,12905300
2022-03-24,120.52999877929688,58.09970474243164,48.24051284790039,28.034759521484375,424.13824462890625,100.51647186279297,120.55000305175781,58.17297379446761,48.26855121580029,28.204063653708854,424.14766886587796,100.57236057565788,113.70999908447266,55.83388699329975,45.40888367187754,25.800941854899072,418.74344361122075,98.56985342640223,114.95999908447266,56.263304704618974,45.47430058871964,26.058882339128612,419.8544117415458,99.4546786963975,121961300,26016000,51677900,877379000,64736900,10834000
2022-03-25,119.66999816894531,58.32600784301758,48.436763763427734,27.57863998413086,426.2095642089844,99.4081039428711,121.4000015258789,58.46883809251775,48.576941333269275,28.24191402369098,426.48260848847235,100.57235135241187,117.25,57.50983043983585,47.14710944415033,27.159363852947997,422.1987468815837,98.57915324975598,119.91999816894531,58.159989348404096,47.37139498187854,27.771846072498157,424.7690638457169,100.30224510067814,95852400,14538000,33239800,579016000,77101300,7432100
2022-03-28,120.23999786376953,58.69791793823242,48.13771057128906,28.10348129272461,429.2412414550781,99.03553771972656,120.41000366210938,58.73687517800026,48.19378373835332,28.134354526494057,429.2412414550781,99.39878232237001,116.70999908447266,57.11193973082437,47.24990859830835,27.094627668908103,423.7334353919897,97.43353223832375,117.69999694824219,58.04868957592215,47.99753300105996,27.642377303838558,425.61644404723825,98.3742460814269,92966100,14427000,22932400,425494000,68529800,8151200
2022-03-29,123.2300033569336,59.494625091552734,48.82926940917969,28.53868865966797,434.55126953125,101.7552261352539,123.70999908447266,59.85077020780837,48.866651523646645,28.827500474518697,435.04087012373685,102.23024107989093,119.58999633789062,58.430810409192524,47.922772740606554,27.86545546506131,430.43690060861235,99.46398802877306,122.27999877929688,59.35828359029082,48.59563654119318,28.5775285613948,433.110769196489,100.51646515512327,94143000,23001000,27303700,488984000,86581500,14076200
2022-03-30,119.22000122070312,58.53190994262695,48.062957763671875,27.57664680480957,431.86798095703125,99.4081039428711,125.66999816894531,59.75617433981287,49.07224998099687,28.37934706350977,434.221741418466,101.83904599647016,118.58999633789062,58.18318051288668,47.866706994324645,27.390412047597884,429.7684162817575,99.20319526183155,123.04000091552734,59.25348401215062,48.829273347274814,28.188133610446798,433.41203287887015,100.39538347224095,99476900,18626000,24623300,463487000,79666900,15456300
2022-03-31,109.33999633789062,58.401123046875,46.31538009643555,27.174297332763672,425.2210388183594,97.10755157470703,116.37999725341797,59.26553075263208,47.90408071465325,28.13235904221387,431.92454519936246,99.7992910628231,109.0199966430664,58.24994660599527,46.26865067181949,27.15836398762896,424.7691063862662,97.042354002905,116.30999755859375,58.475322590934766,47.8480111090413,27.668267123207887,431.105441011295,99.62232317964515,147004800,21731000,43698300,523440000,121699900,13021600
2022-04-01,108.19000244140625,58.15071487426758,44.96031188964844,26.602645874023438,426.426025390625,95.73839569091797,111.41999816894531,58.854665967096864,46.633124162021375,27.383436717189806,426.9344168883993,98.68160950419934,106.0999984741211,57.38183740417718,44.23137844658407,26.159467926180007,422.8671412440887,95.19818317697312,110.4800033569336,58.58755182451832,46.56770724097482,27.262931780225625,426.79319702790644,98.51395758973378,111867100,16267000,46598600,517235000,89048800,12085100
2022-04-04,110.52999877929688,58.88063430786133,45.97895050048828,27.247995376586914,430.0791320800781,97.60118865966797,110.94000244140625,59.05407204404722,46.006985304695135,27.44518476682431,430.1827124889648,98.32767789859673,107.02999877929688,57.922553653234566,44.78274775664432,26.50405367248858,425.8047234508301,96.19477581409949,109.97000122070312,58.09877228048025,45.01638063158079,26.618582662321668,426.6238275552801,96.88400828359572,90123900,16484000,23784900,397120000,59601000,9077200
2022-04-05,106.81999969482422,56.95798873901367,44.97900390625,25.824844360351562,424.6466064453125,95.46827697753906,110.4800033569336,58.640428067210465,45.77335428728764,27.2071627020829,431.0488230339406,97.4242109870981,106.05000305175781,56.854112183011196,44.87620486671351,25.714298707379786,423.50739449351903,95.10503239459244,109.69000244140625,58.3890828895888,45.63317669561006,27.14242826487716,428.59151104712674,97.31244779603851,79532000,19778000,25779200,436615000,74214500,12291000
2022-04-06,103.66999816894531,55.83388900756836,44.4276237487793,24.307083129882812,420.40045166015625,94.23883819580078,105.73999786376953,56.72333549316111,45.016375965830186,25.19642705051053,422.6694802657768,95.13297931180063,101.70999908447266,55.07057681471642,44.147265040904436,23.904737678545857,417.5288752979102,92.87899813775921,104.44999694824219,55.84130825560846,44.33416846951808,24.831926142575206,420.74883235488153,93.53097381421684,105256600,23742000,31518700,703833000,106898000,14902600
2022-04-07,103.72000122070312,55.9312744140625,44.446319580078125,24.108898162841797,422.518798828125,93.62411499023438,105.23999786376953,56.35698429456153,44.77340418024935,24.620793903525843,424.32649940320846,94.28541376105487,100.91000366210938,55.0214240932722,43.70803883688619,23.3818870718976,417.5853263725242,92.81380335461293,103.91999816894531,55.63262933067994,44.324829486462484,24.340944116539315,419.5248225851807,93.53097662023218,91895500,16583000,24117000,557992000,78097200,12431000
2022-04-08,101.0,54.442665100097656,43.94167709350586,23.024356842041016,421.3890380859375,92.4784927368164,102.98999786376953,55.51760666108327,44.46501608281909,23.825066344638063,424.2700386147041,93.7917600010729,100.41999816894531,54.34713478795029,43.78280486471488,22.967590974113833,419.85438165587385,92.3201568088567,102.51000213623047,55.40538039163716,44.18465374553563,23.819090390264524,421.76563401623116,93.71725357415173,92746700,20464000,22167300,524781000,79272700,11796200
2022-04-11,97.37000274658203,53.85002136230469,43.5211296081543,21.8272762298584,414.1865539550781,90.87649536132812,98.66999816894531,54.65414115153698,44.20333714304272,22.228626311058377,418.9693828064198,91.63092540751514,95.94000244140625,53.74057949816272,43.483747494335994,21.57132836419141,413.6875578619317,90.26177642525042,98.5999984741211,54.03273227776777,43.82952669972343,22.12306125571871,418.131430249241,91.48190543446687,95527700,23512000,30352500,575207000,89770500,12480500
2022-04-12,95.0999984741211,54.263671875,43.455711364746094,21.415969848632812,412.65191650390625,90.75541687011719,99.58999633789062,55.51761668497326,44.77340053449828,22.631972169880864,419.67553034639525,93.27950441595696,94.5999984741211,53.9947038108054,43.37160339370002,21.194878517496804,411.1078357022038,90.75541687011719,98.77999877929688,54.638370407090626,44.22202684985279,22.44474204972869,417.1617012912827,93.13979330479931,89246400,17350000,29861400,662258000,84363600,13291500
2022-04-13,97.73999786376953,54.95649337768555,43.93232345581055,22.11210823059082,417.3782653808594,94.5368881225586,98.33000183105469,55.343249496261656,44.17530363781252,22.407893303585002,418.13145732147433,95.20749575654595,94.70999908447266,54.354561402224114,43.5024398291359,21.367171071947986,412.22823575440935,92.67409229748355,95.30000305175781,54.581791324425765,43.689346838763264,21.639054224925435,412.40712386848077,92.95351451364566,77728400,20266000,22171300,516943000,74070400,15776800
2022-04-14,93.05999755859375,53.223052978515625,42.680049896240234,21.17097282409668,412.1810607910156,91.61228942871094,98.38999938964844,55.375721221566394,43.68934558017981,22.683755302120506,418.71510111253554,97.33107143039976,92.91999816894531,53.13123402890596,42.633324036418124,21.076362421603775,412.07748040598824,91.58434863128922,98.37000274658203,55.183733571997244,43.68934558017981,22.412867562077835,417.604104511189,96.86537252403421,73354400,27385000,36181800,569097000,97869500,17828500
2022-04-18,93.88999938964844,54.396305084228516,43.5865478515625,21.69382667541504,412.35064697265625,91.9941635131836,95.16000366210938,54.83407255178094,43.82018072260643,21.9975764845038,414.02652350805334,92.99075893922613,91.63999938964844,53.13030259811432,42.53987358747302,20.992708207900467,410.128681843096,90.78335055868429,92.02999877929688,53.13030259811432,42.54921733373471,21.113213152266766,411.2584985167614,91.23041755216036,80605800,21375000,25593100,525701000,66002500,10277400
2022-04-19,96.93000030517578,55.42764663696289,44.79209518432617,22.107128143310547,419.00701904296875,92.62751770019531,97.06999969482422,55.52781177564886,44.85751210428187,22.281410987109858,419.72254266588925,92.62751770019531,92.83999633789062,53.7340806110187,43.306189953273645,21.226746193463015,412.0775334906012,91.00688735459063,93.38999938964844,53.7340806110187,43.549166575258404,21.631084290617952,412.24699734346973,91.68681094373623,77069500,16581000,31483100,512781000,77821000,10103000
2022-04-20,94.0199966430664,55.436927795410156,44.96031188964844,21.394058227539062,418.69635009765625,92.21771240234375,97.91000366210938,56.893987407435056,45.5584114906197,22.57719456880331,421.3890672136186,94.07119232076529,93.19999694824219,55.19671328265621,44.838821794152764,21.11321307776146,417.53831825026737,92.11525806004886,97.83999633789062,56.03792932817397,45.193944769087516,22.42482103543778,420.77709519303664,93.51235497570379,62489000,13920000,22787100,468974000,65224400,8596900
2022-04-21,89.8499984741211,54.97412109375,44.3902473449707,20.100378036499023,412.435302734375,90.96031951904297,96.2300033569336,57.12029697783946,45.69859290322546,22.30033475649145,423.68628874029804,93.74519716445774,89.23999786376953,54.78213698885363,44.296795618647444,19.918126615701347,411.5314668018448,90.72747005122564,95.16000366210938,56.16221622879477,45.436921652601605,21.620130170301234,422.3022765002863,92.90693765911497,76680600,20352000,27316900,656209000,85417300,13038500
2022-04-22,88.13999938964844,54.43803787231445,43.49309539794922,19.43510627746582,401.1183776855469,89.11614227294922,91.45999908447266,55.531529541145595,44.53042589833809,20.402131736554576,412.4540653130823,91.08139221011845,87.94000244140625,54.37404199663072,43.455713283621506,19.420168294323013,400.55346953134415,88.81809525956817,90.02999877929688,54.73112115127777,44.34351889165416,20.21988036414399,411.3525217081882,90.37352788858797,75017700,21064000,28219900,624713000,132471800,11650100
2022-04-25,90.69000244140625,54.524295806884766,43.97904968261719,19.820524215698242,403.4440002441406,89.63772583007812,91.37000274658203,54.605914613442074,44.05381034205675,19.863347449845236,403.6134641154083,89.67498259627286,88.61000061035156,52.96985185537517,43.15666103905541,19.01782411842625,394.33964139419555,87.97052284937199,89.86000061035156,53.931640456136336,43.184695840725944,19.12338916520078,398.8871230668873,88.52936723629144,93481000,26959000,35999300,641566000,119647700,10654400
2022-04-26,85.16000366210938,51.94499588012695,42.53987503051758,18.711090087890625,391.7598876953125,86.40579223632812,90.12000274658203,54.299851892818396,43.77345634627889,19.706996516542763,401.11844136754604,88.50143780673538,85.08000183105469,51.91160749309877,42.53052771898411,18.593573098917023,391.73164371973945,86.40579223632812,89.73999786376953,54.14589098893807,43.633275192915406,19.637283370463635,400.9207048061077,88.42693136479433,89127400,35809000,35356600,653143000,103996300,14176000
2022-04-27,84.91000366210938,51.895843505859375,42.25951385498047,18.339618682861328,392.8614807128906,84.06798553466797,87.9000015258789,52.87340122830827,43.04452042570612,19.08853925931246,398.18100288274366,86.33128296065767,84.0199966430664,51.47477192706166,42.0632595385831,18.215130373255832,390.7337005773798,84.03072876191884,84.25,51.54804099283869,42.50249046653513,18.521868230847012,392.8332367337777,85.53958897524343,83125100,19313000,28320900,499460000,122030000,15846300
2022-04-28,89.63999938964844,53.69513702392578,43.77345275878906,19.701019287109375,402.784912109375,88.68770599365234,90.58000183105469,54.259038804353985,44.17530156287872,19.95497647373352,404.5078808966821,89.60047192354946,84.77999877929688,51.75022551435531,42.558562600707205,18.41430844686625,393.17216221026155,85.48369505866245,86.66999816894531,52.489422512046936,42.79219546052889,18.8893550683818,397.58781923542455,85.83763079580775,91495400,22334000,41097000,570327000,105449100,15176200
2022-04-29,85.5199966430664,51.41818618774414,40.73623275756836,18.471073150634766,387.8996887207031,86.5548095703125,91.79000091552734,53.63391961529355,42.390354124305325,20.045600227897243,400.9583459743796,89.0323243590066,85.37999725341797,51.3263672462919,40.65212477061715,18.441195280836077,387.15589243754323,86.405782491232,88.05000305175781,53.108971565043355,42.04457842904154,19.3225724947239,398.811717778329,86.78765905187409,82647700,26108000,70765900,500435000,145491100,10629300
2022-05-02,89.83999633789062,53.45491409301758,42.016536712646484,19.45303726196289,390.2346496582031,87.32786560058594,90.37000274658203,53.57455963094574,42.044575082702075,19.493867882415657,391.5904179300961,87.80287339426427,85.31999969482422,51.60275219956364,40.66146528181873,18.315712153889976,381.3279997296009,84.98073900710932,85.66000366210938,51.673240357949744,40.85771961238838,18.46509770793821,387.96562121333255,86.15430230384763,98304100,26725000,45446500,572049000,158312500,8251900
2022-05-03,91.12999725341797,53.90195846557617,42.109989166259766,19.52175521850586,392.0235595703125,87.20677947998047,92.20999908447266,54.419487246235754,42.51183798207391,19.743843804731753,394.42438400889665,87.59797198356456,89.01000213623047,53.03013142617798,41.33432633784259,19.054675285256874,389.1801982351646,86.16361841976097,89.8499984741211,53.423383388019374,41.85766524249591,19.320582473628384,390.73370329446914,86.41509271649194,126381800,17064000,40158400,475751000,100028200,9511900
2022-05-04,99.41999816894531,55.98784255981445,43.49309539794922,20.250757217407227,403.9617919921875,89.4048843383789,99.69000244140625,56.02586929680837,43.58654711881386,20.316487014368857,404.52670026180385,89.47939787740881,91.69999694824219,53.23510023029312,41.50254237193151,18.67423744950525,389.5096966956075,85.61409508875919,98.18000030517578,53.9594586224079,42.1099892524156,19.84144044981811,392.6825612700032,87.46758206561664,225394100,23896000,44625600,648855000,144247900,9082500
2022-05-05,93.87000274658203,53.792510986328125,42.00957489013672,18.766857147216797,389.6037902832031,85.82830810546875,97.83999633789062,55.450831162144944,43.243489748438414,19.843431175196322,400.13922294595034,87.90532120593355,92.16999816894531,53.26385162055226,41.56687552015289,18.424265535645223,385.4894221644525,84.96210787314004,97.6500015258789,55.113232437175846,42.951493641871934,19.785669950252917,399.71553462868525,87.58864936697528,153129800,32806000,52996700,626331000,172929100,11517200
2022-05-06,95.33999633789062,53.80272674560547,41.72699737548828,18.598552703857422,387.2782897949219,85.34400177001953,98.18000030517578,54.7190729786385,42.52763042030808,19.43212631898755,390.53588590849546,86.50824934625248,92.6500015258789,52.81311498724744,41.29371563912066,17.91635729877483,381.99646562982656,84.07729983859781,94.33999633789062,53.32415157907028,41.905964226739655,18.65930381957469,387.0523380071947,85.1297841953545,144286600,20745000,40916600,633297000,151770800,7944900
2022-05-09,86.36000061035156,52.209320068359375,40.568443298339844,16.880613327026367,374.8786926269531,81.31104278564453,93.73999786376953,53.60794908574096,41.63281257123783,18.180269513135514,382.63667706111244,84.00278225652258,85.37999725341797,51.96354024179292,40.380058815673856,16.75811575231476,373.30636816919446,81.04093653105093,92.87000274658203,53.13308185533133,41.26546480626347,17.9601754415391,381.4033090134223,83.76993277214903,144523700,30074000,44925800,644455000,155586100,11428600
2022-05-10,88.7300033569336,53.922359466552734,41.45383834838867,17.522972106933594,375.7449951171875,82.72675323486328,90.7699966430664,54.82757484164785,42.14144212721681,18.12350429350738,382.32610181137966,84.09590915310116,85.41000366210938,53.03291308743108,40.97346141621227,16.955305773137006,371.72478159187983,82.04682970663582,89.18000030517578,53.83888674454197,41.77409083421778,17.616587170071877,380.8291132331161,83.8444277649343,137235500,29271000,42770000,761474000,132497200,11690400
2022-05-11,87.91999816894531,52.59793472290039,40.34238052368164,16.561920166015625,369.77581787109375,81.8046875,93.45999908447266,54.22843571527252,41.717580993258,17.680323983243905,380.4054095794836,84.35671601330331,86.52999877929688,52.48200056532623,40.29528171314887,16.50017560428246,369.03202142087446,81.77674669714675,87.83999633789062,53.290758776992384,41.463262507547064,17.275985907406866,374.7846276976837,82.77334226626174,136137900,26660000,40351700,670167000,142361000,11531300
2022-05-12,87.05999755859375,53.01158905029297,40.35179901123047,16.108781814575195,369.3898010253906,81.67427825927734,88.55000305175781,53.20079225982851,40.41773303565469,16.71927317338393,372.647397923669,82.15860200585352,83.2699966430664,51.7771209864172,39.570004731436356,15.503272000214082,362.62038267397736,79.53206040072529,86.5999984741211,52.25384217233336,40.248187374811025,16.15260230985151,366.5935320489902,80.30512230764639,129214200,25518000,42329600,708728000,125090800,11592900
2022-05-13,95.12000274658203,54.55767822265625,41.06764602661133,17.633520126342773,378.2210388183594,84.71995544433594,96.56999969482422,54.86838085844814,41.29370805234551,17.854611494178222,379.59562679786654,85.09251604010569,88.22000122070312,53.19058025671962,40.47423994618536,16.525077208824772,372.46843366501673,82.11204548595231,88.30000305175781,53.519836316890256,40.89810040559419,16.71927867526598,373.5040939505738,82.77333716809251,138068100,19449000,32034100,670437000,104174400,11180600
2022-05-16,94.23999786376953,54.041080474853516,40.57786178588867,17.193326950073242,376.6864318847656,84.20767974853516,98.16999816894531,54.64115859128058,41.0770775774139,17.71518203809066,380.33947297147097,85.10182079697802,93.08000183105469,53.5754899377955,40.30470448394151,17.035974706114335,374.3420954969533,83.36010432717705,93.86000061035156,54.19967972562633,40.89811071393511,17.437324838562272,376.5828802088455,83.7047240764108,131065700,14189000,25071900,521446000,78622400,6729100
2022-05-17,102.47000122070312,56.40427780151367,41.821189880371094,18.102590560913086,384.43499755859375,86.91804504394531,103.19999694824219,56.483115707408295,41.84002509158528,18.295796644400493,384.67037360597254,87.07638096929998,97.54000091552734,55.055733184672214,41.11475088639952,17.561814118646062,379.03074397272616,86.0332199495502,97.87999725341797,55.2263864877697,41.27487533366183,18.00001156413309,382.74969701428194,86.89942021402186,164227200,24676000,28596600,585830000,83029700,7668800
2022-05-18,96.27999877929688,52.91883850097656,39.8902587890625,16.86865997314453,368.93780517578125,84.31944274902344,104.22000122070312,55.71516967857295,41.425587402434175,18.043829664901942,380.17936710911766,86.83422110399901,95.70999908447266,52.511678523739526,39.76781193504717,16.794963502496497,367.70443702868755,84.1704227942849,100.0,55.648392909076925,41.425587402434175,17.63252027278685,379.89692735498426,85.75379623163883,142603200,35024000,35218400,545161000,117674500,9610900
2022-05-19,96.66999816894531,50.659507751464844,39.57000732421875,17.05390167236328,366.67816162109375,84.02141571044922,100.69000244140625,52.00805587471858,40.21993359775014,17.614596699783718,371.0844224400129,85.7817574244697,95.08999633789062,49.987091155153436,39.29685360219238,16.665496886231242,364.46562134290997,83.41600556775364,96.69000244140625,51.75299935168781,39.862003446612206,16.86766690277533,365.8873016619092,83.67679588005252,141506200,34884000,29181000,621310000,98510700,7739000
2022-05-20,93.5,50.379417419433594,39.23091125488281,16.625659942626953,366.8382873535156,84.55230712890625,98.63999938964844,51.473836088082095,39.833738585942484,17.33872845520384,373.80541271191623,86.65726854446117,88.26000213623047,47.52743659679476,37.968740183051246,15.69050380184821,358.2800175928373,82.73608391800877,98.38999938964844,51.37274043283377,39.796060979467676,17.26104864553038,370.2465279725012,86.65726854446117,164126800,40281000,44802300,739105000,131432200,10469900
2022-05-23,95.06999969482422,48.8184814453125,39.560585021972656,16.828824996948242,373.70184326171875,85.222900390625,95.19000244140625,49.67268206560066,39.796064694722496,16.845755601223512,374.464459331566,85.60477690708116,90.91999816894531,47.69623617019671,38.92950122370773,16.112768519957527,367.54439801959404,84.43121366612003,91.66000366210938,48.599597710731835,39.26858893423439,16.207378932516523,369.8510659686335,84.77582631111552,128773000,58586000,27199500,639889000,76414900,6920500
2022-05-24,91.16000366210938,48.61814498901367,39.249752044677734,16.087871551513672,370.84912109375,82.63362121582031,93.41999816894531,49.05127764776061,39.456975316613445,16.529058883354868,372.035396905163,83.6395326336725,89.62000274658203,47.87524014931406,38.712858652057776,15.715402955185922,364.32447483504643,82.44733737584663,92.54000091552734,48.84630544136106,39.278012050118406,16.442415131665932,369.5969043569321,83.37873525770934,123341400,25060000,29837500,588550000,91448800,8788600
2022-05-25,92.6500015258789,49.307254791259766,39.74897003173828,16.905506134033203,374.12554931640625,84.20767974853516,93.88999938964844,49.84704485905385,40.0503837296002,17.04094904216001,376.0838942993882,84.68268751720701,89.5199966430664,48.59031912999665,38.986014587887034,15.93449732347587,368.96612427599865,82.93166218558994,90.43000030517578,48.59031912999665,39.033109804465205,15.954415901019841,369.3615399815034,83.20176840428644,111771100,17842000,26283100,781132000,91472900,9113500
2022-05-26,98.75,51.072235107421875,40.954627990722656,17.777921676635742,381.60107421875,84.75720977783203,100.33000183105469,51.43487601131933,41.143012464740174,18.017934299435986,383.2298868677585,85.101829562562,90.73999786376953,48.94460948226944,39.635943858870014,15.95640873833212,375.14236904234315,82.93167072764513,91.33999633789062,49.29890417558432,39.72071309938616,15.970351364556697,375.34950112064234,83.2762905123751,128792700,39743000,28826700,996575000,82168300,9762700
2022-05-27,102.26000213623047,54.09765625,41.96247482299805,18.73399543762207,390.9690246582031,87.33717346191406,102.4000015258789,54.29984755969825,41.96247482299805,18.80370857918977,391.08200055963175,87.38374619691821,99.37999725341797,51.93942641452509,41.0205561800884,18.02590557198039,383.85125554393176,86.18224211502837,100.13999938964844,52.13234101088204,41.058233788157054,18.111553959995266,384.0489633714319,86.2660716168355,104348400,37301000,30553300,738379000,84768700,6279000
2022-05-31,101.86000061035156,53.805503845214844,41.840030670166016,18.595565795898438,388.7753601074219,88.76222229003906,104.55000305175781,54.44545908714519,42.150865593662076,19.121404270882138,392.0988691063854,89.6843042169709,100.04000091552734,53.422455540973715,41.11475636827857,18.274883423036172,386.04500340916127,88.02641709982004,102.43000030517578,54.21080989317958,41.67990620155412,18.90230363994508,389.359088170834,88.98575579529485,125102900,30009000,41111500,664100000,95937000,9621700
2022-06-01,101.22000122070312,53.20171356201172,41.54803466796875,18.24500274658203,385.6307067871094,88.24994659423828,103.56999969482422,54.80809912770405,42.32040771890644,18.97500185230617,391.89170405110434,89.74949770643055,99.55000305175781,52.720354070499766,41.001720094160056,18.047813348721185,383.1263021350257,87.39306227470033,102.12999725341797,54.4964659746544,42.16970086977554,18.6473501146243,390.8843163808003,89.0416333482897,99351400,18345000,29885500,544514000,86585800,6152400
2022-06-02,108.58999633789062,53.491085052490234,42.23563766479492,19.511791229248047,392.9744873046875,89.73087310791016,109.5,53.58661537918163,42.27331527783515,19.538681119252402,393.0215510259649,89.75882101483418,100.77999877929688,52.692530631683276,41.38790933706453,18.123499032376543,383.2299122085265,87.1974767089729,100.77999877929688,53.58476145187574,41.623389028863535,18.217114068339008,385.47069700399817,87.54208939501096,120953800,29488000,28727600,648656000,79609600,6335000
2022-06-03,106.30000305175781,52.24642562866211,40.869850158691406,18.64336395263672,386.5251159667969,87.33717346191406,109.38999938964844,52.82887732163845,41.67990078270309,19.25285997901017,389.8203804421854,88.09161055417148,104.6500015258789,52.02939580499784,40.82275494423052,18.446174564570704,385.55536785619387,86.52686187845468,105.80000305175781,52.76117358348776,41.54803274495878,19.00388342136499,388.2762998678674,87.88670188975593,110844700,20562000,33174700,598779000,71874300,9137100
2022-06-06,105.6500015258789,52.05257034301758,40.82276153564453,18.70909881591797,387.7019958496094,86.72246551513672,109.56999969482422,53.1182352505921,41.482105423961066,19.257843890249216,392.2400239442846,88.98576286543177,104.2300033569336,51.71033327308603,40.577864225025024,18.48800745127705,386.53451118400045,86.49893199212066,108.2699966430664,53.006939476653685,41.26546452795358,19.060654448775498,390.51708401926703,88.48280710914369,96726900,14557000,25437100,422406000,57508900,9440200
2022-06-07,105.27999877929688,53.143287658691406,41.00171661376953,18.848526000976562,391.4210205078125,87.40237426757812,106.23999786376953,53.287044875145966,41.058233024821796,18.92222248536811,391.872952952458,87.4210062046712,102.61000061035156,51.709412735019896,40.182248415750955,18.113546177196397,383.7665853254526,85.47438092655808,104.23999786376953,51.98858449426294,40.55901730316389,18.396384003134806,384.22794200824694,86.31264044569765,79022900,15895000,25168700,388914000,59272400,7360200
2022-06-08,101.9000015258789,52.43562698364258,38.83530044555664,18.57558822631836,387.1653747558594,87.0577621459961,105.8499984741211,53.447499930909515,39.80547537877666,19.105521994199414,391.4963000067229,88.41760221627995,100.41000366210938,52.136981899293325,38.646916021488494,18.463026152906487,386.3745146420819,86.75039913604098,104.56999969482422,53.03477461791724,39.79605777448357,18.726000947489727,389.7168432014017,87.55140189204411,97641900,24004000,59649900,363252000,64350000,6446300
2022-06-09,98.80000305175781,51.58791732788086,37.686161041259766,17.977916717529297,377.95745849609375,84.61750793457031,103.94000244140625,53.203572688040346,38.948332090103854,18.859480331996103,387.6549405235344,87.08571408656664,98.73999786376953,51.56101768897855,37.686161041259766,17.970943930182248,377.95745849609375,84.570942297591,101.56999969482422,52.04608862055604,38.62807962716926,18.40923586335072,385.39533612934156,86.62001508075612,95299000,18787000,39047200,395574000,86289800,8086700
2022-06-10,94.81999969482422,50.20133972167969,36.90437698364258,16.908084869384766,366.9983215332031,82.59636688232422,99.93000030517578,51.10748212108309,37.75210529753188,17.62827677855805,372.6285269294592,84.49641947004775,94.25,50.05758251115879,36.90437698364258,16.8034911776423,366.9512578167044,82.5497941444576,98.81999969482422,51.0193710369422,37.53546082265525,17.53165334233973,371.78117890548924,84.3287675621309,102135400,24018000,43066200,465248000,132893900,10460400
2022-06-13,86.98999786376953,48.00786590576172,35.576271057128906,15.586241722106934,353.0640563964844,79.68109130859375,92.02999877929688,49.43431793317632,36.55586740401901,16.24865943434733,359.4756973620504,80.87327945552272,86.63999938964844,47.859470344046024,35.48207702773477,15.545400563694251,351.4634878478497,79.18744446419177,91.26000213623047,48.85743164644361,36.310966520729075,15.937870682447913,357.63035727236417,80.15609911007202,98148800,31619000,50335900,604153000,170004900,14603700
2022-06-14,86.98999786376953,48.24436569213867,35.72697448730469,15.774506568908691,352.0002136230469,81.2085952758789,88.30000305175781,48.6895558846946,35.98129295259526,16.0036129839423,355.83214308056677,81.85125507473339,85.81999969482422,47.72683695808232,35.35962679070757,15.35215229559049,348.91208061939693,80.37033564041336,87.41000366210938,48.6895558846946,35.80232611046422,15.669913807719103,354.80590682519255,80.78946190514466,84066600,24380000,31351700,469680000,104011800,10449600
2022-06-15,89.30000305175781,48.85094451904297,36.40515899658203,16.46282196044922,357.0184631347656,83.0154800415039,90.86000061035156,49.511303600069766,36.89495355599094,16.80249737716836,361.44351636660457,83.64883080445787,86.19000244140625,47.81309890312621,35.71755518731926,15.86415501064633,350.3525962069875,81.37622509527095,87.9000015258789,49.07724750919393,36.32038617031228,16.03249841468416,355.2860698359292,81.50662021358491,95774800,19141000,37652300,563936000,125666800,11742500
2022-06-16,82.05000305175781,46.11211013793945,35.17124557495117,15.54041862487793,345.2025146484375,79.13639068603516,86.7300033569336,47.71200349492502,35.59510972271717,15.88009502147224,349.24157577546,80.45658241704822,80.63999938964844,45.657650261414304,34.78505903879433,15.341195447240926,342.7828419203488,78.64015083597123,86.62999725341797,47.481989127524066,35.51033689316397,15.79841271116568,348.83673585883366,79.79180760437477,102433300,37244000,45576500,545749000,134473300,10505200
2022-06-17,81.56999969482422,46.24846267700195,34.82273483276367,15.818333625793457,345.9466552734375,79.58580780029297,82.94000244140625,46.40705842077145,35.90593916147594,15.932886820587377,349.27508426837926,80.14758854431497,79.43000030517578,45.24864363396198,34.474222333272465,15.268477150817528,342.4575241953979,78.60268614068217,82.19000244140625,45.909933329054404,35.303111779734394,15.587234197190497,345.61572844834046,79.58580780029297,105212300,43504000,71393200,630334000,111113900,9735500
2022-06-21,83.79000091552734,47.11067581176758,35.538597106933594,16.501670837402344,354.6554260253906,81.41161346435547,85.80999755859375,47.778382430469605,35.821172037960224,16.94195389912008,356.03595201089433,82.16065937011646,82.5999984741211,47.02838391676131,35.161831729943145,16.343287871553795,351.5728544262298,80.52212770176656,84.16999816894531,47.1396677586514,35.19008814510526,16.411024604098987,351.64851628810544,80.52212770176656,87780600,21901000,34004900,483089000,76811900,9604000
2022-06-22,83.75,46.393402099609375,35.20891189575195,16.296472549438477,354.0124816894531,79.50155639648438,86.37999725341797,47.11066998283888,35.57625950830303,16.59729988882193,358.1067930550198,80.69065903913501,83.30000305175781,46.21571898016534,35.058205090778856,16.117171209417034,350.03160541553143,79.16448646841647,84.4000015258789,46.413040422218984,35.16181669291042,16.162992114105894,350.44765912993915,79.24875037871801,86634700,24721000,32571000,437135000,90059400,7868700
2022-06-23,82.43000030517578,46.438297271728516,35.237178802490234,16.161998748779297,357.482666015625,78.76187133789062,84.41000366210938,46.92177465442149,35.43498086926662,16.520599577790094,358.2107454929241,78.86486531835564,80.2300033569336,45.917412535315876,34.76621944742186,15.791442532196244,352.5940787916053,77.4884977098053,84.31999969482422,46.92177465442149,35.425563263144525,16.4548558708115,356.13997099447135,78.77122923180166,100614600,16707000,30163000,463680000,79292100,10370300
2022-06-24,87.08000183105469,47.608177185058594,36.36747741699219,17.05949592590332,368.8484191894531,80.44720458984375,87.52999877929688,47.86160607892705,36.395733824953076,17.073441500432935,368.85788413601364,81.03708043691444,83.08000183105469,46.89371325569121,35.548009247917776,16.24666462485629,360.6125017111181,78.78995034051155,83.55999755859375,47.225695439110545,35.651617274819145,16.43592735057394,360.6408676942553,78.78995034051155,88553900,21201000,38159900,472153000,98050300,10670100
2022-06-27,86.16000366210938,47.29208755493164,36.386322021484375,16.80349349975586,367.43951416015625,80.39103698730469,88.22000122070312,48.07107785091826,36.79134736812814,17.2627037776178,370.05873603154885,81.45842264357364,85.25,47.02182787240941,36.23561516644029,16.561437091028537,366.3521130366236,80.12887309186044,87.36000061035156,48.0486355844846,36.61238050748308,17.24477402510874,369.7656112640716,81.3835166324666,74663500,13207000,29585300,427968000,66009600,7358000
2022-06-28,80.77999877929688,46.61316680908203,35.5856819152832,15.919939041137695,359.93170166015625,78.96784973144531,86.7300033569336,48.081371360648035,36.75366250633917,17.135200852696613,371.76080759717377,81.28052098710367,80.43000030517578,46.581370919314395,35.5480079038046,15.883082065971653,359.81823772369825,78.96784973144531,85.70999908447266,47.9373569917577,36.33921963500145,16.834373533612357,368.99029067465796,80.6625642667124,95618600,15667000,37824200,461149000,86548900,8289200
2022-06-29,77.98999786376953,45.861297607421875,35.124149322509766,15.481648445129395,359.6385192871094,78.32179260253906,79.75,46.37750548891157,35.41614182104377,15.758568817578366,361.463464638206,79.22064314433413,76.51000213623047,45.5115463713244,34.8698308413405,15.111093222281093,357.82303888138387,78.02217575527403,79.55000305175781,46.335424895074176,35.359628998429294,15.752592549454855,360.48009144199665,79.05210822128323,104140900,14444000,25437200,482352000,65676000,7981300
2022-06-30,76.47000122070312,45.43112564086914,35.237178802490234,15.100137710571289,356.716796875,76.54283142089844,78.91000366210938,46.17270873730486,35.7929109851963,15.5065534312304,359.94119868727216,76.98289532553325,75.4800033569336,44.95419082032423,34.59667379214647,14.804291035604292,352.282064871728,75.01665888285686,77.7300033569336,45.638731807312155,35.04879434183594,15.30135300634882,355.76176056378404,76.27130247668907,105368600,18890000,35141000,686070000,112508300,14201600
2022-07-01,73.66999816894531,44.685791015625,34.22932815551758,14.466605186462402,360.48956298828125,72.09539794921875,75.44999694824219,45.28709819942155,35.0393788704891,15.004508262689948,360.9245465265662,74.17399368239204,72.69000244140625,43.89931997502568,33.79604638480931,14.336114308605408,353.45451079691634,71.32762906199031,75.19000244140625,44.83261287969265,34.93576723115996,14.841145535452219,356.0642966004514,74.0054587001501,87734200,21315000,40596300,577610000,74839700,19531700
2022-07-05,75.19999694824219,44.54177474975586,34.558998107910156,14.905891418457031,361.17047119140625,71.2620849609375,75.20999908447266,44.600689709078615,34.60609692055034,14.91286420559904,361.18940108902996,71.29953797129048,71.5999984741211,43.383106748353924,33.47579368674956,14.000421809691066,352.6035959677347,69.04304231568474,71.9800033569336,44.139654734934204,33.843141429279456,14.119955710684517,355.42140934129657,69.8014532743278,95589000,20711000,33215000,651397000,81438000,22253100
2022-07-06,75.3499984741211,45.13187026977539,34.84157180786133,15.071248054504395,362.3901062011719,70.74710083007812,76.27999877929688,45.54708256872065,35.246593514277116,15.259514268350555,364.8674977439354,71.43997066770737,73.55000305175781,44.46696766187355,34.3423524891515,14.73157165387112,358.9387776277065,69.08048149199942,75.16999816894531,44.937356335722455,34.68144377185722,14.951714146500859,361.31214134920015,69.55799834908339,85458900,22975000,26258300,529066000,70426200,11530500
2022-07-07,79.30000305175781,46.62158966064453,35.924774169921875,15.796418190002441,367.8177795410156,75.51289367675781,79.98999786376953,46.88811082073184,36.10374100024401,15.88308023518351,368.61205598920736,75.80314553341317,76.9000015258789,45.646215893643244,35.53858769473331,15.329239601625927,362.4091104215268,73.35002730536232,77.19000244140625,45.646215893643244,35.68929452424265,15.395979807095815,364.15842313963157,73.59346826379307,83640900,21319000,33165400,492903000,64525900,15847800
2022-07-08,79.3499984741211,46.6356086730957,35.78349304199219,15.776494026184082,367.5151672363281,76.31812286376953,80.47000122070312,46.72351558534209,35.92477869130094,15.974721574447013,369.3779436355089,76.92672174750841,77.4000015258789,45.82295311224576,35.21833966535307,15.329237343406168,364.6689887193885,74.67959125401225,78.30999755859375,46.10256644268908,35.47265814587047,15.370078486255396,366.191344484654,74.82939614374884,83405900,12713000,22566300,467972000,72397800,10004200
2022-07-11,76.94999694824219,45.155242919921875,35.03937530517578,15.093162536621094,363.3168640136719,74.07098388671875,78.29000091552734,45.97444452221523,35.48207463753453,15.466706345467303,365.81315719235283,75.15709242906448,75.83999633789062,44.97943267699247,34.87924726255996,14.97960489954158,362.6265865895648,73.79945496527479,77.8499984741211,45.775257363880584,35.472657031796935,15.465709825855997,364.84868487322194,74.68894059418112,76150300,21449000,25904300,437321000,58366900,9519600
2022-07-12,76.36000061035156,45.01591491699219,35.04879379272461,15.023431777954102,360.10186767578125,74.0616226196289,77.44000244140625,46.06609978717493,35.510335534439896,15.37107648181063,365.1417783353174,76.29003003889584,74.43000030517578,44.89434280208576,34.84157412307266,14.819227931417547,358.3620201292297,73.90245270208997,76.9800033569336,45.61909511314592,35.46324031829785,15.208709354081796,362.7683853874002,75.99041313505705,77873200,21159000,30546300,458483000,62219200,10363700
2022-07-13,77.5199966430664,45.04957962036133,35.04879379272461,15.105113983154297,358.2107238769531,76.11214447021484,79.11000061035156,45.41522704249118,35.25601705551123,15.315295058565692,361.1325642695577,76.51475543074103,74.4800033569336,44.16678606663402,34.49306161872523,14.408828966444313,354.2677081449695,73.87437873297888,74.94000244140625,44.41834569966423,34.54957803397649,14.533343560416391,354.68376178018957,74.23017164138945,79355000,17665000,27059200,521918000,84224600,14706500
2022-07-14,78.5999984741211,45.32170867919922,35.519752502441406,15.31230640411377,357.3408508300781,78.34053802490234,79.25,45.51248045681849,35.94361662637613,15.412914028547368,358.4187870987838,78.68697300604576,76.0,44.27338963253788,34.18222970373029,14.670807164690196,350.84478066367626,75.38182170152469,78.2300033569336,45.1169064697798,34.84157349728046,15.04933164322953,353.27487695591316,77.6663981391266,83493600,19957000,36690700,456235000,89704800,23377000
2022-07-15,81.11000061035156,46.24003601074219,36.37689971923828,15.700794219970703,364.1678771972656,80.17569732666016,81.19999694824219,46.2662204419629,36.42399493629921,15.720716063425629,364.2813411355363,80.55958533986211,77.9000015258789,45.46104561456468,35.538592638895636,15.38502478396033,359.82770841913714,78.62143662653979,79.36000061035156,45.90057305350773,36.04722960667704,15.59819449374581,361.7282870982627,80.12888641950511,76050600,18714000,32892300,385935000,79060400,14061000
2022-07-18,81.43000030517578,45.92207336425781,36.461673736572266,16.038475036621094,361.1610412597656,78.25627136230469,84.47000122070312,46.983484443097275,37.055083551674116,16.83138346936928,367.91240667635225,80.59703080379431,80.94000244140625,45.6536829869682,36.2921280751146,15.939860454756344,359.9412459608315,78.05964842643127,82.20999908447266,46.77307081082941,36.82902147201894,16.23869470882499,367.24105899993805,80.57830072794108,90464300,18042000,30814400,670517000,63203600,11352500
2022-07-19,85.87999725341797,47.599761962890625,37.88397216796875,16.92601776123047,370.9192199707031,80.6625747680664,86.41000366210938,47.81952210434169,38.3643491354545,17.0435595776271,371.48656848607965,80.96219170192988,82.19000244140625,46.37376343079594,36.96089225111403,16.109202264221235,364.413714078224,79.17384799359114,82.76000213623047,46.4588628281356,37.03624388048239,16.421982128219415,365.0661316858812,79.58582395644011,85047500,27257000,53095300,702366000,78506000,10673100
2022-07-20,89.43000030517578,47.85879135131836,38.204227447509766,17.737852096557617,373.2831115722656,81.04644775390625,89.91999816894531,48.40492926886399,38.30783549626199,17.86336417339984,374.6920322047229,81.22434774668434,85.08000183105469,47.176123413586915,37.262308656731136,16.735759920763662,369.74668471412105,79.68881021666527,85.38999938964844,47.65025059253851,37.874553714856226,16.88119289080597,371.1083094752707,79.75435119135766,88348600,27412000,36387900,760538000,71843800,11664800
2022-07-21,91.08999633789062,48.411476135253906,38.25132369995117,17.979907989501953,377.0843811035156,82.1981201171875,91.58000183105469,48.42363013259072,38.28900131495078,18.073542834559365,377.1316481251823,82.20748515633463,88.22000122070312,47.32107671465771,37.50720697281693,17.476869827222348,370.3140872351293,80.89665826957825,89.5999984741211,47.93173749074112,38.15712966245214,17.815549700814543,372.70638143368456,81.15882221824316,90449300,13912000,29661200,557049000,64903900,7135000
2022-07-22,88.0999984741211,47.9289436340332,36.9232177734375,17.251750946044922,373.585693359375,80.82174682617188,90.69000244140625,48.6088078308099,38.15712910499946,17.897233590693222,378.3986469363147,82.14193866358927,87.04000091552734,47.38280911966941,36.67831687265301,17.070456538486788,371.37306038346526,80.33487197463162,90.19999694824219,48.51716231259859,38.025261047562466,17.823521523852246,377.20724693792687,81.84232172184957,76989700,17867000,41350000,536671000,72197300,8612100
2022-07-25,87.54000091552734,47.98411178588867,36.885536193847656,16.957895278930664,374.03961181640625,80.8030014038086,87.5999984741211,48.00375010785171,37.121015869138596,17.05750735482923,374.89062013717165,81.17751711917604,85.12000274658203,47.36877413035248,36.31096521123621,16.584351419267783,371.8080487473427,80.17567257936643,86.56999969482422,47.73629435625589,36.9985654319096,16.952913630167462,374.20980770925064,80.8030014038086,70083000,15061000,32263400,480748000,53631500,5960900
2022-07-26,85.25,47.79521942138672,36.697147369384766,16.46879768371582,369.6143798828125,79.04276275634766,87.75,48.330131037606435,37.27171828364353,16.85329839532214,372.6118247488071,79.77307855591472,84.70999908447266,47.59228648419416,36.62179575068576,16.414010963419933,368.7255405509069,78.50906989178473,87.0,48.12626701901235,36.829015396958724,16.823414211540268,372.40379790822186,79.3611097535669,69180400,17958000,35925500,397865000,52946400,6977700
2022-07-27,89.81999969482422,49.35693359375,37.846290588378906,17.720918655395508,379.2119140625,82.04830169677734,90.62000274658203,49.581374129894314,38.0723490459156,17.86635161594308,380.9517617542331,82.30110773010664,86.29000091552734,48.34134864018007,36.951467177221375,16.84732342255859,372.602351195438,79.87607710629963,86.94000244140625,48.46011323255576,36.98914478452229,16.965860804114296,372.89547598359957,79.87607710629963,78301600,25699000,42571600,569776000,82342100,9399500
2022-07-28,91.66999816894531,49.90119934082031,37.40359115600586,17.91416358947754,383.9681091308594,82.96587371826172,92.22000122070312,50.17333193327424,37.78977768383743,18.069557945364984,384.6583576476985,82.97523875568068,88.58999633789062,48.682681458500845,36.77250734426379,17.372277332995978,376.47917243204495,80.94345424159812,90.41999816894531,49.431748857933115,37.76152127230711,17.90519966314176,380.0156283887417,81.58014106090734,79009200,14867000,56662300,474646000,73966600,10668200
2022-07-29,94.47000122070312,50.07608413696289,34.20106506347656,18.092470169067383,389.56585693359375,82.84414672851562,94.80999755859375,50.29584790521622,34.4930575247818,18.173155009470385,390.54925902982006,83.5276443649191,90.55999755859375,49.58886453796388,33.193212466492035,17.623298471299282,384.62997427396704,82.1980949503721,90.69999694824219,49.74877867405069,33.53230013834964,17.743828897049305,385.3958846128279,82.22618291578186,76630700,18482000,125292400,435460000,87003700,10366200
2022-08-01,96.77999877929688,50.159305572509766,34.81331253051758,18.369388580322266,388.41229248046875,80.81236267089844,98.38999938964844,50.47913022193074,35.50091271559671,18.772816539459214,390.90861443486426,81.35542048165966,93.95999908447266,49.60475211192519,33.956166700554874,17.9201397228468,386.17129323209457,78.93039754927196,95.58999633789062,49.69733584171028,33.956166700554874,18.111393572390696,386.880471670519,79.866701163648,96477500,11485000,52513400,476469000,69997500,20102600
2022-08-02,99.29000091552734,49.676761627197266,33.918487548828125,18.45405387878418,385.8498229980469,80.56893920898438,100.91999816894531,50.42395620441843,34.53073608228777,18.86445454208303,390.5209475361801,81.93594180410686,95.36000061035156,49.304568095353766,33.90906994371176,18.021739290239903,384.6773238182315,78.80868361637496,95.70999908447266,49.8647294742482,34.46480206707019,18.051623470072165,386.85212626915603,79.13638849475525,116734100,13072000,53929400,489527000,63435400,15541600
2022-08-03,98.08999633789062,51.12906265258789,34.39887237548828,18.819637298583984,391.89202880859375,80.99964141845703,98.7699966430664,51.2468925869875,34.46480639899319,18.89434683025482,393.05506301560587,81.24307525621508,93.62000274658203,49.94888687669671,33.21205276613035,18.066572363125083,387.6842250670768,79.17384477468636,94.83000183105469,50.05830140645664,33.99384703502396,18.1133907416265,387.96788490865407,80.48467148583254,131142000,19228000,59513900,418146000,67820600,20779400
2022-08-04,103.91000366210938,51.695770263671875,33.92791748046875,19.140378952026367,391.6273193359375,82.78797149658203,104.58999633789062,51.72850080113631,34.34654443398472,19.1991498415013,392.4972288640502,82.78797149658203,97.26000213623047,50.96727946741974,33.64248984718926,18.68714601454424,389.99147042599316,81.10262912147975,97.5,51.28523478880046,34.26091578105994,18.775801083392373,391.81641630196026,81.45842195608982,125855800,16293000,54046300,409652000,45656600,13472500
2022-08-05,102.30999755859375,51.5685920715332,33.67102813720703,18.91526222229004,390.9653015136719,84.05198669433594,103.86000061035156,51.620960933300175,33.95645574179639,19.154330026144063,391.608282965117,85.18492054770795,100.9800033569336,50.80549784669852,33.47122917693537,18.59351654169447,387.3059458085889,82.4040971944748,101.05000305175781,50.956996540262544,33.63297015541941,18.73695646403008,387.36267776862576,82.42282012685533,93859900,14357000,40205100,386068000,56814900,13293500
2022-08-08,100.06999969482422,51.01591491699219,33.66151809692383,17.72390365600586,390.511474609375,82.33854675292969,101.80000305175781,51.713544543850155,34.21334435849481,18.168172751532033,394.8894742630945,83.42465529194801,97.98999786376953,50.380938858297824,33.490260794854755,17.175044663246958,389.41460845921597,81.3741551189733,100.05999755859375,51.373146919630415,33.642489104537354,17.434035232399516,392.64847494128367,83.31230342371548,92606800,13722000,41534600,981859000,53886100,12120300
2022-08-09,95.54000091552734,49.82544708251953,32.843292236328125,17.0196475982666,388.9607238769531,79.7824478149414,98.05000305175781,50.43798082564434,33.5854048525713,17.3792457290548,390.28451780261275,81.58951447712808,93.66999816894531,49.353192681177994,32.729121902154446,16.659053898124192,387.8922237902104,79.06149701511538,97.94999694824219,50.413665692170426,33.50929250625867,17.185003308258562,389.7833662144508,81.40225657010168,89473700,20072000,48202300,668263000,44931800,13075000
2022-08-10,99.05000305175781,51.47227478027344,33.652000427246094,18.026729583740234,397.1304931640625,83.02204132080078,99.3499984741211,51.52932045808731,33.68054572937782,18.047647949674293,397.2723519486255,83.02204132080078,95.61000061035156,50.42769782141724,32.909887901184135,17.249757634884343,394.0384853071231,80.81236417818477,98.44999694824219,51.06547784586349,33.290460474728704,17.62927873105072,395.9863599360031,81.2805159941046,83416100,19519000,42243300,597422000,68665700,10704600
2022-08-11,98.12000274658203,51.006553649902344,33.86131286621094,17.872325897216797,397.1304931640625,83.81790924072266,102.37000274658203,52.16054494484128,34.52731299936226,18.634356491462075,401.82054773180664,85.20364194513773,98.0,50.89620447644091,33.76617154550735,17.80658220790549,396.3929486818317,83.6212863088302,99.93000030517578,51.803312995749536,33.90888352656273,18.06059303930121,399.9672071505728,84.22988517998161,77516900,14268000,35569700,509327000,59489700,11158800
2022-08-12,100.83000183105469,52.20356750488281,34.35606002807617,18.6363468170166,403.85345458984375,85.07254028320312,101.4000015258789,52.22039831462788,34.38460170198567,18.645312642416616,403.9574535679473,85.53132701800608,98.4800033569336,51.027130290786054,33.93742945388782,17.883282081436935,398.1138306323642,83.93024882055043,99.19999694824219,51.229124979254664,34.061116089844305,18.089478966160975,399.0594018073081,83.96770181939156,72316300,18399000,37675200,478094000,61694500,12098800
2022-08-15,101.01000213623047,52.27183151245117,34.57488250732422,18.958097457885742,405.5177001953125,85.7373275756836,101.8499984741211,52.34945015410528,34.660511144866916,19.0895848654129,406.03778173235645,86.08376250844903,99.80000305175781,51.48068358368026,33.97548204452533,18.54072573092658,401.59358501038247,84.26733108581274,100.51000213623047,51.82950014682662,34.34653826407415,18.62838336929725,401.65031698074415,84.2766961227605,61327100,14329000,25400600,457666000,54048300,15949500
2022-08-16,100.19999694824219,51.58824157714844,34.43216323852539,18.80568504333496,406.31201171875,84.22052764892578,101.44999694824219,52.17645675090769,34.803223048007354,19.06766419608737,408.23152036285336,85.531354455142,98.31999969482422,51.06081068329848,33.965965751040834,18.42915270932747,403.64549364471077,82.92843091985301,100.83999633789062,52.13718009606872,34.40362157218379,18.846526188812202,404.4492350458775,85.33473150572428,60220700,14782000,25000200,451240000,59289000,10566100
2022-08-17,98.2699966430664,50.36690902709961,34.042083740234375,18.2637996673584,403.427978515625,83.51829528808594,99.63999938964844,50.93922791656409,34.32751496881716,18.615429517874343,406.12286241940274,84.05198816314366,96.7300033569336,49.66086046893215,33.55685718457954,18.074538853147352,401.43283697746534,82.84416255914277,99.26000213623047,50.90743202633149,34.070629040737956,18.451071242381392,402.7282650065522,83.33103738728468,63735600,19022000,29176100,446799000,63563400,9093100
2022-08-18,100.44000244140625,52.22413635253906,34.441688537597656,18.700101852416992,404.6004638671875,83.58382415771484,101.06999969482422,52.42145421500338,34.56537517304557,18.791743657859055,405.2812474108149,83.95834704848586,96.7300033569336,50.65119064197352,33.84228798209842,18.11239277422747,402.34053490810277,82.78796747947018,97.73999786376953,50.81765083322153,33.94694562521518,18.229934589865376,403.6264978547886,83.05949639669342,76059500,23459000,24598200,415447000,49023200,10947700
2022-08-19,95.94999694824219,51.287105560302734,33.66151809692383,17.77968978881836,399.1634216308594,81.64568328857422,99.25,51.955746759749665,34.279944017142874,18.448083694133654,402.11359902042835,82.94714491598585,94.58999633789062,51.23473669885421,33.48074448395692,17.70099608999701,398.2934834704918,81.47714832959996,98.66999816894531,51.51435003190576,34.06111604881221,18.334526059114626,401.8488402510194,82.86288100821403,67221700,16923000,31425500,441588000,68016900,9602800
2022-08-22,92.83999633789062,49.44670104980469,32.196319580078125,16.967857360839844,390.8519592285156,79.8105239868164,95.0199966430664,50.78772186773035,33.35706275421311,17.48982283565492,394.5207810208726,80.55020475404342,92.36000061035156,49.2877251890226,32.09166193265162,16.9001206145131,389.953654820807,79.52963716780539,94.4000015258789,50.73909517447299,33.299975774868834,17.422086089328175,394.35055623124606,79.9697010420292,61837300,18555000,51006100,409593000,77695600,8054000
2022-08-23,92.48999786376953,49.54302978515625,32.30097579956055,17.114286422729492,389.90631103515625,80.55020904541016,94.44000244140625,50.27619741203591,32.71960274135082,17.39718405399935,392.8092217006566,81.08390188773716,92.11000061035156,49.46166897985536,32.26291781501347,16.904105288938386,389.3578635500323,79.57645230541465,92.38999938964844,49.92363867888022,32.329517473266264,16.923032515648686,390.42636368047374,79.73562936910771,52927000,9003000,30687100,369986000,49105200,8462500
2022-08-24,92.7300033569336,49.64215850830078,32.2153434753418,17.155122756958008,391.15447998046875,80.11013793945312,93.37999725341797,49.685177318303474,32.33903009631053,17.338408253803493,392.51607606132626,80.64383073375858,90.9000015258789,48.95014035777565,31.967970233404333,16.829392914726995,388.99857863900553,79.77306805426757,92.20999908447266,49.5224592670013,32.32000110620697,16.94593725189229,389.6793622511617,80.33485595853011,56520400,11883000,25105700,522661000,49177800,7085800
2022-08-25,97.18000030517578,51.446083068847656,33.1953125,17.84343910217285,396.6766357421875,81.99210357666016,97.56999969482422,51.478813606018484,33.23337047977773,17.877307466202186,396.7239027658137,82.01082650500548,93.13999938964844,49.77494924124976,32.17728513210235,16.76763310909007,391.55162646435804,80.5314722891267,93.13999938964844,49.88623306763057,32.22485579212015,16.778590073936765,392.63902771668177,80.83108914665739,61016200,17345000,29799100,770691000,50942300,6602100
2022-08-26,91.18000030517578,48.7088623046875,31.73963165283203,16.19685935974121,383.2494812011719,79.34237670898438,97.5999984741211,51.52650677796355,33.328514319901906,17.85439727044476,397.102094248587,82.1981059654939,91.12000274658203,48.628439716561374,31.730115342463677,16.173947959014292,383.1927492346699,79.25811280146308,96.29000091552734,51.32544674028717,33.25240198400004,17.787658007376972,396.5631405668187,81.92657702442982,65552500,25682000,44851500,769127000,103087000,9381500
2022-08-29,88.48999786376953,48.08417510986328,31.340030670166016,15.739640235900879,380.7153625488281,77.57274627685547,91.19000244140625,48.88467310775761,31.787202901069143,16.27455462835807,383.7506382256978,78.94911361325185,88.26000213623047,47.8803111240986,31.2163476683746,15.705772821557588,379.36320256720757,77.50720531528559,90.05000305175781,48.62844026079241,31.61594560537897,15.957790614919103,380.3087738309777,78.56523287932232,61142500,16580000,32976800,496132000,65370800,9639700
2022-08-30,86.94000244140625,47.355690002441406,30.69305992126465,15.407934188842773,376.5359191894531,77.51656341552734,90.1500015258789,48.43299751603961,31.463717763181926,15.97671599783805,382.1053477002366,78.63076680595876,85.33999633789062,46.88810878974448,30.588405909614842,15.12304454959439,374.44621480785787,76.52408404528462,90.05999755859375,48.33293302464444,31.43517608995099,15.898023253937998,381.8689548878579,78.44350183006401,69087100,18282000,40182500,530181000,85652400,8392300
2022-08-31,84.87000274658203,46.67487335205078,30.36957359313965,15.035388946533203,373.6707763671875,78.04090118408203,86.72000122070312,47.70822700982703,30.81674397852586,15.479657200303354,379.4009348632448,79.46408661177388,83.72000122070312,46.43453672894633,30.22685979479974,14.900912931720901,373.53841142000704,77.76937229138518,86.27999877929688,47.70822700982703,30.81674397852586,15.324262820960845,378.1622390440451,78.75249389792795,64991700,32445000,44074500,573710000,76029700,8887100
2022-09-01,82.33000183105469,46.010929107666016,30.217348098754883,13.882882118225098,374.8434143066406,76.43982696533203,82.76000213623047,46.130628363301796,30.28394775650257,14.324161764698152,375.1838061478932,76.61772693902955,78.5199966430664,44.9663520814101,29.617947549616545,13.218472299157947,368.8106643632465,75.01664860604099,82.3499984741211,45.96042953495397,30.036576302936464,14.15382528853648,371.50554853268886,76.26192699163451,94854700,31930000,36440700,1178865000,78740100,11566000
2022-09-02,80.23999786376953,46.77867889404297,29.70357322692871,13.59400749206543,370.89080810546875,75.74696350097656,83.6500015258789,48.61066114178651,30.807231068816066,14.11597195898287,379.70353789868255,77.69447672479849,79.80999755859375,46.59913007893377,29.551344934538257,13.538224239518152,369.0847637974907,75.47543459678151,83.31999969482422,48.44139702664273,30.645486466608773,14.045248511057261,378.49320801532787,76.35556227634962,84924400,40426000,34893300,743157000,99632100,8850100
2022-09-06,78.72000122070312,46.58978271484375,28.885347366333008,13.412712097167969,369.4913635253906,74.9323959350586,80.88999938964844,47.13217852874531,29.865316797451694,13.72549288368182,372.66846849505936,75.8686997845901,78.37000274658203,45.85754979302099,28.85680388024729,13.299154469269991,367.2787306665415,74.4548789716367,80.41000366210938,46.620643953603995,29.865316797451694,13.67767894562563,371.7323623623068,75.8686997845901,68727300,24738000,46989600,535751000,76637400,12704400
2022-09-07,79.61000061035156,47.23785400390625,29.16126251220703,13.664806365966797,376.1293029785156,74.85749053955078,80.25,47.639974080741545,29.29446364188381,13.788362113873305,376.8952133261025,75.0728435698563,77.73999786376953,46.67208123704755,28.59040545350466,13.298126385508025,368.9618861280906,73.24705390535274,79.23999786376953,47.03024785788767,28.942434547694234,13.514347994091015,369.1793490313916,73.39685880794792,67891200,20440000,37329500,512657000,70964200,9843500
2022-09-08,82.77999877929688,47.87376022338867,29.256404876708984,13.939814567565918,378.5877685546875,75.12899780273438,83.44999694824219,47.949505994406636,29.351548019736743,13.957750598170398,379.04162422279734,75.5971495961223,79.23999786376953,46.63653886667339,28.45720537880301,13.321042892410091,372.66848412640496,73.75263038722515,80.02999877929688,47.001251561336986,28.894863110848906,13.410719244419383,373.86937791353984,73.97734839132058,89089300,22535000,37359500,624873000,80821700,8181700
2022-09-09,85.44999694824219,48.852874755859375,29.931917190551758,14.335393905639648,384.46923828125,76.33683776855469,85.68000030517578,49.18672620480732,29.969975172940625,14.42208173015694,385.32971149707004,76.45856181856041,83.83999633789062,48.20199909827643,29.570375431379905,14.075330432087778,380.5545598393792,75.59715700529513,84.02999877929688,48.20199909827643,29.675033068244815,14.10621842165144,380.8193186091283,75.68142805094757,68907700,23019000,34069500,486612000,76706900,7084700
2022-09-12,84.63999938964844,49.47569274902344,30.027057647705078,14.452969551086426,388.60150146484375,76.91734313964844,85.3499984741211,49.68142958726629,30.31248704599366,14.49481871137175,389.32014500372145,77.2450479750993,83.45999908447266,49.05487258696075,29.589401777581966,14.147070624316918,386.22810788206135,76.55218530251325,84.88999938964844,49.25967120928499,30.198314923737364,14.317457712947263,386.53069767280465,76.74880820378377,71922500,18157000,38305500,484159000,69256300,7903000
2022-09-13,77.02999877929688,47.09945297241211,27.867321014404297,13.083894729614258,371.70404052734375,73.79008483886719,81.47000122070312,48.466658434241076,29.427662019055212,13.872057540165086,381.1597524265052,75.97167395337533,76.80000305175781,46.915223736278286,27.829263031508173,13.052009933725518,370.58827344881297,73.51855593615149,80.95999908447266,48.05238077430224,29.33251887651941,13.75248813020251,379.9588585471244,75.29753421469216,80921200,35136000,71417900,714956000,122947100,12835100
2022-09-14,77.44999694824219,47.76340866088867,27.762659072875977,13.08090591430664,373.12237548828125,74.58595275878906,78.08000183105469,47.973818722699576,28.324001530653028,13.242324471898772,374.6352950749649,75.05410458737269,75.87000274658203,47.01714893350938,27.600916300046926,12.866677036184084,369.8317775514849,73.94926598617813,77.0999984741211,47.424880411158114,28.11468628657765,13.206453364571683,372.9994466237355,74.66085162235564,71483000,20605000,40767200,588507000,85023700,8849600
2022-09-15,76.66000366210938,46.771209716796875,27.439176559448242,12.882621765136719,368.8862609863281,73.42591857910156,77.97000122070312,47.83916352234129,27.981490088656386,13.185531175680374,374.40839376655435,74.62174656185626,74.91000366210938,46.503753941085776,27.315489935243747,12.74412043844494,367.6191989412992,73.13401790312778,76.63999938964844,47.59321893502518,27.734118654951818,12.968313711994472,371.57167994308946,73.99087673775601,81818000,36574000,39919100,523625000,87633800,10533100
2022-09-16,76.51000213623047,46.99190139770508,27.819746017456055,13.150656700134277,366.0720520019531,73.3411636352539,76.81999969482422,47.10318521635151,27.895860161653708,13.16460641916656,366.72717860017747,73.4447401255221,74.68000030517578,45.80985641265948,27.039575585753997,12.571740509534544,362.79641901083147,72.42781123043365,75.62000274658203,46.54489325872473,27.305975997797965,12.696292115324688,364.7238414484203,72.60671738341182,75300200,59012000,72748000,670751000,103084800,10604500
2022-09-19,76.7699966430664,46.930179595947266,28.010034561157227,13.333995819091797,368.91094970703125,73.66129302978516,77.33999633789062,47.07513216744906,28.067119720267634,13.414705581325622,368.91094970703125,73.66129302978516,75.3499984741211,46.23629224618688,27.496262685050105,12.96333052263512,362.86292236913584,72.07940642030806,75.38999938964844,46.23629224618688,27.610434817975406,12.965323203760738,362.9388950406954,72.07940642030806,64966900,17948000,33151900,569685000,73278500,10378600
2022-09-20,75.25,46.109107971191406,27.553346633911133,13.128734588623047,364.6763916015625,73.58597564697266,76.58000183105469,46.64869625563126,27.753147404078266,13.434633475375263,366.6037852771278,73.85904026489884,74.7300033569336,45.79676413366708,27.3154896975768,13.010161983326146,361.93248003220094,72.98335276045675,76.08000183105469,46.384044463927474,27.65800426660365,13.167595196842449,365.5973646765914,73.01159958578852,51129100,17132000,31129000,524818000,77274900,8202800
2022-09-21,74.4800033569336,45.46598815917969,27.087148666381836,13.213430404663086,358.31500244140625,72.63496398925781,78.41000366210938,47.138875344063806,28.15274859509546,13.98066875064519,369.6324950611645,74.67823259316253,74.44999694824219,45.431094599458596,27.07763417066869,13.06297204241683,358.3054986149796,72.63496398925781,75.44000244140625,46.30054498130487,27.734119857239627,13.165603203916465,366.5942260628629,73.04926994906596,82069700,20669000,39977300,807679000,106746600,10869000
2022-09-22,69.5,45.03880310058594,26.70657730102539,12.515941619873047,355.3052062988281,71.21314239501953,74.29000091552734,45.56688289247253,27.11569153381817,13.10183266935545,359.1789716401422,72.26773604795736,69.16999816894531,44.604076160737826,26.678035629242753,12.38341928920965,354.5646322346763,70.95891378088328,73.88999938964844,45.49332943535601,27.020548393565633,13.023115583255532,357.54590716854085,71.98525342440014,101436900,23540000,36092700,759162000,89472600,10817900
2022-09-23,67.95999908447266,44.19670104980469,26.183292388916016,12.471101760864258,349.3520202636719,69.5559310913086,69.08000183105469,45.07463733597788,26.54483413922103,12.565761238087397,351.88704918821975,70.04555948345742,66.81999969482422,43.56677521743686,25.869321300725936,12.21303103372741,344.92755596204273,68.82147772733835,68.0,44.787963381976695,26.54483413922103,12.375446418238019,351.8490628706968,69.96081900905585,87690000,29649000,43491100,663309000,122346900,12685500
2022-09-26,66.30000305175781,43.59128952026367,25.66000747680664,12.184134483337402,345.8961486816406,68.74615478515625,68.73999786376953,44.63236566378288,26.354551159837232,12.613589074579467,351.49793062480813,69.85724205063505,66.25,43.501703020012464,25.555351651320706,12.170184766010799,344.6808467381226,68.66140712750357,67.87000274658203,44.224985227148245,26.22135003194812,12.446191516406993,347.8900111292315,69.17928952473866,82898700,19361000,44786400,547343000,92581200,13441500
2022-09-27,67.16999816894531,43.82610321044922,25.583894729614258,12.3684720993042,345.01318359375,68.76498413085938,68.77999877929688,44.31080713976256,26.25940945795115,12.690313385658438,351.6783515332495,69.71600127492252,66.0,43.04907038508477,25.327010585034248,12.214028382542947,342.63004074479505,68.12469642750467,67.9000015258789,44.27874823149312,26.069123158917048,12.462134764959494,349.41864254939213,69.21695487951088,94871800,17850000,44121400,553854000,108294100,12430600
2022-09-28,68.36000061035156,43.94020462036133,25.81223487854004,12.690312385559082,351.8017883300781,67.91754913330078,68.80000305175781,44.20330204098909,25.954950497334636,12.777000185243523,353.48231433980953,68.0682084566977,66.55999755859375,43.03397577486426,25.30797931644131,12.309682759242014,344.2726122472369,66.57106196172656,67.11000061035156,43.50453517753205,25.555350757059607,12.365481627957845,345.96264208515834,66.9571210900572,72389500,27605000,40433400,542414000,110802200,12943600
2022-09-29,64.13999938964844,42.44742965698242,25.098665237426758,12.176166534423828,344.4530029296875,65.2339859008789,67.19999694824219,43.507366424893256,25.47923781937838,12.455161894796301,348.55462907314757,66.55222610598246,62.83000183105469,41.9523512330201,24.917895257174756,11.903149218445288,341.51918862235004,64.48071091498487,67.1500015258789,43.46304441261622,25.47923781937838,12.403348375701784,348.26980398508965,66.40156679850493,102552400,39997000,41831300,532763000,112952300,16120300
2022-09-30,63.36000061035156,41.87031555175781,24.518293380737305,12.095455169677734,339.1264953613281,64.55603790283203,65.91000366210938,43.172604379204984,25.27943484950694,12.587683536419725,347.4152519853497,65.58238475131552,63.34000015258789,41.835421991367014,24.48974989514429,12.031684619918396,338.9935866635343,63.7839268575517,63.619998931884766,42.34652991378408,25.022548923283036,12.043641657389104,343.51297496490554,63.84983851322813,81664100,27202000,43821000,565638000,153711200,10472400
2022-10-03,66.11000061035156,43.07453536987305,25.66000747680664,12.467118263244629,348.0798645019531,65.20575714111328,66.91000366210938,43.46776784086632,25.92640791788033,12.632523169207891,349.9218104770214,65.50706865571168,63.38999938964844,42.14944585553348,24.80372280759737,12.061577674019702,341.0538996463219,63.699199568121344,64.45999908447266,42.36350887263465,25.051094256871966,12.30271017308679,342.8293767828373,64.10408758934729,83841600,21479000,44096200,547478000,89756500,11945100
2022-10-04,67.9000015258789,45.25098419189453,26.35454750061035,13.119769096374512,358.86572265625,68.5578384399414,69.18000030517578,45.279273157134654,26.449688816986736,13.172579431107973,358.8942051643231,68.67083293504352,67.33000183105469,43.93077732248271,25.77417603425211,12.832802061086015,348.04193496218414,66.5898994744461,68.2699966430664,44.17973028896386,26.097661591103822,12.832802061086015,353.5772481816866,66.66522913784752,77160500,27277000,42427500,584182000,103602800,14900700
2022-10-05,67.94000244140625,45.716827392578125,26.29746437072754,13.161617279052734,358.0302429199219,70.13029479980469,68.69000244140625,46.027074314635385,26.48775066065736,13.273215984590474,360.28044827080936,70.53518264629773,64.5199966430664,44.45886056965015,25.583893505547557,12.575727163303043,352.2006000462184,68.34125531102542,66.58999633789062,44.56164908551616,26.040580238438206,12.864686858561551,354.5172742494744,68.6613955141999,87127400,18493000,30120000,507131000,88065700,14037100
2022-10-06,67.8499984741211,45.2170295715332,25.859804153442383,13.082900047302246,354.3367614746094,70.00788879394531,70.29000091552734,46.178893807775815,26.411632125026106,13.607013197671234,359.5777447717773,70.54459997170984,67.66000366210938,45.143476115163025,25.688546883863943,13.055996476257599,353.8430261300766,69.54650726522897,67.81999969482422,45.62157897747981,26.10717556342188,13.172577350446693,356.63442728157884,69.65008373671255,98325900,17250000,33985100,644157000,82333500,11796800
2022-10-07,58.439998626708984,43.42343521118164,24.470722198486328,12.03268051147461,344.4530029296875,65.6765365600586,64.02999877929688,44.63613732192234,25.003523069498016,12.624549544676155,354.4222866629077,67.82338133690992,58.220001220703125,43.285756755676935,24.404122543285993,11.978874322115674,342.6965042864364,65.6765365600586,64.01000213623047,44.545608332524296,24.898865431494915,12.460141479897947,350.32063154436236,67.61622838759428,163786300,28425000,57215500,672478000,107789500,14758600
2022-10-10,57.810001373291016,41.27528381347656,23.975980758666992,11.62813663482666,341.82293701171875,63.50144958496094,58.790000915527344,43.387610672094844,24.727607760492898,12.08050753530761,345.80115762255645,65.79894664803041,56.29999923706055,40.72268127629112,23.871323122262893,11.367076415950967,339.5917399082143,63.096561659217436,57.310001373291016,43.37818221528366,24.68003709742075,11.993819734228161,345.5637937626023,65.77069982267203,112241800,33454000,43409300,698699000,76042800,16042200
2022-10-11,57.630001068115234,40.6208381652832,23.823753356933594,11.544440269470215,339.6582336425781,59.744468688964844,58.91999816894531,41.36958208946378,24.242380288916017,11.803506900585397,344.68086182889056,61.11920622161124,56.04999923706055,40.13236065373626,23.49075325876679,11.242526713057343,337.73083995304165,58.962939645450724,57.209999084472656,41.03953214738785,23.795209869192025,11.519529376884742,340.13296143778496,60.45066448204408,114054800,28046000,48134900,667482000,92482800,28699300
2022-10-12,57.849998474121094,40.6029167175293,24.099666595458984,11.458747863769531,338.5378112792969,60.36593246459961,58.31999969482422,41.088563133043934,24.2804383892821,11.692904543242312,341.63304512033494,60.47892696821482,56.31999969482422,40.36150723856,23.462209883802835,11.304304136894011,338.29094360606194,59.66914739330444,57.45000076293945,40.761340676369514,23.833266152704105,11.537464950855002,340.066449523059,59.88571480402578,89264200,15046000,39634100,492590000,76991800,16468700
2022-10-13,58.939998626708984,41.300743103027344,25.136720657348633,11.917096138000488,347.4721984863281,62.729331970214844,60.13999938964844,41.84768350053849,25.536320375871682,12.034672869060671,348.9343679346623,66.10025114567084,54.56999969482422,39.14126328462125,23.395607986934852,10.774210439470531,330.5149097513193,58.68045313824134,55.52000045776367,39.362869779154224,23.528807288207744,10.931643641216205,331.5593165001294,59.37723802316003,131159800,27980000,62447000,850103000,147254500,36639300
2022-10-14,55.939998626708984,40.27568817138672,24.651493072509766,11.186726570129395,339.55377197265625,60.18701171875,59.939998626708984,41.86559322637862,25.33652040519587,12.067555297007958,351.54539946318886,63.51085533550303,55.84000015258789,40.21062068423316,24.50877927170488,11.163809311742797,338.91762404448093,60.05518842171051,59.599998474121094,41.80146822494124,25.174777613695817,12.013749105457423,349.9218097110879,63.331956394567094,96959300,22816000,48185400,713432000,123737000,19440900
2022-10-17,57.959999084472656,41.05555725097656,25.136720657348633,11.845353126525879,348.2792663574219,61.10036849975586,58.5099983215332,41.60910220632453,25.45069173513786,11.905138303672846,349.38063819195844,61.53350324833336,57.099998474121094,40.868844331329434,24.898863725244542,11.475684694532076,339.22145295922246,60.30001065599675,57.349998474121094,41.44973576508287,25.03206302651743,11.476680559836852,345.61129877486803,61.18511615916854,76977600,24120000,39416500,580774000,93168200,11280100
2022-10-18,57.91999816894531,41.004634857177734,24.613435745239258,11.924074172973633,352.3714294433594,59.989280700683594,60.4900016784668,42.29843399629539,25.650490283364082,12.447190608851194,356.4730842166548,62.249120086760556,56.400001525878906,40.56424938805803,24.299464672391256,11.576326064776566,348.94387997178285,59.11359320797244,59.90999984741211,42.266371493752835,25.441176839700198,12.299721723057132,356.16925149824414,62.05138512825563,103064500,20341000,51126900,659362000,97162900,16656100
2022-10-19,57.22999954223633,41.04895782470703,24.737119674682617,12.007769584655762,349.8743896484375,59.94219970703125,59.040000915527344,41.33186186707394,24.97497659463149,12.305697731615245,353.05507171298586,60.36592002850608,56.56999969482422,40.63215243997422,24.442177602063214,11.791548012253855,347.0734840300101,58.53921544079583,57.33000183105469,40.85375892776695,24.489748260171275,11.836386661619711,350.3396136218043,59.07593024260767,75704800,12702000,33882300,523131000,79746900,12385200
2022-10-20,57.77000045776367,40.577457427978516,24.813234329223633,12.150257110595703,346.94049072265625,59.86687469482422,60.20000076293945,41.698691906400136,25.640977226220233,12.723194242073287,353.83354599069514,61.46759034992017,57.400001525878906,40.37376895586947,24.689549526764257,12.061575677964084,346.18090904052775,59.67855414954362,57.470001220703125,41.032929931811914,24.87983397783286,12.069547352328092,349.4280591595853,60.026944823567554,79552600,23402000,33247700,652398000,88283100,11300900
2022-10-21,58.81999969482422,42.40971374511719,25.66000747680664,12.421283721923828,355.3716735839844,60.02694320678711,58.90999984741211,42.49741529444988,25.736121629298474,12.453169476793041,355.8558761401148,60.055190030647914,55.709999084472656,40.47089796822041,24.53732418122822,11.844361089679124,345.1650279247019,58.397977179028864,57.220001220703125,40.74625493274955,24.59440934192096,12.05460371757537,346.66515472372885,58.397977179028864,95366400,26980000,53058700,609494000,131038400,13699000
2022-10-24,58.70000076293945,43.05000686645508,25.859804153442383,12.553803443908691,359.7201843261719,57.71061325073242,59.0,43.264069836417484,26.145231726270282,12.66440531318631,360.85003863790973,58.021339105048526,56.65999984741211,42.539841501034736,25.231862041457607,12.02072280741897,354.2513116223034,56.19463803178112,58.56999969482422,42.69260692603336,25.450689968272613,12.463130284529436,356.8908256086108,57.04207871067183,76305400,25287000,43831600,517457000,85436900,25010800
2022-10-25,61.470001220703125,43.3847770690918,26.078636169433594,13.213430404663086,365.4643859863281,57.569374084472656,61.97999954223633,43.77989446418554,26.221349978225323,13.252291014913888,365.777693519867,57.77652705634271,58.689998626708984,43.0792425914767,25.688550911874092,12.618571815177777,359.5302897254607,56.03456639416863,58.77000045776367,43.188632100275164,25.859808208305978,12.64846488467942,359.64421973765667,56.45828674939561,85501900,18246000,32205300,505482000,78846300,21700600
2022-10-26,59.72999954223633,43.489444732666016,25.888349533081055,12.849739074707031,362.7109069824219,57.286895751953125,61.77000045776367,44.487141382569355,26.449692079523206,13.339973788252896,367.9898761863748,58.36031827049831,59.150001525878906,42.938730916352206,25.679036070648454,12.662413746395243,362.0747881509625,56.900840221740985,59.689998626708984,43.18862632167507,25.869322356281373,12.822836454280946,362.33113065355525,57.30572816707517,79761600,29291000,37111100,532953000,104087300,14006000
2022-10-27,58.599998474121094,42.94438934326172,24.994009017944336,13.128734588623047,360.77410888671875,57.390472412109375,62.720001220703125,44.39378484964562,26.249893437480765,13.788360510627266,365.54036503352893,58.80287122327573,58.5099983215332,42.898182363428496,24.86080789047216,13.07492839668743,360.15693963581714,57.35280758175178,61.599998474121094,43.9486869883203,26.116694124713124,13.581106467465899,363.70792288491305,58.23790954365963,83871400,18512000,56305100,583113000,81971800,12937600
2022-10-28,62.0099983215332,44.59465408325195,27.658004760742188,13.784374237060547,369.3572082519531,58.38856506347656,62.349998474121094,44.73044399357023,27.800718562151634,13.800317586774417,369.83193605345815,58.40739747858772,58.91999816894531,42.96797024156451,26.506778039374286,13.014147382415905,360.48929639684917,56.56186390068491,59.099998474121094,43.09150423833891,26.811234632968954,13.05699335304701,360.66969527942797,57.22098406191189,78198600,23094000,91695700,521040000,100302000,11972300
2022-10-31,60.060001373291016,44.33249282836914,27.04909324645996,13.448583602905273,366.6891784667969,57.95542526245117,61.86000061035156,44.58615818697886,27.762664112343902,13.788360930226967,368.76848820462624,58.63337777995841,59.529998779296875,43.85061642049117,26.68754965817755,13.24930122851385,365.78721318114583,57.50345811475155,60.75,44.02413092177513,27.66752096728513,13.728575742782882,366.90756364967945,57.993090089405044,73274100,19259000,59507700,486341000,96631300,10802800
2022-11-01,59.65999984741211,44.12314987182617,26.925405502319336,13.49441909790039,365.08465576171875,57.98368453979492,61.9900016784668,44.9652501586659,27.4486918711954,13.875048766316969,370.6579844557042,59.72564174559097,59.43000030517578,43.677109465124566,26.535320256910445,13.470505022876246,363.91684392135363,57.98368453979492,61.4900016784668,44.868123757542115,27.40111939327695,13.761457385078938,370.4206205564319,59.565568002532075,83806700,16324000,44418700,432817000,85407600,11561900
2022-11-02,58.630001068115234,43.00380325317383,26.088151931762695,13.171582221984863,355.92236328125,56.98558044433594,63.93000030517578,45.3066162208804,27.4486940586807,14.159027598253079,368.9868796691869,59.217169402769,58.56999969482422,42.97456820699196,26.07863743542076,13.16361149639749,355.8179370887984,56.98558044433594,63.0,44.34758295988802,26.896865973780876,13.800319289979248,364.4959449170633,58.8499463124856,142669400,21070000,51956100,672628000,126990400,16547200
2022-11-03,60.11000061035156,41.88067626953125,26.059606552124023,13.372857093811035,352.2574768066406,56.75959014892578,62.279998779296875,42.70486196476117,26.525805950828502,13.73156634689156,355.2862420190042,57.33396614984303,58.029998779296875,41.62040994256922,25.850293091900937,12.90952589233768,350.1496845424735,55.95923238523426,58.11000061035156,42.523807597823236,26.116693526033995,12.996213708431235,352.6942182018951,56.49594356171735,95279900,23887000,39678200,500065000,87100100,11040900
2022-11-04,62.189998626708984,43.877967834472656,27.19263458251953,14.10522174835205,357.3275451660156,58.831119537353516,63.0,44.21650730899889,27.231204737967765,14.177959847529419,359.72016234018145,58.8499519530084,60.529998779296875,42.744477527334276,26.4308542408671,13.647867622469965,351.2984975880694,57.456385521791084,62.5,43.08207451602132,26.585138541087908,13.935831472136972,357.9446853802761,57.9177671336297,84791300,28891000,43051900,612576000,103505200,14662800
2022-11-07,63.08000183105469,44.813419342041016,27.395130157470703,14.249700546264648,360.74560546875,59.094757080078125,63.529998779296875,45.05105522843037,27.452986306280927,14.360302439141222,361.33426320464076,59.2548307925569,61.400001525878906,43.52622136015852,26.893705296545274,13.903946098084313,356.5489996813044,58.35089653170233,62.93000030517578,44.01658009793144,27.346917006664487,14.176962450071352,358.61880558333354,58.962933782692936,62722500,17687000,34389800,410061000,68286900,8507100
2022-11-08,63.849998474121094,45.463157653808594,27.462629318237305,14.54962158203125,362.6920471191406,61.22277069091797,64.95999908447266,46.09402962391584,27.915841028586772,14.837584472787446,365.65434401980673,61.910141198955536,62.369998931884766,44.65123127385121,26.93227730224422,14.165005566889713,358.62837822141654,60.46949571666658,64.08999633789062,45.38206070330768,27.732627744845203,14.74790715863396,361.84701770864893,60.61073701928592,75938000,20743000,36258000,595292000,84641100,14102800
2022-11-09,59.91999816894531,44.27119827270508,26.536924362182617,13.726579666137695,355.2197570800781,61.20394515991211,63.04999923706055,45.169883660828845,27.289059836909928,14.160019554693974,361.87544877434425,62.71050237323596,59.79999923706055,44.22970731400367,26.536924362182617,13.709640454697551,354.7260217229651,61.15686232856421,62.279998779296875,45.122730592798845,27.211917689778566,14.111194601086545,360.72658686650783,62.64459071964778,62940300,23695000,30544800,454414000,78495500,15086800
2022-11-10,68.47000122070312,47.76972579956055,28.696908950805664,15.693501472473145,374.7406005859375,66.70287322998047,68.80000305175781,47.82630370267487,28.764408105829368,15.716418731024099,375.07291581213747,66.73112723588814,63.619998931884766,45.94218542515291,27.626559951961106,14.49481681539553,366.14803974108565,63.3884477360476,64.30000305175781,46.30146662120109,27.84834341538586,14.746909510215898,368.43620204058976,63.783917612787256,107996300,33970000,62943900,700819000,141455800,21367900
2022-11-11,72.37000274658203,48.8560791015625,29.342973709106445,16.268430709838867,378.36749267578125,69.5182876586914,73.31999969482422,48.94189566527086,29.535828165320652,16.330208574296904,379.16503175995996,70.24331605908895,68.29000091552734,47.33878858387363,27.838700858094295,15.426462616385566,373.71513788878525,68.15296417454422,69.58000183105469,47.60282848059536,27.89655701103716,15.750296571579392,375.59507007118657,68.49194054413707,111709500,26728000,49826500,655487000,93839900,15524700
2022-11-14,73.52999877929688,48.3968391418457,29.265830993652344,16.236543655395508,375.1488037109375,68.54842376708984,75.25,49.509583900799015,29.88296818436314,16.48066558256314,379.95304559781977,69.37702846643694,72.66999816894531,48.37609366282691,29.10190369746805,15.864881605151144,374.873453538742,68.02112333674923,75.22000122070312,48.601473669236576,29.256187995145748,16.159820218444786,376.6109731037082,68.96272252484755,108892800,21608000,39395300,527852000,71903500,11575300
2022-11-15,76.37000274658203,49.45301055908203,29.61297035217285,16.606212615966797,378.34857177734375,75.76106262207031,79.16000366210938,50.221557423432984,30.220466396071025,16.937020425655504,381.9754993055537,78.08681354535602,75.38999938964844,48.65051261980027,29.092261296616932,16.323231044656243,374.5507491865699,75.33734590117245,77.26000213623047,49.97543191519326,29.98903994480018,16.662011477829804,380.8741272772188,77.1357964441621,108946300,23315000,40933200,545876000,93194500,48742400
2022-11-16,72.69999694824219,48.2563362121582,28.475120544433594,15.852927207946777,375.462158203125,74.81006622314453,74.83000183105469,48.898521602179706,29.150113816713752,16.30330545087524,377.6743765872507,75.86466009174454,71.93000030517578,48.1196002225766,28.388335406121133,15.816060231495598,374.8355141476234,74.2921908858273,73.66000366210938,48.72689565014113,29.03440152510628,16.104024034799696,376.72492116529327,75.85524208667826,79968000,25405000,35582800,649547000,68508500,24006600
2022-11-17,73.9000015258789,48.29216384887695,28.8222599029541,15.620763778686523,374.3133544921875,76.72149658203125,74.37999725341797,48.35157282635572,28.880117889265293,16.20765162732223,374.98748880867356,78.09623038362977,70.16000366210938,47.446290086158825,27.96405333735606,15.47927296101109,370.420609836842,74.09443427366574,70.55999755859375,47.62168956135636,28.031552482172028,15.658627572163233,370.7244135980539,74.66881029003764,82320800,20375000,31983300,710894000,74496300,24278400
2022-11-18,73.56999969482422,48.57979202270508,28.802976608276367,15.353724479675293,376.0128479003906,77.4653549194336,75.3499984741211,48.82214401719893,29.17904433447916,15.94459765168975,377.7028774747301,78.00206611993475,72.18000030517578,48.187502021019725,28.552264177736568,15.065760685221573,373.1739853225882,76.26952722141557,75.06999969482422,48.74104705613453,29.17904433447916,15.908725591523805,377.63640863793864,77.94557247267075,73223200,14536000,27122200,492072000,92922500,18578400
2022-11-21,72.45999908447266,48.7947883605957,27.906200408935547,15.262054443359375,374.64556884765625,75.26201629638672,72.9800033569336,49.11635228374634,28.65833592559415,15.42148033094182,375.81340931482094,76.29777386887783,71.56999969482422,48.19786749925792,27.877271412443307,15.025904158444272,372.8131270457847,74.82888157275701,72.20999908447266,48.3704359292048,28.600479771823636,15.092664200239714,374.6930589983989,76.09062091761339,51536300,18622000,36086800,404739000,51243200,18659700
2022-11-22,75.25,49.983917236328125,28.754764556884766,15.980470657348633,379.687255859375,77.7195816040039,75.33000183105469,50.00560520129623,28.79333655285458,16.00039937204481,379.84867604647417,78.33162238511528,72.11000061035156,48.94284095874901,28.02191318638429,15.067756049737582,375.1773421488015,76.48608922422589,72.72000122070312,49.316270375795625,28.099055339109917,15.273017439942477,376.58254674649424,76.59907650553063,55450200,18920000,25584100,472866000,60429000,16504700
2022-11-23,76.4000015258789,50.32245635986328,28.610124588012695,16.45974349975586,382.0799255371094,77.18287658691406,78.22000122070312,51.061771758328845,29.00547836911696,16.46771612556409,382.5641281776776,78.10563964861872,75.30000305175781,49.86604499649353,28.436554276461735,15.99043426388969,379.12710362952333,76.95689482255406,75.48999786376953,50.01220944329192,28.667980745458323,16.040254147784076,379.3549636956731,77.62542929733254,81623600,13964000,23143900,427241000,68261600,14683800
2022-11-25,75.13999938964844,49.97071838378906,28.29191017150879,16.21163558959961,381.9944152832031,76.64617156982422,76.04000091552734,50.41110029229103,28.61976476337277,16.427856209576845,382.54511569451665,77.55952388667048,74.75,49.93016990866932,28.29191017150879,16.113987567674407,381.2443663067082,76.64617156982422,75.66999816894531,50.04427184996839,28.61976476337277,16.259463735177064,381.5196875372828,77.34295292319742,26018900,7455000,11314900,167934000,30545400,5908300
2022-11-28,73.19000244140625,49.24460220336914,27.703699111938477,15.77022647857666,375.8989562988281,74.59349060058594,75.47000122070312,49.86226854287765,28.147267830060994,16.298325994560756,380.5512827733344,76.3448657067136,72.56999969482422,48.68162881816505,27.520487665022543,15.668593078367639,375.13937446161043,74.2827611370206,73.80999755859375,49.53033008204885,28.060482686063413,15.968512050766721,378.9182180421719,75.58216546125036,45383800,23505000,28267900,303741000,67881600,13214200
2022-11-29,73.38999938964844,49.16727066040039,27.86762809753418,15.582901000976562,375.2533264160156,74.69705963134766,74.48999786376953,49.587849511685604,28.13762654409084,15.874850195864996,377.218677377997,75.52566426763612,72.77999877929688,48.54866189222397,27.713343796420073,15.464328384954916,373.4208551885378,74.34866537208545,73.62000274658203,49.319093596683636,27.81941494314125,15.770226349121932,376.031857943791,75.24318884300266,51846400,12694000,24361500,298384000,52310000,11502300
2022-11-30,77.62999725341797,51.962337493896484,28.995832443237305,16.866607666015625,387.07403564453125,78.13390350341797,77.69999694824219,52.021746472575686,29.005475441707357,16.873584309435355,387.07403564453125,78.5576202629793,72.80999755859375,48.831565256165796,27.21191818898294,15.54502609510109,373.59178408114326,75.77048753846529,73.37999725341797,49.42377007142718,27.74227206955256,15.644692293883454,375.5001700531818,75.92113967241734,88468400,47349000,72072500,565298000,144566700,21667300
2022-12-01,77.4800033569336,51.93593215942383,28.764406204223633,17.077899932861328,386.78912353515625,77.85142517089844,79.2300033569336,52.0934136127279,29.39118639556841,17.207465887298017,389.27669190595753,78.74594157215235,76.44000244140625,51.107030339386576,28.46548060636023,16.579566121809616,384.29205133886904,76.40136148444745,78.30999755859375,51.96233614926466,29.159759948266366,16.942353455622023,388.1088513992117,78.19040147078735,59833400,23006000,38896300,470977000,76398200,15975100
2022-12-02,74.9800033569336,50.99763870239258,28.35940933227539,16.819761276245117,386.34295654296875,76.74031829833984,76.27999877929688,51.17680809941156,28.378695329266066,16.876572437618908,387.24492191924827,77.36177708494529,73.6500015258789,50.552540868113205,27.684414151313096,16.390197799139116,381.8140640565856,76.41076008597192,75.05000305175781,50.644012336529265,28.127982886029038,16.60348535757367,381.91849025775207,77.03221168874711,64377200,19320000,31546000,371389000,85342700,10519800
2022-12-05,73.62000274658203,50.039546966552734,28.12798309326172,16.554655075073242,379.3928527832031,76.85333251953125,75.16999816894531,50.87316475995055,28.687264135614384,16.938372459706628,384.46294078102943,77.38062579486177,72.81999969482422,49.553900642374025,27.85798465104481,16.41711441283726,378.0446424372864,76.22245556930986,74.54000091552734,50.71190977658739,28.36905253977949,16.62342540619123,383.53249309935995,77.15464398883898,47022200,18548000,34040400,352255000,77289800,11523300
2022-12-06,70.2699966430664,49.58503341674805,27.57834243774414,15.933727264404297,373.9240417480469,74.91363525390625,73.38999938964844,50.31585930529493,28.26297871819532,16.51777403742583,379.7726910257881,76.68384647045204,69.4000015258789,49.20122940649641,27.327630016403024,15.766286867339783,371.8447608883039,74.5370012948246,73.08000183105469,50.04050232996644,28.1472664247848,16.474918055552177,379.23152341918535,76.64618163777742,64965200,19655000,27701200,352694000,77972200,13992100
2022-12-07,70.13999938964844,48.894752502441406,27.317989349365234,16.0662841796875,373.2879638671875,74.61231994628906,71.37000274658203,49.507706497993034,27.5301297981923,16.132064232758374,375.6426241653655,75.05487272770807,69.27999877929688,48.663717546020976,27.144419055227683,15.614792692114394,372.1581093951866,74.00027901845068,69.52999877929688,48.998483510667796,27.26977619619987,15.719443294997907,373.0790824780339,74.38633814567388,59180100,16524000,28239900,372388000,65927900,14925300
2022-12-08,70.47000122070312,50.081050872802734,27.424060821533203,17.11178970336914,376.21234130859375,76.08122253417969,71.22000122070312,50.20741232591653,27.578345120565167,17.12175660926792,377.27572712445266,76.24129268310836,69.0,49.072033427784504,27.06727723051309,15.905820703517822,373.39245654060454,74.48049949339647,70.13999938964844,49.112585500576145,27.30834667765227,16.218775465562125,375.16796315200475,74.81005779525907,56734100,27514000,28486100,515456000,60737900,11197500
2022-12-09,68.58999633789062,51.367305755615234,27.231204986572266,16.94434928894043,373.40185546875,75.9776382446289,70.66999816894531,52.114164631030924,27.751915883981724,17.5244106979877,377.52248883512004,77.39003697952424,68.5199966430664,51.01650676991656,27.18299183201833,16.918436852955416,373.2784216185342,75.9776382446289,69.48999786376953,51.953855703461905,27.37584628944802,17.102819869864998,374.977955065578,76.12829037409205,59058300,37028000,25641300,465338000,81447700,13787900
2022-12-12,70.66999816894531,52.490421295166016,27.665128707885742,17.476566314697266,378.7852783203125,75.73281860351562,70.66999816894531,52.513055344349745,27.68441286476634,17.4795565760495,378.7852783203125,75.73281860351562,67.52999877929688,51.13343954002767,26.864778262105673,16.741026655795824,373.52528680664847,74.1980146019124,68.54000091552734,51.3701329869747,27.125131852525012,16.980226653056036,374.1898882628355,75.13019573271244,60968300,23416000,35117900,457328000,75405800,11516600
2022-12-13,71.6500015258789,53.849281311035156,27.703699111938477,18.011777877807617,381.65264892578125,75.80815124511719,75.20999908447266,54.867723397490565,29.01511743082299,18.727385645434474,389.7419997878151,77.29587247512272,70.66000366210938,53.28253446866028,27.35656037516198,17.65198080321333,378.8992336233936,74.97953937724257,74.87000274658203,54.30003766673264,28.725834843640268,18.469247954138357,389.4856572201214,77.29587247512272,72458000,40414000,58546800,656589000,123782500,16938000
2022-12-14,68.93000030517578,54.1699104309082,27.25048828125,17.6151065826416,379.2124938964844,75.34676361083984,72.0,55.227016163775666,28.079767699666352,18.19118159319031,385.00417782900206,76.74975156862568,68.31999969482422,53.53715352954378,27.009418853962806,17.361953248979066,376.2786800874481,74.87596401841466,70.93000030517578,53.61448053169689,27.491557708537194,17.927063332040404,381.3107822890158,76.1000458322528,67278000,35218000,37141100,496888000,108111300,17910000
2022-12-15,66.52999877929688,52.61960983276367,26.180139541625977,16.895511627197266,369.93634033203125,73.49171447753906,68.20999908447266,53.42021911542487,26.99977596556628,17.26228539533921,375.27227545068706,75.00681085815836,66.12000274658203,52.591320870691206,26.151212387331118,16.64435244524807,368.28429708214924,73.28338737060089,67.5999984741211,53.16466517918505,26.94191981776278,17.088865417042985,374.37028116191146,75.00681085815836,58557000,36876000,45682700,478542000,117705900,17080200
2022-12-16,65.41000366210938,52.42253112792969,25.958358764648438,16.515779495239258,365.5688171386719,72.25122833251953,67.19000244140625,52.78935959934913,26.170499221106358,16.98421452775994,368.72594377762675,73.9178306902039,64.80000305175781,51.947259218973116,25.505148855264444,16.355316696171542,363.4418274301868,72.18494309357241,66.25,52.56775310011086,26.035500916016225,16.80780430040909,367.39060804195844,73.4917123290509,62438600,49549000,81104200,478232000,119858000,11929100
2022-12-19,64.58999633789062,52.26278305053711,25.833003997802734,16.199838638305664,362.4689025878906,72.06183624267578,65.58999633789062,52.914128100479005,26.00657246259408,16.553655262120007,366.0934184203677,73.02771511682458,63.709999084472656,51.89098954460067,25.55336254374656,16.091202589901293,360.8092731762787,71.73988143432561,65.12000274658203,52.68021510798812,25.939073308639554,16.516779799419464,365.759577222778,72.83832356083994,46246900,25092000,37662500,354039000,79878100,12561300
2022-12-20,65.05000305175781,51.729331970214844,25.49550437927246,16.031400680541992,362.96490478515625,71.6073226928711,66.05999755859375,52.20286720697806,25.910144108555976,16.255651316160492,364.5768550701663,72.15654023386293,63.52000045776367,51.43456038416556,25.476218382744424,15.799178230906909,360.39913914135377,70.92552742868777,63.7599983215332,51.838680204178324,25.59193252269879,16.010470747950464,361.7154089937889,71.12438317664952,52431300,29831000,31863300,403260000,74427200,12080600
2022-12-21,67.68000030517578,53.365779876708984,25.871572494506836,16.446012496948242,368.3921203613281,73.0466537475586,67.8499984741211,53.430439914554995,26.00657079375305,16.571593975514052,369.5176155105315,73.31179471259446,65.20999908447266,52.00793359109513,25.630503052016383,16.04834193364069,365.0156058055829,71.74934862629084,65.43000030517578,52.076395026880256,25.64014605042167,16.060302979691098,365.5497400834467,71.83457663622349,44167600,25619000,28100900,325025000,78167400,10806100
2022-12-22,63.86000061035156,52.591773986816406,25.042293548583984,15.287883758544922,363.1365966796875,71.28534698486328,66.30999755859375,52.76768660039131,25.50514828566791,16.084221892542526,368.3730338595665,72.37432492235955,62.2599983215332,52.03171337768199,24.444442348638713,14.832406895004349,357.4613834622674,70.092205500547,66.08000183105469,52.6164975856808,25.50514828566791,16.040367895497383,365.35897373224327,72.23228306537325,73917700,27553000,47478300,565045000,100120900,13019700
2022-12-23,64.5199966430664,52.52901840209961,25.15800666809082,15.155330657958984,365.2254943847656,70.9160385131836,64.66000366210938,52.64217166919958,25.254434811023486,15.287886895394593,365.36856088727086,71.35162821883661,62.720001220703125,52.055483133198614,24.762652937359356,14.83340700919184,360.5708701156697,70.23424341753588,63.11000061035156,52.29795649257773,24.994079376869443,15.14536375199491,362.1160465590039,70.9160385131836,45923000,13761000,23600900,349326000,59857300,7452600
2022-12-27,63.27000045776367,52.63457107543945,25.01336669921875,14.073944091796875,363.7852478027344,70.37630462646484,64.27999877929688,53.06912029487081,25.167651000403847,15.049681806653775,365.4544250283312,70.77401613348349,62.970001220703125,52.006995673102935,24.733725253812043,14.009160162650081,362.1160705771375,70.22479857716988,63.869998931884766,52.445346291382066,24.926581549900387,15.023768425094323,365.11106539954454,70.38577601221783,36086000,16677000,29548100,464902000,51638200,8974800
2022-12-28,62.56999969482422,51.81205749511719,24.627655029296875,13.989228248596191,359.2641296386719,69.18315887451172,63.540000915527344,53.03678241858846,25.186936060072682,14.214474984092547,365.6833180737436,70.5940990634269,61.959999084472656,51.580045244627044,24.589083035829773,13.837734330636081,359.03522324607314,68.9748317473135,62.540000915527344,52.45389893000501,24.916937623444614,13.880591262742838,363.71843147410067,70.25320144156619,39526500,15410000,26176900,351066000,70911500,10275700
2022-12-29,64.81999969482422,53.04059600830078,25.273719787597656,14.554339408874512,365.73095703125,71.96715545654297,65.18000030517578,53.49606384054069,25.350863775815828,14.634072755943127,366.5989324853657,72.0050337737293,63.060001373291016,52.34550944663539,24.830152890626614,14.179592867751314,361.57230700428545,70.21532482783981,63.63999938964844,52.473879214034234,24.849438887681156,14.354009920900088,362.0969229072174,70.40470918922112,41428500,18176000,30944800,354923000,66970900,11142500
2022-12-30,64.7699966430664,53.166107177734375,25.48586082458496,14.565303802490234,364.767578125,70.53726196289062,64.81999969482422,53.215554381467435,25.514787979531604,14.580253211433105,364.9106445983467,70.61301857822757,63.13999938964844,52.10873792325938,24.878364821712026,14.18557284700013,360.9523169257117,69.74183917549814,63.77000045776367,52.471020667335615,24.974792963033074,14.286236129267657,363.0602696961742,70.34787764909674,37127000,14376000,31030100,310490000,84022200,7784100
2023-01-03,64.0199966430664,52.628868103027344,25.775144577026367,14.267298698425293,363.23199462890625,70.1016845703125,66.87999725341797,53.9686472569074,26.102999168842448,14.946030156445817,368.5828851543406,71.93874307977623,63.59000015258789,52.373082552863245,25.428005827443503,14.049028593833635,360.38006673429567,69.85547913951176,66.0,53.724273158461564,26.08371317186176,14.801512873667992,366.61802772104494,71.82510813681826,46851800,20173000,31308000,401277000,74850700,9276200
2023-01-04,64.66000366210938,53.27165603637695,26.69120979309082,14.699851989746094,366.0362243652344,72.2701644897461,65.79000091552734,54.0247501808816,26.922636244340204,14.803505525216863,368.05830845065526,72.54477683187324,63.310001373291016,52.871341152017514,26.18978489577685,14.193545359327329,362.44986897863134,70.51833411022399,65.0,53.53314731066948,26.430854345730037,14.518459253168668,365.4829951067627,71.0107377145059,47477100,17074000,37665200,431324000,85934100,12316400
2023-01-05,62.33000183105469,52.77529525756836,26.57549476623535,14.217466354370117,361.8585205078125,71.71146392822266,64.3499984741211,53.2336176964024,26.7876370522534,14.515469810414057,364.2048984321615,72.38378759755167,62.29999923706055,52.40445576806557,26.401924473752903,14.100855645137985,361.26715956907026,71.34215225467058,64.1500015258789,52.840905655922434,26.459782464056307,14.442713107430109,364.0904452321647,71.96713346039924,46159500,16277000,33552600,389168000,76970500,10039200
2023-01-06,63.959999084472656,55.9521598815918,27.703699111938477,14.809487342834473,370.1566162109375,73.92729187011719,64.30000305175781,56.19653395747971,27.800127254070663,14.959984206467885,371.27259288151197,74.56173724454631,60.04999923706055,53.46753232300054,26.40192379118857,13.987236581425599,361.8870541421074,72.10917651747782,63.150001525878906,53.54550452372914,26.932277653308667,14.425770004011499,364.9392455332869,72.44060266646704,70161300,35261000,31788600,405044000,104189600,13744100
2023-01-09,67.23999786376953,54.8548583984375,28.262977600097656,15.575922966003418,369.94683837890625,76.04844665527344,69.31999969482422,57.21112001170197,28.80297441203001,16.002496236779955,375.51714610031314,76.91016209616281,65.66999816894531,53.30208484997275,27.80976776361047,15.090545335630782,369.76564022685335,75.81171259672801,66.22000122070312,56.32015261549459,27.80976776361047,15.233069416455065,372.34092442068106,76.28518071381885,69741300,37739000,37493200,504231000,73978100,22247600
2023-01-10,68.05000305175781,54.668487548828125,28.388336181640625,15.855987548828125,372.54119873046875,76.9574966430664,68.1500015258789,54.68750542536342,28.455835326791227,15.908810437445068,372.60797279309605,77.25105175810747,66.55999755859375,52.297013116941486,27.886911333073627,15.42044347056914,368.43025676671084,76.19048068427236,66.66999816894531,54.3898827307997,28.19547990474139,15.455326689560788,369.3650063190875,76.23783038092235,41149600,44635000,23008100,384101000,65358100,10269000
2023-01-11,69.05999755859375,54.97371292114258,28.78369140625,15.947678565979004,377.2530517578125,77.4404525756836,69.12999725341797,54.99273079638148,28.812618561855047,15.974589018428674,377.32937328940335,77.54461615084108,67.22000122070312,53.902081223816666,27.964054945186252,15.511138407767845,373.3042711879849,76.35147434193318,68.38999938964844,54.48496477209816,28.61976411403725,15.787215773433328,374.1150200893582,77.2415968116241,44470100,22502000,30375400,353285000,68881100,11771400
2023-01-12,70.80000305175781,55.335052490234375,29.207975387573242,16.45598030090332,378.62652587890625,82.38343811035156,71.6500015258789,55.63648022966202,29.294758697326316,16.58155988533878,380.0858621719183,84.11633285277138,67.18000030517578,54.557238340096866,28.41726604818337,15.44037584745414,374.29622523133014,79.9403413152563,70.06999969482422,54.731246661586916,28.90904794592512,16.046350570153667,378.34994039060064,80.45168766012848,70066200,19514000,28963900,551409000,90157700,36086800
2023-01-13,71.0,55.05549240112305,29.034404754638672,16.842683792114258,380.0954284667969,82.1940689086914,71.0999984741211,55.334097211564576,29.09226090687782,16.865607858764474,380.66772351572655,82.4781454472984,69.2300033569336,54.833937591444766,28.745120315015104,16.111130612182066,375.1737376190185,80.39488859931299,69.83999633789062,54.879579768428755,28.89940461379544,16.22375300248187,375.4408047607676,80.87782810686014,45757400,19647000,31361900,447287000,63903900,18719900
2023-01-17,71.58999633789062,55.07831573486328,28.54262351989746,17.643009185791016,379.39910888671875,84.26785278320312,72.66000366210938,55.66024900018235,29.179046726826428,17.66892351620741,381.7455155288635,84.96859079257102,70.6500015258789,54.63140468374235,28.465481368730735,16.842685620041838,378.7219081606364,81.58802875255319,70.87000274658203,54.6656390394699,29.101904575659702,16.842685620041838,380.07633872093464,81.6448426142938,42621300,15835000,34759100,511102000,62677300,21850000
2023-01-18,70.52999877929688,54.60762405395508,27.78084373474121,17.31909942626953,373.4092102050781,84.72238159179688,72.77999877929688,55.86943076676529,28.754764562604766,17.813445107525506,381.6406423942581,86.37951991484114,70.5,54.55342510924144,27.607273431270517,17.224414756280385,373.20891710602956,84.61821803352726,71.87000274658203,55.45580017765202,28.73547856461602,17.608132137463713,380.58192119114887,85.6787891611135,39538700,15703000,44199600,439624000,99632300,19209800
2023-01-19,67.70999908447266,53.555015563964844,27.40477180480957,16.709131240844727,370.69085693359375,83.70915985107422,69.25,54.20541389009064,27.732626363931956,17.139692742246442,373.0181398927505,85.23372768055317,67.2699966430664,53.278311442485034,27.231201527719634,16.67524604897352,369.3745869323046,83.57658936368907,68.97000122070312,54.11603023216099,27.58798507942825,16.979228061683155,371.3775761257745,84.3057270443074,47189900,22692000,36886600,452932000,86958900,13651100
2023-01-20,70.06999969482422,54.27387237548828,28.176197052001953,17.779558181762695,377.59649658203125,86.19960021972656,70.12999725341797,54.329025303191905,28.18584005084388,17.796501732635843,377.749110559771,86.19960021972656,67.44999694824219,53.16420490104246,27.24084823490285,16.76893705940326,370.442880108768,84.46670525813552,68.01000213623047,53.53694873555429,27.40477553678764,16.954316196674295,372.0834439842953,85.22425709995504,47757600,22950000,35158500,564967000,91806400,14287200
2023-01-23,76.52999877929688,55.305572509765625,29.188688278198242,19.129045486450195,382.1271057128906,90.58392333984375,76.58999633789062,55.606049893965526,29.4008287235835,19.180872256618034,384.0538025302996,90.65020858704243,71.54000091552734,54.17879138723905,28.13762537116362,17.75862728937308,377.4438681481197,86.85299227724639,72.22000122070312,54.38988511054113,28.282266667526926,18.00380595113542,378.3976836413568,86.8908705934385,84293200,23429000,38795800,655163000,84178800,22875100
2023-01-24,74.69999694824219,55.628875732421875,28.851192474365234,19.200801849365234,381.7168884277344,89.54228973388672,75.63999938964844,55.78672086863037,29.111547927414794,19.430036855773828,382.622995482958,92.79975275468269,73.41999816894531,54.73505715445478,28.66797917341769,18.75728504510627,379.2751236285282,86.6920168152405,73.75,55.00225419160264,28.870478472194236,18.764261688305943,380.45784526648146,90.70702450338536,60822600,13825000,24855100,496204000,59524900,11370500
2023-01-25,74.91000366210938,55.690673828125,28.639049530029297,19.25861358642578,381.8600158691406,87.5063705444336,75.12000274658203,55.81333423072197,28.822260975860168,19.30545785930098,382.19385709358215,88.06505938890211,72.08999633789062,54.774032523444625,28.127981667205173,18.518089313986763,375.38360090426846,86.2848220795126,72.9000015258789,54.929022952311605,28.46547924306209,18.84997990374146,377.66323376967637,87.76204011869646,49932600,13766000,28268000,449537000,84800300,14147300
2023-01-26,75.16000366210938,56.917301177978516,29.015121459960938,19.73601531982422,386.0567626953125,88.49117279052734,77.08000183105469,57.105571987976916,29.03440745890826,20.09880270917431,386.21892411230044,89.27713146197593,74.27999877929688,55.74582465711881,28.282270052889473,19.213761238604867,381.55475308151983,87.72415688621304,76.5,56.14043743108085,28.986192461539954,19.63535204186898,384.5115864864833,88.90782697289505,49583900,24525000,56088100,489535000,72287400,15759400
2023-01-27,75.4000015258789,56.19558334350586,27.15406036376953,20.297134399414062,386.9438171386719,88.34915924072266,76.73999786376953,56.98100381785263,27.231202507561513,20.559258451353738,389.3092897646847,89.12564671388147,73.48999786376953,56.11951546977172,25.82335792355445,19.34033446522059,384.80727999784443,87.34540185501693,73.69999694824219,56.417138144310826,26.102997505095207,19.397143724678738,385.01712054618537,87.89462664017942,58118600,19344000,148548200,542142000,68346200,13646600
2023-01-30,72.44999694824219,55.28845977783203,26.95156478881836,19.09814453125,382.0888977050781,88.18816375732422,74.63999938964844,56.064369598547906,27.49155983268477,20.07288414739655,386.41922765929314,89.24873487873703,72.4000015258789,55.12776360853876,26.681566347278196,19.08618348633209,381.79321726738084,87.66735319355743,74.2300033569336,55.43584379549995,26.729779500775336,19.883518678793106,384.19682153424986,87.92302278310844,48105200,16984000,55145800,488611000,74202000,14079800
2023-01-31,75.1500015258789,55.6269645690918,27.25048828125,19.47189712524414,387.7069396972656,87.80940246582031,75.19999694824219,55.83805827758732,27.279417274641418,19.621396897100432,387.75461882959763,87.83780939765902,72.02999877929688,55.220943979009206,26.5465659949827,18.88685330332513,382.2606321672819,85.2242633002441,72.26000213623047,55.347409408707065,26.787635422269894,19.106119508648174,382.60402088774634,86.1711995591357,71669100,23719000,52621600,498017000,86811800,13342100
2023-02-01,84.63999938964844,57.313812255859375,28.03155517578125,20.873212814331055,391.82733154296875,89.71273803710938,85.4800033569336,57.8415465152958,28.378695770150827,21.1213817226709,394.5648060301805,90.68808121580011,77.87999725341797,55.40731284678983,26.691209630742602,19.545650683627567,383.7676093537023,87.65788811457158,78.47000122070312,55.49003679703182,26.893707084648902,19.62538402504865,386.49550726473996,88.06507098985075,152548200,26553000,63330600,660477000,101459200,16788500
2023-02-02,88.30999755859375,57.600975036621094,29.111547470092773,21.636659622192383,397.5312194824219,91.52137756347656,88.94000244140625,58.30176726323788,29.217616778058037,21.875859651889073,398.9905560204561,92.32627182162705,83.19999694824219,57.02854893892636,27.771200069456867,20.631022997012753,393.8113448862697,90.75435439257262,84.29000091552734,57.77783801890685,28.2051258177228,20.9300225588854,395.699880930703,91.47402786759447,97762100,24188000,62230700,564276000,101654500,14925300
2023-02-03,86.08999633789062,56.82601547241211,29.236900329589844,21.02968978881836,393.3058166503906,89.63697814941406,88.80000305175781,57.816823957553815,30.05653676373486,21.672540940249053,397.71243948436745,91.80545554440867,85.83000183105469,56.695745017154714,28.47512188318245,20.71972529905481,392.10399983816484,89.30554472199756,86.66000366210938,56.86214689761729,28.56190702557509,20.93002263417135,392.58090757531625,89.99681128044845,66557800,19093000,57603100,429366000,94736800,12242200
2023-02-06,83.68000030517578,57.175941467285156,28.002225875854492,21.01872444152832,390.90216064453125,86.9571533203125,86.27999877929688,57.35850656344591,28.939211261132034,21.498120569952917,392.294752115139,87.16548044105603,83.22000122070312,56.316353711071635,27.924143760414697,20.716732749173072,389.2520785976726,85.92498910150584,84.62999725341797,56.41904589754532,28.84160815142617,20.736666558099405,390.8640289856019,86.92874639012926,53008900,18709000,48726400,452197000,60295300,12425200
2023-02-07,85.91000366210938,58.426326751708984,28.353595733642578,22.099109649658203,396.0146789550781,89.53282165527344,86.25,58.66975046452914,28.56832295693167,22.1848234989371,397.2546275218808,89.67485630730792,82.5199966430664,57.025692773837925,27.748459777304095,21.079518043741285,388.74660915034303,86.8151121283979,84.31999969482422,57.11507642031327,27.963185138968626,21.310745262287682,389.98655771714573,86.9098043046042,65291900,24025000,50780800,664150000,90990700,15258900
2023-02-08,84.69000244140625,57.21492385864258,27.563013076782227,22.13100814819336,391.684326171875,89.27714538574219,88.0,58.020312606333725,28.421918216464604,22.801765903840348,395.3851349400619,90.84906297379743,84.54000091552734,57.11127770181879,27.53373158510289,21.934664092168923,390.9975778529523,89.22980290962064,85.87999725341797,57.68750521028349,28.255993486863996,22.31240089472821,394.0497990721952,89.97787616347104,54140400,15290000,36479100,559651000,76227500,12899700
2023-02-09,83.20999908447266,56.99623107910156,27.06524085998535,22.26256561279297,388.2886962890625,91.55926513671875,86.66999816894531,58.471982930754145,28.129110934064443,22.943290193315832,395.42324575045114,93.33950262390167,82.76000213623047,56.6225368328301,26.909076616232884,22.046289671543487,387.067813777245,90.54604367347608,85.87999725341797,58.25042808802717,27.99246768618719,22.530670219439532,395.2706317979571,90.90587683511039,46525400,18837000,43906400,523876000,78694900,16997400
2023-02-10,81.4800033569336,56.41048812866211,27.133562088012695,21.194141387939453,389.1948547363281,90.30931091308594,82.70999908447266,56.9058924063281,27.319007822872113,22.004432082593212,389.57637508525863,91.37934625282503,80.47000122070312,56.06627289232369,26.68459035918154,20.741655610042052,386.304795158678,89.24873973397678,82.29000091552734,56.70145475948029,26.967637348743658,21.6177263681031,387.115514984604,90.85852843617542,49332600,21035000,31232500,550737000,70769700,11511400
2023-02-13,83.12999725341797,57.15882110595703,27.865581512451172,21.71539878845215,393.7635803222656,91.0100326538086,84.1500015258789,57.19305183287523,27.865581512451172,21.97453265239466,393.8971284439127,91.27517361609145,80.9000015258789,56.43140455661139,27.05547884529115,20.89215094788676,389.38557133439986,89.87371217986794,81.56999969482422,56.57688786648052,27.201884444523,21.4662318309297,389.84341318387385,90.40399410443365,45400000,19847000,32347500,474919000,64913500,7803500
2023-02-14,85.94999694824219,57.271968841552734,27.95342254638672,22.894453048706055,393.5823974609375,92.7618637084961,86.19000244140625,57.58290365748646,28.031504659469526,22.972192242637163,395.8810669412816,93.73720677993349,81.7699966430664,56.41713659196799,27.319005144885864,21.294800040276197,389.6431352333331,90.1672606993496,82.69999694824219,56.49795983911438,27.699655213461494,21.506093473695493,392.24703262517374,90.73542094028359,55979700,17571000,27928900,675474000,88389300,15345100
2023-02-15,85.18000030517578,57.78354263305664,28.15839195251465,22.688146591186523,394.86053466796875,87.83779907226562,85.88999938964844,57.839642282996564,28.187671584208548,22.77884296898915,394.9368270971994,88.70897859414607,83.31999969482422,56.738531586325564,27.4849324991859,22.032340112236056,390.5588176281302,85.95339093690858,85.0999984741211,56.94392319231279,27.680138731393377,22.473862854052438,391.39817989035606,87.43061623982484,46430200,12683000,23359400,420575000,61555700,30208300
2023-02-16,80.08000183105469,57.103675842285156,27.52397346496582,21.928688049316406,389.42376708984375,86.00074005126953,83.3499984741211,57.90240857846157,28.138869908751705,22.474860494775402,393.8399372390062,86.91926926412371,80.05000305175781,57.009540429779086,27.455649983101143,21.853937196052712,389.2902480643342,85.11061776672229,82.9800033569336,57.12364407000734,27.816780940744902,22.05925016093341,389.91022227936105,86.15225330163902,57755200,17449000,28972500,412026000,76431500,15568400
2023-02-17,78.5,56.63298416137695,26.948116302490234,21.316730499267578,388.4508361816406,85.31893920898438,79.6500015258789,57.13314376648919,27.397087999461537,21.66755683538447,388.689290011422,85.50833075937166,77.37000274658203,56.334411134169336,26.723628592380113,20.905106608670902,385.3890680493917,84.22049711493388,79.5999984741211,57.05232051630708,27.32876638136803,21.5589207949287,387.3062461554366,85.19584011964434,47826600,14215000,32086200,465888000,89257800,11235300
2023-02-21,76.7699966430664,55.29701232910156,25.435274124145508,20.58617401123047,380.6581726074219,82.98948669433594,78.45999908447266,56.39526838158688,26.616268274114095,21.422377090666945,385.4940235203808,84.67503194809184,76.44999694824219,55.135365822367355,25.415754990518632,20.54929664883601,380.40065293639157,82.83798066146731,77.1500015258789,56.10145071848473,26.460104035351655,20.93002371650124,384.4448207915137,83.6902174485216,44045600,22737000,63668400,410015000,82655900,14007600
2023-02-22,76.61000061035156,54.786399841308594,24.859416961669922,20.68484115600586,380.13360595703125,82.22246551513672,78.12999725341797,55.444401002091816,26.255136427710145,21.03367523119019,382.60398440393413,83.41559983165043,75.91999816894531,54.39939346408526,24.693492230847845,20.352950629424083,378.68378788820354,82.06148810768556,76.93000030517578,55.36452809171852,25.28886953467257,20.637998793039895,381.06832644021057,83.09364501674811,50286800,23475000,89195300,513184000,83742300,10106400
2023-02-23,79.75,55.51190948486328,24.996061325073242,23.58514404296875,382.15570068359375,85.3000259399414,81.79000091552734,55.715396764350444,25.454793514818004,23.80839853574855,383.624584623004,87.1086705649862,77.97000122070312,54.549626015012656,24.71301249664335,22.94827344265805,377.9493710671943,84.71292281725863,80.62999725341797,55.69732923838517,25.161986051002106,23.361891451181727,383.0141287647056,85.50835308749177,76391300,18939000,56473200,1117995000,96242400,15468300
2023-02-24,78.08999633789062,54.93663024902344,24.53732681274414,23.208402633666992,378.0733337402344,83.43455505371094,78.80999755859375,55.17339426774629,24.742293522864312,23.39577778263142,378.9031484388594,83.47243337133261,76.94000244140625,54.542967855323845,24.32260146742129,22.870533495406775,375.4598889913447,82.61071790067783,77.75,54.91570804750071,24.615408925736485,23.147606985640458,377.15767915293793,83.41561228262492,46700000,15353000,44089900,589716000,108194400,8817600
2023-02-27,78.7699966430664,55.668800354003906,24.303083419799805,23.422685623168945,379.3609313964844,82.66752624511719,80.12000274658203,56.082430986181464,24.966782391500903,23.800422369181604,382.75651119255804,84.13527289779555,78.52999877929688,55.55564707757709,24.283562423779266,23.375843263094975,378.4261820180549,82.6107051651692,79.63999938964844,55.70874043179636,24.9375008974701,23.59112307758857,381.40208079590553,83.99323103474944,45617300,18321000,37657000,452994000,80444700,10609400
2023-02-28,78.58000183105469,56.509368896484375,24.332361221313477,23.138635635375977,377.9588928222656,82.44974517822266,80.13999938964844,56.917293768093145,24.51780693211728,23.74560738657694,380.8394047987781,83.47243813876675,77.41999816894531,55.35786075166574,24.13715501398059,23.128668730813548,377.8539579939496,82.28876773754926,77.87000274658203,55.67925665464364,24.342121717842556,23.294115924763044,378.8840949077096,82.5160304317088,44220100,27822000,50255300,455963000,96438600,7520400
2023-03-01,78.29000091552734,56.44091033935547,24.722774505615234,22.622360229492188,376.5090637207031,83.72809600830078,80.29000091552734,56.882115634438925,25.298630833078455,23.178501290622606,378.36901530523187,85.26213523368465,77.87999725341797,56.12997550070007,24.371404038247963,22.432992860829053,375.21188881048784,83.58605413519213,78.55000305175781,56.481800768027114,24.42996702389222,23.114713487023835,377.1481328157973,84.31519904569332,44266000,15484000,47823400,460026000,99706800,8176700
2023-03-02,80.44000244140625,56.923954010009766,25.571916580200195,23.236309051513672,379.43731689453125,84.30571746826172,80.91999816894531,57.1417037855773,25.66951782309745,23.302089102000206,380.27667913690243,84.59926533919275,76.6500015258789,55.73345968057763,24.517807146940193,22.35724820401247,374.2103978176706,82.49707332463176,77.56999969482422,56.04344415643553,24.605647893222844,22.413063250752206,374.54423904245056,82.98947690405306,60108600,27525000,48309300,389415000,85127800,9761600
2023-03-03,81.5199966430664,60.167381286621094,25.76712417602539,23.810392379760742,385.52264404296875,85.025390625,81.62999725341797,60.44979112945338,25.845206297161468,23.82035928556431,385.770645358477,85.08220447736625,79.33999633789062,58.54994771240406,25.38647406819009,23.052924647625705,380.6009531474197,83.2167392628198,80.4000015258789,58.73536747358033,25.571919803997503,23.24229205590769,381.2495406253721,83.96481962535384,54536200,46088000,36744900,412393000,90120000,10844000
2023-03-06,81.16000366210938,60.18259048461914,25.366952896118164,23.475509643554688,385.789794921875,84.82655334472656,83.30000305175781,61.240910034607296,25.903769104117636,24.167195304458623,388.632175874259,86.48369182785852,81.04000091552734,60.06943720986512,25.30839177107945,23.40873157565337,385.3510478984003,84.7602680943833,82.02999877929688,60.380372034843134,25.8354456196771,23.811386520323765,386.3429951594612,85.30002148276427,54541300,24983000,37879800,437429000,72795900,9960000
2023-03-07,82.11000061035156,59.443763732910156,24.91798210144043,23.214340209960938,379.87603759765625,84.1352767944336,84.8499984741211,60.45454042871589,25.366953846261588,24.04869267419401,385.9804792628776,85.45151748549256,80.66999816894531,59.287822956084774,24.888700607012005,23.167487988654617,379.2656108960152,83.61446623854278,81.06999969482422,60.36801145215871,25.220550097368804,23.525353628386604,385.74202541995913,85.17690513076485,70959000,19334000,43164600,515154000,108310600,8761100
2023-03-08,85.37000274658203,60.119834899902344,25.35719108581543,24.104516983032227,380.49603271484375,86.01021575927734,85.7699966430664,60.16452309827376,25.386472577631434,24.12345789128584,381.2495258844479,86.01967991948914,82.27999877929688,59.30303474684446,24.839897761770864,23.349911350313405,378.2736266459541,83.46295509964769,82.79000091552734,59.693842472553484,24.947259508513874,23.412711812029624,379.9905117430244,83.66181083234204,69529800,20912000,36071900,513573000,74746600,8813000
2023-03-09,84.02999877929688,59.193687438964844,25.806163787841797,23.36186981201172,373.4759521484375,84.16368103027344,87.80999755859375,61.087828793265,26.33321759150499,24.376649400404656,382.93781363415775,85.87764034634586,83.58999633789062,59.13283240958658,25.347429739545277,23.30903605829536,372.4935234600931,83.87013314044557,85.29000091552734,59.91254722183505,25.357190236490354,24.098530680368395,381.2781550603871,84.94963975576995,79496700,21775000,54886100,501257000,111945300,10354700
2023-03-10,82.66999816894531,58.462467193603516,26.56746482849121,22.892364501953125,368.0869445800781,82.62017059326172,85.44999694824219,59.92015130153809,26.860274161836333,23.55227132624744,375.00210698292204,84.43828608044811,81.62999725341797,58.27134171065353,25.689040551704853,22.654120112006748,366.57038142194835,82.57282090080999,84.47000122070312,59.73283084471428,25.913526404132295,23.334960424456437,372.93231453200684,83.35877955839689,70273600,26098000,65187000,474866000,189253000,11928800
2023-03-13,82.01000213623047,58.61840057373047,26.30394172668457,22.893356323242188,367.5622863769531,83.08418273925781,83.83000183105469,59.37149095937255,26.65531035887003,23.22430691098968,372.3600057541109,84.27732441109794,78.5199966430664,57.7065147517455,25.97209222955824,22.22647370103853,363.0698240200609,81.73006364232221,81.38999938964844,57.72648297498703,26.09897498475374,22.68003442386319,364.17625337042944,81.79634888939388,65269100,22364000,50977000,421890000,157790000,11847600
2023-03-14,87.44999694824219,60.138851165771484,27.33852767944336,23.98689079284668,373.63818359375,84.55194091796875,88.30000305175781,60.22538377097592,27.42637029431564,24.14239751688331,375.27874753794316,84.87389578389882,83.58999633789062,58.8114338924491,26.5967466325355,23.385797384475328,369.1743046054117,83.0557798685809,83.66999816894531,59.27641243573177,26.694349744796313,23.421684721601242,372.4649799641,83.35879918780054,66616300,25893000,47689800,474910000,149752400,11100100
2023-03-15,89.68000030517578,59.52838897705078,27.728939056396484,24.1513671875,371.30126953125,82.09938049316406,90.41999816894531,59.91159026540328,27.816781673769935,24.209182394285897,371.5015626213284,82.61072700055786,86.22000122070312,58.59272985461577,26.99691848603412,23.286112651373358,365.98851059869224,80.90624586712971,86.7699966430664,59.68337939628911,27.065240108074672,23.685843355775486,368.06785035886526,82.57284867876375,86177400,22963000,49322800,524486000,172996900,12171500
2023-03-16,96.5999984741211,60.523006439208984,29.456506729125977,25.460214614868164,377.8158264160156,85.00160217285156,96.69000244140625,60.57720539069255,29.544349342562693,25.507064935559395,378.1592151165088,85.16341758419513,89.0199966430664,58.74582347297492,27.709416819245153,23.818422785484607,368.4493807575096,81.68910664320629,89.72000122070312,59.12997876375058,27.709416819245153,23.951003432054158,368.9549017850136,81.81284655855873,115839200,31716000,75779500,583253000,143254200,13184600
2023-03-17,97.83999633789062,59.997161865234375,29.09537696838379,25.643630981445312,373.39813232421875,85.16341400146484,98.75,60.81491224518334,30.25685012340821,26.3154988744337,377.62051539098667,85.69645639859955,95.94000244140625,59.627272769738745,28.73424786425932,25.58681016478867,372.019393803673,84.71603602008764,96.66000366210938,60.52299533864543,29.202740580670582,25.89981804779798,376.49072469808146,84.77314563059265,94080800,79303000,80628500,848547000,140553400,13287700
2023-03-20,96.80999755859375,61.20858383178711,28.460962295532227,25.81808090209961,376.98858642578125,85.70597839355469,96.94000244140625,61.306520630251576,29.1832224359542,25.941689251957087,377.4003145707897,86.0200957804341,92.9000015258789,60.05707560104142,27.9436670404514,25.050515867118953,373.47474047713115,84.39240649681996,96.30000305175781,60.16547350049743,29.085619311762095,25.533982476387376,374.17366441642594,84.91592821279423,92008900,25857000,38780100,432747000,93055800,8217500
2023-03-21,95.93000030517578,60.98256301879883,27.777740478515625,26.11613655090332,381.93865966796875,88.04756164550781,99.45999908447266,61.92495298062047,28.470720939680174,26.30852691659845,382.4173875215719,88.5234944111592,93.63999938964844,60.750795201175954,27.30924774685839,25.30072485223775,378.7503158002034,86.42939314715615,97.0,61.58975385599841,28.30479619784849,26.097197542002174,380.33969578047333,86.61976334855363,85285300,25000000,55650800,547408000,91524200,12299700
2023-03-22,97.58000183105469,60.42421340942383,27.455650329589844,26.3842830657959,375.42791748046875,88.16179656982422,101.69999694824219,62.10787748300807,28.421919107429034,27.50173767157012,385.36631171212144,90.45578894371378,95.63999938964844,60.40027270287093,27.426370698617145,26.154012813178745,375.3896402926609,88.08564557710665,95.6500015258789,60.99692713453381,27.797260296726222,26.34141790205971,381.7662983699507,88.99943570324243,110816300,25799000,37415500,797295000,111746600,12812400
2023-03-23,100.27999877929688,61.22007751464844,28.334075927734375,27.104990005493164,376.4428405761719,90.0369644165039,102.43000030517578,62.07723373560484,28.46095866988316,27.412016309387166,382.30246432046795,91.20776231023474,98.66999816894531,60.48263578846142,27.543492397953248,26.60557530536603,373.74280870365055,88.9328040870358,100.05000305175781,61.188471981987,27.69965663211691,27.02923019409145,378.2811390116393,89.94177930809155,84088900,27162000,43785500,564889000,119351300,11169700
2023-03-24,97.94999694824219,60.92701721191406,28.656166076660156,26.69429588317871,378.9131164550781,88.32361602783203,99.5199966430664,61.22678204646159,29.09537730527202,27.081069104608634,378.99928396704195,89.64670872272266,96.73999786376953,60.19723665152836,28.236473981906343,26.271637231409848,372.83326654429635,87.6573057042747,99.18000030517578,61.1051531708628,28.343837595436273,26.94549959949804,375.1694609327518,89.42777642417244,64712400,17228000,55912100,454920000,107682400,7653700
2023-03-27,96.61000061035156,60.03346633911133,28.480480194091797,26.447084426879883,379.62164306640625,86.29615020751953,98.93000030517578,61.207627789907406,29.01729452630721,26.914600875564393,381.9482828809631,87.7429829157318,95.43000030517578,59.95206135808635,28.382877080518664,26.281609108296,378.73121617968684,86.19144439668374,98.0199966430664,61.19805223765597,28.665925923718298,26.752116326767855,381.1823007048343,87.60972229506064,57461400,14707000,34758200,361026000,74010400,9349800
2023-03-28,94.55999755859375,59.828514099121094,28.58784294128418,26.326459884643555,378.76947021484375,86.43891906738281,96.94000244140625,60.004732014571786,28.626883068558943,26.42913471446563,379.62159057011246,86.49603594578373,92.87000274658203,59.26920835810486,27.943663155817884,25.768231805857763,376.9407263724681,85.59175920304956,96.7699966430664,59.87927073343209,28.38287622281206,26.36334350050442,378.9322213165427,86.29614502677732,59150100,12439000,37407900,356104000,62871700,7521300
2023-03-29,96.08999633789062,59.90513610839844,30.764385223388672,26.898651123046875,384.2748718261719,88.29505920410156,96.91000366210938,60.720154104484095,31.125514332127047,26.992353672026212,384.51423576412026,88.73291652904747,94.87000274658203,59.82277393387413,29.046576712975515,26.51287603862916,381.7184521124217,87.04811027172408,96.06999969482422,60.602353982262585,29.056337210728525,26.74015553257011,382.9152718021636,87.34319355974304,55326000,26395000,85556200,393694000,77497900,9264000
2023-03-30,97.87999725341797,60.69525146484375,31.320720672607422,27.296384811401367,386.5248718261719,88.01902770996094,99.52999877929688,60.91552570630857,31.798975756041244,27.412019019738466,387.14721217774354,89.01848239749515,97.25,60.26906813736234,31.047432319448752,27.01627349989387,384.6674054592339,87.60020445299837,98.0,60.597563293040594,31.086474310596248,27.14287259493359,386.8982643494234,88.85666696172666,59678500,21523000,70077600,364516000,69840000,10232800
2023-03-31,98.01000213623047,61.441307067871094,31.886812210083008,27.68914222717285,391.9727478027344,88.54253387451172,98.36000061035156,61.50643251095144,32.11130178037021,27.74596114615361,392.2695566903632,88.77098684457675,95.2699966430664,59.944397333844705,30.9693478278506,27.019266870020537,387.3386371549544,86.74350849265876,96.33999633789062,60.38782100729871,31.037669445503603,27.054156013485166,387.44397246110736,86.84821428839903,55861100,22097000,59765000,433933000,112062600,8701800
2023-04-03,96.55999755859375,61.530372619628906,32.10154724121094,27.87654685974121,393.4664001464844,88.37120056152344,96.79000091552734,61.66732382520784,32.755487670786515,27.911436002639256,393.86851514556844,89.09462046519914,94.80999755859375,60.95286934055195,31.75993906973477,27.249536675681906,391.06317718146,87.29559502668118,96.69999694824219,61.19804509830675,32.150347876671844,27.421989811329777,391.4557374933837,88.53302323595607,50655300,15682000,57038300,398716000,67391100,6863600
2023-04-04,95.87000274658203,60.75845718383789,32.3065071105957,27.366167068481445,391.2834167480469,87.73343658447266,97.2699966430664,61.69989356513208,33.02876906193482,27.911437825351527,394.3951476376342,88.79000781254734,95.20999908447266,60.5276465668863,32.052741611786914,27.2206289482267,389.9142329500153,87.30510003780758,97.04000091552734,61.59550141975045,32.062500248058726,27.87754496966134,394.10789340859714,88.56156213846978,43195900,13429000,55714100,368592000,66601500,6338400
2023-04-05,92.55999755859375,60.24129104614258,32.04298400878906,26.795976638793945,390.2589416503906,85.8582763671875,94.5,60.498913944114676,32.199148256918505,26.91260524763218,391.3121487439596,87.74297349777733,91.36000061035156,59.924285843677325,31.564728904564877,26.31151378285065,388.612116709327,84.76363670947676,94.3499984741211,60.445282085497766,32.01370065253086,26.744141067760594,390.555750574138,87.19088969302129,52979300,16908000,39615700,515015000,65200200,9171800
2023-04-06,92.47000122070312,59.6312255859375,32.023460388183594,26.95148277282715,391.7812805175781,85.89635467529297,92.91000366210938,60.182870175263176,32.208904254125564,26.994346033960124,392.05895083799805,86.53411018339465,90.62000274658203,59.279743278541524,31.6818485636601,26.34341159102696,388.4206018294357,85.09679101091517,91.47000122070312,59.77679881886753,31.818491804169874,26.49991459021249,389.4642249836437,85.3442781146239,47778400,14493000,28551900,397654000,63743300,5874500
2023-04-10,95.4800033569336,60.08613967895508,31.74041175842285,27.49176788330078,392.183349609375,84.73506927490234,95.80000305175781,60.13211036621595,31.974656251348996,27.5336348544528,392.2599624153201,84.7445899639424,91.0199966430664,59.03840038418377,31.428083285688604,26.584646372375655,388.69822663870286,82.30781644505778,91.31999969482422,59.19163479058785,31.81849201498187,26.738158599933065,389.3109829901425,84.1639513891835,52536300,15400000,30534400,395279000,63681000,12232900
2023-04-11,94.02999877929688,59.52875518798828,31.57448387145996,27.083065032958984,392.28875732421875,84.94450378417969,96.06999969482422,60.42038855532125,32.31626675629937,27.702101097960746,393.68663448889265,85.51562182402192,92.69000244140625,59.45692575689405,31.545204241854094,27.04019987081764,391.52280443872803,84.21157029777812,96.05999755859375,60.41080934936382,31.877053695966687,27.636309871277366,392.8057915925013,84.37338574433745,51935800,16518000,27059100,314378000,59297900,11079200
2023-04-12,92.33000183105469,59.062347412109375,31.252397537231445,26.411195755004883,390.6897888183594,82.68856048583984,95.0,60.09859688601706,32.101540325723725,27.381117678822534,394.6345308679278,85.19196419357601,91.73999786376953,59.02020913319226,31.19383455334442,26.36434353627186,390.1057548634186,82.67903979721855,94.97000122070312,60.08136015982225,31.98441808119869,27.28342808388289,394.34727662483084,84.63036702159926,53383100,14112000,37070800,446259000,86420400,11299100
2023-04-13,92.08999633789062,59.78445053100586,31.35976219177246,26.379297256469727,395.8791809082031,82.85991668701172,93.16000366210938,60.000895966437966,31.65256967447336,26.801955937603214,396.2334348165877,83.41199330440065,91.83000183105469,59.101597971445074,30.891267613176623,26.245722222126854,390.6323135315357,81.8318999310582,92.79000091552734,59.289313102138586,31.057192349807018,26.649439996093154,391.7716880699347,82.39349723937987,40572500,17265000,29722300,353615000,85814800,7910500
2023-04-14,91.75,59.33433151245117,31.12551498413086,26.673364639282227,394.91217041015625,83.00267028808594,92.97000122070312,60.14743505732569,31.467126827768343,26.79796926788527,397.4302835798645,84.11635846369899,90.5,58.919641799646065,30.9303106098554,26.13706621130104,392.61428257068803,82.37444282235116,91.81999969482422,59.42435850528818,31.232878600038376,26.420168322960834,395.24728574948534,83.71656942678676,38734800,17465000,24623600,395660000,78161500,7656400
2023-04-17,89.87000274658203,60.0832633972168,31.36952018737793,26.916593551635742,396.32916259765625,83.75464630126953,90.69000244140625,60.177119144106285,31.85753388966632,26.920580610646343,396.34830119021314,83.81176317157541,88.30000305175781,59.16864297984465,31.008391090194262,26.349393053761112,393.6004083681965,82.96460342730812,90.2300033569336,59.2452620037359,31.18407632087801,26.480975507689482,394.82595033401935,83.5262006065191,47250800,13201000,29601100,321471000,66436400,8163600
2023-04-18,89.77999877929688,60.55829620361328,31.066951751708984,27.57948875427246,396.5876770019531,83.89743041992188,92.16000366210938,60.86285064941861,31.681848188343167,28.0210883307405,398.0334443121423,84.14491750052638,89.33000183105469,60.06124429194242,31.018151126854903,27.270469820475103,395.2185225027445,83.28823703855537,91.61000061035156,60.49125637634753,31.65256855808052,27.445913723508724,397.89938650253947,83.95454003000063,46246300,16806000,26041400,604812000,63560000,8468200
2023-04-19,89.94000244140625,60.76707077026367,30.40325164794922,27.8426513671875,396.52069091796875,83.03125,90.54000091552734,60.9863877852748,30.764382587368992,27.911433357042885,397.42067233366515,83.17402404835704,88.22000122070312,59.90991465517485,30.33493003115683,27.145862963377475,394.62491824072464,81.89852746863993,88.51000213623047,60.02867194540743,30.354451024990208,27.27445463520104,394.68236324131743,82.07938427943769,37344500,19060000,25746600,358660000,55227300,11191300
2023-04-20,90.11000061035156,60.62533950805664,30.120206832885742,27.01827049255371,394.3568115234375,84.9920883178711,91.58000183105469,61.555286087372465,30.500856931673162,27.94134215983428,396.0993877029547,87.45741696873779,88.7300033569336,60.06220492672563,29.973801230314056,26.914599351934957,392.81529283564134,83.85936582306267,88.83000183105469,60.13115913775483,30.022603718379475,27.583476516154896,393.7153034242172,84.06877743677437,47082700,20239000,30255100,427713000,75840400,19206300
2023-04-21,88.43000030517578,60.61383819580078,29.573631286621094,27.033222198486328,394.66314697265625,81.26078033447266,89.80000305175781,60.70003277010393,30.100687008481,27.09702084669948,395.12270688695133,83.67852017054511,88.05999755859375,59.568970563192536,29.505309662296582,26.637478546679382,392.7195135838597,81.17510864208087,89.80000305175781,60.393563984447425,30.100687008481,26.866750601318966,394.65356306803466,83.55477297733024,41118300,14807000,28655800,345103000,73457400,13175400
2023-04-24,87.56999969482422,60.77090072631836,28.948972702026367,26.95646858215332,395.0749206542969,80.56591033935547,88.63999938964844,61.1836760276146,29.64195312806772,27.279443208222265,395.4962034683657,81.82237274280618,86.33999633789062,60.50753105720464,28.900172076394732,26.58664173033635,393.1312868972539,79.94719619672743,88.11000061035156,60.68470615289662,29.407704912487166,26.9275609756168,394.46213502684145,81.28933028745097,40423800,12338000,38732500,339282000,64332100,10567600
2023-04-25,83.80000305175781,59.57184600830078,28.187671661376953,26.15799331665039,388.80352783203125,78.32902526855469,87.05999755859375,60.909774549906714,28.861131116549412,27.16081164017762,393.6674182755135,79.38559672181776,83.76000213623047,59.54503007914609,28.177913025202002,26.142045084079594,388.7460828379071,78.3004704609787,86.9000015258789,60.71823063306044,28.734248368404405,26.992345599770424,393.11207770668204,79.26184953944369,52771500,23670000,38289900,378527000,97766700,13423700
2023-04-26,85.94000244140625,59.01349639892578,28.353595733642578,26.870737075805664,387.15673828125,78.29093933105469,87.3499984741211,59.67815147695802,29.095376794335365,27.243554654828017,390.48869433886614,78.41467923476958,85.31999969482422,58.75683069682343,28.148630869547965,26.620531540784825,386.6014268812606,77.30099831486268,86.51000213623047,59.375515089491785,28.5000013355668,26.916593006788613,389.4163487256269,78.28141864241273,47786600,17179000,41218800,406337000,80447000,11583500
2023-04-27,87.44000244140625,59.226112365722656,29.144180297851562,27.139881134033203,394.8642883300781,79.6426010131836,87.56999969482422,59.387007945722544,29.23202291741756,27.4080312626638,395.1323747434497,79.82345781925038,84.08999633789062,57.772301699699156,27.826542865986188,26.54078232749637,389.4355019352683,78.20528904148728,86.41000366210938,59.013499305466674,28.06078923095398,27.276448822954162,389.6844497545518,78.90966762287322,53087200,18250000,60186200,377161000,92968400,10013700
2023-04-28,89.37000274658203,60.00090789794922,30.31540870666504,27.661231994628906,398.2345275878906,80.24227905273438,89.75,60.02772382860996,31.789210215770176,27.670202402547503,398.2441114946902,80.44216997239101,86.44000244140625,58.85739477849275,30.071401871282557,26.98537507177856,393.9259770969372,79.69019522006818,87.0199966430664,59.28932489214764,31.21335393533756,27.138889210344786,393.9834220992783,80.41361516417703,50686100,16183000,80252400,292216000,89433100,8262600
2023-05-01,89.69000244140625,61.09748077392578,29.573631286621094,28.818557739257812,397.8323974609375,79.93766021728516,91.04000091552734,61.19708330980645,30.491097620067237,28.96609033128575,399.85261481140054,80.61348378599752,88.61000061035156,59.97216538312402,29.554112152260263,27.692132757184343,397.6025882410736,79.8615092416722,91.02999877929688,60.000899342875385,30.36421486941095,27.751942445275365,397.7940910544224,80.24225685758026,59358700,17030000,36918500,570329000,62122300,4931100
2023-05-02,89.91000366210938,58.644771575927734,29.05633544921875,28.120769500732422,393.36102294921875,78.9667739868164,90.45999908447266,60.00089752646526,29.84691710303838,28.744790786364405,397.17170644373317,80.00431132865866,88.12000274658203,57.943721433553776,29.03681445489617,27.994172302997715,390.46951779319113,78.57651284399843,89.31999969482422,59.93002529908544,29.573628767395718,28.58928408497182,397.12381613612365,79.48078231275312,70483500,28357000,33463400,402730000,103998500,6875000
2023-05-03,81.62000274658203,58.727142333984375,29.915241241455078,27.714061737060547,390.66107177734375,78.71929931640625,85.4800033569336,59.56514379840013,30.3642148405713,28.277275162589756,396.26219357490066,79.72828200986893,81.0199966430664,58.65052695700395,29.524830630239645,27.385105610028088,390.421707847698,78.47181943539671,83.54000091552734,59.08149621598632,29.90548074347161,27.75194164873796,393.8589703711037,78.64315557110473,109482200,19816000,45554500,383387000,91531800,7151600
2023-05-04,86.61000061035156,58.43599319458008,30.615957260131836,27.474821090698242,387.8940124511719,79.47126007080078,91.63999938964844,58.79992626545258,31.086368450197742,27.77088065437449,389.94295234971383,79.72826785982939,81.11000061035156,57.58650183713045,29.77313580932783,27.153839081492926,386.56313507144216,78.66217573105888,81.56999969482422,58.42067085056322,29.831938610021997,27.563538380203276,389.6174209347764,79.00484794165803,122840500,17684000,46104000,321850000,94901900,7290600
2023-05-05,89.83999633789062,60.34759521484375,30.37095069885254,28.58928108215332,395.0749206542969,80.8800277709961,90.43000030517578,60.476885253700125,30.782560950703065,28.66404270490473,396.11854378303155,81.45114572500697,84.72000122070312,58.74342181487524,30.116144174445274,27.643283507362757,391.25468204681897,79.71875048261734,84.98999786376953,58.990511961473715,30.753159550839502,27.73798232337403,391.51318454758655,80.24227951005327,78491100,24876000,35024600,361494000,87891800,6865000
2023-05-08,95.04000091552734,60.24607849121094,30.15534782409668,29.058792114257812,395.18023681640625,81.4225845336914,95.66000366210938,60.406020534581955,30.22394922525371,29.127574105075855,395.6589646428425,81.4225845336914,89.16999816894531,59.43393576622201,29.78293754746141,28.26032704979517,393.7823597445963,80.34697901692127,89.98999786376953,60.31503634928509,30.086746422939655,28.4317819808544,395.4004621354889,80.43264343533598,95503200,13934000,30882800,344979000,50046800,6746600
2023-05-09,95.05999755859375,59.23568344116211,29.49873161315918,28.48062515258789,393.447265625,80.96569061279297,96.16000366210938,59.76817320859,29.96914282549875,28.881353997290418,394.557917748492,81.36547970872537,93.43000030517578,58.9818856774714,29.31252647397343,28.36000950451593,393.2174856060807,80.24227794086674,94.88999938964844,59.63983671543583,29.773137219066594,28.807588662660574,393.63876845358556,81.14654741185385,68674800,16990000,30706500,314869000,49220100,7287800
2023-05-10,97.0199966430664,59.978878021240234,29.371328353881836,28.79363441467285,395.28564453125,80.81340789794922,99.94000244140625,60.144563208367394,29.792739112805663,29.020913869319795,396.9037472185082,81.05137434802435,96.12000274658203,59.2127059628871,28.900917126396287,28.370975777175932,391.47495981594517,80.11854266837953,96.41999816894531,59.57568187073136,29.68493770812026,28.913253779307176,396.2718228655642,80.44218081680478,95619500,19174000,40526500,369350000,96142900,7442300
2023-05-11,97.0999984741211,60.11295700073242,28.28350067138672,28.487607955932617,394.5961608886719,79.4141616821289,99.19000244140625,60.19053322229334,29.087120263507554,28.858432976365187,394.8833858662675,80.0899855090764,96.13999938964844,59.1858893685298,28.24429880384525,28.15665923092003,392.5280533923099,78.55748103453365,98.16000366210938,60.00856850216126,29.008718397672542,28.80460292458763,394.4238259021145,80.0899855090764,57061000,14430000,47144400,322149000,70157100,8730900
2023-05-12,95.26000213623047,60.446250915527344,28.371702194213867,28.250362396240234,394.0791931152344,79.4141616821289,97.44999694824219,60.59469573618519,28.51870545480219,28.688971234445617,396.0419948569671,79.89009456833077,93.68000030517578,59.78159573407825,28.146295200780703,27.957291677344866,391.6664152391856,78.95726291602493,96.83000183105469,60.180963156931945,28.45010405781083,28.438763778969957,395.83135343149405,79.36656548864491,53829700,11942000,24153800,274222000,70481500,5069800
2023-05-15,97.4000015258789,61.27466583251953,29.204723358154297,28.861417770385742,395.43878173828125,81.53681182861328,97.43000030517578,61.2957349695767,29.234124760049205,28.877367906038913,395.84089676313823,81.5463252559815,93.44999694824219,60.1895742202059,28.303100928438564,28.062952724719878,392.77705610324665,79.223778100432,95.19999694824219,60.51519778822539,28.32270186303517,28.417825655834598,394.68238356588824,79.31896320922236,51749200,14614000,28717500,293926000,54289400,8707300
2023-05-16,101.4800033569336,61.431732177734375,28.636308670043945,29.12059783935547,392.7961730957031,81.74622344970703,103.27999877929688,61.955607328694796,29.30272547676297,29.775521221273998,395.25684108298174,82.57434922053224,97.30999755859375,61.17219488381532,28.626508202974787,28.740804336785136,392.78658918922883,81.47018152609863,97.38999938964844,61.33787641927744,29.028319875818404,28.749774743963638,394.3376626382598,81.56537390553244,90622900,14967000,22812000,449405000,57705500,11283200
2023-05-17,103.75,62.96693801879883,28.29330062866211,30.08254623413086,397.5643005371094,86.50556182861328,104.13999938964844,63.29542943043708,28.96951600834132,30.103479719693794,398.1674730228259,87.38128388931104,100.05000305175781,61.73244103325471,28.107095499689855,29.336912970483333,393.1695828258179,83.82130054637483,101.79000091552734,61.997728701078415,28.930316010753835,29.49042519794485,394.80682372550075,84.04975356855326,75240900,24133000,41667300,432535000,87287000,23215600
2023-05-18,107.93000030517578,64.92356872558594,29.087120056152344,31.57779884338379,401.3941955566406,88.19035339355469,108.0999984741211,65.06339152095744,29.165521921428446,31.727323998249158,401.8154784356876,88.9042526267532,103.93000030517578,62.82616834066763,28.29330093657583,30.224094529757522,397.0281995549095,86.68640393269844,103.9800033569336,62.82616834066763,28.420703266681524,30.313810002939846,397.2483956831172,86.85774003915243,74338700,26389000,36529200,748725000,97177200,14879000
2023-05-19,105.81999969482422,65.34015655517578,29.332128524780273,31.165111541748047,400.81005859375,88.12372589111328,107.29000091552734,65.59874390332877,29.635935543989117,31.48011201484415,402.8207211975793,88.323616811306,104.62000274658203,64.97239843650136,28.91071776338681,30.818212695710137,399.594100500681,87.15281883628148,106.36000061035156,65.12467196957591,29.00872057033265,31.43625056372688,402.2941323052739,87.6953819802785,67880200,22968000,40683000,473908000,103793300,9295200
2023-05-22,108.0,64.96857452392578,29.67513656616211,31.077390670776367,400.9728698730469,87.30511474609375,108.79000091552734,65.57289743447407,29.841740772433006,31.420302459294863,402.5048047952054,87.99045914594342,103.48999786376953,64.56154963205336,29.224324414797557,30.582959233506156,399.59413136502695,86.81014056302087,104.68000030517578,65.25876379922806,29.25372581681525,30.803258976791746,400.8292573658007,87.63826625653226,65424200,17796000,28693400,372000000,60745400,9259800
2023-05-23,108.12000274658203,65.74720764160156,28.920515060424805,30.59093475341797,396.4728088378906,86.08672332763672,110.98999786376953,66.9433955022737,29.59673229804394,31.18903735658012,400.9058331974647,86.94339651949569,107.19000244140625,65.31815272599724,28.90091412733489,30.534115833189922,396.0802485128697,85.98201753535923,107.25,66.14370348527243,29.449727169117445,30.901948183114918,399.33559189738094,86.6197657158437,73099100,36088000,29400900,356253000,86383500,7656700
2023-05-24,108.2699966430664,65.07966613769531,28.420703887939453,30.44140625,393.6004333496094,85.7916488647461,108.91000366210938,65.53745126154527,28.900915556908675,30.510188241482325,395.2568421165078,85.81069024465359,105.63999938964844,64.74733863014657,28.244299219900157,29.711721267992726,392.44192021304394,84.88737939742308,105.9800033569336,65.26258436521336,28.72451088886938,30.114442718121378,394.8738657064858,84.98256451048466,65910500,23021000,28045800,721419000,89213700,9443900
2023-05-25,120.3499984741211,69.79834747314453,26.852663040161133,37.85987091064453,397.0089416503906,96.09083557128906,120.69000244140625,70.14216866730068,27.724885860098915,39.35512649385782,398.4547088944683,97.44249032912437,115.80000305175781,66.15615906880414,26.323450937587317,36.519123854187846,394.8642505486263,92.31193499740304,117.30999755859375,66.98362426811148,27.724885860098915,38.401152701662475,397.09510914438385,92.38807873104102,108514700,49263000,78009400,1543911000,90961600,60793200
2023-05-26,127.02999877929688,77.83644104003906,28.420703887939453,38.82280731201172,402.1505126953125,98.2420425415039,127.43000030517578,78.05192564008439,28.5089062219591,39.046097794109826,402.8686044347789,99.41284036332311,120.88999938964844,71.5432911495832,26.55865814499301,37.431223153373296,397.5834597512282,95.88142004437324,122.45999908447266,71.5825505424842,26.89186654701214,37.77014783625685,397.6600433469777,95.9956392625893,92922800,82500000,71910600,714397000,93830000,26135800
2023-05-30,125.2699966430664,76.93714904785156,29.39093017578125,39.98412322998047,402.3037414550781,97.07125091552734,130.7899932861328,88.28033790508523,29.43993251506952,41.80534383299738,404.60162936229705,100.17432734560668,123.51000213623047,76.50330093771936,28.42070628885094,39.822636906417415,400.92500286690074,96.64290706544902,130.4199981689453,79.98077153389373,29.10672408490176,40.46659342474425,404.0750403987033,98.7941252181668,98902300,116912000,54874800,923401000,72216000,25248000
2023-05-31,118.20999908447266,77.3796157836914,30.81196403503418,37.71434020996094,400.07281494140625,93.84443664550781,123.95999908447266,78.69264645833509,31.644985050897073,40.167555225806275,401.38452439451896,95.16753666052684,117.86000061035156,75.67201098850552,29.07732060245757,37.70237712862638,398.5121576904561,93.3399489823228,122.41999816894531,76.12883898410595,29.106722003928486,39.3631083547557,400.48451382304125,94.9295702335785,87552200,89998000,136243800,1002580000,110811800,22206700
2023-06-01,119.47000122070312,75.65478515625,30.508155822753906,39.64420700073242,403.8739929199219,94.08241271972656,121.27999877929688,77.17180709200878,31.30197685645799,39.92332013723305,404.92720009252923,95.74817787917351,116.5999984741211,75.19603540808423,30.400354420184527,38.21872982052202,399.0579916489923,93.85396695983572,117.29000091552734,76.67666220343123,31.16477218253184,38.367256795979486,400.302672440745,93.93011796718592,66032900,80792000,52667400,635873000,88865000,14998500
2023-06-02,117.86000061035156,77.76652526855469,30.684560775756836,39.20261001586914,409.7143859863281,94.17760467529297,121.66000366210938,78.89375871152116,30.958968256854796,40.37190020075976,410.4994773195535,96.42400854663676,117.68000030517578,75.39139401658548,30.21414955323008,38.934459847678006,405.9132863381107,93.87300790945787,120.75,75.72084996912331,30.772763113636607,39.970174994520356,406.4398751954328,96.37641235172264,52382400,62815000,36521000,482731000,91426200,13085100
2023-06-05,117.93000030517578,76.83755493164062,29.263525009155273,39.047096252441406,408.9293212890625,93.33042907714844,119.31999969482422,77.49837397753582,30.772761397927788,39.439847158234734,411.34209905139056,94.05384173611421,116.41999816894531,76.08861596299643,29.23412360841859,38.584563271281,408.23036813311154,89.71333673368551,116.58999633789062,77.49837397753582,30.68455906496566,38.785923972981884,410.0591119636998,93.29235358001995,52602900,26222000,48244100,396094000,65460200,10568500
2023-06-06,124.2300033569336,75.65955352783203,30.341550827026367,38.53173828125,409.8197326660156,95.01522827148438,124.41999816894531,76.80880964604424,30.82176436940935,39.03613834073106,410.34632157550055,95.75768231168624,117.73999786376953,74.35514498401221,29.106721878535176,38.02733822176895,407.8665149969257,92.73074927398424,117.91000366210938,76.80880964604424,29.175323279090467,38.70718409484521,408.51760703277364,92.91160607019289,75257500,37823000,42295300,388729000,64022200,13827600
2023-06-07,117.83000183105469,75.91144561767578,30.655160903930664,37.36033248901367,408.4027404785156,95.46260070800781,125.33999633789062,77.13923533820378,30.74336324083592,39.378141523481524,411.34213665805225,98.06118969687559,117.06999969482422,75.4210940200532,30.312152023660012,37.241697122376735,407.98145760891026,94.74870151688795,124.02999877929688,75.64232911032153,30.41015482791563,38.79592881153469,410.2123458801246,96.50013071326613,81755200,28957000,39098000,511998000,85373300,14367500
2023-06-08,121.05000305175781,77.0195083618164,31.184371948242188,38.39216232299805,410.8729553222656,95.12946319580078,122.20999908447266,77.09708457467646,31.213773349248747,38.745079216522015,411.32296065481773,95.85287592044472,117.05000305175781,75.54271066851467,30.439553279307525,37.39024024122493,407.70377939997076,93.88251415364819,118.30000305175781,76.12978950195792,30.802163081396642,37.60856808894223,408.4697322463781,94.22518639675708,65246900,21909000,35199000,417772000,61952800,9074200
2023-06-09,124.91999816894531,77.05973815917969,30.713960647583008,38.651371002197266,411.6101379394531,97.85179901123047,127.25,78.31722258077325,31.35097604666667,39.58948978920315,413.6112165464448,99.6413039521058,123.55000305175781,76.98886957613377,30.067144781529084,38.44899302917782,410.6239598849218,97.32826995988334,123.56999969482422,77.17275232290493,31.292175114093027,38.917552324899084,411.66758293531126,97.75660662941526,75105000,19241000,40218000,427717000,85742800,14902400
2023-06-12,129.19000244140625,81.91919708251953,32.40940475463867,39.36118698120117,415.3442077636719,101.90672302246094,130.47999572753906,82.17203404289651,32.63480990512271,39.4090404400651,415.42082057078096,102.22084039553289,126.4000015258789,77.68225813632773,30.73356402375987,38.49983232769968,411.8686686457449,99.28909277117693,128.52000427246094,77.68225813632773,30.772764025508007,39.08005218877828,412.586760311463,99.31764757560933,85394700,51065000,59881600,388701000,76104300,20568100
2023-06-13,124.52999877929688,81.51311492919922,33.23262023925781,40.896480560302734,418.0826110839844,101.65925598144531,132.8300018310547,82.67577904657755,33.27182210422168,40.97524120979665,418.724090042695,105.36201283931067,122.44999694824219,80.54390544805186,32.40939976749475,39.61840552630367,416.13897717424237,101.60213910324674,132.32000732421875,82.47178801567044,33.095417450379905,40.06304000704874,416.79962394733377,104.70522320621724,132461900,38990000,51990000,613208000,95899700,17858600
2023-06-14,127.33000183105469,84.87085723876953,34.869266510009766,42.86543655395508,418.5804748535156,102.2398910522461,127.7300033569336,85.09687823161252,34.88886370620157,42.868425731448234,420.3804962400345,102.51592569491655,123.80999755859375,81.13960013078687,33.12482070775246,40.427914429279454,415.14321240552647,100.15530299359664,126.52999877929688,81.97089384157297,33.193422109911886,40.699085309650826,418.4177237476961,100.92631183187697,95888100,43524000,74404300,740465000,100612100,12862600
2023-06-15,124.23999786376953,84.60750579833984,35.104469299316406,42.52248764038086,423.7698669433594,100.53656005859375,125.69999694824219,85.04230383007096,35.69248237005532,43.15654315104166,425.0145475724995,101.95122488032366,122.26000213623047,83.41897552173889,34.51645622857749,42.01803541267758,417.6708792659641,100.43141570665418,125.38999938964844,84.701361556038,34.57525529255383,42.471645001516485,417.7666014534157,101.57843571908084,85587100,33814000,67676300,568622000,110303100,11987900
2023-06-16,120.08000183105469,83.14027404785156,35.64347839355469,42.56136703491211,422.3263854980469,99.9534912109375,125.8499984741211,85.23193111639308,36.0648890901967,43.5872177031006,426.3145800008913,101.08139740273725,119.9000015258789,82.88552272320945,34.88885932604447,42.53045985415552,421.85549893581907,99.74320250342942,125.81999969482422,85.1677628636179,35.63367979668896,43.31704703395712,425.7475863594146,100.77552490797336,82007100,68299000,110240300,655709000,114165800,11430800
2023-06-20,118.93000030517578,83.13262176513672,34.30084991455078,43.6739501953125,420.1353759765625,99.38954162597656,121.75,83.9983963702329,36.36870175041591,43.85539630398405,421.2789830297426,100.24980300268282,117.69999694824219,82.46030181359087,34.02644431155308,42.543421257103255,418.06920527072083,98.51971239020956,119.08999633789062,82.61832582750284,36.03549334456329,42.86643115503074,420.39486808320805,99.58070920022784,58851800,27535000,65970200,451153000,76160400,9295500
2023-06-21,112.11000061035156,81.61424255371094,32.2427978515625,42.913291931152344,417.9826354980469,97.15283966064453,119.19000244140625,83.38005069616462,34.349847649977356,43.481551381643484,419.9526987151209,99.15057501624358,111.66999816894531,81.31962043354783,32.17419645626733,41.9512482252179,417.39640282400495,97.13372582092347,118.48999786376953,82.80236127270824,34.22244345650248,43.36789797033513,419.15507151836675,98.59617886085482,82835600,23229000,70973500,551603000,76982300,9340400
2023-06-22,110.69999694824219,81.11067962646484,32.05659103393555,42.89335632324219,419.4914245605469,98.57705688476562,114.0,81.73458826735917,32.57600640777028,43.293126539128146,419.59712182011833,98.86381552615357,109.8499984741211,80.42515509483263,31.488178935761884,42.104776210367746,416.69487567418776,96.85652691416348,112.23999786376953,81.36679546414567,32.03699010110257,42.12371527633215,417.03123579350665,96.94255013103475,70754800,23464000,45740300,417737000,70637200,8575900
2023-06-23,110.01000213623047,79.15808868408203,32.340797424316406,42.07985305786133,416.3200988769531,97.41092681884766,111.0999984741211,80.49351842354027,32.78180904598346,42.67801572091921,418.0979773634387,97.67856433841725,107.45999908447266,78.84036428532525,31.39017278855582,41.88644639488769,415.60895921346514,96.55065815410579,109.30999755859375,80.29999544744041,31.56657743722264,42.334073901022386,416.051016626355,97.03813765364663,73622000,37413000,46327100,358140000,92074500,8919000
2023-06-26,107.51000213623047,79.10802459716797,32.674007415771484,40.50767135620117,414.61907958984375,95.69039154052734,112.55000305175781,80.5878711226166,33.311024649713566,42.633147684220695,417.6654716468784,98.49103957475725,107.19999694824219,78.97226836314873,32.43879995967875,39.97729771593512,414.37882655509753,95.67127040724796,110.94999694824219,79.43249235393786,32.52700228840156,42.33107342513513,415.75306687518275,97.51606596962569,68557000,21372000,38952400,594322000,72823600,8560000
2023-06-27,110.38999938964844,81.68550109863281,33.41883087158203,41.74787139892578,419.16473388671875,97.57342529296875,110.97000122070312,81.8395555526779,33.546235091607585,41.811674756586335,419.7797664878717,98.2520796952436,107.08000183105469,79.04738101173652,32.3506041155903,40.32424305595563,415.0419830447426,95.60436417710038,108.56999969482422,79.78682329227915,32.55641208286126,40.6741670319384,415.49365998386605,96.6844821731431,59381600,24923000,33038900,462175000,72813700,9732000
2023-06-28,110.16999816894531,81.64120483398438,32.8994140625,40.99119186401367,419.3761291503906,96.46463775634766,111.77999877929688,82.66082748126584,33.13462152950488,41.71696498768914,420.3851802319676,97.38225533076589,107.62999725341797,80.59366110545716,32.370200065610916,40.39402564201727,417.47331443133595,95.79554388726443,108.20999908447266,80.75445156780609,32.93861593008346,40.535589450400664,418.0883469905335,96.06318143489773,67534100,19445000,33906900,582639000,75636000,8160900
2023-06-29,111.23999786376953,83.0498046875,32.252601623535156,40.69709014892578,421.0290222167969,96.1969985961914,112.76000213623047,83.07579384190132,32.67401239853167,41.4727094781301,421.1924071877769,97.03814620216414,109.83999633789062,81.49388587427086,31.84099318572252,40.47576930987673,418.55924326128763,95.60436739881165,112.06999969482422,82.26799245118406,32.67401239853167,41.430838173608656,418.962851943863,96.8660924540588,58347200,23386000,38313000,380514000,67882300,7383900
2023-06-30,113.91000366210938,83.51773071289062,32.772010803222656,42.17256164550781,425.9974670410156,96.46463775634766,114.69000244140625,84.20518721712469,32.88961640935033,42.419803905460185,426.97768888145606,97.39181589820315,112.41000366210938,83.2192594385543,32.49760519925002,41.3740138694354,423.9120577597363,95.97715820569113,113.02999877929688,83.62267900725081,32.69361080430017,41.55246701356272,424.22920819454237,96.92345018984489,53378800,23145000,33811300,501148000,104964000,11704600
2023-07-03,115.81999969482422,84.38522338867188,32.94841384887695,42.28321838378906,426.48760986328125,98.59616088867188,116.7300033569336,84.41314446600227,33.21302084186965,42.76673493754276,426.7662822836005,99.10276141355159,114.51000213623047,83.27605657164935,32.4780026630552,42.07286548445585,425.37283219871017,97.56383871010155,115.16000366210938,83.6323018984823,32.87001385382122,42.38690024476898,425.65153394679413,97.73589240652993,31860000,9038000,15753000,198209000,32793400,5638400
2023-07-05,113.94999694824219,82.9814453125,31.8605899810791,42.18751525878906,425.8533935546875,96.53153991699219,117.66000366210938,84.4295290946308,32.66421338768522,43.04488054432272,426.583772301917,98.53882866655427,113.86000061035156,82.97086013026238,31.85079138251512,41.95622290579701,424.6713378444769,96.5028655094032,116.0999984741211,83.51484741035092,32.644612452061054,42.00606914984757,424.68095735255156,96.9234429342436,49501600,14440000,37664700,323618000,58418400,9010800
2023-07-06,113.4800033569336,81.64698791503906,31.331377029418945,41.974178314208984,422.5186462402344,95.02129364013672,113.79000091552734,82.21504713834206,31.399980302407595,42.04994599038348,422.94149397333916,95.16466567068723,110.30999755859375,81.29362939750729,30.753162527536734,41.219494533498526,420.0200085430969,94.24704821228744,112.06999969482422,81.3581395110314,31.262775625678355,41.7159719008241,422.2880126868195,94.72497442765662,42342000,23939000,41693600,303582000,80658300,9140800
2023-07-07,113.16999816894531,81.52664947509766,31.213773727416992,42.372947692871094,421.451904296875,95.80509185791016,115.33000183105469,82.6088578659013,31.762586801452922,43.08177451798843,425.3824701498979,97.43959863111094,113.04000091552734,81.32542078575318,31.18437232605422,42.050937955304576,421.21165123791485,94.62939016530507,114.16000366210938,81.88096299637391,31.360776995734906,42.19250176000006,421.52880169929125,94.7058601095961,37211300,19409000,28356300,355881000,86134200,8036600
2023-07-10,113.58000183105469,84.50945281982422,32.08599853515625,42.050933837890625,422.5186462402344,95.36540222167969,113.61000061035156,84.64809595121989,32.1742008752923,42.680003559932054,422.69162140529556,96.30214089520017,109.87999725341797,81.67395323199719,31.135373729078424,41.521556604913506,420.52934385873226,95.01174145834543,113.0,81.67395323199719,31.23337653692382,42.52647545344216,421.0963375627214,95.82421463765574,49330200,30622000,36305700,353908000,62443500,8041600
2023-07-11,111.31999969482422,84.92538452148438,32.63480758666992,42.275238037109375,425.20941162109375,96.78962707519531,113.2699966430664,85.01685342949116,32.69361038898678,42.627158483980864,425.6995371839706,97.81238896782571,109.5,83.24815091825808,31.850788914924802,41.93827488426671,422.30716559567895,95.71906964009841,111.66000366210938,84.83487790282459,32.16439638362285,42.35100568748728,423.2777972154116,97.81238896782571,59899500,25498000,28148800,298244000,64463800,7677800
2023-07-12,114.58000183105469,85.68600463867188,33.301231384277344,43.767662048339844,428.63067626953125,99.31307983398438,115.4000015258789,86.42159765281559,33.39923607538272,43.800562012799624,430.03377528061355,99.81968051066592,112.30999755859375,84.9205586201095,32.399610657088154,42.64610450369037,427.5639667416878,98.22340852761148,112.88999938964844,85.59453573832218,33.01702338781683,42.90132167106193,428.98627543991233,98.29031791335102,57993100,28197000,37762200,481277000,91924500,10202000
2023-07-13,115.91999816894531,85.72547912597656,33.19342041015625,45.83631896972656,432.0326232910156,100.90934753417969,116.16000366210938,86.55157139189862,33.61483113812526,46.01377191487625,432.82066029903234,100.98581748394388,113.58000183105469,84.56143234437967,32.948414346848494,44.35586222212897,430.0049017154937,97.99399450945835,115.76000213623047,86.55157139189862,33.46782974323811,44.381783639889846,430.43733958982216,100.3645119041175,49206700,25912000,32745800,478204000,72425200,9265900
2023-07-14,115.94000244140625,85.55411529541016,32.4878044128418,45.32987594604492,431.7635498046875,100.49832153320312,122.12000274658203,86.97619548316173,33.19341930959561,47.94086182574558,433.7624422290722,102.56296623367605,115.25,85.32110902165294,32.34079928433291,44.92212700668265,431.00434197291605,100.2306840259363,116.16999816894531,85.32110902165294,33.10521698018942,46.44046575236375,432.9167761484475,101.32035518699418,91927200,18510000,30438700,772075000,69815800,9518300
2023-07-17,118.31999969482422,87.6501693725586,33.683433532714844,46.31883239746094,433.2627258300781,100.16378784179688,118.83999633789062,87.9255310636802,33.9088386690032,46.353725148743315,434.3102255823968,100.39319040787257,112.7300033569336,85.66964550462276,32.40940271354346,45.123503715655524,431.5713350157398,98.06090789294544,115.94999694824219,85.78807321588197,32.49760504848202,46.147361621458764,431.6194032211896,100.0586434797255,68593300,26819000,34111200,510488000,52680200,10722600
2023-07-18,117.93000030517578,86.98390197753906,33.81083679199219,47.348670959472656,436.4822082519531,98.59616088867188,118.43000030517578,87.60684117119115,34.00684239065943,47.749441291791726,437.12607011272536,99.15055694300489,115.19000244140625,86.4861191814371,33.154222335727155,45.594058117307526,432.5036029849238,97.50648990881672,117.55000305175781,87.22941801670554,33.59523025960864,46.55809821761458,432.93607028012957,99.11232197795704,57980100,24513000,29662200,569164000,80668200,10343600
2023-07-19,116.43000030517578,86.78555297851562,33.771636962890625,46.93294906616211,437.4527893066406,98.5101547241211,121.66999816894531,87.22844850927461,34.144047248986105,47.67168281088611,438.6348156080869,100.16378273112629,115.55000305175781,85.27007940340252,33.644236493788966,46.59897504315981,436.4052601424123,98.0417890486127,121.30000305175781,86.3907939546988,33.712837896688654,47.31876592185892,437.2701946323452,99.31307460328266,70363100,24118000,26486700,427502000,65891700,11204800
2023-07-20,110.25,85.53099822998047,32.70341110229492,45.380714416503906,434.55047607421875,93.53971862792969,115.05000305175781,87.32761454420226,33.5266316955034,46.942920912803515,437.35664451536627,96.01537290120413,109.23999786376953,85.30569763723578,32.5662082931762,44.9241156620399,433.8393364531686,92.76548049950529,114.95999908447266,85.93538014222968,33.02682092821433,46.36469382160293,436.4629102357604,94.19925913292839,76340400,28268000,37878000,537865000,70591600,22810200
2023-07-21,110.94999694824219,86.34072875976562,33.340431213378906,44.17341613769531,434.55047607421875,92.95664978027344,112.30000305175781,87.72718203267618,33.56583638133471,45.72565485492813,436.4629102357604,93.66397854387832,109.54000091552734,86.05958600949619,32.75241431834523,43.965056025974754,434.54088589539646,92.07726728578353,110.97000122070312,87.08594473113146,33.05622323437078,45.6478906079313,436.2610765640321,93.5588341920833,76815400,74287000,79737000,963769000,71275600,15381200
2023-07-24,110.61000061035156,86.80672454833984,32.958213806152344,44.47549819946289,436.4917907714844,93.91250610351562,111.30999755859375,87.17741161959482,33.77163192131636,44.970979149441135,437.29903757006053,93.93161994437082,108.55000305175781,86.09809028012558,32.88961241349377,43.9052497727291,434.6658439711447,92.50740179194862,110.62000274658203,86.73066696286585,33.164017984128066,44.59413357267698,435.6941341528586,92.97576746494573,45583600,19992000,25225800,382516000,54023400,9054900
2023-07-25,113.0,88.38575744628906,33.41883087158203,45.53923416137695,437.6833801269531,95.89112091064453,114.05000305175781,88.88545742299682,33.654038374821795,46.04168985274926,438.9326842027925,96.43595653486393,111.0,86.71333524305815,32.73281677566697,44.78554682129327,436.17458399836414,94.73454028002354,111.13999938964844,86.71333524305815,33.026823350844346,44.80349329728166,436.22265220298175,95.1264360063547,44916300,20042000,31771100,348081000,55191200,9202200
2023-07-26,110.08999633789062,85.98831176757812,33.67363357543945,45.312923431396484,437.7507019042969,95.02129364013672,112.36000061035156,87.6761301511419,33.840235902211106,45.912086196628444,439.1729812727202,95.70950126450508,109.30000305175781,85.46454000461947,33.02681772483363,44.493440026375104,435.70374110756154,94.21837380617733,111.91000366210938,87.52015851119826,33.04641865830602,45.88018262099463,436.7512409467643,95.09775629223856,51721700,19877000,32643200,364237000,71052900,8993500
2023-07-27,111.0999984741211,86.03069305419922,33.859840393066406,45.759559631347656,434.8484191894531,94.96395874023438,115.08000183105469,87.602016027207,34.33025163033883,47.24998426093751,441.5274659900454,97.26756711313217,110.51000213623047,85.30569252375676,33.428631026857396,45.61001707056192,433.94506533743083,94.54338853574986,111.79000091552734,87.47203351116111,34.12444741500018,46.376665137451575,441.1238279449385,97.01904338372523,70678000,21922000,58890800,455976000,92194400,8049800
2023-07-28,112.95999908447266,86.63341522216797,36.09429168701172,46.60696029663086,439.105712890625,96.40727233886719,114.86000061035156,86.99640397145845,36.25109540341828,46.8831131932043,439.93216931576706,96.5315305238536,112.44000244140625,86.0711297460334,34.80065635353817,46.23908983310529,434.8484065015939,95.37495001066091,113.37999725341797,86.58816558753011,36.015887959560686,46.5252104596195,438.1062519781901,95.69038304859755,55526000,18791000,90863000,331194000,80011800,6758700
2023-07-31,114.4000015258789,86.52365112304688,35.05546951293945,46.58601760864258,439.9418029785156,94.77278137207031,114.68000030517578,86.74991397629465,36.447102218638456,46.98579159307672,440.2973728160184,95.3749658505809,112.3499984741211,85.78709582484694,34.957464840251916,46.363700375175576,438.26962173264826,94.0750058049213,114.16000366210938,86.41292909243187,36.13349474303034,46.61094263427025,439.5766136336967,94.80145578163136,54187300,14952000,55630700,251055000,62040400,8647900
2023-08-01,117.5999984741211,88.57927703857422,35.08486557006836,46.36469268798828,438.682861328125,94.05587005615234,118.19000244140625,88.63896836033825,35.300472090127435,46.75649169459333,439.42283016702106,94.81099426654718,113.16000366210938,86.43218915650061,34.575252538062315,45.88616190163857,437.7314393035273,93.7595508770262,114.26000213623047,86.55543564881626,35.104466502664245,46.31783562150429,438.48102764934566,94.76319873336006,95279300,19683000,24702200,237858000,55291500,6428500
2023-08-02,109.3499984741211,85.91226196289062,33.703033447265625,44.133544921875,432.58038330078125,91.47508239746094,119.5,87.90529512835472,34.47725350402442,45.69973706046443,435.8381990846735,93.19561983451308,107.37999725341797,85.7187316469993,33.59523018132506,43.25424373168055,431.83079503236485,91.00671670893182,119.48999786376953,87.83789815544412,34.44785397276639,45.69076572472491,435.578736374447,93.19561983451308,173372000,26877000,39052000,530142000,93933400,9820900
2023-08-03,113.1500015258789,85.2074966430664,34.17344284057617,44.378787994384766,431.3406982421875,90.786865234375,114.95999908447266,86.20400978334455,34.3302465631894,44.97994351428875,433.2146837020939,91.58021719340009,108.94999694824219,84.8319980863563,33.44822702542588,43.665975669938696,429.92800918121173,90.40452281133842,108.94999694824219,85.36540025774305,33.605030748039106,43.665975669938696,430.5719002384005,90.6530391876233,90605400,18281000,24817900,324176000,64276100,8571700
2023-08-04,115.81999969482422,84.88687896728516,34.56195068359375,44.54328918457031,429.3898620605469,91.91478729248047,118.8499984741211,86.03937115697235,34.975043685807705,45.502343664999096,435.2424228845315,93.27209620142084,113.95999908447266,84.08966256908784,33.91280775321122,44.257168589781394,428.87090725675444,90.93025301253776,114.4800033569336,85.2074976475531,33.91280775321122,44.84735625489334,433.14742331097347,91.0736323575839,83169700,21156000,26674900,362666000,100128900,7562600
2023-08-07,116.80999755859375,86.37055969238281,34.65046691894531,45.27803039550781,433.13775634765625,92.09637451171875,119.08000183105469,86.40040534857785,34.965202626684565,45.400655128648054,433.2915218033315,92.66033120289698,115.48999786376953,85.23539635631494,34.17836335733644,44.42664342016852,430.5238022567014,91.02582452316321,116.36000061035156,85.46743292729421,34.82750622354184,44.97296695444659,431.2157321433589,92.45960308004283,65854800,11146000,22486900,322154000,58357500,6601400
2023-08-08,113.2300033569336,85.0322494506836,34.44392395019531,44.5273323059082,431.2541809082031,90.31849670410156,115.45999908447266,85.7485819810181,34.52260600489445,45.10356277836036,433.1281662387976,90.71039971227269,111.41000366210938,84.09253358977624,33.30300601746458,43.92119104559553,427.9098482341965,89.53469798033481,114.94000244140625,85.69948319175309,34.09967917404251,44.71575315581905,430.6102898954453,90.6912785792726,54141800,14081000,34753600,353843000,71361300,7659000
2023-08-09,110.47000122070312,81.90983581542969,33.71609115600586,42.42378616333008,428.3712463378906,89.83101654052734,113.1500015258789,85.06787852763061,34.52260181653971,44.17640612805211,431.68675060935874,91.61845595638668,108.77999877929688,81.7163128126735,33.666914408791904,42.00506938031469,427.61203838498926,89.57293229495296,112.88999938964844,84.98989636034042,34.4242483221118,44.138520399562815,431.5233656089487,91.59934211610269,56257100,24672000,28720200,586449000,78789600,6426900
2023-08-10,110.2300033569336,81.15595245361328,34.10951232910156,42.258296966552734,428.5249328613281,90.61482238769531,113.88999938964844,82.94679501450803,34.51276765572121,43.440668733202855,434.08920144153984,91.73316809296945,109.47000122070312,80.59462922871533,33.9128015900796,41.70698769798923,427.36211636743525,90.11777499030056,111.30000305175781,82.1399484307278,34.12918377819829,42.03099398742127,430.7160393980688,91.2361206955747,57297800,20186000,30957300,492705000,93005500,7459600
2023-08-11,107.56999969482422,79.89080047607422,34.31605529785156,40.7299919128418,428.27508544921875,87.92887115478516,109.06999969482422,80.53011316733858,34.37506964235775,41.88943538762121,429.28416586620887,89.37221049996793,106.4800033569336,79.28615223685136,33.79477505318806,40.514653222522405,426.06476909769503,87.90975731314425,108.8499984741211,80.30000114685707,33.89312854208661,41.62325025169544,426.6605919753528,89.37221049996793,55667700,20331000,28783700,533085000,68690900,10658400
2023-08-14,111.9800033569336,82.23431396484375,35.09306335449219,43.619117736816406,430.63916015625,88.961181640625,111.98999786376953,82.24201228005583,35.12256865307454,43.66597480294201,430.63916015625,89.17147033322524,105.41999816894531,79.66165895992745,33.90296878702895,40.18765244113688,427.0546034425639,87.26932611915255,106.75,80.0227158199507,34.09967578017183,40.362116194769875,427.3621343832933,87.64210796782572,57421800,17688000,36896100,690286000,47867400,7489700
2023-08-15,111.3499984741211,81.11933898925781,34.198036193847656,43.805545806884766,425.62274169921875,87.63255310058594,113.18000030517578,82.28434785777068,35.04388984965245,45.12948515568442,429.2265377401817,88.61707995944084,110.16999816894531,80.53587593877698,34.17836474232362,43.5762500445296,425.0557186470054,87.45093880106205,111.98999786376953,81.76346298058985,34.82750763483381,44.423651395520004,428.87093856214887,88.43546565991696,53816600,14035000,27420300,676512000,75707500,6069500
2023-08-16,107.19000244140625,80.20179748535156,32.97842788696289,43.352943420410156,422.49945068359375,87.72814178466797,110.44000244140625,82.27281304813171,34.060335058987285,44.538304546583966,426.8624252963623,88.62664547342835,106.9800033569336,80.1026229198911,32.909579692154864,43.273186375605505,422.39372408289853,87.28845050726366,110.08999633789062,81.62676432154241,33.95214396659032,44.38378002605648,425.2094830101528,87.40315543324665,54327300,16003000,35757300,527451000,80107200,7439500
2023-08-17,104.44000244140625,79.63469696044922,32.044063568115234,43.21137237548828,419.2800598144531,87.59431457519531,107.8499984741211,80.82089122450876,33.037447503043396,43.927173858554056,424.21964772988474,88.81780449746022,104.0999984741211,79.62602901046382,31.817843746867872,42.86941961752367,418.76110496657503,87.31711650021731,107.62000274658203,80.54071075981162,33.007942201118006,43.83545631480397,423.9601849698295,88.81780449746022,59064300,19228000,39906700,452395000,95711300,7712500
2023-08-18,105.44999694824219,79.51338195800781,32.21126174926758,43.16651153564453,419.4818115234375,87.07816314697266,106.06999969482422,79.73772025556543,32.368629595522066,43.44465716941068,420.5101015823301,87.29801243539065,101.68000030517578,78.1808389151086,31.650638562489394,41.53252668330837,416.12788844047134,85.60614939049745,102.4000015258789,78.95109645293756,31.699815310954158,42.504541812711565,416.4738387437825,86.09363621780619,59916700,17759000,23701100,583768000,98852000,9066200
2023-08-21,108.22000122070312,83.29724884033203,32.5948486328125,46.82329559326172,422.2110900878906,88.47370910644531,108.54000091552734,83.50907000729939,32.6243539342114,46.92099531978242,422.9510589127824,88.80826333078309,105.66999816894531,80.08432663349511,31.49327360788662,44.086695448909836,418.3478316599045,86.50465520015457,106.19999694824219,80.3048084037311,32.063730695957865,44.357862580093396,420.4908700639508,86.50465520015457,49319200,30012000,43718200,692573000,68719000,8618300
2023-08-22,105.66000366210938,82.39701843261719,32.34896469116211,45.528255462646484,421.06744384765625,88.16781616210938,109.72000122070312,84.2225179212712,33.24399520132266,48.03954834169377,423.9793093243941,89.36263156491768,104.8499984741211,81.92426995129111,32.28995408184249,45.194281473370985,420.5100697363889,87.75679937184034,109.4000015258789,84.09350504656403,32.6735380502047,47.98770551423466,423.9793093243941,89.22881282320911,47295200,17079000,23425300,755293000,64994200,7059000
2023-08-23,109.43000030517578,84.39871215820312,33.42103576660156,46.97182846069336,425.75726318359375,90.06040954589844,110.08000183105469,84.55372888021228,33.588241253719055,47.05557105969461,426.3723251113796,90.90155698821745,105.0,81.83954423117646,32.260446215831806,45.06966590460551,421.98049201554073,89.12367103455992,105.6500015258789,81.9136845797164,32.33913203375682,45.72565339980645,422.1246379899384,89.64939274386849,54656300,19692000,32324300,779046000,68441000,10362600
2023-08-24,101.80000305175781,82.26895904541016,32.05389404296875,47.01868438720703,419.85662841796875,88.44501495361328,111.63999938964844,87.60297249236994,33.52921901502571,50.11219017259599,427.86184703074184,92.50738735728568,100.87000274658203,82.07639835317546,31.955540545609786,47.014698817328394,419.8277698977074,88.38766614742057,111.05999755859375,86.87989658864974,33.165306572463045,50.0623439279402,427.3525117447883,92.26842427471671,109179100,30934000,37931000,1156044000,88517300,12254400
2023-08-25,102.25,82.0147933959961,32.70304489135742,45.877193450927734,422.8164978027344,88.98987579345703,104.12000274658203,83.7112803581265,32.85057892548043,47.65872425455991,424.0946310005655,89.28619505904835,99.58000183105469,80.6524045248365,31.817848190512066,44.88623165435981,418.0402664588185,87.37448985492435,101.16999816894531,82.51546306057521,31.994887530681137,46.8681514444708,421.57678397318654,88.17740254021965,74793100,24181000,27324800,925341000,102325100,10356000
2023-08-28,102.61000061035156,82.9063491821289,33.066951751708984,46.69169235229492,425.49774169921875,89.85012817382812,104.06999969482422,83.20000901977116,33.22431961020821,46.836249134555814,426.1127742143462,89.99350749645035,100.88999938964844,81.5612891338262,32.66369637980811,44.750651224061855,422.816509634439,89.13323885329227,103.47000122070312,82.4547857531727,32.94892679582099,46.33977183033874,424.99799661992967,89.67807444519651,55386800,14306000,22341800,685192000,61595400,5174800
2023-08-29,105.91999816894531,85.68407440185547,33.74560546875,48.63473129272461,431.6482849121094,90.8824462890625,106.56999969482422,85.96425484402101,33.912807185742764,48.93082341552477,431.9269866887697,91.39860745078252,101.79000091552734,82.45767268802729,32.9194232300927,46.249051833640735,425.20949081985793,89.38175834006307,102.11000061035156,82.64830880661258,32.93909468243524,46.52321191086775,425.3920855016939,89.6302747088885,50850300,27822000,29943600,701397000,83081900,8910300
2023-08-30,106.58999633789062,85.91033935546875,33.96198272705078,49.113258361816406,433.4261169433594,90.5956802368164,107.66999816894531,86.52943662990012,34.089845286735404,49.7742278710723,434.0603885077203,91.6853512803374,104.5,84.64231383803144,33.22432017432113,48.276824895402335,431.2830492029172,90.45230093265324,105.4000015258789,85.9209318835861,33.499716745329984,48.89393031688107,431.9845986592022,91.23609953049423,54847300,23234000,26279200,735206000,69053900,6073400
2023-08-31,105.72000122070312,88.85753631591797,34.56195068359375,49.203983306884766,432.79180908203125,89.43913269042969,108.05999755859375,88.93263161566388,34.975043685807705,49.5917929853516,435.17510034218884,90.23249214477525,104.86000061035156,86.05380705859434,33.73576843111181,48.80819868484659,432.6092144351305,89.15237397672645,106.19000244140625,86.4620454703501,33.75543988378352,49.22890833319217,434.04111309241955,89.2192833709136,58919000,55203000,48157600,528570000,66084600,8661200
2023-09-01,109.44999694824219,84.0078125,36.00776672363281,48.36056900024414,433.59912109375,89.07588958740234,110.05999755859375,86.83368156540703,36.14546312570516,49.64761910935292,435.98244204092543,90.40452387128629,106.61000061035156,83.25104174372397,35.142241658105185,47.99469138418687,432.14798320577563,88.98029851109108,107.0,86.83368156540703,35.20125600982714,49.609737178375475,435.5019359140747,90.13688635979531,54856100,65017000,43808500,463830000,58944100,7094600
2023-09-05,110.77999877929688,83.97412109375,36.10612106323242,48.39944839477539,431.7251281738281,90.42364501953125,111.81999969482422,85.01685342264707,36.794606841531916,48.7015226451209,433.474177484678,90.85378301997233,106.30000305175781,83.47633836402137,35.860233553264436,47.7135538785842,431.65787960630774,88.7700242787752,109.0,83.71800521306353,35.978262259449934,48.075442101099355,433.15705635053166,89.27662493684007,66042200,24808000,43379400,382653000,55166200,6396500
2023-09-06,109.27999877929688,83.9837417602539,36.371681213378906,46.92086410522461,428.8228454589844,88.18695068359375,111.33000183105469,84.47478110581315,36.43069556840109,48.404432152677344,431.0235715081806,89.81189696113151,108.22000122070312,83.45130928243402,35.437307894562714,46.441297415473116,426.50680264350075,87.54652398808304,110.55999755859375,84.00588910608634,35.958591984060924,48.29675585100986,430.91784492057485,89.70675260631225,47736700,20142000,39643400,468670000,70758500,7933700
2023-09-07,106.58999633789062,82.51641845703125,37.551944732666016,46.10330581665039,427.50628662109375,86.07452392578125,107.69000244140625,82.96508772385673,37.709312605354064,46.20599974475195,428.17897757007677,86.30392649287826,105.08999633789062,80.92680452522109,36.1454677290402,45.01754791417301,425.4881551186145,84.52604018958014,106.13999938964844,82.75422881483357,36.22415354135724,45.38943829933542,425.83410543618885,86.09363776779928,49080100,27789000,67659700,433330000,70355400,14684400
2023-09-08,106.08999633789062,82.56646728515625,37.384735107421875,45.43629455566406,428.150146484375,85.68260955810547,109.73999786376953,82.8822744571097,38.19124958635702,46.46721591183993,429.67815236910445,87.04947879784909,105.75,81.85109704771999,37.08967084787984,45.136192180115536,427.19875378748577,85.37673707821897,107.0199966430664,82.32095130292234,37.492926211374595,45.80519551015305,427.5543236104539,86.74360631796259,46232000,16810000,44255200,473069000,61659700,5820800
2023-09-11,105.31999969482422,82.71955871582031,37.955196380615234,45.043479919433594,430.96588134765625,85.6443862915039,107.51000213623047,83.66889745632788,38.10273038812013,46.025543800241316,431.2733829258277,86.39951067467683,103.0,81.42071799109299,37.217533846982086,44.180057385036044,429.06306686092813,85.22381613204041,107.31999969482422,83.64675011228066,37.61095536569803,46.01058907259866,430.764047693772,86.12231256243035,50611300,15710000,36349300,473966000,60180100,7268600
2023-09-12,105.30999755859375,81.31192016601562,38.22075271606445,44.736392974853516,428.6018371582031,86.48553466796875,106.73999786376953,82.63579509641994,39.410847288064396,45.53700334292315,431.04281644605425,87.52741035951486,103.18000030517578,81.03655118343802,38.014208121309835,44.398401689358636,428.02525327961035,86.42817856083482,104.19999694824219,81.86265078545145,38.014208121309835,44.604786051563885,429.5244300194834,86.46641353473224,44413600,16680000,55326600,349256000,67565400,8242600
2023-09-13,107.70999908447266,82.12166595458984,38.07322311401367,45.34955596923828,429.10162353515625,87.19286346435547,108.73999786376953,82.71669140534425,38.50598755520661,45.79323054977972,430.25482073095276,87.83328286892086,104.83000183105469,81.28498096926366,37.62079097271727,44.37047790444444,427.7273536183731,86.48553467860526,105.0999984741211,81.56901062346004,38.161742772262606,44.46718918081737,428.82292174853706,86.60023230773602,44702300,17413000,35407800,398355000,60199300,5757800
2023-09-14,106.62999725341797,83.92308807373047,38.033878326416016,45.445274353027344,432.8014221191406,87.88558959960938,109.1500015258789,84.40738404787899,38.26009813780729,45.85006363868303,433.4933520471616,89.28837607212915,106.22000122070312,82.32095715796218,37.66996586139009,44.996613561123056,430.26436526823954,87.69342255037307,108.43000030517578,82.70897278001732,38.17157848394199,45.8131750613874,431.5617375492493,89.14425261780777,45920600,19648000,30616500,370097000,83430800,6506300
2023-09-15,101.48999786376953,82.00131225585938,37.25687789916992,43.76927947998047,427.5869445800781,85.7525863647461,106.76000213623047,83.58803941832902,37.88634934698742,45.4632178335496,431.5506524245771,87.56852290133035,101.27999877929688,81.15595933403661,37.001152778527945,43.67755057038964,427.15298130374185,85.37786976706514,106.06999969482422,83.58803941832902,37.78799208829982,45.20598666420072,431.22275924982887,86.9632131659435,71103600,50190000,68881200,506831000,111848900,19940500
2023-09-18,102.37000274658203,81.83956146240234,37.36506652832031,43.8350830078125,427.8376770019531,85.34906005859375,102.98999786376953,82.4490286052905,37.758484281127345,44.11026214230338,429.12997218957395,86.15613983360015,99.44999694824219,80.87674309225643,36.892959221839014,41.87493751856223,426.80575976702727,84.96473321459911,100.81999969482422,81.12515334633987,37.00115032324325,42.62071131068282,427.2783073434339,85.07042327995825,49061300,16541000,29322200,500271000,55752200,6647400
2023-09-19,101.61000061035156,81.76250457763672,35.74220657348633,43.39041519165039,426.9503479003906,84.71491241455078,102.86000061035156,81.93869898262741,37.473252894705155,43.835086328947064,427.5097174720667,85.3586556081409,100.69999694824219,80.73228958902962,35.42747087871927,42.87395603803026,424.2789652889876,84.34980597574389,101.75,81.45344081562644,37.41424229690223,43.7024829281991,426.9214170212494,84.98393898318999,41704100,13126000,53288100,373064000,66514600,7172100
2023-09-20,100.33999633789062,80.40433502197266,34.119354248046875,42.113224029541016,423.0253601074219,83.8694076538086,103.94000244140625,82.28431296566383,35.65369387300653,43.7722706240914,428.6188806317765,85.81985780126985,100.27999877929688,80.38304196852111,34.060343638743994,42.09727282869751,422.8228144717151,83.8694076538086,102.36000061035156,82.28431296566383,35.624188568355095,43.470171462670386,428.2041947836062,85.05120410246765,55180600,13681000,57660800,367108000,82562600,6935300
2023-09-21,96.11000061035156,78.2542724609375,34.080013275146484,40.894859313964844,416.03338623046875,82.0150375366211,98.87000274658203,79.6231137927103,34.67014184838313,41.97463457715853,420.45033436985153,82.76447086259502,95.83999633789062,76.96965797417882,33.893136350462974,40.85797073876032,415.87907838119946,82.00542734950157,98.5999984741211,76.9715930349815,34.00132746434375,41.45917578549763,420.18995642926694,82.66839098267464,59704300,53654000,45240600,450736000,104095800,10652500
2023-09-22,96.19999694824219,80.26008605957031,33.61773681640625,41.48609924316406,415.09796142578125,82.2840576171875,98.41999816894531,80.4052968449308,34.31605636434601,41.98959657847822,418.64695406116914,83.3697741021265,95.61000061035156,78.44981474402195,33.57839391884607,41.10822617218465,414.68324615845955,82.10150072849645,96.91999816894531,78.53306666267224,34.23737432117086,41.448210386933276,417.055696495469,82.87015436784621,52169400,27764000,29232700,479236000,100829700,7967200
2023-09-25,97.37999725341797,80.7257308959961,33.72593307495117,42.09627914428711,416.843505859375,82.86054992675781,97.44999694824219,81.17781867651966,33.804615130179045,42.409343350786685,416.8820607506406,82.86054992675781,94.45999908447266,79.6724818063007,33.21448658415974,41.054388777119094,413.458445268684,81.68835634416445,95.94999694824219,80.1555453289542,33.44070265186533,41.46715750384496,413.8924379607471,82.04385995983739,43223700,15648000,21729400,419091000,70874500,8758000
2023-09-26,95.95999908447266,79.01227569580078,33.27349853515625,41.786197662353516,410.7195739746094,80.98696899414062,97.83000183105469,80.37530456197818,34.20786804017717,42.69249125804407,414.51932063009883,81.8901360097974,95.2699966430664,78.53017963344952,33.08662163259565,41.53095945617028,409.8901728584851,80.72754524987,96.5,80.26881712399398,33.578396636057406,41.875929814501234,413.8152964968598,81.62110207822138,42866500,17641000,34198300,402282000,96168400,8877600
2023-09-27,98.06999969482422,79.0722885131836,34.040672302246094,42.34153747558594,410.8834533691406,82.0918960571289,99.2300033569336,79.73734381921479,34.25705454229174,42.744337580019156,412.4458093049011,82.20718896918464,96.3499984741211,77.86899085899336,33.32268112166737,41.50503894981491,407.2573219237748,80.80440233925415,96.81999969482422,79.30946641161972,33.36202027735607,42.20395172792175,411.88643967289465,81.83247234415506,51261500,15352000,44369100,444935000,104705800,7860700
2023-09-28,102.76000213623047,80.54275512695312,34.60129165649414,42.960697174072266,413.26556396484375,83.02389526367188,104.19999694824219,81.20685014684688,35.073395238410804,43.31663260486512,414.93399013925836,83.71567480286812,97.76000213623047,78.8660769491405,33.8144523532997,41.98959836899157,409.745502299644,81.6499317116255,97.94000244140625,79.39753908537338,34.080011321617654,42.33356849695518,410.333802865898,81.90934812252095,72542100,16180000,32265300,424663000,92258300,6647700
2023-09-29,102.81999969482422,80.40531158447266,34.965206146240234,43.369468688964844,412.26263427734375,83.49468994140625,104.94000244140625,81.70832399899514,35.319284791074416,44.01254845640997,416.47706688820205,84.58040649666634,102.55999755859375,79.66280950675731,34.58162219831852,43.17803909015806,410.74851586552904,83.30252285391009,104.69000244140625,80.97356216495788,35.06356340977526,43.696491084144924,416.30348156781014,84.31137990459658,56078600,16481000,28763700,397830000,115111300,7338300
2023-10-02,103.2699966430664,80.8283462524414,34.876686096191406,44.64865493774414,412.0986328125,84.21530151367188,103.70999908447266,81.17781672337563,35.38813260503356,45.04048245716081,413.34271968319354,84.95512465493225,101.69999694824219,79.71991103176245,34.404582492324636,43.73039595276652,409.35008111589474,83.60998434039749,102.20999908447266,80.25815331339066,35.02422011387612,43.898891446595,411.4331930512835,83.76371801311002,45118600,14676000,26086200,433298000,83798600,6305000
2023-10-03,100.08000183105469,78.88060760498047,35.10289764404297,43.38742446899414,406.5823059082031,82.06307983398438,103.29000091552734,80.90578895714447,35.93891738317694,44.995624457689956,412.1565492542185,83.89822970161993,99.16999816894531,78.30751205126035,34.68980845092264,43.11723147497765,405.2224953214738,81.72678926398494,101.80000305175781,80.05873459971095,34.68980845092264,44.674580823479765,409.9287826037436,83.5907696925196,48117000,18761000,45292600,470850000,103760600,8201700
2023-10-04,104.06999969482422,79.74991607666016,35.33895492553711,43.90986251831055,409.54296875,83.27368927001953,104.4000015258789,80.40529597136306,35.919249626936264,44.0115599865903,410.28554771633696,83.36016628124737,100.33999633789062,79.02290201320136,34.74882637412426,43.16309221624776,405.5889145488821,82.03423919886266,100.6500015258789,79.41303089886216,35.919249626936264,43.611753042966086,407.0451710291783,82.1207162100905,51023200,16417000,39842200,361821000,87453000,7658500
2023-10-05,102.91000366210938,79.75476837158203,35.29961013793945,44.554931640625,409.3886413574219,83.61958312988281,103.73999786376953,80.21653146802005,35.50615474471777,44.7663021604217,410.2276663727646,84.49392678080281,100.2699966430664,78.94352740055382,35.01437972746714,43.75731457253386,406.1771957071079,83.13917646377486,103.41000366210938,79.39174507195277,35.37829594163346,43.918830935362585,409.25361095296023,83.42742339560922,51789700,11474000,25771200,393483000,70142700,6651700
2023-10-06,107.23999786376953,81.82640838623047,35.59467697143555,45.625732421875,414.2492370605469,85.79103088378906,107.87000274658203,82.12940782914416,35.860235950184574,45.65265244811673,415.78263268562836,86.49242057316297,102.02999877929688,78.57952470320939,34.601293015622566,43.894901766019856,405.627480956343,83.95587373871079,102.16000366210938,79.32300150812011,35.27994123779504,44.06140429622766,406.9487069673823,84.63805038513149,64864100,21103000,33262200,434436000,113273300,9777100
2023-10-09,106.97000122070312,82.85448455810547,35.46681594848633,45.13819122314453,416.9013366699219,85.5027847290039,107.30999755859375,82.92515857617225,35.57500330172597,45.46920337034592,417.47033030159264,85.83906796202598,104.79000091552734,81.10713242472394,34.9160265729728,44.235887222293606,411.80929543558074,84.59001490645475,106.01000213623047,81.36173319291265,35.11273733222375,44.70847483791379,412.35898219183764,85.32023516274889,39593200,15760000,19376100,409675000,80374400,4781300
2023-10-10,109.01000213623047,83.09941101074219,35.830726623535156,45.66162872314453,419.0713195800781,87.05931091308594,110.12000274658203,84.46824467088152,36.135628472732584,46.121254553965194,421.6559102852364,87.10735451975478,106.4000015258789,82.83899767260934,35.220926677085785,44.95374378600032,417.13286183560047,85.64691390995438,107.48999786376953,82.9774283483694,35.54549622447423,45.17508286360557,417.528270249864,85.7718170246981,57105500,14718000,24044100,368582000,78607300,7182900
2023-10-11,108.30999755859375,84.66283416748047,36.27333068847656,46.6666259765625,420.7879333496094,88.39483642578125,110.0999984741211,84.73833845624019,36.420860960239764,46.71946955859621,421.0386578835823,88.4044466126943,106.93000030517578,82.9193520282936,35.78155561204039,45.91287659330196,417.7596966141307,87.07851937483571,109.13999938964844,83.22526146154594,36.01760554763995,46.05844175921358,420.13214698196236,87.6838365331363,51085600,14334000,19262600,378137000,62451700,8051700
2023-10-12,108.79000091552734,87.66769409179688,36.233985900878906,46.805206298828125,418.22259521484375,88.7983627319336,111.30999755859375,88.86131621582538,36.6077359901128,47.46723049196412,421.7715876841516,89.77839639530303,107.51000213623047,84.84385735916139,35.79138760467375,46.1920397832419,415.8791053042313,88.24108926299205,108.4000015258789,84.84385735916139,36.19464299633936,46.63770730152995,421.39548619007036,88.88483974007734,60959400,43871000,23639200,481325000,81154200,8897800
2023-10-13,105.08999633789062,85.49729919433594,35.378299713134766,45.325626373291016,416.1394958496094,86.9151840209961,108.97000122070312,89.63383059862386,36.184810527248196,46.97570075879303,420.9132978989336,89.29800460824028,104.75,85.39177931529727,35.27010859749462,45.14516559213605,414.5771691952751,86.66537047086307,108.6500015258789,87.99683594965866,36.13563377066977,46.82016325151491,419.7174193113071,89.11544770655557,52881500,28312000,28390100,474115000,95143100,7985100
2023-10-16,106.45999908447266,87.3743896484375,35.95859146118164,45.95774459838867,420.51788330078125,87.64540100097656,107.4800033569336,88.65416645927112,36.3323377817168,46.08735476029038,421.578731455087,88.29875441722703,105.02999877929688,86.2514340027004,35.4864878837064,44.77826474104746,418.135809030701,86.8863575225073,105.41999816894531,86.2514340027004,35.54549848592473,44.928816083518186,418.3769095461698,86.93440112548844,42464500,21150000,29555800,375099000,75433200,8791800
2023-10-17,105.13999938964844,85.61542510986328,35.46681594848633,43.80716323852539,420.4985656738281,87.43402099609375,106.29000091552734,86.4460167633913,35.75204260985726,44.62073527897283,422.54312271495667,88.10658745620154,101.66000366210938,83.83418678428404,34.493099753764234,42.353504619053396,417.0556727686725,85.05120049520897,103.54000091552734,85.68802682208,35.3291157906487,43.86897889171314,417.40284337508905,86.29065068348588,49642100,33008000,24993600,812333000,75324700,7997100
2023-10-18,102.16999816894531,85.87001037597656,35.0537223815918,42.070350646972656,414.8953552246094,86.0888900756836,104.77999877929688,86.70254432516847,35.42747244260579,43.090307040885016,419.6884340997793,86.48282713817312,101.73999786376953,84.72478689140613,34.8668492270576,41.700456999229225,413.8152297481562,85.10886350896583,103.37999725341797,85.18462227116063,34.935697428830494,42.464174898094846,418.733685585988,85.39710316721202,50450000,20404000,22086000,627294000,93559800,9982700
2023-10-19,102.4000015258789,84.01133728027344,35.083229064941406,41.975643157958984,411.25,89.2691879272461,105.5999984741211,86.10816031393209,35.76188101195215,43.168081135080946,417.4125438390961,91.04669147844642,101.83999633789062,83.80223992658833,34.93569880615984,41.75729348052896,410.57493615662145,88.74073755750459,103.80999755859375,85.8690547461951,35.36845948464315,42.68352817211386,415.6091165353134,89.44212732415193,52734200,26620000,29201800,501233000,121323000,22751600
2023-10-20,101.80999755859375,82.63667297363281,34.34556579589844,41.263763427734375,406.1965026855469,87.73188781738281,104.33999633789062,84.69573972109997,35.68319445840024,42.34353877331354,411.3560595506144,90.62393881734475,101.44000244140625,82.46338905373226,34.29638904400115,40.95568161669413,406.09040315558224,87.5205076516783,102.27999877929688,84.69573972109997,35.063560630992285,41.76526400722088,410.8159967559263,88.39485154974221,61317900,26953000,32303300,477266000,123919900,12197300
2023-10-23,100.01000213623047,83.46826171875,33.29316711425781,42.8470344543457,405.4924621582031,87.53971862792969,102.41999816894531,84.56991700924947,34.611124308475915,43.119224175669935,409.3404462034215,88.64465561972784,99.31999969482422,81.59021862899266,32.84073499957213,40.82308027803106,402.9271492717955,85.66613523389064,100.80999755859375,83.05586478622372,34.03082963896319,41.10623502417962,404.6727145608842,86.4540020111821,50817400,16456000,53924700,478530000,92035100,8227900
2023-10-24,101.66999816894531,85.29692840576172,34.020999908447266,43.53298568725586,408.5496826171875,88.04893493652344,101.79000091552734,85.47989505642938,34.13902487614475,43.56688484318148,409.6973235164309,88.39482832946396,99.37999725341797,83.55538102511413,33.08662651363912,42.56388363101051,405.7625463101056,87.29950169529367,100.97000122070312,83.6405754026805,33.08662651363912,42.94873204239224,407.60455792627596,87.62617471616853,51982900,14972000,52673900,401463000,78564200,7374800
2023-10-25,96.05999755859375,82.24946594238281,32.289955139160156,41.65459442138672,402.6860656738281,84.2056884765625,101.02999877929688,85.06653048012693,33.88330542604822,43.52002535417708,406.90052736992106,87.28989870932845,95.2300033569336,81.90580799853814,32.01455852951492,41.43126239759443,402.1749337627123,83.28330846278037,100.41999816894531,84.9058318009485,33.61774641957582,43.26877302407248,406.8715964855641,87.24186243605031,53424500,21432000,44658500,398379000,94223200,13027100
2023-10-26,93.66999816894531,80.0345230102539,31.985048294067383,40.20592498779297,397.8639831542969,84.02313232421875,97.5199966430664,82.71314871593405,32.673534084145444,42.130178498809435,402.47382295571776,84.68609594298965,93.12000274658203,79.22037961838753,31.62113582363375,39.76125385517592,396.9478190285591,83.14879590638483,95.98999786376953,82.08293945418453,32.348960764501015,41.72837859858881,401.6251740249571,83.70606946041183,49896400,27917000,59142500,541001000,115156800,9377300
2023-10-27,96.43000030517578,81.15846252441406,34.95536804199219,40.379398345947266,396.0606689453125,82.62034606933594,97.3499984741211,81.33755905667368,35.781550195415,41.08329728392404,399.84113833304036,84.34020301525183,94.58999633789062,80.20782324210417,34.03082863700385,39.89584197944323,394.6429966038168,82.52426619093683,95.80000305175781,80.34916392987903,34.08984298794316,41.00752338515214,399.4457299187491,84.10960984100902,52458700,18236000,84128200,416784000,107367700,12480700
2023-10-30,96.18000030517578,81.43821716308594,35.10289764404297,41.038429260253906,400.7958679199219,82.68760681152344,97.04000091552734,82.23009266094186,35.36845659045408,41.64162722288695,401.84706268429056,84.83983431243983,94.69999694824219,80.07324617425253,34.34556370471026,40.36045387343674,397.54583752991965,82.62996034771459,96.13999938964844,81.42369682369214,34.886519198480364,40.96465211390715,398.8381328209202,83.88862367704255,43716600,20889000,36656300,388028000,86562700,9785500
2023-10-31,98.5,81.44984436035156,35.89957809448242,40.6585693359375,403.31292724609375,82.92781829833984,98.81999969482422,81.84965596950107,35.96842630026138,40.75727737613491,403.6311669556289,83.04311856766381,94.06999969482422,80.6008549366777,35.034052969330894,39.11318548755272,399.4649432617073,81.62111123437195,96.23999786376953,81.69379495333936,35.07339587318911,40.329553945294535,401.3648163745919,82.77409193633382,79547100,14747000,41185200,517969000,79665200,9004900
2023-11-01,108.04000091552734,82.56990051269531,36.67658233642578,42.19896697998047,407.6141357421875,84.35941314697266,108.1500015258789,82.65606242550757,36.706087637360646,42.25479998188949,408.4242298564383,84.42666978672878,98.5,80.8883768530183,35.68319468290073,40.747301323669774,403.7468744665271,82.95661923704682,98.58000183105469,81.51083869511535,35.899576894944936,40.762256048704266,404.27731320299,83.08152966118243,138641500,18684000,41710700,437593000,98068100,9508800
2023-11-02,107.83000183105469,84.34725189208984,37.079837799072266,43.3764533996582,415.4258117675781,86.93440246582031,109.41000366210938,85.23787467713429,37.197862755048476,43.75332619208585,415.5801196181461,87.4820658282957,105.91000366210938,83.2533443289552,36.302832355675335,42.76627622905822,411.37531162600504,85.96397884795172,107.95999908447266,83.44695380333597,36.961812843096055,43.19898202777144,411.39458907062107,86.85753563203524,71377000,18759000,35440000,409172000,94938900,11032600
2023-11-03,112.25,85.44889068603516,37.51259994506836,44.87098693847656,419.2159729003906,88.19307708740234,113.38999938964844,85.91549873576673,37.68963926195629,45.174078747791896,420.7590222264958,88.82721022184,107.86000061035156,84.32400759544257,37.0503302007559,43.59280293696078,417.5957843520283,87.28029981195591,109.05000305175781,84.94743677818063,37.37490353236572,43.888919424366684,417.7211613405119,88.05856377614508,65632200,18041000,30502700,424610000,100167800,9226700
2023-11-06,111.75,85.26980590820312,37.44845962524414,45.61476516723633,420.1803283691406,88.97132110595703,113.08000183105469,85.75964209292934,37.695155665246695,45.798219181155844,420.62394506807493,88.98093129266297,110.22000122070312,84.33853220764655,37.34977895067342,44.765301009531704,418.24187084518337,87.71265787318995,112.5999984741211,85.3404725439418,37.51753421530223,45.15015318659169,419.96815874248256,88.39483452081923,49270400,12870000,23877200,400733000,67831700,8402700
2023-11-07,113.44999694824219,86.91454315185547,38.257625579833984,45.81816482543945,421.3761901855469,88.78877258300781,114.6500015258789,87.29693179067908,38.38590858551384,46.08037839216094,422.0126990847071,89.4036925917607,111.22000122070312,84.81772043506133,37.478065123885656,45.02353711440928,419.04235365317487,88.15463220061748,111.86000061035156,85.41405143299961,37.73463113524536,45.582867485335434,420.1803410344543,88.63503891560723,50550200,19365000,32052000,343165000,64256100,6241300
2023-11-08,113.58999633789062,88.20304870605469,37.418853759765625,46.43532180786133,421.6848449707031,88.39483642578125,115.31999969482422,88.37536513366294,38.37603560514898,46.72744863605115,422.494939254338,89.77841012426855,112.87999725341797,87.02879175926991,37.251102258437705,45.831123444068034,419.38956311812836,88.3275797782395,113.55000305175781,87.12559650045807,38.336563335089636,45.96273036829276,421.9741538465662,89.67272005949938,41880600,15280000,33483400,346719000,61746000,6537700
2023-11-09,113.48999786376953,88.22724914550781,37.30044174194336,46.81019973754883,418.3961486816406,88.02971649169922,115.80999755859375,90.01042241185819,38.010927565462474,48.08638711878528,422.86133452826135,89.71113975345764,113.05999755859375,87.95425786308876,37.270839420724386,46.610794508396026,417.97180945877307,88.01049612081329,114.0999984741211,88.33567163416946,37.54713779018939,47.32565858468725,422.82275020857907,89.00013263915189,61146900,24486000,48955800,540496000,83174400,8166000
2023-11-10,118.58999633789062,92.69388580322266,38.346431732177734,48.191070556640625,424.9251403808594,93.62167358398438,119.69999694824219,92.83231650431789,38.47471472253525,48.32766364227746,425.23375607657056,93.91952343533211,114.02999877929688,88.88843373284377,37.73462662816008,47.14220498356334,418.386496162944,89.94175597038739,114.3499984741211,89.23016398461644,37.73462662816008,47.35855787314543,420.45998395564305,90.35490608536597,75135900,36272000,38862500,421245000,89462200,19281700
2023-11-13,116.79000091552734,91.668701171875,37.724754333496094,48.475223541259766,424.5201721191406,92.64163970947266,118.68000030517578,92.19822828116725,38.06026106599183,48.969748796661186,425.61957523316283,93.37186005193445,116.0,91.04429700882845,37.635943617121264,47.95577501016581,422.81319095971963,91.96907316406414,118.33999633789062,91.97073310681415,37.84316736723504,48.1761176095815,423.5943543234561,93.20852350953889,46741900,16893000,24558300,384136000,52236100,9526300
2023-11-14,119.87999725341797,94.18856811523438,38.88916015625,49.508140563964844,432.7561340332031,95.03406524658203,122.11000061035156,94.55740397175121,38.96810468892508,49.68561194374708,434.0387757848984,95.78349859143539,119.22000122070312,92.47413391147496,37.56686934820241,48.89397746750015,430.2100985439841,94.11167785092003,119.69999694824219,93.16048958832293,38.287221269591264,49.5320711696309,430.43192160638574,94.15972145730301,61017400,23886000,45457400,416954000,97176900,13873200
2023-11-15,118.0,94.42478942871094,40.073307037353516,48.742427825927734,433.67230224609375,94.92837524414062,120.58999633789062,95.03951100383448,40.300266952053384,49.81123435682442,435.3117974864374,96.75391500118455,116.87000274658203,93.60290555275431,39.05692051407083,48.05647674137133,432.82362374197305,94.56326142839173,120.54000091552734,94.82265862710943,39.066786699804304,49.78631108074614,434.08698805976627,96.03330488748033,59555600,16099000,47392100,475497000,77327600,10422900
2023-11-16,119.83000183105469,92.8904037475586,42.777095794677734,49.33265686035156,434.20269775390625,94.67855834960938,120.7300033569336,93.77618148556927,42.826438018676825,49.37752483605111,434.52093744562825,95.21661153648125,116.41000366210938,92.01624375960331,40.2805328430779,48.1860836388323,432.1677943482507,94.0732485143785,117.19999694824219,93.32119110132825,40.45815430948169,48.53404340494231,433.2286423726769,94.3903113821138,49661900,26198000,86405700,339756000,66665800,8459000
2023-11-17,120.62000274658203,94.65034484863281,43.231014251708984,49.15121078491211,434.74285888671875,95.67781829833984,121.48999786376953,95.24666854406776,43.231014251708984,49.568961894077866,435.3504369578268,95.8123316134469,118.81999969482422,92.06271065693343,41.99753408460766,48.86107690035848,433.2962556435923,94.46719113195047,119.63999938964844,92.76068412968162,42.34290702568293,49.37653577909823,434.2124200388414,95.06289819201449,38508900,19789000,49735000,325205000,83133200,7243000
2023-11-20,121.52999877929688,96.39092254638672,44.14872360229492,50.25889587402344,438.08929443359375,96.04291534423828,121.93000030517578,96.7936367846973,44.33621123172494,50.39748190834169,438.9283195268349,96.6482252024946,120.06999969482422,94.19245702475517,43.20140797728784,49.0345518906684,434.48241067282527,95.63937543873406,120.69999694824219,94.19245702475517,43.20140797728784,49.16516232495467,434.4920641115296,95.98526888071629,43138700,18674000,44564900,414120000,69936200,6448900
2023-11-21,119.16000366210938,94.98624420166016,43.063262939453125,49.79528045654297,437.134521484375,94.55364990234375,120.6500015258789,95.93494080670435,44.06978329979618,50.3665722694878,437.9639225798321,96.22546316033915,117.94000244140625,94.05980817713449,42.72775615267211,49.075430256470796,435.8711571103787,94.39030605375712,120.54000091552734,94.38604311478655,43.911897974504114,49.976737718443786,437.0477288286672,96.08133968472717,41064800,43344000,37252100,565747000,49244600,10112600
2023-11-22,122.51000213623047,94.09563446044922,43.09286117553711,48.57094192504883,438.82220458984375,94.78424835205078,124.76000213623047,95.64357222000314,44.04017680174799,50.185120642893004,440.1338066653199,95.74506180249138,119.94999694824219,93.99882972626274,42.96458194884538,47.54799598832388,437.73245500948576,94.11167453848742,120.0,95.22730521584626,43.44810406483085,49.703560932235554,438.783649698811,94.85150500036463,56862200,33743000,31481200,899420000,59394900,7413500
2023-11-24,122.30999755859375,94.76068115234375,43.3790283203125,47.63373947143555,439.09222412109375,93.99639129638672,123.25,94.85651834006954,43.41850058791116,48.77533048753054,439.2851162959046,94.86112495692524,121.54000091552734,93.58739201817833,43.0336553895308,47.60282974083701,438.54253734218906,93.65049783217131,122.02999877929688,94.38217005233152,43.10272997568714,48.32567320692598,438.87043049439643,94.62092156957708,19001000,23158000,13037100,294645000,29737400,4297600
2023-11-27,122.6500015258789,91.98914337158203,43.49745178222656,48.098350524902344,438.30145263671875,93.4006576538086,123.88999938964844,94.96786670655054,43.96123782252361,48.38549115302334,439.2754786903425,93.72733797937614,121.7699966430664,91.901046403658,43.07313425128787,47.51010721393193,437.9156682731926,92.64161428633312,122.06999969482422,94.49738842404479,43.07313425128787,47.65766532815117,438.4653845031241,93.60242756206051,32743000,96962000,33339900,395662000,50506000,6856100
2023-11-28,122.01000213623047,91.612548828125,43.64546585083008,47.67860412597656,438.7354736328125,94.14049530029297,122.54000091552734,92.04914130115542,43.793484990397744,48.17911204503058,440.0277690132792,94.39991167952184,120.79000091552734,90.43247954449225,43.08299914332588,47.33164078012809,437.3563855884956,93.4294881430711,121.9800033569336,90.99202221288643,43.112601465526176,48.09236930689928,437.9157258992695,94.03480524531199,32047100,39025000,24548900,401491000,62115000,6358100
2023-11-29,123.8499984741211,91.07817840576172,44.3460807800293,47.99665069580078,438.4267883300781,95.0052261352539,125.7300033569336,92.87877433802075,44.74079596740847,48.616800180789156,442.0047410159344,95.82192338772128,123.4800033569336,90.93683774784708,44.010574000041906,47.71748568176772,438.0314094012158,94.73619955673855,123.9800033569336,91.80519244463026,44.010574000041906,48.2349412356402,440.8763777024274,95.12052638194241,37876300,34843000,38982000,382005000,63146000,7091100
2023-11-30,121.16000366210938,89.61641693115234,44.1092529296875,46.630733489990234,440.1531066894531,93.49676513671875,124.05000305175781,91.23211144412,44.49409815176386,47.96674352591701,440.5003067450598,95.10132935233618,119.6500015258789,88.90392311845675,43.82308461840098,46.28377015509841,437.2020386572685,93.10283538911348,123.61000061035156,91.09464827106036,44.05991447429258,47.88099726514556,439.2658732507552,95.05328574218703,44494200,49571000,46263000,526247000,79752700,9681400
2023-12-01,121.38999938964844,90.0297622680664,43.16194152832031,46.62574768066406,442.75701904296875,94.68817138671875,121.4000015258789,90.40730584155823,43.77374666363665,47.05945375436282,443.2874284363199,94.90915438208197,118.6500015258789,87.90002891063935,42.29357039916354,46.04946966832762,438.9572723368323,93.21812060475314,119.87999725341797,89.29984567741242,43.77374666363665,46.38646445632827,439.5455435028684,93.87147406437393,37048000,29612000,43928400,369317000,89183400,7500400
2023-12-04,118.56999969482422,89.446044921875,41.790306091308594,45.374481201171875,440.4327392578125,93.20850372314453,119.9000015258789,90.1236854981592,42.73762170997078,45.93979415914972,442.77622898793436,93.39105327218901,116.37000274658203,88.717088305002,41.13902872088735,44.87597007312704,438.1663887357716,91.51747020025883,119.75,89.12368003650087,42.72775176074531,45.93979415914972,439.3815446393366,93.24693713621285,39854400,25009000,50417600,437543000,72430900,10619400
2023-12-05,118.37999725341797,88.39569091796875,41.365989685058594,46.43142318725586,440.34600830078125,92.90106201171875,118.48999786376953,88.79743761152302,41.731102530170645,46.46532151700449,441.3007569694989,93.21812490361924,116.44999694824219,87.69191224930263,41.06008900826224,45.140163841646064,438.6775820590756,92.12279807233458,117.43000030517578,88.24855243779615,41.35612349986118,45.33459997495961,439.05371300809566,92.68007167573919,39191600,37066000,31859300,371718000,69793500,8009600
2023-12-06,116.81999969482422,87.47796630859375,40.72458267211914,45.371490478515625,438.5715026855469,94.01558685302734,122.83000183105469,89.15561966361967,42.027137460168056,47.25004822206123,442.5062502524176,94.70737365277066,116.37999725341797,87.4256901254582,40.6259019977016,45.2807538725136,438.1375099737289,93.63126003867836,120.69000244140625,89.09657076786259,41.91859060045017,47.07854443551646,442.4773193670441,93.96755058274888,60599000,24813000,31992300,380590000,69124700,11262300
2023-12-07,128.3699951171875,89.28047943115234,41.592952728271484,46.461334228515625,441.91796875,95.39916229248047,128.67999267578125,89.46054344445348,41.87911726610087,46.49423979899288,442.5641016519375,95.73544551261263,119.55999755859375,87.47794855214397,40.6357709143088,45.47220061553475,440.0470263897846,94.0540220815274,120.79000091552734,87.66188268615758,41.19823756920078,45.56792383673814,440.6449509609681,94.12127872555384,118579100,43517000,29118700,350823000,66995400,11373700
2023-12-08,128.9199981689453,91.41409301757812,42.135684967041016,47.36871337890625,443.81787109375,96.41763305664062,131.0,92.03655468420764,42.39224719590146,47.60303486322498,444.3482804916818,96.43685343163845,126.88999938964844,88.14494877642409,41.257447654791754,46.41547483619609,440.93428871770044,95.07249269337754,129.5399932861328,89.82065939512195,41.28704997543026,46.46034676903338,441.175389249709,95.23583655915806,89341000,69668000,42815000,359224000,83194400,10572500
2023-12-11,134.41000366210938,99.6368179321289,43.95136642456055,46.492244720458984,445.5440673828125,96.99411010742188,135.0399932861328,100.63101064555806,44.138854055701096,47.39363144924944,445.7176821092958,97.2439236447381,128.25,92.55544195639037,42.51066248602941,45.69755100849952,443.1137849553907,95.476030501699,130.55999755859375,92.64449905273187,42.58960325966863,47.35374994188855,443.3259545711253,95.66819025014254,98668300,101184000,48288200,509728000,65002200,9482800
2023-12-12,137.61000061035156,103.80335235595703,43.457977294921875,47.51927185058594,447.5790100097656,97.61863708496094,139.88999938964844,104.49165042745572,43.85268871838199,47.52824471452688,447.67545610374924,97.66668068570893,131.89999389648438,99.18569971921485,43.05339592141253,45.912927610504205,444.20360273884916,96.03329355579315,132.25,99.51581218049098,43.77374793940317,45.912927610504205,445.1969357013274,96.2254606283608,111677800,90242000,31452200,372387000,68327600,7378600
2023-12-13,138.19000244140625,105.48876190185547,43.9809684753418,47.94902801513672,453.75115966796875,98.11827087402344,139.24000549316406,106.46553178603997,44.128987600899464,48.45356620387965,454.0019136162734,98.65632405327419,136.02999877929688,102.86046942954309,42.75735825929165,47.47041566072205,447.59826994583597,96.9556874943282,137.97000122070312,103.38903642360398,43.497446358514516,47.49135487990882,447.95509399152206,97.4264840261726,70651600,71654000,35216100,447792000,93278000,8988800
2023-12-14,138.0,107.11509704589844,44.582908630371094,48.210262298583984,455.2073974609375,99.86457824707031,141.82000732421875,108.56428749308365,46.44793008966711,48.52933716331639,456.86617007826965,100.21210178677069,135.72999572753906,105.54586637580415,44.05991423037119,47.28494671232897,452.545638522815,99.23711214508427,138.88999938964844,105.72980052404309,44.41515336581766,48.25014760759364,455.6799450229731,99.76804556714718,76115200,66964000,70620800,391232000,119026000,10074500
2023-12-15,139.14999389648438,109.36585235595703,45.549957275390625,48.74870681762695,454.4578857421875,98.98611450195312,140.88999938964844,111.315529466387,46.64528830971267,49.261221291787095,455.7844980857444,101.12917372825471,137.25,105.96601708171671,45.06643137433316,47.980931668648175,452.6180987398149,98.84131180950583,139.52000427246094,106.0241058329944,45.33286355275876,48.05471911639448,454.61281921772417,99.91284142265661,70211800,118544000,84583400,479948000,141553700,16379200
2023-12-18,138.89999389648438,111.0367202758789,45.08616638183594,49.932281494140625,457.0142822265625,99.36259460449219,139.7899932861328,111.50332839576784,45.61903072535941,50.28725168095831,457.9922869448393,99.7294216998992,137.64999389648438,108.2912975694333,44.800001839676554,49.007962299644035,455.00020597615196,98.54205585438899,139.14999389648438,108.50040229251756,45.540089950920446,49.257239821404845,456.0556626634462,99.275710045203,45199500,54741000,27895700,412587000,70375300,5660600
2023-12-19,140.14999389648438,110.82567596435547,46.04335021972656,49.46064376831055,459.7933654785156,100.27001953125,143.47000122070312,111.88376799086045,46.06308635526833,49.55636699628033,459.8708470034899,100.37620768044367,138.55999755859375,110.13810831704636,44.908546893913886,48.75369315436852,457.479114666783,99.51704701015741,138.57000732421875,111.06102104793338,44.99735762171038,49.281163666785375,457.5565666412138,99.66184970132795,63739800,36020000,35358800,464444000,55761800,8498500
2023-12-20,135.47000122070312,107.9859390258789,45.15523910522461,47.97195816040039,453.42181396484375,96.5727767944336,139.5800018310547,110.99878496057917,46.32951460235054,49.854502283693236,460.81970272542947,99.51706432394536,135.3699951171875,107.87701800583167,45.09603446791247,47.95899524383034,452.9957542950649,96.47624410518227,139.0,110.1565835937848,46.02361017386815,49.51149468672903,458.9411749679152,99.14058168038474,54671700,34523000,38159100,397894000,102921000,10814100
2023-12-21,139.91000366210938,109.63046264648438,46.457801818847656,48.84841537475586,457.7211608886719,98.99577331542969,139.97999572753906,110.42111950648884,46.497270325887236,48.95311145717248,457.99228710614074,99.15987960208142,137.3800048828125,108.43524726381948,45.411809214497815,48.279062673701084,453.98346065798535,97.65394922580218,138.13999938964844,110.15173287132637,45.865729041858266,48.669931851728876,456.39454843299563,97.78909644598257,47179400,24106000,28320500,300425000,86667500,9068200
2023-12-22,139.60000610351562,109.11405181884766,47.365638732910156,48.688873291015625,458.6409912109375,99.57495880126953,140.6999969482422,110.08850913492678,47.52352404478188,49.24027260571634,460.31618167604864,99.99970397461641,138.30999755859375,108.29227684435774,46.57621217355154,48.32691966505345,456.7528004658334,99.15020626295286,140.47999572753906,109.6975583495892,46.625550627708435,49.05281623744541,458.8443284649097,99.3625825321112,35396600,19089000,30095700,252507000,67160400,5566400
2023-12-26,143.41000366210938,110.07782745361328,49.83259963989258,49.13658142089844,460.57769775390625,100.82992553710938,143.85000610351562,110.42890486731423,49.852335774632216,49.45665286845571,461.478221018987,101.32225180730894,139.9199981689453,109.2152070171045,48.06625510566455,48.81850309781851,458.97029593582954,99.98042759429026,140.07000732421875,109.33385526028331,48.27347887400653,48.82647939940057,459.04777746109835,100.01904214146002,47157400,16793000,60287400,244200000,55387000,6407500
2023-12-27,146.07000732421875,109.52153778076172,50.08916473388672,49.27418899536133,461.410400390625,101.02298736572266,146.25,110.82470958737152,50.60229297367966,49.53642943515857,461.5556412930502,101.71803440979184,143.17999267578125,109.20936181219416,49.526698036558166,48.94314771611391,459.8417395433534,100.47274301666306,144.72000122070312,110.47752010937603,49.96088549715075,49.36791910846013,460.3742993690924,101.40912543075787,49033400,20055000,52148000,233648000,68000300,5889700
2023-12-28,148.75999450683594,109.15586853027344,49.72405242919922,49.378875732421875,461.584716796875,101.07124328613281,150.41000366210938,110.11185081730106,50.19770836675126,49.73982902864742,462.41745105376606,101.86282295247325,145.9499969482422,108.82910546858103,49.497092527723204,49.26919303504833,461.16834966842947,101.07124328613281,146.8000030517578,110.05836228615345,50.13850372723399,49.49952822100173,461.76869846768426,101.3608486568549,63800700,21247000,27705200,246587000,77158100,5335100
2023-12-29,147.41000366210938,108.55681610107422,49.58590316772461,49.378875732421875,460.2484130859375,100.3955078125,151.0500030517578,109.34747299500965,49.9016737922272,49.85250521620105,461.9139110481109,101.3318901695311,147.1999969482422,108.40316176259982,49.11224723097072,48.610104092310245,458.3020963459827,100.07694337588663,149.5,109.06349923980994,49.63524162200012,49.66903507790819,461.39101424995863,101.0905548142126,62079200,20558000,29288700,389293000,122283100,4409600
2024-01-02,138.5800018310547,105.5546646118164,47.16828155517578,48.02879333496094,457.6727294921875,98.01110076904297,144.39999389648438,107.17097700561447,48.727402316983216,49.152535199799544,458.66042679258095,99.06332661323383,137.42999267578125,104.74844866349765,46.82290860884264,47.457451257375006,455.58117171261154,97.10367759248916,144.27999877929688,106.21013474596428,48.54978086907395,49.101683898702085,457.19826599724024,98.70614768172507,64902000,28831000,45905700,411254000,123623700,9020900
2024-01-03,135.32000732421875,102.94831848144531,46.428192138671875,47.431522369384766,453.93505859375,96.69824981689453,137.42999267578125,104.5451837186541,47.178150178605605,48.04474284454288,456.2590018309508,97.74082033472456,133.74000549316406,102.63030323689553,46.18149610842996,47.183241449788504,453.3347097921151,96.20593098761702,135.7100067138672,104.0783740522709,46.47753059186372,47.34776550065434,455.5230751447963,96.86235609332037,61988600,34735000,35858400,320896000,103585900,6650600
2024-01-04,136.00999450683594,102.01762390136719,46.250572204589844,47.859283447265625,452.4728088378906,95.69428253173828,137.6999969482422,104.01029983837697,46.536740512433994,48.35983153595327,456.03618973770114,96.95888467085587,134.0,101.85813028735066,44.64211674522337,47.3706979086473,452.2500864502016,95.68463442130327,134.3000030517578,102.88802008515322,45.11577268702602,47.62894825426151,453.4604763931157,96.08042053326297,58610300,25658000,47797800,306535000,84232200,7996700
2024-01-05,138.5800018310547,102.04389953613281,46.27030944824219,48.95510482788086,453.0926208496094,96.15766143798828,141.00999450683594,102.64490920864326,47.19788898358277,49.40380504311915,455.53275675735284,97.15196194290041,136.44000244140625,101.28825611896434,46.02361340404019,48.166390532700504,451.6498156943496,95.37573722829441,136.77999877929688,102.26952486799338,46.408458630710044,48.321941715696894,452.67622417899463,95.568802570327,69657700,22475000,34344000,415039000,86118900,7347300
2024-01-08,146.17999267578125,104.53059387207031,47.8096923828125,52.101985931396484,459.5609436035156,98.6965103149414,147.14999389648438,104.83693793946921,48.115593057371974,52.1239255155236,459.7061845131588,99.22745107203527,140.14999389648438,102.30839739401452,46.34925230589207,49.336004592518634,453.4605594436324,97.01681821109052,140.36000061035156,102.74603283596832,46.44792921427588,49.36891016503661,453.58644474883687,97.1423099514168,71756900,33110000,42135100,642510000,74879100,12455600
2024-01-09,149.25999450683594,105.27360534667969,47.41497802734375,52.986419677734375,458.8637390136719,98.35863494873047,149.86000061035156,105.86295120746671,47.91824005579795,54.16799628302355,459.88045489034096,98.43586402855257,145.0800018310547,103.544476611026,47.16828198790462,51.54060955653382,456.4139106022468,96.73686109731823,145.9499969482422,103.63297123625081,47.37550575760561,52.249557041176296,456.91742225203353,97.54775170550955,67875700,23225000,30097000,773100000,65931400,7764000
2024-01-10,148.5399932861328,105.08686065673828,46.84264373779297,54.19292449951172,461.4588317871094,97.30642700195312,150.8800048828125,105.31928977394092,47.6616726062049,54.442201988108685,462.32064377730035,99.21779906438283,146.64999389648438,103.33925724265919,46.31964559049682,53.334412767924995,458.85406976244286,96.51484725958876,150.07000732421875,105.06546969891106,47.60246796769483,53.46104844034716,459.1348885576282,98.96680820998304,56951200,17643000,31480200,533796000,67310600,6975700
2024-01-11,148.02000427246094,106.97452545166016,47.01039505004883,54.6635627746582,461.2554931640625,97.71185302734375,150.3800048828125,107.10289347542928,47.207752627642286,55.18605048150879,462.96939501130794,98.61927625686694,143.69000244140625,104.497529357613,46.112421648067155,53.40521272938546,457.29510006298005,96.52447992137255,148.52000427246094,105.45156769252326,46.81303747245537,54.840053191345746,462.45619075983615,98.17521275286661,62764600,25757000,31707900,596759000,77940700,7862700
2024-01-12,146.55999755859375,107.72335815429688,46.49726867675781,54.55188751220703,461.5749816894531,97.73116302490234,148.75,108.50234379285826,47.03999921320337,54.811138243808735,463.4341538308624,98.83165165142266,145.0,106.97744206579375,45.994010410234836,54.172988448593486,460.1709469448806,97.37399141408379,148.0399932861328,108.15321036723742,46.97092462298027,54.46214745952533,462.6982272154343,97.39329500184269,48293100,26882000,27587900,352994000,58026400,6519700
2024-01-16,158.74000549316406,108.43135833740234,46.43806457519531,56.21905517578125,459.88043212890625,98.1462631225586,159.72000122070312,109.52835187174287,46.595949892435485,56.670745116790805,461.5071892712775,98.80269560094126,149.97999572753906,106.8432407777044,45.76705103585386,54.74133972907017,458.0696933340662,96.72721001745408,150.36000061035156,108.17655881246279,46.35912003443378,54.8589987377964,460.1999916518418,97.04577446247158,112711400,26145000,43720700,449580000,85014900,11185500
2024-01-17,160.1699981689453,107.33338928222656,45.45127868652344,55.89101028442383,457.32415771484375,99.38188934326172,160.63999938964844,108.25144222066503,45.80651781369869,56.30780154944078,457.8083137942025,99.74872377097479,154.39999389648438,106.0243929392822,45.04669734109243,54.5818050801591,454.9808292885089,96.53413529795992,158.4499969482422,107.58818881637225,45.80651781369869,56.18415935716655,456.8690498182248,97.37398492644138,104085000,18314000,33488000,474394000,68843900,17649500
2024-01-18,162.6699981689453,111.24678039550781,46.12229537963867,56.941959381103516,461.3910217285156,109.11253356933594,168.60000610351562,111.5035238764826,46.941324312035725,57.43353464294008,461.9429667160371,109.46005705076732,158.22000122070312,109.10433792303577,45.559824919872035,55.94484937824919,457.4500139514087,105.6855761343461,166.1999969482422,109.3980314527131,46.408459938119755,57.094517089822695,458.98962663985805,107.34595709955477,131864900,32228000,46681300,491650000,91856200,58783700
2024-01-19,174.22999572753906,117.79083251953125,47.51365661621094,59.319068908691406,467.1427917480469,110.24200439453125,174.25,118.35488468532415,48.115591764024586,59.3280417723161,467.4236105266518,111.15908330540125,162.1999969482422,112.42255408475478,45.82625291965619,57.05961512425851,461.43944893766223,107.17221790603699,165.8000030517578,112.54995756193648,46.37885337888682,57.8214070619552,462.51426116700225,109.2959737799162,140367900,53077000,55979800,543501000,110834500,37812600
2024-01-22,168.17999267578125,118.69528198242188,47.58273696899414,59.481597900390625,468.1305236816406,109.11253356933594,174.72000122070312,119.74851433724783,48.52017897988624,60.15664330232137,469.8444255597238,111.11078990508132,164.14999389648438,117.50103100753813,47.01040030640689,58.89928603895681,467.4817415348223,108.62020740981312,174.38999938964844,118.2819607549706,48.20440832614263,59.87545679775879,468.6727761250073,110.801880962139,122973800,31222000,45639500,452955000,75844900,17755500
2024-01-23,168.4199981689453,119.26029205322266,48.24387741088867,59.6999626159668,469.4958190917969,110.17442321777344,169.6300048828125,119.32545175934817,48.29321586647265,59.73685443495751,469.7378971314764,110.64744585758844,164.27000427246094,117.0439345838682,46.6946265669979,58.41568304614902,467.5882725076425,109.23804814531928,166.5,118.7438891396916,47.48405314919019,59.39783691409728,468.6727773973201,109.58556431104144,76830500,16952000,37224100,294654000,49945300,11667900
2024-01-24,178.2899932861328,121.9405288696289,48.44123458862305,61.18465805053711,470.009033203125,112.4815902709961,180.5800018310547,124.92420051206983,49.1122481188933,62.667360005652704,473.2819033399484,114.73083777221424,170.55999755859375,119.71736038912583,47.6320718781706,59.76477374613349,469.51518456670595,110.63779180411858,172.5500030517578,120.81533321207581,48.520175364034515,60.12971710051197,472.3523319806955,111.33283887444962,125516400,34805000,49375800,560271000,81765000,21859200
2024-01-25,180.3300018310547,119.61915588378906,48.8951530456543,61.43892288208008,472.56536865234375,112.52018737792969,184.9199981689453,124.5789804781363,49.63524114553085,62.53773920716308,472.8364948673133,114.7211645162397,177.6300048828125,119.50245159720467,48.32282020584345,60.67413746929077,470.0090399898508,112.44296566594892,183.41000366210938,124.5789804781363,49.33920665843677,62.169802358134476,472.1296163726771,113.9295848899182,127171400,36356000,84845100,482777000,72525000,15485300
2024-01-26,177.25,117.17618560791016,43.07312774658203,60.8546142578125,471.9649963378906,113.19593811035156,181.22999572753906,118.76430302868637,44.80986611742092,61.60444363196895,473.6208017271318,113.94890324713249,174.14999389648438,116.7239704689346,42.77708950325992,60.39794153183259,471.122569553023,112.26921122162345,175.2899932861328,118.61745256549473,43.5961221183612,60.78382030493906,472.13928542085506,112.84841460645718,107381200,25818000,127665300,390309000,76641600,10196400
2024-01-29,177.8300018310547,118.42975616455078,43.260616302490234,62.28446960449219,475.7026672363281,112.92564392089844,178.88999938964844,119.00353546761474,43.40863542733626,62.308398507444245,475.8479376894722,113.78479720591413,174.39999389648438,117.18688424792838,42.24422985568122,60.730973730437555,471.73261132928997,111.74792619582867,178.77000427246094,118.15161432502822,43.1323333119092,61.055031402652325,472.27486373270614,113.10905378474148,89384500,21526000,51790900,348733000,61322800,10042200
2024-01-30,172.05999755859375,117.49518585205078,42.3527717590332,62.59257888793945,475.334716796875,112.03753662109375,178.47999572753906,119.4246536488256,43.2408789546181,63.309502714007664,476.04156568160744,113.91995704048051,169.52000427246094,117.11882214090856,42.323169440607906,62.08006442941247,474.5794050287412,111.55486585175942,176.1300048828125,118.33251998499378,43.09285983392641,62.71821799882993,475.0151572718124,112.32714202868293,122265700,20683000,47958800,410735000,58618400,11030800
2024-01-31,167.69000244140625,114.75658416748047,42.51066207885742,61.349185943603516,467.5785827636719,109.04496765136719,171.3000030517578,116.43125240430058,43.21127790693192,62.08904212424609,473.5821004537836,110.7632742278638,162.55999755859375,114.20322379114114,41.80017630149584,60.52457632784889,467.5591976080332,108.96773856894762,165.74000549316406,115.67560905745792,42.00740006513206,61.262435580323725,473.1366851322255,109.56625291024324,133157300,27400000,51584200,453795000,126011100,12853900
2024-02-01,170.47999572753906,116.70258331298828,42.78696060180664,62.844852447509766,473.6982727050781,109.4600601196289,171.13999938964844,117.00211614287977,42.994184366273146,63.00837994825412,473.7273208849261,110.07787802283492,165.86000061035156,114.67003381037551,41.92845946024345,61.471833071842404,468.4693639281419,108.70709501040723,169.27000427246094,115.47138244120958,42.579736837340135,61.92052952927185,469.2730794881658,109.85585362651076,91576700,19411000,38819900,369146000,91891600,8807600
2024-02-02,177.66000366210938,119.0687026977539,42.03700256347656,65.96881103515625,478.68511962890625,111.73828125,179.0,120.0752576190934,42.56986689876739,66.40753432722695,480.33123256171854,111.94100208596586,173.0500030517578,117.20245074655415,41.05021843039699,63.50594394904797,473.7951255169084,109.9717044959058,173.7899932861328,117.5525561609602,42.43171772242148,63.78912362662744,474.1340406811921,110.87912788401412,82134300,26689000,53683500,476578000,99228200,10044000
2024-02-05,174.22999572753906,120.89312744140625,42.20475769042969,69.13163757324219,476.9421081542969,114.67291259765625,180.00999450683594,121.34534998972757,42.57973671381655,69.2961616511714,478.7141358274664,115.39691869063878,171.11000061035156,118.85571086559959,41.869250935669385,67.010785504722,474.69564656369516,112.53950886079757,179.08999633789062,119.3234924991205,42.05673856522146,68.02783445051155,478.0556906983339,113.07044224333558,76349200,22045000,28890300,680078000,75757100,13267600
2024-02-06,167.8800048828125,118.90435791015625,42.29877853393555,68.02583312988281,478.32684326171875,115.24246978759766,173.8800048828125,123.7144086651279,42.3383627277486,69.55240673067756,478.6560658444282,116.79667024801978,165.5,117.86279682272607,41.70497032294128,66.10839412447636,476.45797836644056,114.18059557217775,173.14999389648438,122.88388578888308,42.259190564805955,69.42876454653677,477.88139839933996,115.95682782621935,68854100,25354000,34068200,683111000,55918600,11503800
2024-02-07,170.94000244140625,122.25077056884766,42.33836364746094,69.89640808105469,482.3162841796875,120.64836883544922,172.97000122070312,122.48903160297799,42.65505985674417,70.01706057362387,482.73265130891053,120.6676724224499,168.1999969482422,119.29821686254915,42.11073848299591,67.40462981569888,479.66308881437243,115.84096552555191,169.47000122070312,120.0081549084103,42.44722867727391,68.12155362100862,480.5636415654776,115.85062100153736,53665400,25768000,34269200,495575000,70556500,18172500
2024-02-08,169.35000610351562,123.97211456298828,42.061256408691406,69.43972778320312,482.52935791015625,129.0951385498047,172.1699981689453,126.03481759468268,42.52640562884181,70.58939534958982,482.90698431385846,130.07979118632323,168.60000610351562,123.02391549414256,41.89301319520865,69.2542683281726,481.50294930962457,121.73923967273936,170.3300018310547,123.21744322459135,42.278986473496566,69.87147502102263,482.3163280373736,122.59839317746236,43385300,29326000,33206500,414422000,52343600,33367000
2024-02-09,172.47999572753906,124.8162612915039,42.862892150878906,71.92452239990234,485.3180236816406,128.49659729003906,175.10000610351562,125.04091463027272,43.07072331744834,71.97636644817582,485.7537463849515,130.48519826285357,168.66000366210938,121.46596015224924,41.96228665376166,70.00906929428511,482.69387668269746,126.0639327818668,171.0,121.76160507386172,42.1107358690328,70.32914067903327,483.03279181896556,129.83842127761378,56375700,26293000,51193000,436637000,63979400,16984200
2024-02-12,171.91000366210938,123.02294921875,43.57545852661133,72.03919219970703,485.10498046875,125.9384536743164,177.41000366210938,125.46104407434171,44.57503398469183,74.39536169687851,487.5451161916344,128.88273335088027,170.6699981689453,122.43944264315216,42.87278906222066,71.04407549243956,484.3884094588291,125.74537359787007,172.67999267578125,125.45521219905187,42.94206612066388,72.39017224345903,485.28896212192205,128.65106082705148,58177100,24778000,51107300,613710000,56502300,14203800
2024-02-13,171.5399932861328,121.72463989257812,42.714439392089844,71.91954040527344,478.4236145019531,123.12931060791016,173.1699981689453,122.13503769582809,43.17958857482636,73.23771827831571,481.33824328857344,125.41716523700802,164.3000030517578,119.33614574957832,42.31856726525242,69.41879318637284,475.17010013129357,122.09639550307148,167.94000244140625,120.11707537045375,42.55609129641815,70.19653768234375,478.8593667536311,123.4961377245451,63071300,31907000,36622200,602580000,113099200,14494000
2024-02-14,178.6999969482422,122.7525863647461,43.73380661010742,73.6864242553711,482.7713928222656,124.7896957397461,178.74000549316406,123.80095865800669,43.83277653306883,74.0214517262709,483.25554889436194,126.25700416610063,172.8800048828125,120.7200369223287,42.94206610299881,71.73009661007124,478.73351817874396,123.52509340800955,173.47000122070312,123.43529415420785,43.36762733344154,72.99044348203591,481.0477983876243,125.13721925755466,57402500,27306000,36186200,504917000,68387800,13069700
2024-02-15,176.75999450683594,123.0297622680664,43.595252990722656,72.44803619384766,486.1023864746094,124.5580062866211,180.5,124.48172116366129,44.802659637413264,73.76123177748191,486.28636814510776,126.5852292263892,175.25999450683594,121.06333699246866,43.56556390115373,72.19078612226828,482.9940832312684,123.90158117008914,179.13999938964844,124.4768612675163,44.29792246284209,73.65554289516429,483.4685762738627,126.26666477985755,51126400,21873000,44024500,420122000,61683000,12554000
2024-02-16,173.8699951171875,121.12459564208984,43.060829162597656,72.40314483642578,483.681640625,122.29911041259766,180.3300018310547,124.06159026711016,43.76350244978494,74.18697602398943,486.9351554606331,124.18152329034307,173.25,120.82409084136847,42.67485587510025,72.29146900724291,482.9457138905167,121.44960522471602,177.4499969482422,122.44332654383086,43.57546147103312,73.8858468671519,485.8022467252244,122.72385564156771,53940300,21268000,29975300,495327000,75532900,13104400
2024-02-20,165.69000244140625,119.28363800048828,44.060401916503906,69.25127410888672,481.01873779296875,120.9862289428711,171.80999755859375,120.36993981589143,44.703689430093235,71.74803488638726,482.6164468795506,122.65626529573395,162.0,117.92308964322315,42.97175541030291,67.53823713980917,478.78193916164605,119.84712589500629,171.13999938964844,120.1890478000212,43.80308389081493,71.73905822029711,481.9483091532552,122.49215903955108,66550000,26329000,61514100,704833000,71736700,12038800
2024-02-21,164.2899932861328,119.37116241455078,43.021244049072266,67.2770004272461,481.4544372558594,120.99588775634766,164.89999389648438,119.42951084545315,44.22864696301597,68.68890843457064,481.609370733512,121.03450229621289,161.80999755859375,116.95835388897294,42.6352707698016,66.05653886283757,477.92010410161913,118.65011522054066,162.74000549316406,118.45213752939549,44.020815778072794,67.80945371472042,479.7211799226085,120.11743091056745,48365700,20579000,57485200,673755000,59293400,11469700
2024-02-22,181.86000061035156,126.90328979492188,42.53630065917969,78.31103515625,491.4183349609375,124.59661865234375,183.8300018310547,127.4945796548575,44.218751667634606,78.34792317872578,492.37695437493585,126.92308017714082,172.0,124.13843170594568,42.090945425277404,74.0055129470122,487.08028660722704,124.52903768555382,173.1999969482422,124.64803078941827,44.218751667634606,74.80818688297568,488.0389355717621,125.19512559275539,100684700,40819000,62809300,865100000,76402500,17014100
2024-02-23,176.52000427246094,126.07373809814453,42.54619598388672,78.58921813964844,491.75726318359375,125.04067993164062,183.8000030517578,128.3348440707372,43.060824460813436,82.15587637734276,493.9650133978183,126.46938118858054,174.5500030517578,125.3395004270638,42.21960091454698,77.3458203592003,491.03102917167075,123.303069697662,181.86000061035156,127.24076627988775,42.68475009500671,80.55651569183838,493.132249697867,125.9770623396873,69207400,23115000,33810700,829388000,61321800,10123300
2024-02-26,176.00999450683594,127.31464385986328,42.54619598388672,78.8634262084961,489.9562072753906,126.1122055053711,179.83999633789062,128.2540951473698,43.22907143525656,80.41293598535317,492.62875800348365,126.68175342146955,174.80999755859375,126.56872772891928,42.3779490094436,78.27811704521838,489.83032198014877,124.10429353663984,178.77999877929688,127.39925798827299,43.05092935658332,79.46966317926245,492.1930057584985,125.51369852438229,45435100,16282000,27035400,503973000,50386700,9526700
2024-02-27,178.0,126.0600814819336,42.28887939453125,78.47354888916016,490.866455078125,124.13325500488281,178.4600067138672,127.58789891103378,42.82330564855216,79.25030450092336,491.089177503547,127.39611385848619,172.49000549316406,125.6701027331671,42.07114934097092,76.93900277777333,488.75554175218684,124.13325500488281,175.9199981689453,127.3146169994172,42.803511664108804,79.1515839793688,490.6437622032437,126.23770705062056,43665200,12126000,25126400,391705000,48854500,8851800
2024-02-28,176.5399932861328,125.39783477783203,41.5565185546875,77.43854522705078,490.21771240234375,122.96519470214844,176.83999633789062,126.28282560843859,42.011768845825976,78.70487140466068,490.798676044666,124.12360889365611,173.58999633789062,124.77055942653638,41.477342621281004,76.90209811291284,488.9588888927158,122.2604995482461,176.25,125.74599626660917,42.001869966492016,77.39567023328642,489.3171596556616,124.04637980789474,35914400,10967000,26928500,393110000,56506600,6519100
2024-02-29,192.52999877929688,126.4743881225586,42.60557556152344,78.88334655761719,491.97998046875,124.2104721069336,193.0,127.2436465591484,42.704545483662436,79.75880728050764,493.5873820410347,124.71245374289498,179.82000732421875,125.18969878381964,41.922700087688604,78.12354788867853,489.33650744640795,122.74315646752294,179.82000732421875,126.74863463901563,41.93259519224425,78.8654008337766,491.9703174424767,123.59265422034278,105538500,27536000,48875100,507289000,83924800,9369900
2024-03-01,202.63999938964844,136.07118225097656,43.36763000488281,82.04120635986328,496.598876953125,129.25921630859375,202.72000122070312,136.90656507786497,43.812985247351655,82.06214938054762,497.02493667557957,131.91390533810508,195.4199981689453,128.37178542446938,42.684754483308424,79.20542398518815,492.44483898500675,125.59093052449514,197.91000366210938,128.94848820093912,42.96186273403715,79.76879352380037,492.8515431020925,125.61988959005811,103820800,44488000,41426100,479135000,76844800,24393000
2024-03-04,205.36000061035156,136.37168884277344,45.13915252685547,84.99066162109375,496.0663146972656,133.46810913085938,211.00999450683594,139.86398847333962,46.12882917502045,87.44155809825308,497.90613146747353,137.06884349482561,203.5,134.7116074300453,43.39731951190769,83.47705094561937,495.775832865413,132.90820929895625,205.16000366210938,136.45824694486018,43.812985667301724,83.88685863778845,495.80491059914067,135.08989049394813,86835300,34854000,59990800,615616000,49799300,26544600
2024-03-05,205.1300048828125,130.584228515625,42.714439392089844,85.71959686279297,491.1085510253906,130.29212951660156,205.3300018310547,135.66561687556805,44.406785372452866,85.85222196268086,494.5170287187888,132.66686110418345,199.14999389648438,129.57476508535544,42.249290209353326,83.1798410349623,488.910493074669,129.09510088167963,200.5,135.66561687556805,44.09998806070443,85.02756969671704,494.0715838516931,132.36760762793818,65407100,36040000,56655100,520639000,72855600,13694700
2024-03-06,210.6300048828125,131.28932189941406,44.05050277709961,88.44779968261719,493.5971374511719,136.6633758544922,214.80999755859375,135.64910156198053,45.04017935400904,89.4688902523757,495.8436288177244,139.00914815930963,207.32000732421875,131.00339675854065,43.11031304928887,86.78254975478006,492.309295244367,133.80595910559973,210.42999267578125,135.33303764380204,43.476492325656736,87.77173362164056,494.37177538075554,133.98937631065576,86687000,43196000,52652000,582520000,68382400,22292700
2024-03-07,211.3800048828125,136.8336181640625,45.67357635498047,92.40552520751953,498.4967041015625,144.02894592285156,213.8300018310547,137.54354882399846,45.94078571326764,92.50324615104638,499.54249762191694,146.34577431366674,208.22000122070312,133.51539979618516,44.71358885003174,89.34724386412462,493.65514404575936,139.15396850107467,212.52000427246094,134.40039059272496,45.07976813297767,89.90166281939615,496.8796395912252,139.87797461134028,63869000,62832000,50378200,608119000,58652100,34675700
2024-03-08,207.38999938964844,127.27476501464844,43.54576873779297,87.27912902832031,495.50469970703125,141.29701232910156,227.3000030517578,137.41614330742044,46.14861915352694,97.12306133342042,501.7986991966138,152.91006789063576,205.60000610351562,126.58040090953527,43.54576873779297,86.26003174516178,494.93339907868494,139.90691839246915,213.41000366210938,135.59268072329698,45.960578190502105,94.86749190765931,499.1262072798715,148.56603170362973,120815200,74025000,54916600,1142269000,86532500,43856900
2024-03-11,198.38999938964844,125.75765991210938,44.39689254760742,85.5301284790039,495.0786437988281,134.2017822265625,203.5500030517578,126.33143930490387,44.46616960706335,88.5445284611464,495.65963700941484,139.39530958748335,196.6999969482422,121.81314546747394,43.20927988143693,83.92669865835357,492.3867371553007,134.11489029501143,203.00999450683594,124.28041466374393,43.4171110598047,86.18326495849031,494.30400588507405,138.6423443803249,73098600,31105000,35051000,678364000,62557200,29227100
2024-03-12,202.75999450683594,125.6370620727539,44.772972106933594,91.65167236328125,500.4044189453125,139.39529418945312,202.85000610351562,127.18433418551902,44.80266119753635,91.69853581019218,500.98538263864816,141.61558238604582,194.27000427246094,122.46666637405455,44.00102177341143,85.90505740123257,494.67196803265733,135.6980495388381,200.52000427246094,127.10749589381018,44.59483001268361,87.79866017993605,497.17992269457994,139.51114517540975,68951700,42789000,31795800,668075000,73114400,21218500
2024-03-13,194.7899932861328,122.32953643798828,42.78371810913086,90.62958526611328,499.6199951171875,137.21365356445312,198.8300018310547,124.76178431653281,44.51565212448583,91.24383116033475,500.89817425614416,138.26587236659236,192.6999969482422,121.79367916079612,42.75402901982607,88.18355678072699,498.1869120376378,136.47033641278372,198.72999572753906,124.76178431653281,44.0505029236892,90.79611026460987,500.7238851600706,138.09211795006752,70526900,37838000,53195900,635713000,55104100,12923100
2024-03-14,187.05999755859375,122.75745391845703,42.30867385864258,87.69396209716797,498.6322937011719,134.7809600830078,196.92999267578125,123.813609530742,42.90247829740919,90.38828336998239,500.74320684304695,138.14035872389044,184.02999877929688,121.3414804943925,42.07114981794601,86.35378152826699,495.60147230683197,134.2017640872954,192.9199981689453,122.78371219737006,42.783718164719176,89.32232245586333,500.5882438210127,137.66733614027578,84490500,38029000,38100000,602318000,110171800,14961900
2024-03-15,191.05999755859375,120.15403747558594,42.199806213378906,87.58726501464844,495.20843505859375,132.23248291015625,193.8000030517578,123.25343434022453,42.70454335281141,89.29140572149215,497.02482972446626,132.92753001251776,184.47999572753906,119.62596339436989,41.912799116471504,86.01176295929899,493.5474849090623,129.9639390796219,184.8300018310547,121.90066928428409,42.011769033672145,86.68284605628648,495.5775416790132,130.7458633872928,95289500,88823000,66952900,642086000,107646300,22751200
2024-03-18,190.64999389648438,120.3232421875,42.26908874511719,88.20349884033203,498.1515197753906,132.43991088867188,193.5,122.8167693548829,42.93217406267901,92.14226481208601,500.69637526560086,137.18928704429408,188.0500030517578,119.78446895422843,42.16022370974758,86.83739140527486,497.74358168127196,132.41083422243508,193.2899932861328,121.95123305673017,42.64516692858036,90.13100142686399,499.25883960128044,135.87109061244348,59306900,25737000,27668300,668976000,88893300,14732900
2024-03-19,181.4199981689453,120.39813232421875,41.61589813232422,89.14382934570312,500.91986083984375,130.7242889404297,185.61000061035156,120.61791833164706,41.853422165234505,90.28656718338365,501.20152252357065,132.08126386412707,177.36000061035156,117.09255730182272,41.01219483335548,84.76830466715785,496.46147237398134,128.94085139589097,183.16000366210938,118.35001639961895,41.81383419719672,86.45349454494367,497.46196123413176,131.14107906069776,83509500,24491000,34673000,672171000,60755300,17341100
2024-03-20,179.72999572753906,124.62118530273438,41.76435089111328,90.11505126953125,505.5529479980469,132.54652404785156,182.67999267578125,125.79219228633609,42.5659864751525,90.15294523438696,505.688947116047,133.0893081785052,174.0,119.795530759328,40.98250551566579,87.97215934887909,500.30785211015336,130.8600035363849,182.02999877929688,121.00951676543244,42.54619626656077,89.54168157483528,500.9780657234889,132.33328531227215,81773100,40946000,74865000,479063000,69594600,12750200
2024-03-21,178.67999267578125,131.65310668945312,41.982078552246094,91.1750259399414,507.22369384765625,135.1635284423828,187.69000244140625,137.08427517279154,43.149897214242884,92.38458214165158,509.0788903449226,138.21671138515902,177.66000366210938,128.52781343948863,41.883112404748005,90.1479556941056,506.9419728955261,134.76612763307645,185.97000122070312,129.73104724251718,42.546197673998094,92.0375720151123,508.37956788041765,138.16824534674828,75265600,72468000,50807600,480372000,60256100,17809400
2024-03-22,179.64999389648438,132.18734741210938,42.130531311035156,94.02090454101562,506.26202392578125,136.2200164794922,180.75999450683594,134.40923196281076,42.35815646924932,94.50851255895188,507.62183717523607,136.99542870448226,175.0500030517578,131.47244107338182,41.65548701015561,90.5757265000991,506.0288571860112,134.83397951374477,177.2100067138672,131.8484479489016,41.81383511044879,90.88185279949899,507.13617688228,135.11505886555267,57899100,38624000,28503100,586719000,79070800,9944100
2024-03-25,178.6300048828125,132.0027618408203,41.39817428588867,94.73189544677734,504.8633728027344,135.91954040527344,182.8000030517578,132.67273690369802,41.78414755859529,96.49088009677016,506.00952410002293,137.3249666678332,172.0,130.62469092829443,40.15117964680319,93.24414062902237,504.70792829326916,134.97935553664743,172.89999389648438,131.36305390770448,40.46787585904025,93.67391499463383,504.8924815953154,135.85169978875012,71935300,21237000,47276500,552136000,48512100,9922200
2024-03-26,177.8699951171875,130.04066467285156,41.5565185546875,92.29781341552734,503.9309997558594,134.572265625,182.60000610351562,134.77256028800005,41.83362677097765,96.1009718491892,506.6215776519964,136.6271101004303,176.3300018310547,129.9449454296618,41.229923492360136,92.23898306006764,503.5327842673975,134.3784162793292,179.5399932861328,133.2831521730827,41.51693058798425,95.57845969689596,506.2815797621157,136.28786265318857,65322400,23522000,39109700,513648000,65463700,10786400
2024-03-27,179.58999633789062,128.79444885253906,43.318145751953125,89.99340057373047,508.1658630371094,132.4883575439453,181.22999572753906,131.8484485090939,43.37752770777571,92.97489725482532,508.20475380954497,134.99874129347413,175.39999389648438,126.57646876712315,42.061256001916675,88.8696059634602,504.5914097711624,130.99568654331523,179.9600067138672,131.8484485090939,42.100843972465064,92.8472628285773,506.74777267634687,134.59165323596326,55685600,25583000,51017800,586067000,82999800,13842800
2024-03-28,180.49000549316406,129.4468536376953,43.714012145996094,90.09910583496094,508.06866455078125,131.86802673339844,183.39999389648438,129.90393052383465,44.139573371770645,91.0404221311914,509.5644769063635,132.59497284020907,178.3000030517578,128.09125578073665,43.25876183131705,88.93941042675222,507.7870029241564,131.27677664160223,179.47000122070312,128.71337868800322,43.30824490459669,89.74411520186113,508.20466366075334,131.5093899303375,57628600,19856000,54204200,435212000,96294900,10019400
2024-04-01,183.33999633789062,131.87384033203125,44.060401916503906,90.1060791015625,507.184814453125,137.14080810546875,187.24000549316406,133.11614879287623,44.94121347108948,91.96278458075767,509.3411773364756,138.56562362244173,179.89999389648438,129.44685166803768,43.72391172736055,88.95037777581965,506.0289403944362,132.8372848941835,180.10000610351562,129.47321432329107,43.832776755512306,90.04226569169144,508.8069627833215,133.06989817711394,74299900,17252000,31712600,452441000,62477500,14222700
2024-04-02,178.6999969482422,130.75067138671875,43.486385345458984,89.19766998291016,503.96002197265625,135.9098663330078,180.10000610351562,131.103236449212,43.62494323084944,89.83784291883602,504.0959618045382,136.70465317537324,174.8300018310547,127.29819239323605,43.05092903160946,87.3708780678764,501.6676602284869,135.06661345140776,179.47000122070312,128.50728281572594,43.47649024130356,88.19651917898095,503.37719402358005,136.06495174265527,61598800,24694000,32748400,433064000,74230300,9869200
2024-04-03,180.77000427246094,133.13861083984375,39.91366195678711,88.71105194091797,504.51373291015625,137.63510131835938,182.0500030517578,134.46784605952357,41.22003486058666,90.11704664082849,506.00960495039743,138.53650720678533,176.6999969482422,129.433174862916,39.80479691891767,88.14866014711569,502.8236441291165,134.13606751719686,177.5399932861328,129.69981174335226,40.97261569281679,88.23242095077572,502.8721983143161,134.3202295261665,49835100,28650000,83718000,370067000,59155800,9707500
2024-04-04,165.8300018310547,128.67430114746094,39.31985092163086,85.66075134277344,498.3554992675781,135.36708068847656,183.02000427246094,137.12040902088367,40.3590105980652,90.37630961608212,508.845750562364,142.23914198867706,165.64999389648438,128.43013738816785,39.29016183168939,85.6358209019151,498.0543922336854,135.14413986842013,182.9199981689453,135.29797334437288,40.170973402908174,90.14895342900508,508.50581204447843,139.57367254766268,88280000,27014000,57307200,434965000,96858100,15759500
2024-04-05,170.4199981689453,130.8161163330078,38.31038284301758,87.75777435302734,503.5617370605469,137.0148162841797,172.69000244140625,132.94523234601434,39.0526403426771,88.22942906906539,505.5141009734885,137.63514309810193,165.5800018310547,128.35202023516578,38.11244675471166,85.68169327218381,499.2685165612303,134.64981568430176,168.10000610351562,129.5044810813524,38.943775305343,86.61901544259366,499.7056226929599,135.69661995587515,66080300,19438000,67263000,399678000,74546500,8263600
2024-04-08,169.89999389648438,130.49090576171875,37.58791732788086,86.88525390625,503.84344482421875,138.40086364746094,171.66000366210938,131.11596451226634,38.4588338048539,88.57742734725042,505.26159438808656,141.5122000323791,166.82000732421875,128.5034087937972,37.518640266960844,86.48539311445134,503.03729132856745,138.37178698131993,168.1999969482422,130.2516299994034,38.24110374178147,88.44779211337963,504.26116489557916,140.7755665072087,43997500,17139000,56967800,283220000,48401800,16307400
2024-04-09,170.77999877929688,130.29359436035156,37.934303283691406,85.11131286621094,504.42633056640625,140.93063354492188,171.60000610351562,132.77429149314304,38.18172241669127,87.38583323801888,505.81531221165,143.61549237179352,167.2899932861328,127.80897785097383,36.94462675169194,82.78595022062588,499.59883530879597,138.5559455353425,170.2100067138672,132.56821871962708,37.65719128751643,87.19338119556187,505.57248200895594,141.7641991291966,42886100,17986000,78671700,501700000,68049200,18443400
2024-04-10,167.13999938964844,129.1499481201172,36.81597137451172,86.79154205322266,499.3754577636719,141.72544860839844,169.77999877929688,130.45671022262948,37.82544198969589,87.15151575985122,501.35693090400446,143.8675087080897,164.0,128.47703724419668,36.63782927916647,83.47100770547938,497.4037073171434,140.79495085806306,166.7100067138672,129.21148085269184,37.62750590872153,83.68739361620145,498.75379820739244,142.12284945957083,59600000,17467000,51108400,431929000,82652800,18861300
2024-04-11,170.5,135.0186309814453,37.24153137207031,90.35836029052734,503.1440734863281,142.67529296875,170.9499969482422,135.93765760855328,37.28111556667766,90.48101167566662,504.5816090108978,143.0242277079871,166.5500030517578,129.27492692365166,36.697209999223986,86.67885677486333,497.3938721033446,139.69966778921327,167.5500030517578,130.1568461499343,37.04359529776712,87.1714479258609,500.8906025681321,142.67529296875,48994500,31713000,41909100,431637000,70099000,11818800
2024-04-12,163.27999877929688,131.26927185058594,35.321556091308594,87.93526458740234,496.1991882324219,138.13916015625,165.6999969482422,133.46088898188117,36.32113156006494,89.91861544290224,501.0266533234711,142.00650427276085,161.82000732421875,130.54166861375302,35.23248504731364,87.2811315064311,494.47993161292834,137.78052332595084,164.52999877929688,132.0447421527291,36.311232680000735,89.44396327846418,499.61822644383983,140.54292465753645,63519600,27823000,80254800,426805000,92561100,12024000
2024-04-15,160.32000732421875,128.00921630859375,35.935157775878906,85.75645446777344,489.9827575683594,135.83230590820312,164.44000244140625,133.80175786502454,36.32113103584749,90.35533969769338,500.5215638494566,141.0081587644621,158.75999450683594,127.55117075790747,35.519491651462836,85.6846606005455,489.13768362770764,135.58030324272002,164.42999267578125,133.80175786502454,35.66794464775069,88.84464822890885,500.3564559239092,140.56230675708764,61461200,24370000,50751600,443077000,92101400,13458800
2024-04-16,163.4600067138672,129.80332946777344,35.88566970825195,87.16645812988281,489.0891418457031,135.50277709960938,164.8800048828125,130.51237904922013,36.13308884345184,87.86745463811035,491.97396569301293,136.22002123119412,161.6699981689453,128.039490581692,35.390831437852185,85.81930143123056,487.80699132637494,132.8469949430492,162.27999877929688,128.46725407369155,35.895568587837126,86.18724795044986,490.4587076764823,133.65148386043523,55302100,18923000,30607500,370453000,73484000,14218200
2024-04-17,154.02000427246094,125.26871490478516,35.31166076660156,83.79607391357422,486.194580078125,134.75643920898438,164.4499969482422,131.55544039316658,35.757015983802184,88.52259493497695,491.7019816659058,138.1876335589198,153.8800048828125,125.15053749045353,35.00485966690412,83.7113088922385,484.8055985468662,133.1377741100237,163.97000122070312,131.17552906611036,35.727323119111105,88.08882656112145,491.5368440989878,136.79189448706526,75909000,24718000,41173300,495400000,75910300,18823200
2024-04-18,155.0800018310547,122.95991516113281,34.67826843261719,84.43024444580078,485.1940612792969,128.20423889160156,156.9600067138672,126.24733394440926,35.29186685801872,85.94493013538192,489.6718647132033,130.97632772229633,152.32000732421875,122.61515152367346,34.41105530172058,82.167698910902,484.2616017919348,126.29479231295385,155.50999450683594,125.7931928526227,35.054342816560656,84.7283978612392,487.583531326544,128.80517636455878,52669800,24888000,42334400,447260000,74548100,39306100
2024-04-19,146.63999938964844,117.65863800048828,33.84693908691406,75.98334503173828,480.9591369628906,123.7746810913086,154.25,123.05856434695187,34.76733858919146,84.08424741361141,486.1071245547147,127.50634349577507,145.2899932861328,116.960325605913,33.82714510268787,75.3910397359179,479.6964023315547,122.74726634653234,151.58999633789062,122.95992419117023,34.76733858919146,82.91358934859076,485.1163881622374,125.39334589729175,71618200,44797000,59070300,875198000,102212600,28284000
2024-04-22,148.63999938964844,119.58751678466797,34.054771423339844,79.29190826416016,485.38836669921875,125.76168823242188,149.88999938964844,120.44111393027156,34.213119527250065,79.8453305652036,487.9720832401042,126.64371980733179,145.6300048828125,117.25135931303184,33.72818011072603,76.18277728835372,481.22139272247443,121.91371863087737,148.14999389648438,119.59142125933381,34.06466652813322,77.88192715774476,483.5525564034497,122.85390353340634,49397000,25162000,39909900,596341000,67961000,18556800
2024-04-23,152.27000427246094,122.00277709960938,33.92611312866211,82.18864440917969,491.1483154296875,129.3285675048828,153.5,122.85344583708408,34.242809343199326,82.53366130187051,491.5756989172583,129.59997435802495,150.35000610351562,119.93520141370362,33.82714697736298,80.03578647084935,485.2038373746558,126.64372353570923,151.64999389648438,119.9498506440904,33.98549508463159,80.53934787289336,487.3893089914972,127.322203694169,46051900,22025000,46834000,438559000,64633600,12573800
2024-04-24,151.74000549316406,122.74796295166016,34.14384078979492,79.45045471191406,490.9151916503906,128.88272094726562,157.66000366210938,125.56072689872687,34.816821142169815,83.84292866853282,492.81897189579723,132.10066188873932,150.6300048828125,121.5896529480429,33.9854926936665,78.95785602564062,488.7005816711836,127.49666911684038,156.55999755859375,123.43943492691717,34.50012494991297,83.71130021339918,492.0322045112339,131.90681251945324,43412600,20108000,53261100,512208000,55928100,15558000
2024-04-25,153.75999450683594,126.42019653320312,34.74754333496094,82.39706420898438,489.0502624511719,132.38172912597656,155.13999938964844,127.7494167932684,34.93558051526241,83.08609383460076,489.8078914311426,133.60299321492056,146.75,122.76554869032843,34.14384005173473,78.00059569231401,483.222338099903,124.8990296330047,149.14999389648438,124.27448655164778,34.203222002242924,78.64375847887948,484.8638724968989,126.00398708197952,41471400,30410000,66549400,424641000,69122400,18034300
2024-04-26,157.39999389648438,131.26927185058594,31.55088996887207,87.48555755615234,493.6834411621094,134.0488739013672,158.6300048828125,132.4178131717131,31.907176045518334,88.0798637130723,495.25697586630093,134.4753513452056,153.42999267578125,127.27085183470813,30.323691180607266,83.14991996305922,491.19686267902955,131.77110336711988,154.24000549316406,127.94181039058081,31.45192381651619,83.5796943254643,491.8282151706386,132.60466888287024,42510700,24100000,119742500,551011000,64306100,9453400
2024-04-29,160.1999969482422,130.7369842529297,31.036258697509766,87.50747680664062,495.43182373046875,134.24273681640625,160.77000427246094,132.13946528950456,31.580580070998817,87.74180161200195,496.1020373711397,134.38812014615223,156.25999450683594,129.47515368945218,30.74925157819707,85.02355474971789,492.70241499072074,131.7323527243997,159.0800018310547,131.2702429813513,31.531096996193742,87.34593487887717,495.4609621651781,133.75810599757446,43478200,13372000,58533300,388971000,46415400,9997100
2024-04-30,158.3800048828125,126.99153900146484,30.155445098876953,86.15633392333984,487.58355712890625,133.1183624267578,162.2899932861328,131.68731080697393,30.858116461249818,88.5664614931565,494.94615471248864,135.40582001342645,158.35000610351562,126.87239290855075,30.105962024307132,86.05462655663052,487.58355712890625,133.04081973689972,160.6300048828125,129.78575704715587,30.719562342327688,86.99194868469957,493.9748340493992,133.69992520581567,60742800,22113000,72346400,363709000,77483600,10980600
2024-05-01,144.27000427246094,121.38456726074219,30.05647850036621,82.80489349365234,486.0003356933594,130.79214477539062,151.3699951171875,126.21998348092346,30.719561883042896,85.75547993219622,493.6154866987963,135.1441192985085,142.13999938964844,121.23709137659654,29.710091320581384,81.02396844600167,485.5340910693037,129.11532657794507,148.11000061035156,124.84876028064538,29.858542429729663,84.83510772715242,487.00079486473084,133.19590907337547,89413200,30958000,60654800,559863000,80242800,12561800
2024-05-02,146.16000366210938,120.96556091308594,30.195032119750977,85.57299041748047,490.5461120605469,132.04249572753906,147.6199951171875,123.49314155723724,30.353380218588107,85.99179436919351,491.38146331084295,132.53682857941132,141.16000366210938,119.47518442473176,29.87833592207671,82.9634271785922,485.22326373492274,129.1250238103873,145.50999450683594,122.69521310835368,30.274206169169542,84.20887633628502,489.6913450667022,131.4318710131048,50034700,29480000,50899400,377898000,62550200,9261900
2024-05-03,150.60000610351562,124.8272705078125,30.581005096435547,88.53656005859375,496.6265563964844,137.20867919921875,150.7899932861328,125.39080393641365,30.739353193831782,89.02715799782622,497.8504002906167,137.74177607396257,147.24000549316406,121.80256933931807,30.383070918519365,86.79253219903528,493.97484028154764,134.49474357396238,148.75,122.96088689664272,30.660179145133664,87.53940321936913,496.5002799659129,134.63043961573726,49361100,24898000,36794800,398341000,72756700,13264300
2024-05-06,155.77999877929688,127.97210693359375,30.774776458740234,91.87802124023438,501.7551574707031,138.43963623046875,156.64999389648438,128.01702329449282,31.003328068462462,91.95779560513117,501.79398895747323,138.43963623046875,151.25999450683594,124.5303721514835,30.536289553022886,88.80179361610953,498.5789197070483,135.5124620546364,153.10000610351562,125.61933310822442,30.923832433223346,89.13584021044993,499.0160258932404,136.15217826076844,44624500,16287000,36185600,376203000,47264700,8601600
2024-05-07,154.42999267578125,127.26890563964844,30.486604690551758,90.29652404785156,502.308837890625,136.7725372314453,157.6999969482422,128.81983141499103,31.251751344198457,91.52003263915564,503.6978194793967,137.91625909015875,153.66000366210938,126.6487201214286,30.417046248461222,88.75791206874568,501.6386241870498,136.19097421835463,156.32000732421875,128.57077959885086,30.894020047360957,90.8389759868272,502.71677601484447,137.50917089689997,37374900,12413000,44683400,437342000,52561300,8682900
2024-05-08,153.6199951171875,129.44296264648438,29.81089210510254,90.1549301147461,502.3573303222656,139.18597412109375,155.3300018310547,130.66768621498653,29.959946186562956,90.93470430679172,502.89154482386346,139.82567554811558,152.52000427246094,125.84105453599469,29.5425936212785,89.1657463302182,500.36613484283316,136.47203863546423,153.39999389648438,126.3303657434148,29.81089210510254,89.22857072950318,500.4826885782833,136.77250737038148,28728000,13918000,63734600,325721000,42047200,10202300
2024-05-09,152.38999938964844,127.51895904541016,29.90032386779785,88.49466705322266,505.2518615722656,138.40086364746094,154.08999633789062,129.0757419342456,30.198432020098114,90.81305333122494,505.290752341684,138.9436625915306,150.61000061035156,127.16052224381086,29.622088202412307,87.9801353538175,501.89112996130467,136.7919005585425,153.1300048828125,128.7065752766197,29.741332600527656,90.27159797496299,502.5418982172586,138.54626176792493,33018000,12170000,45003400,378013000,43643700,8012700
2024-05-10,151.9199981689453,130.16860961914062,29.66183853149414,89.62244415283203,505.9027404785156,144.6719512939453,156.3699951171875,131.26245872268044,30.267992059188092,91.14111635473476,507.65110602328485,145.87384075470797,151.30999755859375,128.46044651361007,29.65190133984991,88.97329419694542,504.68858950510435,142.4135704563277,154.2899932861328,128.46044651361007,30.138812358464122,90.04823199188911,506.8448931772194,142.69466454469608,37652800,16300000,42931300,335325000,52233200,23671400
2024-05-13,150.55999755859375,130.6286163330078,30.317676544189453,90.14197540283203,505.970703125,141.90960693359375,153.3300018310547,132.66786988327547,30.933767233590086,90.73927132421963,507.68023725667433,143.8772069721166,150.39999389648438,129.90588612139175,29.810891166912885,88.27728953555432,504.83427436338025,141.80298755659086,151.27999877929688,131.65312370166916,29.84070274039695,90.22074555223655,507.5734061946242,143.47011883894908,27859200,18507000,51459100,289680000,36716400,8278700
2024-05-14,153.16000366210938,134.78134155273438,30.854272842407227,91.09625244140625,508.2921142578125,147.27931213378906,153.49000549316406,134.9727651205535,30.913895991776922,91.39041184902159,508.80694268932734,147.33746546933935,148.77999877929688,129.48493681547836,30.417047785649103,88.68113417048747,505.6307050054446,141.754523410116,150.42999267578125,130.12366115309828,30.42698497721072,89.34424430460986,506.16491953750125,141.9871515420769,31938300,19420000,47759900,296507000,57535900,12316500
2024-05-15,159.6699981689453,140.26426696777344,31.072887420654297,94.3609390258789,514.5863037109375,150.79774475097656,159.69000244140625,140.53577694153546,31.202067120946793,94.59228164011105,514.8776880610556,151.2048329109656,154.6999969482422,133.79978423280406,30.615786083174033,91.3385587292716,510.11819296519036,148.0353428491989,155.58999633789062,134.778391480569,31.182192737724716,92.20907765380471,510.7495751277046,148.64598248406276,43195900,32757000,36992900,417735000,59504900,14027100
2024-05-16,162.6199951171875,137.91639709472656,31.828094482421875,94.09072875976562,513.5274658203125,147.55067443847656,168.05999755859375,141.16572462871287,32.056644199568396,95.54657691583259,516.2763195865357,150.2936862663269,159.89999389648438,137.22590120887307,31.32131098625367,93.83545227306834,513.3817440234014,147.53129985704436,160.9199981689453,139.27102621218233,31.430616301444132,94.6401647051021,514.6833396504084,149.36320350584995,76726700,28395000,47752800,323952000,50244800,13394100
2024-05-17,164.47000122070312,136.271728515625,31.629356384277344,92.21605682373047,514.2658081054688,147.01756286621094,169.72000122070312,138.63913675694587,31.907592059017553,94.47062985340762,514.3338076754613,149.2662564257331,162.32000732421875,134.95225448087376,31.390869475353796,91.54497378951851,512.1968900639675,146.2033868352482,168.42999267578125,137.94473634895772,31.8579079970722,94.10069011001252,513.644148566722,149.2662564257331,65944400,18174000,41449800,359691000,59187600,7711200
2024-05-20,166.3300018310547,138.10198974609375,31.897653579711914,94.51051330566406,514.8582153320312,148.83010864257812,168.49000549316406,138.38619679704223,32.21563613099912,94.9293173048801,516.3151962899514,149.4989014545426,164.47000122070312,136.06370464376954,31.55979854046339,93.17432694405993,513.9937257353356,146.18402884675774,165.5500030517578,136.34108631433236,31.649231369928607,93.48344309476195,514.3822777046638,147.00789226096563,45618000,27170000,31989000,318764000,37764200,9261200
2024-05-21,164.66000366210938,136.653564453125,31.5399227142334,95.11478424072266,516.1209716796875,148.9464111328125,165.8300018310547,137.6487731461576,32.036772797045785,95.1287443727323,516.2764161967744,149.25658190815275,163.10000610351562,136.09295948143395,31.420680210618762,92.91505542877422,513.8966685383514,147.27928018975012,164.0,136.60277648610062,31.77840961678809,93.33286278018406,514.1006672352606,147.61852762655894,30005500,15333000,42975400,328946000,33437000,7919400
2024-05-22,165.52000427246094,135.97384643554688,31.221940994262695,94.68001556396484,514.6348266601562,151.35020446777344,169.80999755859375,137.22005945956374,31.867843275827525,95.74697281531282,516.1403617816678,152.39700885038556,163.86000061035156,135.19056703558604,30.90395844920465,92.9838557882849,512.4687413388463,149.78969258116084,167.41000366210938,136.34204438331767,31.708852003298507,95.18757094825777,515.4313166919542,151.08851446443998,47426700,21002000,36706400,548648000,48390000,13455200
2024-05-23,160.42999267578125,136.07635498046875,29.8903865814209,103.5038833618164,510.8757629394531,152.2613067626953,173.13999938964844,139.56398903845914,31.37099393773446,106.0177117858919,517.7818376204613,155.83788456385307,158.27000427246094,134.58305764062254,29.68171125454082,101.23135605250833,509.6712756933887,151.0788063842703,170.17999267578125,139.50832793147416,31.25175143532453,101.73791493789797,517.6750065914014,154.28706003123568,91888800,31039000,62014500,835065000,57211200,20873000
2024-05-24,166.36000061035156,137.49745178222656,30.526351928710938,106.1662826538086,514.2560424804688,155.0818328857422,167.66000366210938,138.05805699433958,30.82446197812326,106.17226230771774,515.0622552748287,155.72154899593735,160.25,135.95238220964288,29.94007091639133,102.70714415978955,511.7694638177849,151.8929692045218,161.41000366210938,136.7112513311065,30.099064079939822,104.15202177987621,512.7116164560648,152.3678978522905,54868600,16730000,42434500,429494000,41291100,11908200
2024-05-28,171.61000061035156,137.9476318359375,30.86421012878418,113.5771484375,514.6154174804688,154.510009765625,174.5500030517578,138.40959668873518,31.172257382164105,114.61219912037285,515.2953538271266,155.45019478940299,164.9600067138672,136.0031143378651,30.466731941725964,109.57057499198291,511.992839734623,152.755648470666,169.4199981689453,137.70835612780112,30.744967620329465,109.93054862844438,515.0622463447778,154.7716997736591,66495400,22919000,36799100,652728000,36269600,13964400
2024-05-29,165.13999938964844,135.82049560546875,29.94007110595703,114.49851989746094,511.0118408203125,149.5958251953125,168.47999572753906,136.6438181169433,30.476668061101428,115.16362326202471,512.1871603116153,152.05775783297352,162.91000366210938,135.0714028156018,29.920198618797393,110.58568085733936,510.3027956190019,148.50056969266333,167.4600067138672,136.6438181169433,30.277928026901556,112.7285727659483,510.6039026906956,151.9317490978095,56537500,26861000,35848600,557442000,45190300,15780000
2024-05-30,166.75,133.22357177734375,29.99969482421875,110.18580627441406,507.6218566894531,148.2582550048828,168.75,135.04991202148761,30.307740177296864,115.4896825683004,510.13760318894674,149.31474655773476,163.8000030517578,132.39926570380493,29.870513230933255,109.35118819369168,506.3785971197376,147.2211380346419,167.89999389648438,134.6807305567365,30.019567311756507,114.32400776010651,509.47711227930006,148.86887973179995,46367000,21717000,33351000,484553000,46377600,9687800
2024-05-31,166.89999389648438,129.75350952148438,30.655534744262695,109.32128143310547,512.245361328125,146.39727783203125,169.5,133.0741458128486,30.76484006095746,112.39651226649593,512.3716377541396,147.8124063941845,160.07000732421875,127.67421295340618,29.75127115934644,106.6359377048998,503.49375287353905,143.26656674265104,166.64999389648438,132.95792063664888,30.029504942197292,112.20006619281486,508.5738001358681,146.82375533815303,64331900,73091000,95797500,613263000,90785800,13782600
2024-06-03,163.5500030517578,129.10403442382812,30.099063873291016,114.67301940917969,512.6631469726562,150.1870574951172,171.0800018310547,132.1414322484853,30.874145826725712,114.67301940917969,514.1298509823358,152.31942970978136,160.91000366210938,127.21225703501632,29.86057507726836,111.68453916444382,507.6122665558144,147.77360596973722,170.82000732421875,132.1121337889688,30.83439895760554,113.29794252397816,513.8481892705336,150.35183016550312,59157600,26278000,35544900,438392000,46835700,12924400
2024-06-04,159.99000549316406,129.97523498535156,29.8407039642334,116.1059341430664,513.2361450195312,147.78334045410156,164.8300018310547,130.08950794179813,30.556164699264862,116.26847269779265,513.974358217118,149.06275827557673,158.8699951171875,127.64982204887808,29.75127113543878,113.72073695926161,509.90452222280885,146.34883720282315,162.83999633789062,128.9575529401273,30.556164699264862,115.38699108204422,511.36150323340104,148.68474678403172,48157200,23048000,51027200,403324000,34632700,10066700
2024-06-05,166.1699981689453,138.0101318359375,30.585975646972656,122.09187316894531,519.3360595703125,157.91207885742188,167.1199951171875,138.13318236463968,30.645596899838363,122.10084264977675,519.355504956824,158.697178291405,161.3800048828125,130.92449582057492,29.820828969781854,117.13400975669744,513.5664118243003,153.0948481091665,162.07000732421875,131.45775451847365,30.079190259300518,118.03444216742467,515.5479441376007,153.71517486599632,60507500,32947000,44161700,528402000,47610400,23192600
2024-06-06,166.77999877929688,136.8557586669922,30.22824478149414,120.65397644042969,519.3262329101562,157.08822631835938,169.50999450683594,138.9477523832544,30.397173246523653,125.22992577254257,520.0644460332289,159.6373741347536,163.86000061035156,135.58318305391336,29.96988348819456,117.98358919974154,517.4030371414061,155.43078256236257,165.4600067138672,138.86766594356163,30.35742448048119,123.69530003662086,519.6370626085396,159.46291415504737,47153700,20172000,34248100,664696000,30808500,14819100
2024-06-07,167.8699951171875,137.38023376464844,30.546226501464844,120.5442886352539,518.6948852539062,159.3369140625,169.4499969482422,139.17337135013338,30.585975266431074,121.34600353396539,521.4922931206179,161.01373249178909,165.86000061035156,136.44068594198228,30.019566737614863,117.68643999762348,517.26701324802,156.98161547018282,166.58999633789062,137.4915709118606,30.059315502581093,119.42946352714927,518.3548874978856,158.5421272400266,44796000,17859000,34085500,412386000,43224500,14023300
2024-06-10,160.33999633789062,140.68423461914062,30.71515464782715,121.44371795654297,520.297607421875,162.99102783203125,165.5500030517578,141.52220636576067,30.75490341238691,122.74999082651334,520.6181598447974,164.61938015727307,159.61000061035156,137.6233949065621,30.099063959754154,116.6773100476689,517.2962597313128,157.4274611412729,162.47999572753906,137.68883210982386,30.35742334809095,120.02775723865274,517.8887511155715,158.9588961841595,67444600,31042000,37396500,313434100,35686100,12418900
2024-06-11,158.9600067138672,142.69223022460938,30.7250919342041,120.57611846923828,521.5506591796875,160.61631774902344,161.5399932861328,143.08094895054842,30.834399141756844,122.53070514239239,521.608936050015,163.23332064679695,156.9199981689453,138.31681975633649,30.337550955172254,118.41210500224047,516.791164059003,158.7553227921898,160.5,140.4625369897701,30.57603785729381,121.43373663493091,518.7532508345464,163.01037986972224,40497100,34844000,25326900,222551200,36383400,11508600
2024-06-12,160.24000549316406,146.0597381591797,30.56610107421875,124.85428619384766,525.8341064453125,167.66287231445312,162.24000549316406,147.06472302723878,31.281561790135704,126.52964756781702,528.5149607902181,170.64819990425022,158.6199951171875,144.19335472144,30.198432577294135,122.23155106787934,524.804508979413,166.26713320340423,160.32000732421875,146.49826129525493,31.26168740752887,122.72019591619149,526.096381978746,168.0311964659129,48325800,56697000,51323900,299595000,63251300,20309500
2024-06-13,159.89999389648438,163.97943115234375,30.26799201965332,129.25209045410156,526.892822265625,168.12371826171875,162.66000366210938,169.5326970720627,30.387236423902817,129.44156821528892,527.7475890568103,169.25161210672812,157.30999755859375,161.394221774456,29.950009468755333,126.8088590238474,524.1148598366225,165.79014325448418,160.39999389648438,167.00803685832844,30.18849638192882,129.03269675342705,527.572758479254,168.16260450211982,44442500,89061000,33787200,260704500,44760900,15591800
2024-06-14,159.6300048828125,169.4535675048828,30.258056640625,131.51580810546875,527.2134399414062,167.73483276367188,161.33999633789062,170.64508794145226,30.36736195761891,132.47314847030367,527.2425487322553,168.83355855392267,157.61000061035156,164.28316401154345,30.01956783277801,127.96564175395862,524.3674183253244,165.64435175878475,158.5,164.74804982111874,30.099065365610674,129.60111215914813,525.367907030757,167.2389551563537,34054000,69705000,28125900,309320400,40089900,9192500
2024-06-17,158.39999389648438,178.61752319335938,30.784713745117188,130.6183319091797,531.4095458984375,172.33387756347656,159.22999572753906,179.99754633265798,30.804588127819695,133.36073857025062,532.7985867082562,173.72428703688556,154.13999938964844,173.70593257264483,29.989757390271375,129.22220369566065,526.0770045940598,168.67794751098236,158.0,175.79792622564156,30.14874866124054,132.6227916073861,526.533556163689,172.9172602399023,44507700,87528000,36235300,288504400,55839500,18593700
2024-06-18,154.6300048828125,176.04403686523438,30.436920166015625,135.2056427001953,532.7595825195312,174.71607971191406,157.24000549316406,180.83941706056748,31.27162530099019,135.95357182437033,532.8858589299049,179.7429693547613,153.33999633789062,174.33392174519952,30.307740466821567,130.32914541924055,531.0500489188105,174.03545908224348,156.99000549316406,179.66449809493216,30.79465147966915,130.77789985041414,531.4677096282388,175.0369469022767,51852000,86797000,33294700,294335100,41376400,27155100
2024-06-20,161.77999877929688,169.40670776367188,30.426984786987305,130.41885375976562,531.3123779296875,170.52536010742188,166.82000732421875,176.26186316111801,30.913895798509436,140.37129003031137,534.3428935144076,178.09972077208155,155.5,168.20152149732536,30.258056322146935,129.16233868973217,529.5445672911499,168.69739511301145,155.82000732421875,176.13586187657893,30.367361637990363,139.41394956266274,533.6824026084769,177.52605595750885,93245700,68157000,43826300,517768400,70328200,28403200
2024-06-21,161.22999572753906,161.99095153808594,30.894020080566406,126.22048950195312,530.6001586914062,169.14471435546875,163.1999969482422,167.39867843615235,31.162318553482905,130.2692833981682,531.7110509477889,172.56726846718033,157.88999938964844,161.28677510290373,30.476667532249213,123.95676122395307,529.1482311958065,167.4431551539395,161.75,165.60749333766228,30.65553318086021,126.76897377617152,530.4929829849066,167.92931492580502,61293900,99289000,90795200,649445800,64338600,20175600
2024-06-24,160.25,155.9977569580078,30.37729835510254,117.78385162353516,528.8753051757812,163.16493225097656,163.39999389648438,162.73751273505837,31.221940666114026,124.1163152101961,532.9777790963483,166.67500622501572,158.19000244140625,155.8458959411935,30.337551485050767,117.71404522588668,528.7583754205319,162.49402942490536,159.75,160.88087052801106,30.943704994449813,122.89968290118539,530.4247136467889,165.71240458285905,45954100,58575000,40611800,476060900,45528700,19741700
2024-06-25,160.25,154.87890625,30.546226501464844,125.74181365966797,530.9119262695312,167.8223114013672,161.0,157.35280012094753,30.635659327313434,126.15068514494095,531.2724695843536,167.86119764402073,156.4499969482422,153.23389442318384,30.099064267547327,118.9905115651875,528.5829663352164,164.33167395752398,160.72999572753906,156.773760741875,30.506479631824043,120.86531742755339,530.0933585291979,165.24565644223554,40572300,53329000,29323600,414192600,37936200,13346800
2024-06-26,157.5399932861328,155.97718811035156,30.347488403320312,126.05096435546875,531.5745849609375,167.3070068359375,160.74000549316406,158.54218620114898,30.48660529023788,127.76620840809865,532.2859175813455,168.88215952152308,156.0,154.17345355042147,30.079189925414628,122.26145451808375,529.1579572826417,165.48875946312677,160.60000610351562,156.52780764070982,30.446856525218326,125.7817056647018,529.8010709636176,167.35561093696586,36973400,46479000,30743000,362975900,38550600,11901500
2024-06-27,159.47000122070312,155.4540252685547,30.397172927856445,123.64761352539062,532.41259765625,166.87916564941406,160.61000061035156,157.31163952735378,30.466731372376067,126.06093675176166,532.9875518697215,170.62258604006507,156.80999755859375,153.91973240731426,30.099064766965085,122.58056851355609,530.6975485510812,166.41244170475366,157.17999267578125,155.9772118237386,30.228244464597882,123.75731038151326,531.4381433443106,168.97936405472566,34018200,31649000,30184300,252571700,35041500,10864600
2024-06-28,162.2100067138672,157.3028106689453,30.774776458740234,123.1988754272461,530.3175659179688,168.9988250732422,166.4499969482422,160.6045996400651,31.11263338233784,127.3573591664442,536.2228169116169,171.92551583323788,159.41000366210938,155.38935865156486,30.526352361702315,122.41105590597208,529.0800492248655,168.0265057162025,160.22999572753906,156.35734940617547,30.556163935664028,124.236004634683,533.182464345906,168.0265057162025,56204600,69377000,41467700,315516700,76144500,11216100
2024-07-01,157.69000244140625,160.7584228515625,30.645597457885742,123.95677185058594,531.408935546875,167.55979919433594,161.50999450683594,161.5373273517046,30.824463115065406,124.49527404629498,531.9351194589271,170.44758891673047,153.63999938964844,156.12417952654877,30.417047738300834,118.50187501478464,528.6609672764391,165.73183402691686,161.25,157.5644225494214,30.71515590338328,123.12906191428952,531.6915058832783,169.4169327560082,50436700,47623000,32401800,284885500,40297800,10717000
2024-07-02,164.30999755859375,162.3926239013672,30.874147415161133,122.33126068115234,534.985107421875,170.8365020751953,164.5800018310547,162.56113908928052,31.112634328128223,123.06922274393042,534.985107421875,171.81855408668164,156.6999969482422,158.9164450046334,30.39717358922695,120.69578993975959,529.7620472078919,166.29577261738433,157.0399932861328,160.75839135598414,30.66547207706199,120.79551228090267,529.8107580224772,166.3930104842456,57838600,32539000,35999300,218374000,40434800,10655500
2024-07-03,163.89999389648438,169.42141723632812,31.033138275146484,127.92578125,537.37255859375,177.4385528564453,165.25999450683594,169.42141723632812,31.14244548620724,127.92578125,537.7331019058091,177.4385528564453,162.50999450683594,163.0765174258442,30.71515572877935,121.02489116241942,534.6343445482383,172.95616032893372,164.1999969482422,163.61930325707675,30.923832959411207,121.324065820501,534.6733013066347,173.06311604446103,26980900,39954000,24065700,215749000,32789900,11808700
2024-07-05,171.89999389648438,166.88287353515625,31.818159103393555,125.48253631591797,540.4713134765625,178.8970489501953,174.0399932861328,172.973042388467,32.13614164734713,128.49420118342798,540.8708135451888,179.9568735188858,165.67999267578125,166.16668383854798,31.112633675586775,125.3329490025218,537.0412155224441,177.25382681605913,165.97000122070312,172.00210647154802,31.2020665029894,127.02825159880693,537.6746345682784,179.04289092334855,61857100,45240000,45309400,214176700,41488400,11372900
2024-07-08,178.69000244140625,171.05174255371094,33.77574157714844,127.84599304199219,541.094970703125,181.46397399902344,178.9499969482422,172.13339740309533,33.87510969875,130.4089036996468,542.0401627530802,187.46318290440038,173.22000122070312,167.04845949908702,32.613114843025684,126.68920015386854,540.0327894282602,180.0054949020023,174.89999389648438,167.04845949908702,32.82179017277948,127.13795450709301,541.2508572097279,184.74068562267763,60223400,36398000,82315900,237677300,36110500,22582400
2024-07-09,177.10000610351562,169.8221435546875,34.3719596862793,131.01719665527344,541.6211547851562,179.41238403320312,180.41000366210938,173.51289904132886,34.99798949894323,133.45046098640373,542.9463982576794,183.22387438986814,174.6999969482422,167.10332563342544,33.507444853034585,128.29472464299235,541.3288304126829,177.44829464512608,177.97000122070312,172.10008905346427,34.79924945469186,129.99004223598263,542.0499170234392,182.8835566573518,43395600,37802000,97546900,285366600,27289700,19935200
2024-07-10,183.9600067138672,170.93707275390625,34.65019226074219,134.5374755859375,546.9806518554688,185.76161193847656,187.27999877929688,173.07294896934073,34.7495641747144,134.72695337207693,547.3216870432971,186.1213653448112,177.8000030517578,169.14118699750355,33.91485905060243,132.0543457649315,542.546897033872,181.5320168962176,179.99000549316406,171.0654325323447,34.22290250728898,133.6599006676726,542.83922140572,183.0682832260483,90247000,41074000,52256200,248978600,38701200,19293500
2024-07-11,181.94000244140625,167.1415252685547,33.2888298034668,127.04821014404297,542.2642822265625,179.39292907714844,187.11000061035156,172.9142476472486,34.928430399599435,135.77404103999976,547.9648752769439,188.1146352712272,177.25,163.47234275130023,33.10002884981283,126.69917812553707,541.6309226493873,177.94416783183817,184.07000732421875,172.8936765923587,34.809184100885474,135.3751516521801,547.0975967198616,187.74514915203287,59231400,51026000,55213700,374782700,53054200,21584200
2024-07-12,181.61000061035156,166.6242218017578,34.27259063720703,128.8831024169922,545.6846923828125,182.16403198242188,186.99000549316406,169.09712882243136,35.25634795426933,131.5556941519699,549.2706773223186,185.11015835849236,179.69000244140625,165.7071653281907,33.55712801341558,126.86867649262842,542.9172752823991,177.69135714035562,182.02000427246094,167.63924493880648,33.55712801341558,127.90579778257397,543.3849943470381,178.00250644670461,50827400,30453000,62792600,252680500,53084400,19220300
2024-07-15,179.8300018310547,167.9498291015625,34.242774963378906,128.0853271484375,547.1853637695312,180.09300231933594,185.5,169.9975162531262,35.00792159998404,131.02717795052595,550.4108051950651,184.7990247033153,178.5399932861328,165.83355183061957,34.093722786783545,126.828804392605,545.3338767680585,178.98455878531738,184.4499969482422,166.55857690026536,34.48126375284248,130.19946809344353,547.6725909303428,183.45721916977087,42202700,22999200,39847900,208326200,40584300,15683100
2024-07-16,177.5500030517578,165.9511260986328,34.12353515625,126.01107025146484,550.43017578125,180.89028930664062,179.75,169.31168301590162,34.232842368767805,128.68366239858466,550.7225001410881,184.34202604200092,174.52999877929688,163.03144157441992,33.626686947097056,124.2359867587292,547.7406727188134,179.89853423014517,179.69000244140625,168.90997934681334,34.143409539494236,128.0853283678797,548.4910214723672,183.05857218683545,40633100,22244900,28409900,214769500,36475300,16663300
2024-07-17,159.42999267578125,152.82237243652344,34.242774963378906,117.6641845703125,542.7125244140625,166.4610595703125,169.8000030517578,159.54350076647395,36.925755839253235,121.51352631521466,546.191333044454,171.69214210098085,159.3699951171875,152.45986741570468,34.18315560900105,116.39769484983655,542.3909378748594,165.790156886025,169.8000030517578,159.02423116101707,35.85256576329393,121.01490699704938,544.5249949514538,170.3697872724125,76954200,43343400,112304200,390086200,57119000,45052600
2024-07-18,155.77000427246094,157.27047729492188,34.65019226074219,120.75562286376953,538.5419311523438,167.11253356933594,163.41000366210938,158.24042641361984,36.07117841001198,122.0620106514847,545.2267333968008,173.74375911940663,153.1999969482422,150.78448075981098,34.31233533453851,116.23813305693453,536.3689169185834,159.95626206174043,163.41000366210938,155.6734698248881,34.73962508799172,121.51352635797906,544.2425249574461,170.64205780317465,69420300,37973500,84188600,320979500,56270400,52903600
2024-07-19,151.5800018310547,154.16465759277344,32.7721061706543,117.60435485839844,534.9656372070312,161.181396484375,155.80999755859375,160.6310401108862,34.362022653681926,121.26421889531369,539.9256355832753,165.79991378888334,150.6199951171875,153.93930288305373,32.64292457982029,117.04590364640599,533.9132099479913,160.64661782920115,154.86000061035156,158.56375374928672,34.35208356711346,120.01767057688257,538.3080081974957,164.4872766204036,47513100,26309500,69628700,217223800,65509100,22585300
2024-07-22,155.8699951171875,157.79954528808594,33.15964889526367,123.1988754272461,540.4811401367188,164.66229248046875,156.6999969482422,159.69048269708966,33.19939766232487,123.72741074457895,541.0852970880696,166.1499399408258,152.5399932861328,154.7035118313107,32.55349346485917,119.52903654259545,536.9438660153718,161.58002699837868,154.22999572753906,156.98634577539465,33.07021606470152,120.0176813971429,538.8732666357521,161.9981320455545,43912500,28813300,48503700,258068900,43346700,21037200
2024-07-23,154.0,160.45468139648438,32.7422981262207,122.25148010253906,539.63330078125,165.11929321289062,157.0500030517578,161.9830987178091,33.020531913608885,124.34568731396223,542.5176472841652,166.79166898793773,153.8000030517578,156.66301463408186,32.623055616004486,121.76283530375956,539.1460736583557,163.32049632749874,154.9499969482422,157.15289274732152,32.75223342263411,122.44095787706307,540.3738360482369,164.73035653788898,31950600,21570200,29466400,173911000,34439600,11690700
2024-07-24,144.6300048828125,148.27630615234375,31.50017547607422,113.93450927734375,527.40380859375,155.37664794921875,153.67999267578125,158.1424586902923,32.59323995949019,119.6187662154648,535.1409770414671,160.8702467965539,144.52999877929688,148.04117422207523,31.460426711784343,113.1267484514862,526.4878192997799,155.17245434080596,152.72000122070312,157.10391946522273,32.32494148650973,118.84092133007209,534.8388986294111,160.52021120814416,49203100,37162600,62216700,327776900,74515300,19536600
2024-07-25,138.32000732421875,146.23841857910156,30.90395736694336,111.96995544433594,524.6559448242188,155.84335327148438,144.75,150.4415814384669,31.78834652633028,116.30794209044977,533.474804346627,158.87698507181082,136.80999755859375,142.5741396195359,30.754903291082982,106.00647252262672,523.7205067049787,147.89950550153551,144.07000732421875,148.1979311606514,31.17225584068728,112.72785895570485,527.5208430163394,153.7820408775617,60578500,30872100,49774000,460067000,61158300,25731800
2024-07-26,139.99000549316406,148.56044006347656,31.152381896972656,112.74781036376953,530.5319213867188,157.4573974609375,141.2899932861328,150.4709616978799,31.361057227049322,115.87913942242228,533.2116708123141,160.03403779647644,138.27000427246094,146.88505035337306,30.824462167334016,111.27190127805348,527.6572691986129,154.7835192561113,140.32000732421875,150.39257940648213,31.23187753157216,115.8691725129428,528.4271261891337,159.75207171380862,49435800,20839900,38352500,293399100,53763800,13089200
2024-07-29,139.75,147.1790008544922,30.63566017150879,111.28184509277344,530.84375,155.58079528808594,144.58999633789062,151.8622350357315,31.27162526588968,115.9588962828189,533.0752290029756,158.71166440841577,138.75,146.13065437861823,30.595913300772725,110.9926526113286,528.8558251034021,154.23900483395465,141.19000244140625,148.9425652835959,31.221941203638227,113.3760521146797,532.0715719711993,158.17688586244375,47447200,16625800,32342200,248152100,39515800,12663100
2024-07-30,138.44000244140625,140.6146240234375,29.94007110595703,103.44355773925781,528.154296875,150.26222229003906,141.6999969482422,150.36319591767548,30.715154964946016,111.68074265241845,533.357909659398,156.68925363597006,134.0500030517578,140.44806725156383,29.820828601697457,102.25684143468115,524.7632145177835,148.32731632431262,139.8800048828125,150.177039834436,30.655533712816226,111.21203931839821,532.3054822300633,155.99891522208486,68801700,31102300,48256600,486833300,46853600,22018000
2024-07-31,144.47999572753906,157.42721557617188,30.546226501464844,116.69685363769531,536.739013671875,161.21054077148438,153.60000610351562,158.06406606209512,30.675408092279664,118.01320824039244,539.3602973515012,162.03700326368593,140.02999877929688,147.94318294479828,30.08912707630577,110.57380945153913,533.591546235444,157.58379398472957,150.72999572753906,148.40366954465762,30.34748836260998,112.58823561538453,534.9557461709961,159.23673380554757,114306800,45827500,56110600,473174200,65663400,19860400
2024-08-01,132.5399932861328,144.04379272460938,28.866878509521484,108.90843200683594,529.138427734375,153.8014678955078,147.2899932861328,155.6930959337446,30.516414316046976,119.82819978465332,540.6954412129795,163.0287838821556,130.24000549316406,143.21099378955728,28.70788724349436,106.51505772619602,525.6498647611072,152.49856352526544,145.0,154.311635796732,30.238180548162198,117.20545726694776,538.4542082657176,158.954763425631,94731900,40320000,107672500,523462300,76428700,21095600
2024-08-02,132.5,140.90855407714844,21.3445987701416,106.97377014160156,519.2866821289062,145.7117919921875,137.10000610351562,142.40757997585052,21.8414469830145,108.41977052611269,523.2721666167066,149.60106975539932,131.3300018310547,136.77398141736145,20.291281089542203,101.0900691005783,515.0964813658185,142.82400206608935,133.5,139.05680037298137,21.801700111553938,103.47346849787236,522.063852889589,147.06331542144693,78562000,33745800,300895900,482027500,82789100,31095300
2024-08-05,134.82000732421875,139.20379638671875,19.983234405517578,100.17262268066406,504.1632080078125,143.85464477539062,139.13999938964844,142.47617929888233,20.26146817330116,103.12445587816262,510.2048370125756,145.84790240892914,121.83000183105469,125.89870217599909,19.168403693593557,90.43957861096249,497.23482195550594,129.87270261988405,122.16000366210938,126.98623241925067,20.072667229540986,91.80579073756999,498.5698494257554,130.15466870318502,76089400,41309300,147385700,552842400,146267400,31193100
2024-08-06,130.17999267578125,141.00653076171875,19.704999923706055,103.9621353149414,508.811279296875,151.08871459960938,136.44000244140625,145.89552028384904,20.4999563012095,107.41258033181929,516.2171073533713,153.34450278324226,129.10000610351562,137.41082678528207,19.62550428595571,100.27235513846155,504.6405868135895,143.6310264029486,135.14999389648438,138.8608619835696,20.191910941842604,103.55326379264082,505.95607618021586,146.27573642135138,64455600,24751300,106670400,409012100,84826300,24528100
2024-08-07,128.6699981689453,133.51138305664062,18.989999771118164,98.63687896728516,505.41046142578125,150.74838256835938,136.24000549316406,147.06141324852445,20.25,108.4995686514933,518.0102083711349,158.1477332716165,128.3699951171875,133.0802879318251,18.950000762939453,98.41748524596572,504.8160585530724,150.24278719839774,133.75,145.24885827824832,19.920000076293945,107.51229690555586,514.9698561147811,157.07819090923712,54676500,29749800,97972300,411440400,70698300,22379000
2024-08-08,136.32000732421875,142.7896728515625,20.489999771118164,104.68013000488281,517.0941772460938,159.99514770507812,136.47999572753906,143.30894243750387,20.549999237060547,105.20866520993226,517.7177827712244,160.18960860256294,128.94000244140625,135.59825103797044,18.84000015258789,97.25069837056012,508.5092375881122,151.23454110197804,131.97000122070312,138.34157136646203,19.100000381469727,101.71833034514779,510.52630556896884,154.86130286211863,49037500,27583200,96836800,391910000,63276600,18889600
2024-08-09,134.27000427246094,145.25865173339844,19.709999084472656,104.46075439453125,519.3743896484375,162.49400329589844,135.5,146.5225456286007,20.149999618530273,106.30564447792429,520.8555792219031,163.15518816180168,132.44000244140625,141.1926694020868,19.5,103.14439960768745,515.05756422153,158.72141434679025,134.69000244140625,141.28084387387483,20.079999923706055,105.34829623370402,516.2756321007693,161.71615969330506,40583000,18438700,76394500,290844200,45619600,20519400
2024-08-12,136.77000427246094,145.61134338378906,19.360000610351562,108.71895599365234,519.647216796875,162.98989868164062,137.99000549316406,148.0705407050573,19.969999313354492,110.76329830179426,522.0443360943832,164.83729952673525,133.22999572753906,143.4068922104783,19.0,105.96658275414626,517.3864758873478,160.95773994833735,134.44000244140625,145.08228168014665,19.8700008392334,106.02641463942724,520.563206135425,161.4050133809099,39724300,17778500,54677600,325559900,42542100,14727300
2024-08-13,141.1300048828125,152.9987335205078,20.469999313354492,115.81929779052734,528.1932373046875,167.5695037841797,141.19000244140625,153.21428108295137,20.479999542236328,115.90905322658823,528.4271563186212,167.67645950011476,137.52000427246094,146.7772755997744,19.469999313354492,111.27189191883488,522.5804299657759,161.73558801262627,138.1199951171875,148.48205678912979,19.479999542236328,112.1295177782614,522.8240435638112,163.34964160349566,42218000,22053600,77511300,312646700,52333100,15243500
2024-08-14,140.75,154.4977569580078,19.920000076293945,117.7539291381836,529.8594360351562,165.26510620117188,143.25,157.00593042808987,20.5,118.27248983356148,531.0385469501389,167.73479059940834,137.63999938964844,151.58787985954257,19.790000915527344,113.75500044516707,526.3221627661688,162.56205983887259,143.0,154.8210782967143,20.489999771118164,118.2026834397928,528.9824035230587,167.12223955291702,35506400,20184200,56758200,339246400,42446900,11510300
2024-08-15,147.36000061035156,162.76695251464844,20.690000534057617,122.52073669433594,538.94140625,169.14471435546875,147.9600067138672,163.29601444794704,21.059999465942383,122.89968462856436,539.22397656437,170.58374312599338,141.80999755859375,157.09415399426382,20.229999542236328,117.14562117487446,534.8584406614526,166.0916315816102,143.0,157.9367451842563,20.31999969482422,118.4320598996148,535.4625975238755,167.65705180405502,43582400,27945000,84814900,318086700,60846800,15393500
2024-08-16,148.55999755859375,162.36521911621094,20.8700008392334,124.23599243164062,540.1497802734375,169.7086181640625,149.3699951171875,162.72772417191672,20.899999618530273,124.6548308372553,540.8416642629177,170.15589160716738,145.1999969482422,159.3867515210168,20.40999984741211,120.84537951120186,537.1777064456791,167.48201331048332,145.6999969482422,161.14052371191286,20.530000686645508,121.60328301302395,537.3335929699142,168.5904568109248,31123900,19296900,48582700,302589900,44430700,10710000
2024-08-19,155.27999877929688,164.31494140625,21.520000457763672,129.64100646972656,545.3143920898438,170.5934295654297,155.3699951171875,164.43250738240155,21.860000610351562,129.64100646972656,545.3143920898438,170.5934295654297,147.72000122070312,157.17250935713807,20.84000015258789,123.07917523933753,539.7112794996588,166.3638492309311,148.42999267578125,161.5226298734886,20.889999389648438,123.93680096772643,540.5590500378348,169.92252682997545,60766900,20441700,65956300,318333600,39121800,11511000
2024-08-20,156.39999389648438,162.59054565429688,20.989999771118164,126.89861297607422,544.4275512695312,167.27783203125,162.0399932861328,164.9615539700966,21.229999542236328,129.52135538667704,546.5128974468605,170.5448259841531,154.50999450683594,160.8269814256336,20.81999969482422,125.54236785937302,543.0925538279611,165.1484648934872,156.49000549316406,163.6682835023394,21.209999084472656,128.0454312895895,544.8660675368706,170.5448259841531,76851200,19417500,84161300,300087400,33732300,13555500
2024-08-21,157.80999755859375,162.42398071289062,21.40999984741211,128.1451873779297,546.298583984375,166.69442749023438,158.64999389648438,163.10001487901474,21.440000534057617,128.99284645503002,547.7505114259203,168.28903059014516,155.07000732421875,159.582693729066,21.06999969482422,126.31027161533281,540.55903368272,165.20678010955484,156.1199951171875,161.77733803660732,21.06999969482422,126.96844527510662,545.4703215908407,165.64432083862255,42791200,16097700,57028900,257883600,41514600,9434800
2024-08-22,151.6999969482422,159.0536346435547,20.100000381469727,123.39830017089844,542.0108642578125,161.83282470703125,159.83999633789062,168.92957997193787,21.399999618530273,130.3889447703718,548.7930866218962,168.48348507779323,151.00999450683594,158.2208507559284,20.040000915527344,122.7600680862335,540.8025506157201,161.4633386298506,158.8699951171875,167.3815632191861,21.389999389648438,129.66096486520394,548.18892980085,167.23891757577047,45737300,30044500,81444700,376189100,56121500,13546100
2024-08-23,154.97999572753906,162.99227905273438,20.540000915527344,129.01278686523438,547.7699584960938,166.53887939453125,156.39999389648438,164.87340959003495,20.93000030517578,129.24216275976798,548.7054559638492,168.49323620877288,151.8300018310547,160.15099140730985,20.260000228881836,124.87425166954098,543.053573875613,163.27188534735166,153.60000610351562,161.68920121676072,20.31999969482422,125.51248393333447,545.2364013003757,164.32199216641843,43694600,18848000,73398400,323230300,50639400,12189100
2024-08-26,149.99000549316406,156.38868713378906,20.1299991607666,126.11080169677734,546.4641723632812,164.39004516601562,158.27999877929688,162.34560690083705,20.559999465942383,130.8975427630235,549.504464836925,166.3152333896991,148.91000366210938,155.4481295099832,19.950000762939453,124.0265765218376,544.7686315002069,163.174645937556,154.6999969482422,161.62059684704792,20.530000686645508,129.21222218734667,548.7931322733509,165.6637811836147,49893300,18521200,58534800,331964700,35788600,9611300
2024-08-27,150.5,158.12286376953125,20.06999969482422,127.94571685791016,547.2145385742188,165.8290557861328,151.6999969482422,158.74990718414602,20.260000228881836,128.843225521312,547.7017657101911,165.85822417755188,148.44000244140625,152.67542130196014,19.84000015258789,123.5379164141598,544.057316249273,160.47156707047048,150.1300048828125,154.4095940853066,20.1299991607666,124.70469137157046,545.197411094177,161.8133724214068,35102700,16683100,43862000,303134600,32693900,9186000
2024-08-28,146.36000061035156,154.97784423828125,19.610000610351562,125.26315307617188,544.037841796875,164.5164031982422,150.42999267578125,158.99485104513474,20.110000610351562,127.97564354365645,547.3022994954773,167.6958910886156,144.72000122070312,153.08692175669205,19.510000228881836,122.30135293496008,540.8611111576025,161.59944564211585,149.39999389648438,156.83939017677946,19.979999542236328,127.76621672239743,546.8735372102509,166.5777299599992,34075800,18063600,50144900,448101100,41066000,10581400
2024-08-29,145.49000549316406,153.75314331054688,20.1299991607666,117.2652816772461,544.0866088867188,164.4678192138672,149.49000549316406,159.89621927087734,20.600000381469727,124.08639756190335,549.2804676679931,170.5642659555937,144.47000122070312,152.2639245534137,19.75,116.38771446055243,542.9465138533585,162.87321600452498,146.58999633789062,155.2815756400691,19.760000228881836,121.02487540717718,545.9965609867917,163.98165951789193,31602100,23519300,64529700,453023300,38715200,13213200
2024-08-30,148.55999755859375,159.52392578125,22.040000915527344,119.04037475585938,549.2803955078125,166.9472198486328,148.99000549316406,159.93542162768907,22.1200008392334,121.41379989153823,549.7871307787254,167.4625478876511,145.25,155.4971268447959,21.0,116.89631023816276,542.9074857644326,164.0788808979953,147.52000427246094,157.85832813389422,21.25,119.19992897597831,546.4447596496766,165.35261679958447,31169100,25158500,177785400,333751600,62700100,9481400
2024-09-03,136.94000244140625,149.69692993164062,20.100000381469727,107.70177459716797,537.9767456054688,156.0475311279297,146.49000549316406,157.48600299012904,21.690000534057617,115.88910303086084,546.4837125964749,164.01081380020324,136.10000610351562,148.31548517418855,19.989999771118164,106.99373606605621,535.4723909219692,155.3766284313859,146.41000366210938,157.1332901914432,21.540000915527344,115.68965834345619,546.1523719656589,163.34964379204808,42172700,37179100,115305500,477155100,60600100,18464400
2024-09-04,140.8699951171875,151.0000457763672,19.43000030517578,105.91671752929688,536.8755493164062,156.41700744628906,143.3699951171875,154.595749832084,20.049999237060547,112.95722005840781,540.2666308743978,159.34369815439902,138.50999450683594,146.13065545965884,19.280000686645508,103.83249237473713,535.4236220855641,154.55015609423916,140.50999450683594,147.25738424626107,19.760000228881836,105.11893116355375,536.144708671945,154.89047379773615,42130600,20324100,85871900,372470300,47224900,11317400
2024-09-05,139.44000244140625,149.72637939453125,19.399999618530273,106.91395568847656,535.56982421875,159.16868591308594,141.7100067138672,153.19471045336385,19.899999618530273,109.34722045042044,539.6527901961324,160.03404960248528,137.8300018310547,147.07123298728527,19.239999771118164,104.47072401794104,533.1239343608661,156.59204538746346,138.1999969482422,147.52192750674297,19.280000686645508,104.70008464878364,536.817154296066,157.06847240743693,25023000,31548500,65388800,306850700,44264300,10260600
2024-09-06,134.35000610351562,134.22659301757812,18.889999389648438,102.54605102539062,526.5560913085938,152.47911071777344,139.1300048828125,140.5950080147625,19.489999771118164,107.85136027800363,537.5089477091443,160.8313294494213,132.11000061035156,133.83469653616993,18.639999389648438,100.67123751563678,525.659610039857,151.69151966882535,138.6999969482422,140.35006897640926,19.440000534057617,107.74166341909986,535.8913798019039,160.32571928916695,39993500,76634600,92686500,413638100,68493800,14964400
2024-09-09,138.14999389648438,137.9692840576172,19.06999969482422,106.1760025024414,532.4515380859375,158.27415466308594,138.4499969482422,138.72368561579881,19.540000915527344,106.25578342210773,533.718376233379,158.58530400026825,134.86000061035156,132.16911382786094,18.950000762939453,103.40368021481835,528.8168426461983,155.81418770710397,136.10000610351562,136.29389427083225,19.0,104.59038905946406,530.7365485093424,156.3100652722692,27194500,39516700,64244100,273912000,40445800,10339000
2024-09-10,142.83999633789062,145.20970153808594,18.979999542236328,107.8014907836914,534.7706909179688,157.93382263183594,143.0800018310547,146.82629360606094,19.110000610351562,109.09790400275718,535.1215396263949,158.3810960544382,137.25,138.18483504661197,18.510000228881836,104.66018768236026,529.4989199451313,153.3250384743025,139.05999755859375,138.3611989712416,19.030000686645508,107.5122906776436,534.3516827554222,158.3810960544382,37217500,36067500,55621300,268283700,36394600,11910800
2024-09-11,149.86000061035156,155.06602478027344,19.639999389648438,116.58717346191406,540.2570190429688,165.5178985595703,150.16000366210938,155.65386955619283,19.690000534057617,116.86639906475774,541.1730086042064,165.66375534608693,140.7100067138672,142.10383892023165,18.520000457763672,107.12337325723898,526.1664457729258,156.95176850721856,145.32000732421875,145.38602831455017,19.010000228881836,109.0879346022382,534.6831681423164,159.26589302493957,50935400,39700800,71403100,441422400,75248600,15059500
2024-09-12,150.77000427246094,161.22869873046875,19.360000610351562,118.8211669921875,544.8076782226562,167.2999267578125,151.5399932861328,162.95307943340111,19.540000915527344,120.4667529234298,545.1097566752126,168.00258181606117,147.64999389648438,153.6551865110155,19.040000915527344,115.0712270559041,538.619857760852,164.92847710460572,148.42999267578125,154.89948123190055,19.43000030517578,116.52731901421612,540.831888043875,166.48993609875308,29233700,43530700,51520600,366052700,51819600,13399900
2024-09-13,152.30999755859375,164.29531860351562,19.65999984741211,118.78128051757812,547.653076171875,168.3441619873047,153.02999877929688,164.67742292127218,19.799999237060547,119.6389797203674,548.6470386001909,170.55947773776867,150.6999969482422,160.71919952461624,19.489999771118164,117.28529459768677,545.1584755178029,167.31945541436392,152.32000732421875,163.36455320896948,19.489999771118164,118.76133738659651,545.4118431545087,168.0904312199157,25117200,29850000,44236300,238358300,39310500,8787800
2024-09-16,152.0800018310547,160.6996307373047,20.90999984741211,116.46749877929688,548.4618530273438,165.0065460205078,154.44000244140625,162.1496658593209,21.06999969482422,117.8637539403752,548.7249152296453,166.45088586248596,150.91000366210938,157.16270993536844,19.760000228881836,114.05397645754886,545.5969551700833,162.75220065540532,151.6999969482422,161.84594380165817,20.030000686645508,116.47747415009144,547.389917673041,165.81655154363216,27677800,26126900,149337000,248772300,36656100,12194300
2024-09-17,150.82000732421875,159.1810302734375,21.469999313354492,115.28067779541016,548.6859741210938,163.31822204589844,154.0399932861328,162.65916863133054,22.579999923706055,118.48209453930119,552.1063181322738,166.13859578247997,149.22999572753906,157.44685718571787,21.239999771118164,114.52271703198278,546.4641898322706,162.35206769237416,153.5500030517578,162.13989891323942,21.709999084472656,117.85377554798693,550.6640853659264,165.27003819276942,29889000,19844300,196249800,231925900,49321000,8629100
2024-09-18,148.2899932861328,158.39720153808594,20.770000457763672,113.06661987304688,547.05859375,163.24993896484375,152.82000732421875,164.07979115097595,21.739999771118164,117.38502682895009,554.1623432239503,167.46586996169208,148.00999450683594,158.09347947263768,20.719999313354492,112.91701975753097,546.5031477370794,162.9766858325864,150.89999389648438,160.4546957780634,21.360000610351562,115.57987289959789,549.3387831967661,164.40151850036725,26320100,26557600,118727900,310318900,59044900,9116000
2024-09-19,156.74000549316406,164.5703125,21.139999389648438,117.55458068847656,556.3938598632812,171.9745330810547,159.25,167.10639965942514,21.690000534057617,119.33979153223306,558.2453466994866,173.4969473920769,152.77000427246094,162.8402751737781,21.030000686645508,116.93623707940027,553.5679782684008,168.47102644335922,153.80999755859375,164.82588159393282,21.280000686645508,117.0359679559666,556.4231220387844,170.1788656829863,44500000,32453100,99829200,293506400,75315500,15855000
2024-09-20,155.9499969482422,168.1876678466797,21.84000015258789,115.68958282470703,555.4320678710938,169.88607788085938,157.4499969482422,169.0920064845434,23.139999389648438,118.30257441739377,556.46815521981,171.77934191109333,152.47000122070312,163.6364714961205,20.350000381469727,115.0812145821692,552.4215262762143,169.46642966915556,156.0,164.33437799969138,20.889999389648438,116.74674381909426,555.0313424308147,170.65703870072176,40248200,91758500,260377900,382462400,77503100,18429800
2024-09-23,156.75,169.99635314941406,22.559999465942383,115.94888305664062,556.820068359375,170.54971313476562,157.19000244140625,170.3698898866937,22.81999969482422,116.67692526968904,557.4652143001452,171.17429379247844,154.97000122070312,165.48448413475427,22.030000686645508,114.55262802291854,555.2854753286341,169.51525281647667,156.4499969482422,169.07235069344816,22.43000030517578,116.23810791147417,556.4975550473902,170.6277875783769,21728500,29431100,184439100,206228500,44116900,5794200
2024-09-24,158.32000732421875,171.86398315429688,22.809999465942383,120.54655456542969,558.4132690429688,177.5859832763672,159.63999938964844,172.99441759852576,23.110000610351562,121.47406618937484,558.471913246618,178.3764663885801,154.5800018310547,168.75776702796662,22.290000915527344,115.07124032940908,554.7967173955426,172.78451761340673,157.4600067138672,169.8685376995047,22.530000686645508,116.20818908018337,557.6117584874984,175.1754892799398,27531200,34223400,113082500,354966800,46805700,14576100
2024-09-25,162.02000427246094,172.5324249267578,23.540000915527344,123.17948150634766,557.1815795898438,177.9568634033203,162.9499969482422,174.1248456146242,24.059999465942383,124.60565503965537,558.989884913283,179.39144962585587,158.17999267578125,170.80237282234535,22.729999542236328,121.28456450552947,556.0770642403616,176.84432866861692,158.5,171.6772232618486,22.799999237060547,121.69346336275538,558.2568026720365,177.14685782322917,35233300,16613800,117013400,284692900,38428600,8280900
2024-09-26,167.49000549316406,175.0586700439453,23.920000076293945,123.70805358886719,559.3908081054688,182.32891845703125,168.67999267578125,177.18190759885826,24.420000076293945,127.32833649308198,561.7464799490699,184.7686887919626,164.0500030517578,172.02126951345463,23.25,121.47405025345233,557.044979898959,179.37191800238855,167.05999755859375,175.46169490372372,24.280000686645508,126.46066959704271,561.4239069445024,183.95868325382423,38044900,24340000,95416900,302582900,48336000,15103400
2024-09-27,164.35000610351562,169.75057983398438,23.90999984741211,121.07512664794922,558.5794677734375,173.682373046875,168.72999572753906,175.43219504247494,24.65999984741211,123.6980858451405,561.2674367221593,181.4603621220202,163.74000549316406,168.8364019203146,23.700000762939453,118.94085404604166,557.5531642883332,173.1260982587345,167.47999572753906,175.13729845745038,24.15999984741211,123.63824884420143,560.4562017753216,181.36276535144862,27876000,20580900,85883300,271009200,42100900,17908400
2024-09-30,164.0800018310547,169.56381225585938,23.459999084472656,121.11503601074219,560.8178100585938,169.4859619140625,165.0800018310547,169.97666147711647,23.950000762939453,121.17487301933534,561.4238200592039,172.5600814358481,162.17999267578125,166.7426684110709,23.09000015258789,117.83383894759385,555.2659399397932,167.78787641942353,163.10000610351562,168.944530924442,23.739999771118164,117.99340684016849,557.5531235786384,170.0715127442625,21881600,16902000,66308200,226553700,63557400,13540200
2024-10-01,159.75,164.6194610595703,22.690000534057617,116.6868896484375,555.7937622070312,167.92453002929688,165.39999389648438,169.3180985300284,23.719999313354492,122.11233379004094,561.1110557410046,171.75008836146762,158.0800018310547,162.9778882612281,22.260000228881836,115.4801287113044,553.2328657284514,166.6656001204278,164.47999572753906,169.2296340376841,23.459999084472656,121.4441210323085,560.4659694617594,171.08646304637276,31831900,23770400,86344400,302094500,72668800,11850200
2024-10-02,159.77999877929688,167.75515747070312,22.389999389648438,118.53195190429688,556.0283813476562,171.5646514892578,163.10000610351562,169.89804395120927,23.06999969482422,119.06053238913914,557.0449605610858,172.70646220947194,158.6699981689453,164.17711541222104,22.350000381469727,114.831880901423,552.5193933091881,166.6753422487786,159.30999755859375,164.6980929510254,22.670000076293945,116.12840510154699,554.904357347643,168.79307598594272,24630400,14317800,59033900,221845900,38097800,11164400
2024-10-03,162.85000610351562,168.9642333984375,22.260000228881836,122.52125549316406,555.0117797851562,175.15599060058594,166.7899932861328,171.96232188138032,22.729999542236328,124.027216908111,556.9470981426042,176.43442789455693,159.39999389648438,166.31019351154612,21.649999618530273,120.01797004879133,552.7343205282026,170.90103047074174,159.7100067138672,166.73286721617293,22.139999389648438,120.59641981201312,554.562134456547,171.56465575618432,29598800,13072300,49565900,277118000,40846500,12555000
2024-10-04,170.89999389648438,173.63336181640625,22.59000015258789,124.58570861816406,560.0553588867188,176.79554748535156,171.2100067138672,173.88893088587923,22.90999984741211,124.70539023390367,560.4267920576441,176.86385332150263,164.4199981689453,169.662134357106,22.299999237060547,121.50398120040512,555.2854315259468,173.27251800076425,166.52999877929688,173.29915264884963,22.700000762939453,124.60565935860969,559.4395649274686,175.37071484518515,44556500,17921400,49845500,243678100,42939100,9993800
2024-10-07,170.97000122070312,172.09991455078125,22.3799991607666,127.37821197509766,554.9921875,180.06480407714844,172.41000366210938,175.27493158810836,22.649999618530273,130.29039598837593,559.0583842578297,180.54300442265895,168.2100067138672,170.9006793232339,22.020000457763672,124.61562046227938,553.8485957624074,176.57105117759582,171.0800018310547,171.8443454855415,22.399999618530273,124.65551433206126,558.4132383947003,177.22492273028064,38379900,15588300,54928700,346250200,49964700,12054200
2024-10-08,172.8000030517578,177.6537628173828,23.31999969482422,132.53439331054688,560.2410888671875,181.56771850585938,173.60000610351562,178.50896461363257,23.420000076293945,133.12281085179842,560.8373745453375,182.04590398012067,170.0,171.91316995071728,22.049999237060547,129.07367761572408,556.683241044493,177.6445634821452,171.75,172.43414753969842,22.25,129.91142617119655,557.553120131347,180.50398217151766,34730200,20774200,58650500,285722500,37398700,10394200
2024-10-09,171.02000427246094,182.78488159179688,23.459999084472656,132.29501342773438,564.1214599609375,182.6314697265625,174.0500030517578,183.24688276890973,23.479999542236328,134.16001952786942,564.678609622658,183.4707514191269,169.5500030517578,173.41709602023485,23.059999465942383,131.02842299164354,559.6349703999178,177.86903269050603,174.0500030517578,176.189103082912,23.25,133.75111306364067,560.2311963041083,183.27557274691668,33890700,25504100,44759000,246191600,37912200,11925000
2024-10-10,164.17999267578125,182.52932739257812,23.219999313354492,134.44924926757812,563.1343994140625,181.30419921875,172.00999450683594,183.13876942089965,23.530000686645508,134.6387432670493,564.5517040960426,182.57288268214523,162.0,179.4231109273976,22.959999084472656,130.64944717024784,561.5313781232933,179.9574413231731,169.75999450683594,180.43557784499356,23.190000534057617,131.55701568457982,562.7825341526946,181.38227365093167,75113600,16318000,44874600,242311300,44138100,6443800
2024-10-11,167.88999938964844,178.39097595214844,23.559999465942383,134.4392852783203,566.5065307617188,186.21304321289062,169.35000610351562,179.4820829438269,23.81999969482422,135.41665858843493,567.2396131412746,186.87666853926467,163.00999450683594,174.38042092865638,22.979999542236328,133.3023364675461,562.9192713637127,183.48049724598923,164.19000244140625,178.05676678329039,23.049999237060547,133.65139075503694,563.0561277259117,183.63664613350988,42136200,23070000,43585300,170209500,42268000,12163900
2024-10-14,165.27000427246094,179.20684814453125,23.440000534057617,137.7005157470703,571.1396484375,187.5792999267578,168.89999389648438,181.80191136683385,23.770000457763672,139.22642006970023,572.0682314590191,189.5701458718273,165.14999389648438,177.06396173327255,23.270000457763672,135.9352482142016,567.6306009114653,185.91049054611634,167.77000427246094,180.1800024775441,23.579999923706055,136.10479144805439,568.1095385598273,186.01784103131754,31757200,17195800,35403600,232347700,36217200,11714400
2024-10-15,156.63999938964844,172.98460388183594,22.65999984741211,131.24781799316406,566.7020874023438,182.62168884277344,164.1300048828125,178.60724378062818,23.719999313354492,138.19916608738376,571.7065921692961,188.9553229273602,155.74000549316406,170.41902863081688,22.469999313354492,128.39547132022776,565.4900076351577,179.8110687292111,163.2100067138672,177.71272947875985,23.40999984741211,137.5010272539466,571.4035871421002,188.31123489398215,50768000,27657500,68900600,377831000,54203600,21812700
2024-10-16,156.1300048828125,173.81031799316406,22.309999465942383,135.35679626464844,569.1652221679688,182.96324157714844,158.27999877929688,176.19894926905897,22.540000915527344,136.25438165655956,569.6832957534668,185.43228781352187,154.9199981689453,172.3456741867449,21.739999771118164,131.22787606953918,565.900594951752,182.16300469973464,158.07000732421875,175.4715395599999,22.3799991607666,133.6214472599385,566.7021056174783,185.2078331259903,30575800,15285100,62151800,264879700,30725400,18689200
2024-10-17,156.25,178.44012451171875,22.440000534057617,136.5635528564453,569.2140502929688,200.8809356689453,160.44000244140625,182.35237558842164,22.81999969482422,140.51296215395072,572.8990304200946,207.4780844787463,156.1999969482422,177.61442599284845,22.399999618530273,136.50371585796043,569.0283336899422,197.1041757874559,160.0,178.28284431791542,22.719999313354492,138.96710708195366,572.6937458614649,198.4509338374902,29491900,25232400,43807600,306435900,34393700,62274700
2024-10-18,155.97000122070312,176.8280487060547,22.770000457763672,137.63072204589844,571.4035034179688,195.9428253173828,158.00999450683594,179.6000560114651,22.81999969482422,138.5283076242321,572.1854459872815,200.9882683608524,155.55999755859375,175.63863780572493,22.5,136.91264749604844,569.4388331888846,195.92330298603383,157.41000366210938,179.21669489466,22.610000610351562,138.29892734851708,570.8952139016382,200.9882683608524,23823000,17835200,39971700,176090200,37416800,21030800
2024-10-21,157.89999389648438,176.92633056640625,22.84000015258789,143.325439453125,570.4652099609375,197.08462524414062,158.0,178.6268794114957,22.8799991607666,143.325439453125,571.6576620923939,198.53873358120197,154.14999389648438,175.21594233552972,22.25,137.63071268872676,567.5035282712228,194.8498023898241,155.75999450683594,176.3267129968803,22.610000610351562,137.76036967912168,570.6802188403536,195.9720906767596,25781200,13695100,39727000,264554500,36439000,14820000
2024-10-22,154.08999633789062,176.32672119140625,22.399999618530273,143.20574951171875,570.1621704101562,193.6982421875,156.74000549316406,177.61442086800335,22.81999969482422,144.0335302578968,571.3155462187071,195.3475293158731,151.91000366210938,174.39025198338845,22.170000076293945,141.400595506541,567.288485036852,192.36125280964373,156.60000610351562,175.61897533877718,22.729999542236328,142.5275764963188,567.9433552717076,194.27403930361834,34997400,12062600,50160400,226311600,34183800,11165100
2024-10-23,152.91000366210938,170.55665588378906,21.979999542236328,139.18653869628906,564.952392578125,196.02090454101562,153.4499969482422,175.93355142536902,22.43000030517578,142.04885378245024,568.5885123492586,198.23622013121596,150.52000427246094,169.6326683584797,21.579999923706055,137.09216737152124,561.4629131521561,191.5024452041622,153.0,174.56721141566078,22.299999237060547,141.64993025905358,568.1486509721636,191.94160087760187,26095900,19513700,45799100,285930000,49314600,16535700
2024-10-24,153.44000244140625,168.4334259033203,22.34000015258789,140.0342559814453,566.1741333007812,193.16148376464844,155.19000244140625,171.33321040695552,22.3700008392334,140.9717429059513,566.9756438040564,195.66957473823464,152.35000610351562,166.6149090964464,21.969999313354492,138.08947737101022,563.5643769207462,192.65402227251013,154.74000549316406,171.2938828548892,22.09000015258789,140.44316244306268,566.8974316514852,194.16668281106584,22877000,20485200,40554400,172354900,34979900,9935800
2024-10-25,156.22999572753906,170.05532836914062,22.68000030517578,141.16123962402344,565.9786376953125,198.5387420654297,158.91000366210938,173.79065072041467,23.34000015258789,143.74432048434818,571.27642231265,200.25633492443444,155.0500030517578,169.78009551158982,22.40999984741211,140.42322956503693,565.0403304898274,195.1816158895415,155.39999389648438,171.22507551326444,22.420000076293945,140.55287134358582,568.39295320261,195.4255929094034,29758500,19977700,67503000,205122100,47268200,13434900
2024-10-28,159.9199981689453,169.09202575683594,22.920000076293945,140.14395141601562,567.7283935546875,189.9897918701172,160.27999877929688,171.00883151202976,23.270000457763672,142.75693502866474,569.5659916825215,194.92789962747526,157.0399932861328,168.43343172808045,22.559999465942383,139.67520798990546,567.4253885260767,189.83365788310252,158.5,170.0553408288444,22.670000076293945,142.617310298629,569.4389192842264,194.4594529929013,36010100,13195800,41915000,173586700,30174700,20135300
2024-10-29,166.25,176.18911743164062,22.899999618530273,140.87200927734375,568.6470947265625,192.19534301757812,167.50999450683594,177.16225679961016,23.139999389648438,141.8793009979601,569.7613345267463,194.0007640624336,158.94000244140625,168.29579922955304,22.40999984741211,138.52829188537018,565.3824085036434,188.93581354728002,161.10000610351562,169.5048588983671,22.8700008392334,139.91457158033694,566.7703610094676,189.70677439184004,71896000,23702300,83422200,157593600,42899700,13779100
2024-10-30,148.60000610351562,173.63336181640625,22.299999237060547,138.96713256835938,566.9268798828125,189.79461669921875,153.1199951171875,176.139960571211,22.93000030517578,139.9544888783044,570.1622147162088,190.74124881524904,148.10000610351562,172.63071931467132,22.260000228881836,136.44390388312416,566.2230897069062,187.96967318681124,153.00999450683594,174.44923596007567,22.420000076293945,139.1665943392083,568.1779762445088,189.6970348169418,87701700,17911500,50941200,179418100,41435800,10007800
2024-10-31,144.07000732421875,166.88031005859375,21.520000457763672,132.4047088623047,555.8132934570312,185.9495391845703,148.67999267578125,171.48064350473604,22.25,137.2417356225259,562.6456116079135,188.21365332356615,143.3300018310547,164.53099139718708,21.469999313354492,131.7564544469141,555.6177928931281,183.1389337352498,147.8000030517578,171.48064350473604,22.149999618530273,137.23176786248834,562.5771834276276,188.21365332356615,44386600,26086600,112485500,270039600,60182500,13062700
2024-11-01,141.86000061035156,166.04478454589844,23.200000762939453,135.0376434326172,558.1590576171875,188.3014678955078,144.5399932861328,168.4137671599614,23.579999923706055,136.94253564166783,562.5673353166255,193.39570944938774,141.32000732421875,164.64895638716098,21.90999984741211,134.2098780275083,557.7485482406672,187.9111106058031,144.44000244140625,165.39601490901478,23.0,134.33951978002003,558.4327703071272,189.52135303980518,39027400,17847000,173471100,207127800,45667500,12691200
2024-11-04,140.7100067138672,165.6810760498047,22.520000457763672,135.68589782714844,556.9569091796875,186.9449462890625,143.63999938964844,169.51468728479696,23.0,138.58811356192786,559.5862337823984,189.67749184550084,139.72000122070312,165.55328400894967,22.0,135.20718669312842,555.0802349340614,186.0080828870224,141.6999969482422,166.39864635808462,22.959999084472656,136.84279701748665,558.2960015952809,189.0333889496137,29117400,13621300,84616300,187528200,38217000,10917300
2024-11-05,141.66000366210938,170.9399871826172,23.31999969482422,139.5355987548828,563.6915283203125,191.0437774658203,143.0800018310547,171.4314765247168,23.579999923706055,139.99435925396384,563.7306045728799,193.56162232434278,140.8000030517578,167.15552824788887,22.399999618530273,136.9625011145287,557.6509362573997,188.8284766477431,141.94000244140625,167.15552824788887,22.579999923706055,137.08217511986183,557.8659451341218,188.9163048089158,27067300,13441800,59153300,160537400,39478300,10339200
2024-11-06,145.10000610351562,176.49383544921875,25.049999237060547,145.22035217285156,577.7080078125,188.56497192382812,145.6300048828125,177.14260501622698,25.1200008392334,146.09800218631347,578.57794657906,189.57990983688924,141.52000427246094,172.96494537874452,24.049999237060547,141.58012556166827,572.1854895240832,183.9586843136459,144.9499969482422,176.57247554816507,24.299999237060547,142.57744958861787,575.9095457320777,187.41339257569436,32911500,24300800,116760500,242043900,68182000,19834900
2024-11-07,149.82000732421875,180.68133544921875,26.229999542236328,148.4816131591797,582.1749877929688,196.34295654296875,150.1199951171875,181.723290604017,26.3799991607666,148.5314671885647,583.191567003201,197.14319345590943,145.66000366210938,178.69571402269636,25.190000534057617,145.77885821996583,579.6238751058823,191.52196805991693,146.67999267578125,178.8923217869777,25.43000030517578,145.9982707339075,579.7020872739936,191.58052016437892,30326400,18970600,101489300,207323300,47233200,14865200
2024-11-08,147.9499969482422,180.5142059326172,26.200000762939453,147.2349090576172,584.6966552734375,196.3527069091797,150.7100067138672,181.90020948453238,26.43000030517578,149.3691812590464,586.113959615029,201.63237330856344,147.52999877929688,178.73501690454347,25.829999923706055,145.8685651814179,582.7222012392871,195.20114249796225,149.38999938964844,179.87527578409347,26.0,148.3718575159869,582.7222012392871,198.97790208300611,27560300,13503200,76428000,175665800,46444900,13112100
2024-11-11,147.35000610351562,175.86471557617188,25.049999237060547,144.8712921142578,585.25390625,189.37496948242188,148.57000732421875,180.50437604907555,26.290000915527344,148.45169716990912,586.6320749270757,193.42498213451827,144.91000366210938,173.8102937775309,24.829999923706055,143.18582718199275,583.5335966542183,186.87664713297846,147.3800048828125,180.2782801580577,25.959999084472656,148.28213868247923,586.2802096893201,193.19077372124283,29868100,17036700,80185300,182325600,37586800,16610000
2024-11-12,143.6300048828125,173.2205047607422,24.15999984741211,147.89315795898438,583.4358520507812,187.14991760253906,147.4499969482422,176.50364996299336,24.959999084472656,149.2495191040209,585.7718958867575,189.3261886948106,141.5500030517578,170.25190493761482,23.889999389648438,145.6192606302401,580.9628921945897,185.14930283654917,147.0,175.85488043227852,24.65999984741211,146.38720431256547,585.175669871058,189.16028608959664,33560300,15862000,62539700,198634700,43006100,11819000
2024-11-13,139.3000030517578,170.6254425048828,24.920000076293945,145.87857055664062,583.7193603515625,182.16299438476562,144.49000549316406,172.60122426858544,25.139999389648438,148.93037924410717,585.7133231848053,187.84277131144668,139.07000732421875,169.662127590144,24.020000457763672,145.5095503668412,581.5396809070076,182.00684552785714,142.86000061035156,171.73621322229656,24.059999465942383,148.67108050956173,583.8952929846365,187.80374154280685,35146600,17472500,58202000,191903300,47388600,13882200
2024-11-14,138.83999633789062,167.4799346923828,25.030000686645508,146.36724853515625,579.9659423828125,183.95867919921875,141.39999389648438,172.58159712359284,25.610000610351562,148.60125952595652,584.3253608590082,188.01846052094584,138.55999755859375,166.97860589914734,24.93000030517578,145.16049515099348,579.2817798181851,183.0218008591371,140.33999633789062,171.79521107462975,25.1200008392334,147.24489842760545,583.8464232004079,183.86108243150207,31681400,20638900,49252100,194463300,38904100,11453900
2024-11-15,134.89999389648438,162.03421020507812,24.350000381469727,141.60006713867188,572.5374145507812,181.5286865234375,137.35000610351562,166.26102174263,24.81999969482422,144.85135334501234,576.8870491794336,184.25147885452498,133.64999389648438,160.64820659641603,24.229999542236328,139.70515749364313,570.6900323906797,180.3575996126289,136.57000732421875,165.6024277936143,24.809999465942383,144.48233309105467,576.4178358264271,183.64640561918443,44217500,20836200,55104900,250132900,75988800,9834800
2024-11-18,138.92999267578125,162.85009765625,24.84000015258789,139.77493286132812,574.88330078125,182.96324157714844,140.89999389648438,163.5185310465786,25.020000457763672,141.1711953957962,576.1930413945956,183.47071794524953,137.2100067138672,159.45882376149166,24.15999984741211,136.7829612819808,572.1366874944769,179.06937789153505,138.19000244140625,162.84027326781367,24.329999923706055,139.1266784396513,572.9967827127789,179.90865943097418,38705400,17856900,59589500,221205300,37001700,10681500
2024-11-19,139.38999938964844,162.53553771972656,24.200000762939453,146.61659240722656,576.9847412109375,185.10049438476562,139.75,163.96085386714154,24.540000915527344,146.73628163269873,577.7080396739373,185.44206818886678,137.13999938964844,161.51323144913493,24.100000381469727,140.61271302151263,570.856212572816,183.49025191669188,137.41000366210938,163.82323744599248,24.5,140.9418317601378,571.5208668268807,184.573510543396,23131400,18003400,61190900,227834900,49412000,9390100
2024-11-20,137.60000610351562,160.4712677001953,24.010000228881836,145.49960327148438,577.18017578125,183.8220672607422,140.77000427246094,162.72228225241992,24.209999084472656,147.16513258851916,577.4636128156191,184.3002676346574,135.47999572753906,158.12194928145365,23.549999237060547,142.34805565960622,571.4425893061045,179.6256590655822,138.9600067138672,162.72228225241992,24.06999969482422,147.0155400700263,577.0628873767942,184.3002676346574,28843100,17196700,50191500,309871700,50032600,10624500
2024-11-21,137.49000549316406,161.14955139160156,24.440000534057617,146.2775115966797,580.2786865234375,186.63267517089844,140.27999877929688,163.5086945781418,24.770000457763672,152.48086819347145,581.6959910919024,187.66713540072752,134.92999267578125,157.86640570729526,23.829999923706055,140.3234860038813,574.1990184692589,182.24108860874964,138.8699951171875,163.42023008343654,24.079999923706055,148.95034787282623,580.014817427747,184.8467615153501,29311400,24835300,58928400,400946600,46750300,18137300
2024-11-22,138.35000610351562,161.43460083007812,24.5,141.57015991210938,582.0772705078125,185.50062561035156,139.1300048828125,162.1030341999527,24.68000030517578,146.76622542449033,582.7028485393122,188.35027566244844,137.0399932861328,159.635747862897,24.139999389648438,140.7224435162038,579.7705186323628,184.86627636901028,137.35000610351562,161.50341654422564,24.350000381469727,145.53950576424535,580.2689646034843,188.30147727601036,21784700,17332500,36784700,236406200,38226400,8838900
2024-11-25,141.1300048828125,162.01455688476562,24.8700008392334,135.656005859375,584.0516357421875,180.62106323242188,142.35000610351562,164.38352415761196,25.56999969482422,141.66986796819967,587.3064784870423,183.71468995629874,139.0500030517578,160.11740019013936,24.760000228881836,135.45654411602544,581.7741764917598,179.28407397241793,140.49000549316406,162.58467133282466,25.040000915527344,141.61003096699034,585.9967380709614,183.5585410948045,30923100,26850600,91128400,344941900,42441400,14380000
2024-11-26,137.72000122070312,161.93592834472656,24.049999237060547,136.55360412597656,587.1012573242188,179.4109649658203,142.8000030517578,163.53817354417484,24.989999771118164,138.9272401830298,587.7659115133398,181.4213335318382,136.6199951171875,159.9208188617437,23.809999465942383,135.30694909062626,584.5794372696156,177.93734890315133,142.5500030517578,161.79831191657027,24.950000762939453,137.33151565059862,585.2929516850081,180.9333794180988,32092400,16308800,69613600,190287700,45621300,10186600
2024-11-27,136.24000549316406,156.95223999023438,23.649999618530273,134.9778289794922,585.3223876953125,176.82479858398438,137.94000244140625,160.42215432559505,23.93000030517578,136.85280300357402,587.2967825924234,178.05443748174994,132.9600067138672,154.85849012249886,23.059999465942383,131.44730865073987,583.8073625128942,173.76044761457604,137.1999969482422,160.42215432559505,23.829999923706055,134.64871022731037,586.9156250460375,177.61528179620342,30175300,19722700,53992300,226370900,34000200,9895200
2024-11-29,137.17999267578125,159.32119750976562,24.049999237060547,137.88002014160156,588.9583129882812,180.21119689941406,138.58999633789062,159.92081514688905,24.280000686645508,138.977082446908,589.7402555167076,182.44601994068694,135.77999877929688,156.37226126143372,23.600000381469727,135.68591074894266,585.8598351444666,176.8150259223094,136.24000549316406,156.85392624832483,23.719999313354492,136.41395288721657,586.13348818314,177.13707738864738,16085700,11024000,36616800,141863200,30177400,8045300
2024-12-02,142.05999755859375,163.67576599121094,23.93000030517578,138.259033203125,590.0139770507812,189.71653747558594,142.82000732421875,165.5139462254125,25.479999542236328,140.07415499884576,590.6884151690585,190.5850951291906,137.8000030517578,159.97977174863198,23.440000534057617,137.45120318506554,588.8801096579482,184.3880873417074,137.9199981689453,160.17636447447043,24.84000015258789,138.45849496272686,589.3688312028335,184.77844464332745,33102400,21472400,150497900,171682800,31746000,16646900
2024-12-03,141.97999572753906,165.28787231445312,22.469999313354492,139.8846435546875,590.2876586914062,194.09837341308594,143.4499969482422,165.4058399648893,23.75,140.1638930268938,590.5320194756874,194.20572390636968,141.0800018310547,161.2380046273625,22.440000534057617,137.58082780000817,588.7531254655074,187.95991763670588,142.5800018310547,161.6803420690679,23.68000030517578,137.8899957715255,589.7794288278096,188.83822902453534,22665300,17024400,138160500,164414000,26906600,11217700
2024-12-04,143.99000549316406,167.65684509277344,21.959999084472656,144.75155639648438,593.9530639648438,195.85501098632812,144.1199951171875,172.40463402557262,22.540000915527344,145.39981069275,594.1974247464545,197.7189991455568,141.17999267578125,165.69088768784118,21.809999465942383,139.9145305251283,591.3042312735546,193.4933150263908,142.9600067138672,170.4878285555766,22.530000686645508,141.61996069132385,591.9688854405287,195.03525170592212,25942700,32748200,104649000,231224300,42787600,12761100
2024-12-05,141.36000061035156,167.56838989257812,20.799999237060547,144.68177795410156,592.9756469726562,199.3780517578125,143.9499969482422,169.46553169388795,22.190000534057617,146.1579148411047,594.7546007001943,200.6760114736664,140.3800048828125,166.32000267154766,20.65999984741211,143.57467148409813,592.6237817496434,195.91357460841937,143.67999267578125,167.8436227445913,22.040000915527344,144.73165063129176,593.9530901421784,196.40152871703313,29576900,18490000,167993500,172621200,28762200,12483700
2024-12-06,138.58999633789062,176.47415161132812,20.920000076293945,142.068603515625,594.0997924804688,198.12887573242188,142.7899932861328,177.60457103215023,21.049999237060547,145.32009789302302,595.3313805479372,198.29477833010137,137.39999389648438,166.44777262108465,20.65999984741211,140.9415450143936,593.3276337729875,195.11330824761052,141.47999572753906,167.20467036320903,20.950000762939453,144.22297517109268,593.738143242676,197.1334452551683,33576800,27830800,78539100,188505600,31241500,9672900
2024-12-09,130.8699951171875,175.89419555664062,20.809999465942383,138.4480743408203,591.040283203125,194.3716278076172,135.77000427246094,177.71269699276797,21.059999465942383,139.58510137793925,594.1485450845221,198.23623070052153,130.0,173.02389980417644,20.729999542236328,136.77246195727844,590.4538412098018,194.1862028733245,135.7100067138672,175.90401994311603,20.920000076293945,138.60766082087318,593.9823964628125,196.0892208204764,57055600,20886300,68818200,189308600,34742700,9699700
2024-12-10,127.73999786376953,168.8855743408203,20.15999984741211,134.7178497314453,589.2026977539062,187.31581115722656,131.55999755859375,175.46170448873596,20.860000610351562,141.45025097804097,592.135027098725,195.09380024022573,127.06999969482422,166.8409767687388,19.959999084472656,133.4411729750498,588.5478275712469,185.78362822652875,131.55999755859375,174.78344676060976,20.829999923706055,138.6475644899376,591.7147337183083,194.30331702779753,38907200,27762600,90004800,210020900,37234500,15307900
2024-12-11,130.14999389648438,180.0817108154297,20.1200008392334,138.94676208496094,593.7576293945312,189.91175842285156,131.2100067138672,181.72328359016763,20.25,139.8045203384501,594.7057206012569,191.27802406685765,126.22000122070312,173.42694022633972,19.8700008392334,134.85746151474785,591.8418193692619,188.60403000224153,128.52000427246094,176.9460060844076,20.139999389648438,137.00184953896905,592.1155320836123,189.98006425946252,45588100,41295200,75209300,184905200,28677700,9027600
2024-12-12,130.60000610351562,177.58493041992188,20.780000686645508,136.98190307617188,590.6983642578125,187.4407196044922,132.32000732421875,178.9021182401564,20.899999618530273,138.07904108019704,593.4644860210094,191.3175796375997,129.07000732421875,172.99442182320777,19.920000076293945,135.44592508954074,590.6983642578125,187.2742752395101,130.0,177.85032386194095,20.020000457763672,136.72258646567687,592.8976118245315,190.5441705451371,34267100,46967200,77695000,159211400,31543800,7944900
2024-12-13,126.91000366210938,220.97361755371094,20.34000015258789,133.8999786376953,590.5809936523438,196.77064514160156,131.3000030517578,224.80722853255565,20.799999237060547,139.2360360155149,593.4351111707817,198.28809421692108,124.7699966430664,207.51663658071615,20.25,132.19443031399229,589.2125492712078,193.12873748390862,131.3000030517578,210.25914058880278,20.600000381469727,138.57775313836598,592.7215967057723,194.34269674416424,67544700,121336600,55104100,231514900,35904700,19477000
2024-12-16,126.69000244140625,245.7446746826172,20.829999923706055,131.6558380126953,593.1027221679688,197.97482299804688,127.76000213623047,247.59267943593113,21.100000381469727,134.04957443441504,594.0704410234347,201.18596518895407,123.12000274658203,226.88131105412916,20.0,130.07995570111123,591.5584049068509,196.65315739733265,126.01000213623047,227.8446259791469,20.170000076293945,133.8301468202068,592.3305635374098,198.93424580255294,42090300,111623200,73832900,237951100,43695200,15139300
2024-12-17,125.0199966430664,236.14097595214844,20.440000534057617,130.050048828125,590.6591186523438,196.4475860595703,127.08000183105469,238.34285370555716,20.770000457763672,131.24691716498373,591.5192734247074,198.15104900720277,123.1500015258789,229.82042992197555,20.290000915527344,126.52925340087059,589.2907339933267,193.32455073762526,124.44999694824219,236.5538252185879,20.639999389648438,128.75343512194198,590.5613981975558,196.78044491847962,43314900,70382100,51767200,259410300,55773500,11169400
2024-12-18,121.41000366210938,219.81369018554688,19.299999237060547,128.5738983154297,573.055419921875,191.4546661376953,127.75,235.76744514733898,20.579999923706055,136.3435808551527,592.7312963771194,200.93146461621913,120.43000030517578,215.48858994272976,19.209999084472656,127.94553603601128,572.674202761188,189.88826341308538,125.43000030517578,235.33493212324436,20.479999542236328,133.51098920213212,590.3561165933274,198.73848287560608,49724400,53960100,86041200,277444500,108248700,14721100
2024-12-19,118.87999725341797,214.60394287109375,19.059999465942383,130.33926391601562,572.87939453125,190.55392456054688,123.37999725341797,224.16832257610096,19.690000534057617,133.68053537391728,579.6237759904493,194.40142989262043,118.44999694824219,213.8765331456835,19.030000686645508,129.212220572867,572.635033748792,189.87840733089922,122.16000366210938,224.03070614146296,19.530000686645508,131.41644980197495,578.0207549395101,194.2349855544352,46160700,40845200,69117800,209719200,85919500,10553400
2024-12-20,119.20999908447266,217.0318603515625,19.520000457763672,134.34878540039062,579.7603149414062,193.0700225830078,121.86000061035156,226.37015799201694,19.760000228881836,134.92727495716574,584.27166262691,193.921754093601,117.9000015258789,215.18387059681547,18.899999618530273,127.88568536239204,569.7175591199479,187.94980400959224,118.0,216.60918671054557,18.969999313354492,129.4715360054975,570.561034960996,188.55679865091983,53591200,131910400,108453700,306528600,125716700,16170100
2024-12-23,124.5999984741211,229.00706481933594,20.200000762939453,139.30584716796875,583.2321166992188,203.00692749023438,126.33999633789062,230.0419458877564,20.229999542236328,139.42552943098136,583.8303494697157,203.68244482809288,120.47000122070312,221.89094153931927,19.520000457763672,134.76770699433413,576.337534899556,196.692334227648,120.70999908447266,223.4284945956326,19.579999923706055,135.92468626680915,579.5053432293004,196.78044128776938,47777900,40643800,57988400,176053500,57635800,17847000
2024-12-24,126.29000091552734,236.2316131591797,20.399999618530273,139.85443115234375,589.7147216796875,201.99853515625,127.51000213623047,236.7737030796136,20.399999618530273,141.53004388922912,589.7539893082886,202.85026654628248,124.66000366210938,231.4218340524082,19.959999084472656,138.2885170222474,583.997031715741,200.25590372695214,127.51000213623047,236.66528509552683,20.219999313354492,139.63500350075054,584.5756905048978,201.59713866315732,24829600,22827200,29884000,105157000,33160100,7634500
2024-12-26,125.05999755859375,241.8298797607422,20.440000534057617,139.56517028808594,589.7539672851562,198.79718017578125,127.30000305175781,243.72225392597645,20.670000076293945,140.4827850771225,590.8719573339298,203.79012238226198,125.05000305175781,234.18153229634711,20.079999923706055,137.37090912331828,586.5567683514358,198.63075076069362,125.5199966430664,236.5469962430767,20.229999542236328,139.33577420033015,587.9493923534018,201.1859599000281,24998200,28459000,39846200,116205600,41219100,8044900
2024-12-27,125.19000244140625,238.27183532714844,20.299999237060547,136.6527557373047,583.5458984375,197.39720153808594,126.18000030517578,242.24385272325696,20.610000610351562,138.65752461945982,586.2625477535164,200.20694706623811,122.26000213623047,232.94953354236773,20.09000015258789,134.35876491420703,579.3777835694219,194.87136148908465,124.37000274658203,242.10586756703682,20.209999084472656,138.1887488761999,586.0271215733671,200.20694706623811,32924000,29282200,48260800,170582600,64969300,10664400
2024-12-30,122.44000244140625,232.19061279296875,19.81999969482422,137.1315155029297,576.88671875,196.18324279785156,124.0999984741211,235.33471932121458,20.110000610351562,139.9042657427297,580.338917958557,197.7300758922523,122.3499984741211,228.2875803691194,19.729999542236328,133.67056192681179,573.150128529516,194.31333555033578,123.55999755859375,231.32326891227902,20.010000228881836,134.47844750631418,576.5631199685903,195.64478587599314,30501600,27316800,59608100,167734700,56578800,11235200
2024-12-31,120.79000091552734,228.50437927246094,20.049999237060547,133.93984985351562,574.7880249023438,193.34414672851562,123.55000305175781,234.0435312857127,20.399999618530273,137.71000800391963,579.2601650774656,197.54408124827603,120.13999938964844,227.98200589430624,19.8799991607666,133.48105776544256,573.1599745686183,193.21687100600423,123.0999984741211,232.48626186129331,19.989999771118164,137.67010377599792,578.5441892688881,196.5748586951936,30203400,17927700,49846700,155659200,57052700,6427900
2025-01-02,120.62999725341797,228.6423797607422,20.219999313354492,137.94935607910156,573.3756713867188,197.3482666015625,123.13999938964844,236.0541898492545,20.43000030517578,138.51787711680194,579.7406180456738,199.49229468837112,119.44000244140625,226.92742366420353,20.0,134.27895893528864,569.3154229960469,192.56092215040698,122.29000091552734,232.76224776307393,20.229999542236328,135.64538180842524,578.0341524534392,192.86441198215363,34256200,31525800,46438500,198247200,50204000,10951400
2025-01-03,125.37000274658203,229.20416259765625,20.559999465942383,144.0933380126953,580.5447998046875,204.23068237304688,125.55999755859375,233.08747779165455,20.670000076293945,144.52220960853393,581.1822402167261,204.41669612189597,121.41999816894531,225.70523563132903,20.059999465942383,139.3656906953459,575.1311355296597,199.42375367627855,121.6500015258789,230.22919285836196,20.389999389648438,139.64495945984694,576.2099775379395,199.81536549976707,36785300,24973200,48983900,229322500,37888500,10261900
2025-01-06,129.5500030517578,233.00865173339844,19.8700008392334,149.04039001464844,583.8890991210938,215.391357421875,130.72999572753906,238.271818806191,20.979999542236328,151.76328315584956,588.1455060566466,217.53538546782386,127.36000061035156,229.9433962963071,19.780000686645508,147.43460231153736,582.1629997160619,211.16205430721254,129.07000732421875,233.09735324783523,20.829999923706055,148.20258376458906,584.7815995417147,214.17739811802346,48020200,34028400,83271000,265377400,47679400,24339900
2025-01-07,127.33000183105469,225.3504180908203,20.010000228881836,139.77459716796875,577.288818359375,206.981689453125,131.7100067138672,236.0541693353197,20.34000015258789,152.73073241075815,586.2330977215739,216.8304989725922,126.8499984741211,224.32538781410886,19.899999618530273,139.6449312609891,575.4744864171694,206.88379770139576,130.50999450683594,236.0541693353197,20.020000457763672,152.63098706400407,585.9094391002772,216.5955468176712,39220400,25928600,61726100,351782200,60393100,17010000
2025-01-08,121.83999633789062,226.01080322265625,19.8799991607666,139.74468994140625,578.13232421875,202.77195739746094,125.30000305175781,229.12534237691784,20.1200008392334,143.57467420574872,579.2013495963691,205.88520792195735,120.12000274658203,222.80756255153835,19.709999084472656,137.20133554653654,573.9250009242365,201.59715179779695,124.51000213623047,226.39519150162025,19.829999923706055,142.20825109505992,577.357566647636,205.5621337678186,46723100,18756500,47897100,227349900,47304700,13262700
2025-01-10,116.04000091552734,221.08273315429688,19.149999618530273,135.55564880371094,569.3057250976562,203.99574279785156,118.70999908447266,224.55209329758333,19.65999984741211,139.55518814906236,574.6605491609225,205.57194512117047,114.44999694824219,218.06676136943398,18.90999984741211,133.87005266470834,567.4031005646302,198.9636459602904,118.18000030517578,224.02971988591767,19.65999984741211,137.09162690267476,574.5918906635376,203.24191794556495,59415600,23864000,71244600,207602500,73105000,17265200
2025-01-13,117.31999969482422,222.0486297607422,19.200000762939453,132.8826141357422,570.1883544921875,197.1328887939453,117.4800033569336,225.96151252285404,19.25,133.1419459563911,570.5414039943755,199.3160706495046,114.41000366210938,216.35179081001442,18.729999542236328,129.17231238202828,564.2646890570356,195.85039176248014,115.27999877929688,216.8248956302933,18.920000076293945,129.6510717959939,564.6766400021115,196.31052633783295,39128900,23772100,50669000,204808900,47910100,16612400
2025-01-14,116.08999633789062,221.4671173095703,19.200000762939453,131.4164581298828,570.972900390625,197.2209930419922,118.66000366210938,226.94712019463327,19.520000457763672,136.02442280388445,573.7287574980859,201.93001517853332,114.5,219.890146393167,18.81999969482422,129.71092511662002,567.2068596443902,194.3329248542689,118.0,223.31022284108445,19.360000610351562,135.6952813829554,573.101074063849,200.88248526595996,37005300,18143100,47147500,195590500,48420600,14182900
2025-01-15,119.95999908447266,224.71966552734375,19.719999313354492,135.88479614257812,581.3589477539062,202.4586944580078,120.41999816894531,227.0259953272823,19.770000457763672,136.09424010113995,582.4965717179379,204.65166105258155,117.45999908447266,222.3344849172465,19.170000076293945,130.94768976753863,577.8479067851994,195.16509371526627,117.55000305175781,225.2617554476509,19.399999618530273,133.30153730793728,578.9561398854404,198.2391757638437,38185800,21745600,56306000,185217300,56900200,18286500
2025-01-16,118.44000244140625,226.10935974121094,19.670000076293945,133.22174072265625,580.2408447265625,210.2809295654297,121.08999633789062,235.16714072231875,19.950000762939453,138.38822723428095,582.8985926554029,217.29062402430765,118.25,225.91224025559407,19.399999618530273,133.14194748607855,579.5445027973688,208.69494283521993,120.23999786376953,231.8357657701587,19.75,138.2785134363621,582.7220679112103,214.2948646723724,29414100,23471900,44898100,209235600,43319700,38539600
2025-01-17,121.45999908447266,234.0238494873047,21.489999771118164,137.3509521484375,586.06640625,207.06002807617188,122.73999786376953,234.67435738864566,21.6200008392334,138.13888566634566,587.8120797540519,211.1522711059849,120.55000305175781,229.31262263684286,20.790000915527344,135.10681862678206,584.1343312340456,206.6292625070411,120.77999877929688,233.66902836286908,21.260000228881836,136.33360735729912,585.4583566167607,210.65298279910954,35765900,31196600,166483900,201188800,58070600,21606100
2025-01-21,122.27999877929688,236.85252380371094,21.770000457763672,140.46279907226562,591.430908203125,214.10887145996094,123.75,239.25742057124293,22.40999984741211,141.46019165371834,591.440725108679,215.5284289109928,121.12000274658203,233.98438798476485,21.75,136.7325453387914,587.1352937130949,207.59847956119532,122.38999938964844,238.02540501732304,22.030000686645508,138.79715528751996,589.0967593301249,209.9578904963072,31578800,30903200,96262200,197749000,42532900,19061300
2025-01-22,123.75,237.44390869140625,21.860000610351562,146.6865234375,594.7557373046875,218.51438903808594,125.6500015258789,243.43643443824632,22.290000915527344,147.40463204168435,596.1091536661693,220.69757076130853,121.91000366210938,237.22707274035997,21.56999969482422,143.2953797793423,593.6965288784859,214.70605188929707,123.08000183105469,243.19988202639956,21.729999542236328,144.28280384097386,594.2457369774064,217.29063012217097,35023800,29610500,60972600,237651400,48196000,17294500
2025-01-23,123.04000091552734,236.82298278808594,21.56999969482422,146.83616638183594,598.001953125,219.9045867919922,123.70999908447266,236.941251481763,21.75,146.84613483080005,598.001953125,219.98290915858072,120.62999725341797,232.7228309624027,21.350000381469727,143.34529164963172,593.8534716457165,214.80396777754945,121.43000030517578,234.97989212843316,21.690000534057617,144.67182587415004,594.1280457618639,215.4794851182196,24921100,17653900,55778200,155915500,41152100,8986800
2025-01-24,122.83999633789062,241.1793670654297,20.829999923706055,142.24813842773438,596.2562255859375,217.22210693359375,125.25,245.999011415467,21.40999984741211,148.58158800111045,599.0121428376514,221.64720840853317,122.2300033569336,238.42951490663035,20.75,141.51007758845265,595.1087847128249,216.321422165992,124.55000305175781,241.1793670654297,21.360000610351562,147.98314630855361,598.0608006812332,221.47099429547478,31570300,25387800,66300600,234657600,34604700,13183800
2025-01-27,115.01000213623047,199.22186279296875,20.290000915527344,118.11124420166016,587.8219604492188,188.27284240722656,118.08000183105469,215.28733478214994,21.059999465942383,128.06521929651885,588.1358022067521,202.6544582864009,112.80000305175781,193.4067399214752,20.139999389648438,116.39572750391632,583.1831123008667,183.73025031660612,117.80000305175781,210.329705026791,20.809999465942383,124.47461463210544,583.3498201579582,192.9035415466537,61067900,90569400,83582100,818830900,70361100,68667500
2025-01-28,114.16999816894531,204.37660217285156,19.799999237060547,128.65367126464844,592.8727416992188,198.15103149414062,116.1500015258789,206.92933485813393,20.34000015258789,128.6636397113665,593.7063408187366,198.58179700922844,112.94999694824219,196.02846335730416,19.739999771118164,115.94688462361518,585.742793521421,188.41971344735512,115.18000030517578,205.0172442619987,20.34000015258789,121.49238479939024,589.0478589949998,191.54273355481604,40554800,50316000,73411400,579666400,44433300,31738800
2025-01-29,117.3499984741211,203.3811492919922,19.75,123.3774642944336,590.2147827148438,198.08253479003906,118.5199966430664,208.4077641148616,20.079999923706055,126.55914919357254,592.4900899119916,202.11603980041576,114.95999908447266,199.85265466959763,19.65999984741211,119.73698731182846,587.6746585162967,195.55669434209113,115.7699966430664,205.83531483894635,19.8700008392334,126.17016667976266,592.0879559573353,200.19719399368822,40199100,32533700,86506800,467120600,37177400,15199500
2025-01-30,118.86000061035156,212.55722045898438,20.010000228881836,124.32499694824219,593.3826293945312,203.7803497314453,120.44000244140625,218.7665829500601,20.100000381469727,124.67408285834512,594.9125703683252,205.2194915601475,117.08999633789062,210.6254131135978,19.43000030517578,117.79207196266405,589.1458559611356,201.10766416605478,118.52999877929688,215.42535678208557,19.719999313354492,122.77903527699785,592.3234809305729,202.23353144795598,29788400,42449500,108167000,392925500,39281300,13539000
2025-01-31,115.94999694824219,218.08648681640625,19.43000030517578,119.7569351196289,590.2247314453125,204.92578125,119.56999969482422,223.53692285648893,20.329999923706055,127.51664871512425,598.2079122989969,210.48653462211246,115.33000183105469,213.18799138201496,19.3799991607666,118.8792323275003,589.4695478929073,203.82928309753436,119.13999938964844,216.49965005541677,20.100000381469727,123.45726093608867,595.7952876097377,205.52296126311927,40463400,41104700,117081700,388161100,66566900,15746900
2025-02-03,114.2699966430664,214.59739685058594,19.3799991607666,116.35582733154297,586.252685546875,195.6056365966797,115.16000366210938,217.7612194666063,19.75,118.26084328911304,588.7240915852041,200.68668622622653,112.9800033569336,210.4381110634203,18.780000686645508,112.71534272693829,579.1129217803689,193.8238363673163,113.87999725341797,212.360067393128,18.969999313354492,114.45080376447106,581.2509121761593,195.43920716950794,34586100,24507300,77523100,371235700,65857200,17719800
2025-02-04,119.5,219.22976684570312,19.290000915527344,118.34063720703125,590.185546875,199.76638793945312,119.8499984741211,219.8211403228019,19.530000686645508,120.88398385074507,590.6954873423298,201.43069690676197,114.79000091552734,212.20236040611672,19.020000457763672,116.39571701060105,585.7722482747779,197.8377428906395,115.44999694824219,216.19409377840276,19.100000381469727,116.65504122535879,586.3116394651887,199.7859722628695,69412100,23768500,54098200,256550000,33457800,12692900
2025-02-05,112.01000213623047,228.66209411621094,19.649999618530273,124.50453186035156,592.578369140625,204.1915283203125,112.08999633789062,234.5067688719779,19.770000457763672,124.67408679210826,592.7255030106178,206.06142062242952,106.5,224.22683798033617,18.90999984741211,120.44514389878061,587.0470814039787,199.55102905432116,107.61000061035156,230.57418472329076,19.190000534057617,121.44253659311748,589.0673886644034,201.67547277589824,110385200,29196000,66059200,262230800,30653100,10997800
2025-02-06,110.16000366210938,228.0312957763672,19.3799991607666,128.344482421875,594.6380004882812,206.0810089111328,112.55999755859375,231.42180499195473,19.700000762939453,128.43425932928383,594.7655005585997,206.7467266150624,109.0199966430664,225.27157792373183,19.219999313354492,124.88353622330139,591.0190935628144,202.65448382234914,110.93000030517578,231.12611825073444,19.510000228881836,127.08777312720079,594.3143418590737,205.65024336696007,50426600,21169500,45553800,251483600,35771500,8491400
2025-02-07,107.55999755859375,221.63467407226562,19.100000381469727,129.50146484375,589.1948852539062,201.79293823242188,109.91999816894531,232.2595754278412,19.360000610351562,130.03008175856976,596.4130645632996,208.70472595322198,106.79000091552734,220.8856139998824,19.030000686645508,124.67408781607283,588.4887264849536,201.40134136865944,109.12999725341797,231.61893333007623,19.350000381469727,128.88308623826384,595.1969654236844,208.53829653919982,46082500,22117500,58277900,228186300,50788500,11616200
2025-02-10,110.4800033569336,231.6583709716797,19.770000457763672,133.22174072265625,593.1963500976562,203.58453369140625,111.4000015258789,232.42716260952685,20.079999923706055,134.64800487659767,593.8338505117428,205.57191700923406,108.1500015258789,223.85232125109877,19.239999771118164,129.621152724233,591.1270177676121,202.1943453321377,108.44000244140625,224.15785874037874,19.25,129.7508034170435,592.3922016880001,203.6334870365597,34905400,23901600,73007300,216989100,26048700,9296500
2025-02-11,111.0999984741211,231.6583709716797,20.969999313354492,132.45375061035156,593.6474609375,204.35797119140625,113.06999969482422,234.4673728014067,21.8799991607666,134.12936300336048,594.1868520894046,205.4348701635336,108.94000244140625,226.66132308082578,19.860000610351562,130.67839286199495,590.8229452462591,196.78044997856358,108.9800033569336,229.1352052081692,19.8700008392334,132.23432300379022,590.940628411795,200.8237545519641,35033800,18476200,150960700,178902400,30056700,9224500
2025-02-12,111.72000122070312,232.9495086669922,22.479999542236328,130.79808044433594,591.7349243164062,202.0474853515625,111.83999633789062,233.07762805885207,22.559999465942383,131.89521852186024,592.9019987358204,202.72300262491333,109.05999755859375,226.6908635912713,20.93000030517578,128.7434538800678,586.9783942084163,198.74822134359152,109.5199966430664,227.04568467498427,21.979999542236328,129.68100547013307,587.6551022307518,200.5985441217661,25319700,16397300,162631200,160278600,45076100,7373700
2025-02-13,111.80999755859375,232.40744018554688,24.1299991607666,134.937255859375,597.9823608398438,197.59303283691406,114.5999984741211,233.5408885920436,24.829999923706055,136.14410776005724,598.1883363356536,198.0531674343141,110.4000015258789,227.41037738362223,22.790000915527344,130.8280026783839,591.5782049635822,195.04760804016766,112.0,232.6636940320864,22.84000015258789,131.2169852346524,592.8335121773658,197.6419861865563,40911800,20962000,248661300,197430000,40921300,15580900
2025-02-14,113.0999984741211,229.68711853027344,23.600000381469727,138.4879913330078,597.952880859375,199.6195526123047,114.62999725341797,232.34828417435293,25.190000534057617,138.88694235090182,599.2180047928703,201.92022539828884,111.69999694824219,225.60668359240466,22.860000610351562,135.14671948687393,597.3350143232245,193.3147590924203,112.6500015258789,231.15568649362265,24.360000610351562,136.12416013401827,598.1882471856823,195.78184636341103,32477200,16988800,230254100,195479600,26910400,23220300
2025-02-18,114.27999877929688,225.24203491210938,27.389999389648438,139.0365447998047,599.7083740234375,198.48391723632812,115.55000305175781,228.85923116692265,27.549999237060547,143.06602007700403,599.7083740234375,201.5286301051495,113.44999694824219,221.0728980354205,24.489999771118164,137.57037622357197,596.6583089558027,196.31052014342214,114.05000305175781,226.78945383488926,24.600000381469727,140.90167961185236,599.1101412981178,200.46150094622627,31720300,26080500,284292200,219176600,26749000,14988100
2025-02-19,114.69000244140625,225.43914794921875,25.719999313354492,138.86697387695312,601.1206665039062,196.73147583007812,116.11000061035156,225.77426763653614,26.329999923706055,140.99142508356047,601.4148744301086,198.34684652517544,113.13999938964844,221.17144392418868,25.459999084472656,136.86222013681927,597.8156011046507,195.82100638794753,114.25,224.57181915653905,25.979999542236328,139.1462426003846,598.3256014161959,197.76922097685778,28807700,16375500,151881700,167536000,31011100,13163100
2025-02-20,114.16999816894531,223.477783203125,26.09000015258789,139.74468994140625,598.6197509765625,195.89935302734375,116.55000305175781,225.68554557344862,26.1200008392334,140.29325896288867,599.8946917719264,196.1343052023208,113.11000061035156,219.5451839221063,24.479999542236328,136.43333891646114,595.3245028060013,193.46161964270294,115.01000213623047,225.3602916444092,25.559999465942383,139.6648967001902,599.7573748000233,196.07556715857655,27219600,16104000,144939600,143903600,36554000,10639300
2025-02-21,110.83999633789062,215.5140380859375,24.8700008392334,134.07948303222656,588.3809814453125,194.078369140625,115.76000213623047,224.4732523187902,26.290000915527344,141.09116717483585,598.5413613568134,198.43494766395128,110.43000030517578,212.52763334165329,24.84000015258789,133.68053207054632,587.9200057904889,191.89517259401694,114.8499984741211,222.40346000289355,25.959999084472656,139.6748562571626,598.4040443652323,197.10349743607895,41353700,24883600,111630900,228217600,76519800,13757300
2025-02-24,108.11000061035156,204.93841552734375,24.270000457763672,129.94032287597656,585.70361328125,187.62673950195312,111.5999984741211,216.32224377791306,24.799999237060547,138.22865397806314,591.4114868830001,194.61685089349982,107.9800033569336,204.55402722461432,23.6200008392334,129.74084737496105,584.9974543500997,187.44074066680116,111.48999786376953,215.45491493849417,24.549999237060547,136.20394796569565,590.4209369132893,192.74695833928928,29072200,33050400,91358100,251381100,50737200,15114300
2025-02-25,103.95999908447266,199.6259307861328,22.989999771118164,126.29981994628906,582.7907104492188,185.39459228515625,108.63999938964844,205.6381724992798,24.280000686645508,129.8605111604116,586.3704094872951,189.46726590150323,103.62000274658203,198.02924349543719,22.770000457763672,124.11553536570229,578.200887648266,183.53448454440766,107.88999938964844,204.0217687494053,24.209999084472656,129.64108357480436,585.6446767168586,186.64772033042232,39169200,33100800,88886500,271428700,58266500,20581000
2025-02-26,104.73999786376953,209.8762969970703,23.520000457763672,130.93771362304688,583.0850219726562,190.53436279296875,105.80000305175781,210.46765538572257,23.81999969482422,133.38132271635274,588.0279549899641,191.96371977518754,103.98999786376953,203.03614485631056,23.209999084472656,128.1549946612343,580.4566645097497,187.0784688203669,104.94999694824219,203.93305570757178,23.25,129.6510837247691,584.448255315712,187.0784688203669,29178200,21368300,67449300,322553800,43321600,14112300
2025-02-27,99.51000213623047,194.95416259765625,23.09000015258789,119.83672332763672,573.7777709960938,177.28842163085938,105.76000213623047,216.09554848364436,24.399999618530273,134.65797047615226,586.4979078319449,190.6812487536359,99.5,194.55990855976665,23.06999969482422,119.69708897132982,573.3855137517263,177.27863693607912,105.08000183105469,214.15389058489274,23.700000762939453,134.64800202891726,585.3504072406853,190.602926379998,47263700,27572900,97871900,443175800,74196700,24219200
2025-02-28,99.86000061035156,196.56068420410156,23.729999542236328,124.59429931640625,582.7318725585938,176.74017333984375,101.80000305175781,198.29537174580733,24.440000534057617,124.76385425600982,583.2614467800305,178.33595989875948,98.69000244140625,190.37103920488462,22.639999389648438,116.09651651556653,571.2180777869312,171.83535251473336,99.55999755859375,192.94348830775283,23.020000457763672,117.71228788508736,574.2779596736045,175.54578332887667,45194600,39747200,104133800,389091100,88744100,27929400
2025-03-03,98.2300033569336,184.67420959472656,22.739999771118164,113.76260375976562,572.5223999023438,169.3388671875,102.33999633789062,201.12408465115186,25.040000915527344,123.37746834229016,585.8309510440972,177.75833461593993,97.08999633789062,181.87507369986866,22.520000457763672,111.98724605192426,568.726968794248,167.4787595860478,101.5199966430664,201.064950307342,25.0,123.18796891235903,584.6932674866979,177.34713846889633,38958000,37435600,141348700,411381400,74249200,37403000
2025-03-04,100.75,184.78262329101562,21.329999923706055,115.68757629394531,565.7455444335938,176.2213134765625,103.18000030517578,191.15953723118372,22.6299991607666,118.9989197292815,574.1112244792533,179.74574572148006,95.88999938964844,177.88333594028998,20.760000228881836,109.82291000037466,561.2243803057662,170.52348383702338,96.0,186.49759441804133,22.540000915527344,110.36150296756519,568.5406690059347,171.38501503877342,54156900,37910500,152182200,398163300,109648200,29395200
2025-03-05,101.66999816894531,188.82362365722656,20.809999465942383,116.99415588378906,571.8262329101562,180.41143798828125,101.83999633789062,191.2876546345274,21.360000610351562,117.971596377653,573.611174316589,180.86178785415268,98.87000274658203,184.40808435689394,20.18000030517578,114.2114295961939,562.0385358294819,176.9261748938861,100.36000061035156,189.09959392354415,21.329999923706055,117.27342459632162,565.5789679172403,179.1583100203743,27855500,25644500,127219300,284337900,71230500,17334000
2025-03-06,98.8499984741211,176.8681640625,20.75,110.28170013427734,561.6754760742188,172.1584014892578,101.08000183105469,184.1419892873163,21.1299991607666,115.04923557314471,568.9917040959198,177.7387388736385,98.2699966430664,175.05464063146698,20.0,109.93261424409908,559.1353519079266,172.09964851598005,99.05000305175781,178.43528436303654,20.260000228881836,113.2339813347161,564.3920650936327,174.8310866425865,28985000,56864100,96466400,321181900,80094900,17864300
2025-03-07,100.30999755859375,192.15501403808594,20.639999389648438,112.39618682861328,564.8236694335938,173.38218688964844,100.6500015258789,192.66752169494305,21.200000762939453,113.18412798197828,566.2653779091431,174.7234220181626,96.38999938964844,178.94779789800307,20.110000610351562,107.27955736061682,554.7319495414885,167.42982112211047,98.87999725341797,185.0290250417254,20.270000457763672,110.9599388924034,559.9004310284239,172.09967486647807,33254400,74528900,81099600,341755500,81158800,21012700
2025-03-10,96.62999725341797,181.79624938964844,19.93000030517578,106.70106506347656,549.779296875,167.06756591796875,101.29000091552734,189.21791140447044,20.510000228881836,111.5583622176382,558.5666258451241,171.2185616551935,95.83000183105469,177.834082345163,19.649999618530273,105.18502403072868,544.8854490052353,164.38509585955367,98.56999969482422,186.87216353571253,20.239999771118164,109.61344966651625,556.6542444695278,168.84936612005106,38733200,44217100,82760600,366487400,99326600,18265100
2025-03-11,96.76000213623047,187.35508728027344,19.780000686645508,108.47642517089844,545.2091064453125,167.38087463378906,98.16000366210938,192.80552351529403,20.059999465942383,111.94734728122161,553.1530801539794,169.69133239524743,94.7300033569336,182.6832933869724,19.290000915527344,104.49682307629253,541.3842834233875,164.57112854102613,96.79000091552734,185.34444428202113,19.969999313354492,106.71103594468934,548.6220982014372,167.0675851360145,34078300,42153200,80789000,354865700,88102100,16561100
2025-03-12,100.79000091552734,191.4355010986328,20.68000030517578,115.44884490966797,548.1021728515625,173.45069885253906,101.72000122070312,197.10277266085458,21.170000076293945,116.46628328215824,552.2604706321457,174.3905523104852,98.16999816894531,189.68111214859826,20.209999084472656,112.59603885298675,543.0219837811946,171.09128798303374,99.05000305175781,193.39687527951523,20.790000915527344,113.83292501602207,551.3385793423611,171.91366536066056,34241300,30409700,128671100,323857500,69588200,14737600
2025-03-13,98.11000061035156,188.60679626464844,23.700000762939453,115.28925323486328,540.7957153320312,167.98782348632812,100.06999969482422,193.49544056214972,24.530000686645508,117.46376961532557,548.3375536768395,170.23954278770202,97.2699966430664,186.74398936306628,23.1299991607666,113.50375517662202,539.0892496749408,166.92070934029277,99.72000122070312,190.3710359069767,23.5,116.73560262668995,547.7295040716507,170.23954278770202,28575200,27236100,243261000,299033100,74079400,14381600
2025-03-14,100.97000122070312,192.72665405273438,24.049999237060547,121.36392211914062,551.9663696289062,170.4353485107422,101.22000122070312,194.65846109402727,24.3700008392334,121.57339292473429,552.966736502375,170.7094693134069,99.58000183105469,190.42032450286374,23.520000457763672,117.85278046649132,540.8644642362766,168.32068951435983,99.63999938964844,193.3771618865705,23.68000030517578,118.31162236591584,545.3954461726303,169.02557584648727,24715300,25900900,116901600,277593500,62660300,11449400
2025-03-17,104.58999633789062,191.70162963867188,25.690000534057617,119.22930908203125,556.2227172851562,172.54022216796875,106.1500015258789,193.8896905734206,26.149999618530273,122.58085727393843,558.7333912461695,173.44090693599156,102.5999984741211,184.80234219666312,24.3700008392334,117.73308248243704,551.5151512314662,170.1710267032529,102.5999984741211,185.3444320749573,24.420000076293945,122.43123309193861,551.9466761244148,170.29828747214458,43689500,26830600,160723600,255501500,49008700,9678100
2025-03-18,103.51000213623047,185.95550537109375,25.920000076293945,115.1396255493164,550.2108154296875,170.15591430664062,104.55000305175781,190.11479125267726,26.40999984741211,118.7205909220559,554.1337472059147,171.5810026767183,102.97000122070312,184.21096706511602,25.389999389648438,114.25186503478537,548.2885573100283,167.502283897299,103.8499984741211,187.70004367707145,25.549999237060547,117.70316017412442,553.9179548314441,171.38444134923657,27152800,24951000,132488800,299686900,66041400,9986000
2025-03-19,106.2300033569336,192.75624084472656,24.1200008392334,117.224365234375,556.203125,170.77505493164062,107.9000015258789,195.4173915454708,25.229999542236328,120.1469948780257,559.9495323368723,172.7112144465843,101.95999908447266,184.21096736814053,24.030000686645508,115.38899756160431,550.8090933649922,168.78976634003934,104.41999816894531,186.61586423700302,24.899999618530273,116.97499413034406,551.9859849662871,170.02811600579054,32287500,37962700,135491400,273426200,66556000,10678500
2025-03-20,107.13999938964844,188.36685180664062,23.959999084472656,118.23181915283203,554.5946044921875,174.42135620117188,108.26000213623047,191.62921775455192,24.309999465942383,119.89761619602571,559.5767440833547,175.60073916003813,105.12000274658203,186.7851091333951,23.729999542236328,116.17700382075364,551.7602722164517,171.55151883581908,105.12000274658203,189.33568559867993,23.770000457763672,116.25680439544837,552.4762478943836,171.84636832470264,26871800,31430000,68937600,248829700,62958200,12209700
2025-03-21,106.44000244140625,189.47410583496094,24.260000228881836,117.4039077758789,554.7777099609375,173.6940460205078,107.25,189.87943337217726,24.700000762939453,117.6931791575635,555.6728954208427,174.15597334259274,104.33000183105469,185.2330251841099,23.489999771118164,115.1296446207881,548.9248421290533,170.8045483025013,105.33000183105469,186.06345638065977,23.600000381469727,116.64582513098318,550.1544463020149,171.90531862158306,30767900,43086500,94110700,266498500,83763000,9993200
2025-03-24,113.8499984741211,189.0687713623047,24.219999313354492,121.1045913696289,564.712890625,178.04795837402344,114.8499984741211,194.44672993906084,24.989999771118164,121.91255134314885,565.7654388953832,179.7875417470538,109.4000015258789,188.4953845200281,24.1299991607666,119.03979124138472,560.8961948547495,176.59337165973776,109.7300033569336,192.0839887722243,24.719999313354492,119.5784337604655,561.4863807824129,176.8980589421897,53342000,33180300,69169000,228452500,58766800,11440000
2025-03-25,114.80999755859375,186.11285400390625,24.200000762939453,120.38638305664062,566.0703735351562,177.79241943359375,114.94999694824219,189.41477214266212,24.75,120.98487211685925,567.0048245728844,179.37476279159168,112.70999908447266,185.5394672023829,24.110000610351562,118.62083157726417,564.3292350043083,176.71132468380262,113.2699966430664,188.71286318836775,24.18000030517578,120.24673586292965,565.9129505962637,179.33545652656923,29077500,23417300,51743300,167447200,38355700,8718800
2025-03-26,110.19000244140625,177.2254180908203,23.420000076293945,113.47382354736328,559.3124389648438,170.51956176757812,115.9000015258789,185.91516092578325,24.420000076293945,118.5410383402261,566.926137079624,176.46563594093982,108.68000030517578,175.55469023833743,23.25,112.42646191953317,557.9352585138073,168.5244349535469,114.11000061035156,184.53113405170595,24.25,118.4313220614094,565.8047238585734,176.15112580440842,39824000,30578500,59496700,293463300,51848300,14612400
2025-03-27,106.6500015258789,170.0284423828125,23.6200008392334,111.14968872070312,557.8270263671875,165.34991455078125,107.62000274658203,176.34556319418564,23.760000228881836,114.1620883069464,561.5847029950913,168.6620186073051,105.55000305175781,168.51589339169226,22.860000610351562,110.3816290692769,555.7219301343026,164.67176523432164,106.11000061035156,175.6337736589807,23.290000915527344,111.06988814101668,557.9253706609946,168.44579665142905,32773700,32151700,57720600,236902100,42164200,17559100
2025-03-28,103.22000122070312,167.191162109375,22.709999084472656,109.39411926269531,546.5933837890625,162.41127014160156,106.51000213623047,171.32349657238726,23.579999923706055,112.58607411134861,557.0303082338021,165.73321196370378,102.4800033569336,164.57139169825967,22.559999465942383,108.79563010676111,546.0130443195492,161.24171003279432,105.52999877929688,169.969111322419,23.350000381469727,111.20954068147716,556.3023922676962,165.15333581958868,31069100,30391500,58365300,229872500,71662700,16332000
2025-03-31,102.73999786376953,165.52044677734375,22.709999084472656,108.10735321044922,550.2625732421875,163.14837646484375,102.81999969482422,166.0246398607809,22.75,110.68086470981991,551.5610423029548,163.27614806462304,98.80000305175781,158.7881175187873,21.75,103.38925640513808,537.9468400615768,156.98608117882185,100.23999786376953,162.61399026851032,22.3799991607666,104.86552901006266,540.8585640195936,157.6052635510856,30865300,35656400,65832000,299212700,95328200,19408300
2025-04-01,102.77999877929688,166.59800720214844,22.049999237060547,109.87290954589844,551.8167114257812,165.74302673339844,102.83000183105469,166.78584263592072,22.6200008392334,109.92277920039626,553.7545984642982,165.96907149238825,100.93000030517578,161.5561674678532,21.65999984741211,106.20216660392524,544.6456828297712,162.2245237605709,102.16000366210938,164.47251923838232,22.559999465942383,108.2470050831867,548.3541875419536,163.53167823067164,23523200,20472400,64060400,222614000,54609600,9180000
2025-04-02,102.95999908447266,170.12730407714844,21.979999542236328,110.14221954345703,555.3088989257812,167.4629669189453,104.19000244140625,171.45201771123428,22.3799991607666,111.69830029652357,558.1615443859063,168.7996048556603,100.76000213623047,163.6124668716068,21.700000762939453,106.5213541109438,545.7573127576624,163.49237436978234,101.5199966430664,164.18585376205337,21.889999389648438,107.0200962834212,545.993387136237,163.98378515538835,20794000,19523700,58878800,220601200,76014500,10072700
2025-04-03,93.80000305175781,152.2534942626953,22.43000030517578,101.5439224243164,527.9428100585938,154.67645263671875,99.44999694824219,161.56605635817968,23.899999618530273,105.36428217323731,539.02887941269,159.02052187183108,93.63999938964844,151.94703225897965,20.860000610351562,101.34442096353821,527.9428100585938,154.5093747811374,97.79000091552734,158.70901771662903,21.399999618530273,103.24961996040646,536.2155597389653,157.31040706117628,50472500,44354900,242972100,338769400,125986000,28370500
2025-04-04,85.76000213623047,144.6215362548828,19.850000381469727,94.07275390625,497.0354309082031,144.2781982421875,91.08000183105469,151.05729848434368,22.200000762939453,99.87811296890389,517.2894637749819,148.71071777898229,83.66999816894531,137.58274563876122,19.700000762939453,91.87829121020437,496.8190194100305,142.35186151643384,90.0999984741211,146.48009942937986,21.700000762939453,98.66118836013088,515.1253487932553,148.29793455132062,65847000,72302200,175014700,532273800,217965100,36085100
2025-04-07,83.63999938964844,152.38201904296875,19.56999969482422,97.39436340332031,496.150146484375,143.65902709960938,89.0,158.6002743985089,20.670000076293945,101.49402435717819,514.6335325434056,151.10881640044775,77.75,136.52496330107851,18.559999465942383,86.40209010889866,473.93856260259804,131.9437957838056,80.68000030517578,142.8420841816652,19.139999389648438,87.23997324185012,481.20799599577117,132.19932399322735,70515400,68503500,142491200,611041300,256611400,46388300
2025-04-08,78.20999908447266,154.25045776367188,18.1299991607666,96.05775451660156,488.3790283203125,138.9414825439453,88.93000030517578,167.84363734992917,20.389999389648438,105.58372634261488,516.413968489066,149.98840254792313,76.4800033569336,151.3439864058486,17.670000076293945,94.2223791915971,481.1784603514281,136.5925395578356,86.1500015258789,165.70826879094545,20.059999465942383,103.54885717389794,513.344881818952,149.36922015101257,69910200,58888200,163982700,476243400,165816600,30479700
2025-04-09,96.83999633789062,183.03834533691406,21.530000686645508,114.04239654541016,539.6682739257812,156.02293395996094,97.91000366210938,185.1934901293475,21.729999542236328,114.8104562069238,539.6682739257812,157.8608056114532,78.87000274658203,155.71358206296492,17.979999542236328,97.28465510127192,485.00499114058437,135.53109694985952,79.22000122070312,158.66948633549228,18.06999969482422,98.6412345329499,485.3886419991045,137.79158970105397,97827400,72708300,224183500,612918300,241867300,45612500
2025-04-10,88.69999694824219,170.3349151611328,19.8799991607666,107.29939270019531,516.0206298828125,148.53384399414062,92.94999694824219,174.93187570569833,20.81999969482422,110.58111717003517,524.795068576413,153.3201807348127,85.05999755859375,164.5021958279154,19.15999984741211,98.9005761841806,501.0096123168745,144.38633534119617,91.0,173.30070005046852,20.68000030517578,109.09486759895934,523.4867529065492,152.8287698991242,65210600,51212200,129064900,437812400,162331200,24503500
2025-04-11,93.4000015258789,179.86495971679688,19.739999771118164,110.65094757080078,525.2278442382812,154.38162231445312,94.76000213623047,180.57674925631565,19.799999237060547,111.26939065397997,527.6772059586904,155.2956392252887,90.5,171.3333808458846,18.18000030517578,107.20962934859612,511.5841621734685,150.6174136993966,90.51000213623047,171.63984285336272,19.25,108.22706011361765,514.4761933704091,153.32017316219165,57892600,33964100,128425800,313417300,97866300,19632200
2025-04-14,94.5,176.32577514648438,20.309999465942383,110.43150329589844,530.3232421875,153.16290283203125,97.37000274658203,183.87863907274883,21.049999237060547,114.00249947758738,535.3990807406135,155.86566202534416,93.44999694824219,173.81475090611866,19.979999542236328,108.7956293956101,525.149059337469,151.38399827153555,97.11000061035156,182.9691336358935,20.59000015258789,113.82295197096049,535.172792794898,155.58065038167345,36003000,25748300,101964400,264705000,68034000,17509400
2025-04-15,95.29000091552734,176.9090576171875,19.850000381469727,111.9177474975586,528.8378295898438,154.6273193359375,96.8499984741211,180.18130438327924,20.469999313354492,113.33418114021705,534.3661235223595,155.53151338031782,94.62000274658203,176.04898486536896,19.809999465942383,110.22202704858428,528.0508951584542,153.3693089266547,94.66000366210938,177.68016044669957,20.200000762939453,110.69084593782598,530.8642142693149,153.80175281672072,28116500,17242400,64056900,228966900,56892900,14306600
2025-04-16,88.29000091552734,172.61856079101562,19.229999542236328,104.22714233398438,517.0828857421875,149.06455993652344,90.47000122070312,174.07179654035315,19.43000030517578,106.52135948725393,529.1133721339063,150.90243164874238,85.30000305175781,165.0162633895216,18.719999313354492,100.1973044637503,511.80051174858437,145.93919424430075,87.61000061035156,168.48622615245898,19.34000015258789,104.2869965726397,523.0046778330362,148.01294855461268,62109000,34638600,89469700,397016900,83484800,23806100
2025-04-17,87.5,169.03985595703125,18.93000030517578,101.23468780517578,517.8206176757812,149.1333465576172,89.02999877929688,174.23985996431733,19.100000381469727,104.20719461222582,522.5029590498531,154.79439325500007,86.5199966430664,167.98205211968278,18.559999465942383,99.79831546993584,515.3614098145464,148.84831991158578,88.83999633789062,174.23985996431733,18.90999984741211,104.1872406628714,519.0305887702018,153.36930501484292,34801400,22501800,85646700,292517500,79868100,27239900
2025-04-21,85.55999755859375,164.31436157226562,18.84000015258789,96.66622924804688,505.4950866699219,145.32000732421875,86.13999938964844,166.08393976941886,18.989999771118164,99.18986388590638,513.1874958754851,147.69843387760744,83.75,159.7668190922939,18.25,94.80093044127103,500.1635109491862,143.33470342554943,86.0199966430664,165.08546437155707,18.93000030517578,98.52154346848427,512.6562685653938,147.41342220243607,33855400,23469800,72409900,288501100,69368100,15170500
2025-04-22,86.26000213623047,167.64593505859375,19.510000228881836,98.64122772216797,518.64697265625,148.79917907714844,87.16999816894531,168.57521673417662,19.739999771118164,99.55891150664588,520.6635112296127,149.97857695355054,85.16999816894531,163.3356604313613,19.040000915527344,97.03527729423074,510.71848838241135,144.90721407435572,86.12000274658203,165.5204468446035,19.059999465942383,98.53150383378456,511.6529994400941,145.45759175178767,35236700,18504900,83365600,241004800,75948100,12668600
2025-04-23,90.38999938964844,174.89231872558594,20.59000015258789,102.45161437988281,526.6836547851562,155.09909057617188,93.73999786376953,178.3919378611282,21.030000686645508,104.53636058197965,536.5303334599773,157.62494955169356,90.12000274658203,173.814753958247,20.309999465942383,101.76334775853866,525.1688042348989,153.3201856929198,91.87999725341797,175.75239141890557,20.719999313354492,104.25705857766793,531.6119173418257,156.63229003363404,41102600,24380500,97188100,247526000,90590700,17667900
2025-04-24,94.47000122070312,186.00411987304688,21.489999771118164,106.16226196289062,537.7698364257812,161.35964965820312,94.75,186.41934299552847,21.549999237060547,106.2719858525715,538.4977524760462,161.72330386274058,90.37000274658203,176.266469395955,20.8799991607666,102.85061415392688,526.7132455190999,154.68629732107902,91.58999633789062,177.6406156701126,21.040000915527344,103.21968611105362,527.9624825083663,155.06959716081565,33681900,27576900,117086200,220815000,64150400,18761100
2025-04-25,96.6500015258789,190.11669921875,20.049999237060547,110.73075103759766,541.6553344726562,162.2638397216797,97.0999984741211,191.16460748965713,20.18000030517578,111.63845793071249,542.0586181694788,163.05992275719575,92.8499984741211,184.75851620833424,19.34000015258789,105.46403435389149,534.8187241892716,158.39152051501338,93.27999877929688,184.7881728511137,19.729999542236328,106.58121206849437,537.7304480905381,161.11392534074946,28575300,21242300,147711200,251064700,61119600,14654800
2025-04-28,96.38999938964844,190.2748565673828,20.510000228881836,108.45648193359375,541.86181640625,160.59304809570312,97.48999786376953,190.89767616500126,21.079999923706055,110.09235573735528,544.5177728075638,162.48007881946117,94.2699966430664,185.53947867440698,20.049999237060547,105.75329251827114,536.1269871108482,157.74287137176518,95.58000183105469,188.35698009864592,20.1200008392334,109.4140660423662,542.393043710064,162.1655686999455,30456700,16385800,96624400,207708500,47613800,11415600
2025-04-29,96.05999755859375,188.9897003173828,20.34000015258789,108.74574279785156,545.2752075195312,161.6544952392578,97.18000030517578,191.0459796837886,20.850000381469727,109.92277466025524,546.3867741937128,163.1483882950019,95.33000183105469,187.93191153397328,20.219999313354492,107.16972327513623,539.5993369831574,160.69133425441453,95.76000213623047,189.5334305727626,20.309999465942383,107.39914041879526,539.953448479556,161.55622207563496,20700600,14630000,70031900,170444300,47775100,9830100
2025-04-30,97.3499984741211,190.2748565673828,20.100000381469727,108.64598846435547,545.49169921875,163.8265380859375,97.55000305175781,190.99652660152503,20.18000030517578,108.64598846435547,547.4394329210733,164.05258285926172,91.87000274658203,181.92123290071106,19.549999237060547,103.81816809037464,532.6841838633078,158.97139688815543,92.80999755859375,183.77978100582092,19.709999084472656,104.20718635975734,538.6354556420874,160.73064098779656,29730700,22768900,68297300,235044600,93101500,10073000
2025-05-01,96.6500015258789,195.07943725585938,19.979999542236328,111.32923889160156,549.3575439453125,169.75296020507812,100.0999984741211,199.1030107337515,20.649999618530273,114.65086390129245,554.8662060499098,171.77757044775456,96.44999694824219,194.0018724140534,19.940000534057617,111.02002115064856,548.7575115851928,168.0133616484411,99.2699966430664,195.88019672701355,20.219999313354492,112.79554223516973,551.2265660956555,169.83158773835382,29591500,24939700,72607500,236121500,63186100,22670600
2025-05-02,98.80000305175781,201.31747436523438,20.6200008392334,114.21196746826172,557.5122680664062,176.2002410888672,99.87999725341797,203.33420141943398,20.780000686645508,115.10970497913567,559.105829955879,177.5467017737324,98.30000305175781,198.78667371495968,20.209999084472656,113.08481279973248,553.203731094349,174.09700363374944,98.4000015258789,201.57450362089105,20.260000228881836,113.8927727544179,555.5153624660799,176.71131247886453,29957900,17766800,63298500,190194800,60717300,21691200
2025-05-05,100.58999633789062,198.4307861328125,20.270000457763672,113.53368377685547,554.3152465820312,173.36972045898438,102.05000305175781,200.91215410885616,20.579999923706055,114.38154406705421,557.4040257766436,176.98651166634517,98.76000213623047,197.71899653849295,20.239999771118164,112.3766057315755,552.5347826583787,173.22230322086753,99.0,197.96614528416606,20.389999389648438,112.62597685282235,553.3905821110088,175.92506256190234,41268900,14025400,44237000,133163200,38659200,14618900
2025-05-06,98.62000274658203,197.80795288085938,19.940000534057617,113.25438690185547,549.6821899414062,169.32052612304688,100.06999969482422,199.6072028664705,20.1200008392334,114.4513652140045,554.1579367361115,171.738274172789,97.44000244140625,193.70529001836732,19.770000457763672,110.541227943435,547.8722463773032,167.65955500303474,98.41000366210938,194.1995874757645,19.920000076293945,111.19957134225872,548.8263903141681,169.6350362744508,54264300,16348800,51330800,158525600,48264700,14565600
2025-05-07,100.36000061035156,202.47410583496094,20.309999465942383,116.7655258178711,551.993896484375,171.5416717529297,103.41999816894531,203.8779086911288,20.3700008392334,117.38396890879066,554.6203140304898,172.95693722576704,96.87999725341797,196.1668659576665,19.81999969482422,111.99755142427854,546.9672292946763,168.42612914795694,100.75,197.01705811954392,19.969999313354492,112.7656187028628,551.0102132045591,171.10924285548907,86474400,20253700,61002600,206758800,55588000,9682500
2025-05-08,101.69999694824219,205.40040588378906,21.0,117.07474517822266,555.8400268554688,172.2100067138672,105.44000244140625,208.75174263241075,21.239999771118164,118.38144728921775,561.0043636579312,174.40169474340718,101.55999755859375,201.3669361101336,20.639999389648438,115.55856464909375,552.5348657113146,170.67680737493632,101.91999816894531,205.62777853054567,21.010000228881836,117.95252869863282,556.0170826268422,172.32794051019482,54231400,18460900,71651700,198428100,65130800,10343000
2025-05-09,102.83999633789062,205.82546997070312,21.420000076293945,116.3565673828125,555.1318359375,173.48765563964844,103.54000091552734,207.56540677412607,21.450000762939453,117.93259470484641,558.2402486138279,177.3599747549313,101.5999984741211,204.16463765990355,20.829999923706055,114.92018728068513,553.5775995797053,173.43851156524144,102.58999633789062,206.94258711519518,21.200000762939453,117.05480348234514,557.2368724786456,176.71130896475717,31704300,13289200,51768600,132972200,37603400,11582800
2025-05-12,108.12000274658203,219.05287170410156,22.18000030517578,122.6905746459961,573.4774780273438,183.76795959472656,110.66999816894531,219.2703638007492,22.670000076293945,122.6905746459961,573.487324465949,185.92034107595805,106.9800033569336,213.4178834835984,21.8799991607666,119.97741600529791,567.6245507869492,181.4386774421606,110.41999816894531,216.9867118707107,22.18000030517578,121.66316698651148,571.9822603015932,184.06280904361657,50543400,25437700,94578700,225023300,78993600,22064900
2025-05-13,112.45999908447266,229.7692108154297,22.559999465942383,129.60313415527344,577.2646484375,190.65757751464844,113.12999725341797,232.59659266014708,22.8799991607666,130.88989748886456,579.4680890959,190.94258919496176,109.0,219.46805439671024,22.299999237060547,124.1568781333485,573.3299158219985,184.49528156257153,109.5999984741211,219.46805439671024,22.360000610351562,124.66559728217729,573.890562385163,184.49528156257153,55659500,28790500,76850400,330430100,67947200,19996000
2025-05-14,117.72000122070312,229.47264099121094,21.520000457763672,134.9995574951172,578.00244140625,191.41433715820312,122.5199966430664,230.8369067662463,22.459999084472656,135.09931203986915,579.3697154326957,192.8492633507668,116.58999633789062,225.74564911772595,21.459999084472656,131.3487603310497,575.9858428026291,189.91062124912463,119.83000183105469,227.604197252896,22.350000381469727,132.86494113292153,578.2188228927168,191.9254086099383,86743700,19751400,91584800,281180800,66283500,12359000
2025-05-15,114.98999786376953,229.98672485351562,21.549999237060547,134.49082946777344,580.8255004882812,190.88360595703125,117.5,231.78597487416837,21.6299991607666,135.95713281870513,581.3271283980055,191.14897197920826,114.01000213623047,225.4688538489927,21.190000534057617,132.32629004982778,575.5529138450648,188.3381016975072,117.0199966430664,227.53501364081004,21.229999542236328,133.95217934435928,576.0054296506413,189.78285060084073,43843200,18803700,66705500,226632600,71268100,10241800
2025-05-16,117.16999816894531,226.002685546875,21.65999984741211,135.0593719482422,584.5045166015625,190.88360595703125,118.23999786376953,229.98672187267027,21.760000228881836,136.00699423634137,584.799609527031,191.7288331045824,116.01000213623047,223.80800361495287,21.350000381469727,133.12426513669956,579.6648125061226,189.26195637002436,118.06999969482422,229.67037934195108,21.530000686645508,135.87731640314823,581.6026394160758,191.1882782433578,43419700,23094600,55795100,226542500,76052100,9146700
2025-05-19,114.73999786376953,227.99964904785156,21.3799991607666,135.22898864746094,585.1439819335938,190.1759796142578,115.52999877929688,228.61257306527054,21.559999465942383,135.52822183812333,585.8227258062999,190.1759796142578,114.05999755859375,219.07263821234318,21.049999237060547,132.05697984278174,578.5041197159628,185.56654391044543,115.0199966430664,219.31978693998133,21.18000030517578,132.05697984278174,578.5041197159628,185.75328241392623,37737400,15355500,64279100,193154600,68168500,10144400
2025-05-20,113.51000213623047,229.03765869140625,21.270000457763672,134.0419464111328,583.1765747070312,190.12681579589844,114.51000213623047,229.12664369663042,21.40999984741211,134.24144022899694,584.3570065824167,190.40200461561548,112.08000183105469,223.7585655572713,21.1200008392334,132.28636428496227,579.9796042324612,187.53216764094776,114.3499984741211,223.90686384280426,21.329999923706055,133.9521612557517,583.4127091135157,188.50516632280397,29030800,11787200,48497400,161514200,60614500,7054100
2025-05-21,112.05999755859375,227.1099090576172,20.690000534057617,131.4684600830078,573.349609375,188.4658660888672,116.0999984741211,233.8027009578173,21.6299991607666,137.05436414816955,582.9110418636186,191.91557952967204,111.08999633789062,225.2315847244188,20.59000015258789,130.26149714159004,572.3266004007668,187.25699971049445,113.8499984741211,225.78519547168733,21.190000534057617,132.72528507307794,578.8385787658873,189.78285844061844,43594600,17642900,62904700,270608700,95197700,7375700
2025-05-22,110.70999908447266,227.90078735351562,20.549999237060547,132.49586486816406,573.5758056640625,192.81976318359375,112.63999938964844,231.02475094371277,20.899999618530273,133.91229099864714,577.0481757894836,193.44876837862918,110.61000061035156,224.83613704538678,20.510000228881836,131.21908595560456,571.9231652201731,188.05307264543464,111.9000015258789,225.73576204945343,20.729999542236328,131.8973680939745,573.1527690961759,188.05307264543464,29252000,14340200,56077500,187344000,70860400,11825000
2025-05-23,110.30999755859375,226.11143493652344,20.049999237060547,130.959716796875,569.660888671875,188.6820831298828,111.0199966430664,228.01941592204633,20.270000457763672,132.3462194682512,572.3168459031228,189.48800402559394,107.66999816894531,223.60039535197427,19.940000534057617,128.8350854296202,566.2081502751798,186.76558404414774,108.08999633789062,224.3517371574748,20.15999984741211,129.67296865108418,566.5819547764288,188.7214043912999,30867300,15385600,68206100,198821300,76029000,9403100
2025-05-27,114.55999755859375,232.96237182617188,20.549999237060547,135.1591339111328,581.5043334960938,194.28414916992188,115.4000015258789,233.78290736697696,20.670000076293945,135.31873506532702,581.6616963869777,194.90333152102036,112.2699966430664,228.4939339372416,20.18000030517578,132.9746406768617,568.9918522772189,190.37252375372168,113.18000030517578,230.21407933275745,20.440000534057617,133.81252390577552,576.5072061511252,190.76566135627078,37885000,17941700,69504600,192953600,72588500,12228200
2025-05-28,112.86000061035156,236.69927978515625,20.3700008392334,134.4708709716797,578.14013671875,192.77061462402344,114.94999694824219,238.24150056628514,20.639999389648438,136.904735369061,583.0979387188073,194.6674679784341,112.66000366210938,231.7563050738452,20.329999923706055,134.45091702175245,577.4122207207761,192.12194881391412,114.91999816894531,234.44528452357935,20.56999969482422,135.68780317037033,581.9076603733905,192.7214705481061,27483700,20443000,46096500,304021100,68445500,17787600
2025-05-29,113.02999877929688,239.21029663085938,20.25,138.83984375,580.4222412109375,193.76327514648438,115.54000091552734,243.2635415424703,20.600000381469727,143.12902933343943,583.5208672055215,196.3677614208464,112.12999725341797,234.69241093380367,20.100000381469727,137.56306504893934,576.5072014152614,192.7116638180698,115.48999786376953,243.10536274641245,20.540000915527344,141.89214330786072,583.3831371525944,196.03360567138142,30501400,20743700,66372200,369241900,69973300,14609900
2025-05-30,110.7300033569336,239.3092041015625,19.549999237060547,134.7900848388672,579.7731323242188,189.99908447265625,112.11000061035156,240.3966495743837,20.260000228881836,139.26878048564038,581.4847317122724,192.54458889197613,108.62000274658203,232.2209645226274,19.309999465942383,132.5856374053386,573.7234558285315,187.2864871793773,111.58000183105469,238.46889229935996,20.260000228881836,138.37105052724368,579.3206163782471,192.40699446381473,36088500,27088600,114281900,333170900,90601200,11998300
2025-06-02,114.62999725341797,245.87344360351562,19.739999771118164,137.03439331054688,583.0389404296875,191.49295043945312,114.86000061035156,247.14872438404245,19.81999969482422,137.77252192620537,583.1175918640782,191.80746053916906,111.01000213623047,240.4163955453829,19.3700008392334,135.05936350550982,575.5137392971141,188.89830210346452,111.05999755859375,240.4757088256733,19.479999542236328,135.14914865694024,578.1696961697437,189.72386862021838,34078400,19197000,67885500,197663100,61630500,7447400
2025-06-03,117.30999755859375,253.9206085205078,20.290000915527344,140.86473083496094,586.3637084960938,194.2153778076172,117.68000030517578,254.93886007043784,20.40999984741211,141.64276735349586,587.3375451970118,194.76575550650745,113.27999877929688,246.55556437745963,19.399999618530273,137.60295298700936,582.1928415555221,190.31357483917387,114.5,247.22781675994653,19.75,138.4308667634816,582.6748967264019,191.01138477669602,37161500,30380200,80401900,225578800,63606200,9548300
2025-06-04,118.58000183105469,258.10235595703125,20.25,141.56298828125,586.206298828125,198.92306518554688,119.30000305175781,262.40275001819793,20.5,142.03180718032695,588.1933580255613,200.5250690261315,115.7300033569336,254.65216923998128,20.010000228881836,139.18897047063936,585.77347583579,196.937776557296,117.41000366210938,255.11681007269627,20.34000015258789,141.83231333868676,587.2195213026215,197.9205980552417,31025000,31536000,71166500,167120800,57314200,13531100
2025-06-05,115.69000244140625,256.9654846191406,19.989999771118164,139.6378173828125,583.373291015625,199.84693908691406,119.23999786376953,261.8689374173523,20.549999237060547,143.63772350953224,589.2262178754949,202.2253655419633,114.70999908447266,256.1054118179875,19.850000381469727,138.4807320683117,581.405924678812,198.8051505979807,118.94999694824219,259.9510607522301,20.270000457763672,141.81232561348384,587.8785767379185,201.36049273800646,34091000,41970900,72458400,231397900,92278700,12214300
2025-06-06,116.19000244140625,244.1137237548828,20.059999465942383,141.36349487304688,589.364013671875,201.65533447265625,118.37999725341797,252.40804918693863,20.440000534057617,142.9095987862069,591.0264408134955,202.74626707980863,115.87999725341797,243.32285992751267,20.030000686645508,141.15401644541944,587.1211869788787,199.73883529702852,117.69000244140625,248.2757147905549,20.170000076293945,142.1515008770834,588.8918048716712,200.08282886556051,27042100,41146700,70072800,153986200,66588700,8532000
2025-06-09,121.7300033569336,241.4939727783203,20.479999542236328,142.27120971679688,589.8951416015625,203.44406127929688,122.37000274658203,245.3396065240458,20.959999084472656,144.63524295526028,591.4395314497265,205.67507040157133,119.04000091552734,238.36012860219415,20.219999313354492,141.58294302195193,588.7245561772476,202.33346812652002,119.18000030517578,242.25519511228993,20.219999313354492,142.8297985646697,589.9344673159251,202.85436234938584,55437700,25334100,92893900,185114500,53016400,11472300
2025-06-10,123.23999786376953,241.8399658203125,22.079999923706055,143.59783935546875,593.23974609375,208.81028747558594,124.08999633789062,243.47114130804817,22.440000534057617,143.92699576408052,593.6233369539606,209.56704932354353,120.80000305175781,238.64679355631722,20.280000686645508,141.1739447128789,589.3148593018128,206.3532334315653,121.11000061035156,241.43463830671402,20.5,142.3310300960049,590.4263662035312,207.9748831019518,41691900,25491300,171457000,155881900,66247000,14514000
2025-06-11,121.13999938964844,250.0255584716797,20.68000030517578,142.48060607910156,591.5476684570312,210.422119140625,124.47000122070312,251.864345726541,21.829999923706055,144.6353258646159,595.1873080200999,213.6949020050364,119.87999725341797,241.0194576559778,20.3799991607666,141.52294776727436,589.4918043518763,209.2918652565277,124.44000244140625,243.550258375623,21.780000686645508,144.25625056305435,594.3315085062023,211.30665261803327,32261900,24599000,146784500,167694000,73658200,13326400
2025-06-12,118.5,253.14950561523438,20.770000457763672,144.64529418945312,593.8987426757812,212.50344848632812,122.25,254.94875559049106,20.979999542236328,144.64529418945312,593.8987426757812,212.94734742847314,118.02999877929688,246.65442982172834,20.40999984741211,141.5030059559913,589.7377818775473,209.03127734270745,120.62000274658203,247.33656272257267,20.5,141.62270753548705,590.2197770479303,210.0275514129475,44718400,20410900,78175900,162365000,64129000,9796100
2025-06-13,116.16000366210938,245.86355590820312,20.139999389648438,141.62269592285156,587.2587890625,208.2322540283203,117.87999725341797,251.10311205062112,20.600000381469727,143.22875794239724,592.0296279060182,210.36289941389109,115.05999755859375,245.5175567337934,20.100000381469727,140.50544068193668,585.7635715930306,206.5553361528552,116.05000305175781,247.80120860699117,20.329999923706055,142.13144281545507,588.7343136581344,207.2556975651202,39702700,19028400,87655900,180820600,89506000,10152500
2025-06-16,126.38999938964844,249.22479248046875,20.739999771118164,144.3360595703125,592.84619140625,212.7500457763672,128.13999938964844,252.2795472501294,20.93000030517578,145.8224049680536,594.5873299052357,214.64397640745625,117.77999877929688,246.72364846825008,20.299999237060547,142.8496989511086,590.4263090889528,209.84012363666218,118.63999938964844,247.49475132108165,20.40999984741211,142.99934115171888,590.6034249017806,210.10645998345646,100968500,20363000,86745100,183133700,79984100,10932900
2025-06-17,127.0999984741211,246.5259246826172,20.799999237060547,143.76742553710938,587.7802734375,210.99423217773438,130.6999969482422,251.06358709321972,21.479999542236328,144.8647406282524,591.9313878788944,213.00652787130093,126.58000183105469,245.09246498236578,20.6200008392334,143.42826095310537,587.0228181324287,210.59967206799755,127.93000030517578,248.08790655705218,20.6299991607666,144.13653073401778,590.4165373080118,210.98437344301712,86623900,22014300,87512200,139108000,82209400,8389700
2025-06-18,126.79000091552734,248.3943634033203,21.489999771118164,145.1240997314453,587.6917114257812,210.59963989257812,129.2100067138672,252.7244141410236,21.600000381469727,145.2936820241915,591.4100028153547,212.24695142888328,125.7699966430664,246.56547178418384,20.65999984741211,142.7698725249477,586.7375074721152,209.99792603368215,128.00999450683594,248.02858809644542,20.809999465942383,143.6576946584193,588.675394655937,211.78333509244698,49627100,30435500,94200600,161494100,76605000,6932000
2025-06-20,128.24000549316406,247.72055053710938,21.079999923706055,143.49810791015625,586.3114624023438,206.6638641357422,132.80999755859375,251.21850334237325,21.889999389648438,145.84235000620308,591.421997724495,212.57249720274947,127.55000305175781,241.95337830299817,20.8799991607666,142.3010312756641,584.9104595060545,205.32233872534917,129.0,250.9113199982691,21.700000762939453,145.09418472037632,590.3564623402502,212.27656960237545,79931000,42134900,133472800,242956200,94051400,16992000
2025-06-23,129.5800018310547,251.4662322998047,21.190000534057617,143.81732177734375,592.1026611328125,207.46287536621094,133.25,251.90224031604112,21.579999923706055,144.4258301714446,592.4873858895392,207.72919666301132,126.81999969482422,244.22259627808347,20.729999542236328,141.6825573691225,583.9534091720473,203.39883405120145,130.47000122070312,246.84853303005255,21.06999969482422,142.15140884759998,587.0611349460189,203.823000461574,65152900,19747000,81461000,154308900,87426000,7535500
2025-06-24,138.42999267578125,261.37542724609375,22.549999237060547,147.53817749023438,598.6439208984375,217.10011291503906,138.7899932861328,263.45636903396843,22.690000534057617,147.59804349475166,599.6995206392156,217.37630796076073,132.92999267578125,256.42081834188394,21.329999923706055,145.1440548392029,595.3190526903905,210.97448308846077,133.42999267578125,256.42081834188394,21.34000015258789,145.20390562225958,596.2267600772981,211.47754941070355,78572000,32764900,130368700,187566100,67735300,14814700
2025-06-25,143.39999389648438,262.2474670410156,22.200000762939453,153.93252563476562,598.9793090820312,219.71414184570312,144.17999267578125,267.4200804158561,22.770000457763672,154.07218255898874,600.4493204937829,220.4638120295895,139.4600067138672,261.03854114910166,22.1299991607666,148.89487586145668,597.4204779573378,217.80049382074057,140.94000244140625,263.58521761461043,22.579999923706055,148.90486114127035,599.7586945360007,217.80049382074057,74607200,18894200,64975100,269146500,62114800,9168400
2025-06-26,143.67999267578125,267.71734619140625,22.5,154.64077758789062,603.6655883789062,220.9668731689453,146.0,269.20372883688265,22.6200008392334,156.33661581991106,604.0996909412141,222.16044223565277,141.91000366210938,261.7321702716056,22.209999084472656,153.6232685600938,600.2125189749694,219.67467160883777,145.97000122070312,262.67352780275456,22.399999618530273,155.59842060814296,600.8242007377552,221.9236971587887,58180100,23569600,63229300,198145700,78548400,7982200
2025-06-27,143.80999755859375,266.9048156738281,22.690000534057617,157.36407470703125,606.664794921875,225.46493530273438,147.75,269.382120385409,23.3799991607666,158.32173282582838,608.1249909093486,225.7707216143794,141.6300048828125,264.4572374091648,22.420000076293945,154.88016085316636,602.6395460052738,220.98660175041178,144.17999267578125,267.8461733199072,22.709999084472656,155.65825141530053,604.6620460106875,221.25293807570014,61937900,27477600,95542400,263234500,86258400,13133000
2025-06-30,141.89999389648438,273.1475524902344,22.399999618530273,157.603515625,609.5653686523438,223.41319274902344,146.0,275.1888487127079,22.969999313354492,158.2718747820143,610.9169938229498,225.0506306055179,141.00999450683594,269.65951909583475,22.270000457763672,155.57848281781088,606.7930496988761,221.74614858799706,144.0,272.2359214878539,22.969999313354492,158.01250107649778,609.1016996773074,224.35028421514124,42972500,24708400,77102400,194580300,92502500,9279800
2025-07-01,136.11000061035156,262.336669921875,22.850000381469727,152.9249725341797,609.3681030273438,221.62777709960938,140.22999572753906,272.00807792507203,23.15999984741211,156.81542555199195,610.5322734636828,225.4945382288171,135.1199951171875,260.27556555163113,22.280000686645508,151.1194029227986,607.2666588703396,218.17532363185455,138.77000427246094,271.9089796809989,22.329999923706055,155.90764810734902,608.0953617899536,224.34041910998818,55257200,28847600,79094900,213143600,70030100,9990200
2025-07-02,138.52000427246094,267.44976806640625,21.8799991607666,156.86532592773438,612.1305541992188,230.42662048339844,139.77999877929688,269.5307097411908,22.770000457763672,157.2144758260153,612.1699961712587,230.64363305387917,135.22000122070312,260.3448762185878,21.520000457763672,152.5957971297394,608.3420172970813,220.95702756706584,135.52999877929688,261.59341703103354,22.530000686645508,152.60576718743292,608.9635746030316,221.43050269743156,39228000,17582100,138245300,171224100,66510400,12012500
2025-07-03,137.91000366210938,272.68182373046875,22.489999771118164,158.9501953125,616.9549560546875,231.6103057861328,139.5,273.29619034053644,22.6299991607666,160.58618269349765,617.882354174148,234.3525390015902,137.32000732421875,267.66776239216966,21.989999771118164,157.3840439934681,614.0839419945853,230.1010916442265,139.11000061035156,268.2722403488857,22.149999618530273,157.98256705200242,614.1036930875782,230.6929317686296,28646000,10592700,61176000,143716100,51065800,7779600
2025-07-07,134.8000030517578,271.69091796875,22.0,157.85289001464844,612.3574829101562,226.05677795410156,137.44000244140625,275.04023831991105,22.389999389648438,158.92026447090194,615.6625999062851,229.39086627012296,133.5,270.1847277963866,21.860000610351562,156.95508262544374,609.5851637565357,224.35028380928972,136.55999755859375,272.63230572680953,22.209999084472656,157.81297934590498,615.0015403770067,228.48336605867672,37395000,16760600,80725200,140139000,74814500,13817500
2025-07-08,137.82000732421875,269.3325500488281,23.59000015258789,159.6085968017578,612.0220336914062,224.76455688476562,139.14999389648438,273.84126266614396,23.790000915527344,159.8280598400772,613.7682592313246,227.20100351159385,135.91000366210938,268.68845688650737,22.1299991607666,158.00253468758166,611.2130216520668,224.4488968117592,137.32000732421875,273.84126266614396,22.18000030517578,158.9402376292259,613.0184402574613,226.658472168302,36124600,14869400,119545500,138133000,59024600,8854400
2025-07-09,138.41000366210938,275.3771667480469,23.440000534057617,162.48153686523438,615.6920776367188,228.6905059814453,140.64999389648438,276.91311370789094,23.530000686645508,164.01776272716893,616.3432013077288,230.10108760359884,137.58999633789062,270.2441989964764,23.1299991607666,160.76574343834326,612.5842913923066,227.1122506259159,138.69000244140625,270.48201055545763,23.290000915527344,160.82559421950873,614.4193967168262,227.31938939779374,37013100,20133000,70247700,183656400,66113300,9475300
2025-07-10,144.16000366210938,272.8998718261719,23.81999969482422,163.6985626220703,617.4285278320312,226.63876342773438,145.82000732421875,278.6273989176156,24.040000915527344,164.0975779997467,618.4644365752275,229.8840780434848,141.85000610351562,270.22440097172546,23.479999542236328,161.214648514871,614.6562088976586,224.6758067044803,143.0,277.2500332692543,23.6299991607666,163.91802564623063,615.8302548644143,229.61774171038167,61101500,17891600,54599800,167704100,57529000,13124700
2025-07-11,146.4199981689453,271.8891296386719,23.43000030517578,164.51654052734375,615.2579956054688,227.2700653076172,147.39999389648438,273.9601525818335,23.65999984741211,167.47927598463818,616.48135905139,229.1146720417001,141.60000610351562,269.42174402169826,23.15999984741211,163.07009082840767,613.1960537313187,226.28365006747737,142.60000610351562,271.65131808249134,23.559999465942383,163.31947923241253,614.38979053738,227.86192047230193,50049200,14274700,49367900,193633300,63670200,8817800
2025-07-14,146.24000549316406,273.0980529785156,23.299999237060547,163.6686248779297,616.4320678710938,225.56356811523438,147.5800018310547,275.8329765714404,23.399999618530273,165.08514914967665,616.7773507170579,226.72754590968609,141.89999389648438,267.1326844136851,22.8799991607666,161.62363697338392,613.4624186155016,223.2356275778328,145.08999633789062,271.641396729026,23.239999771118164,164.96543236823985,614.804168244691,226.21460577730895,44718600,11934200,48420500,136975800,51898500,10673500
2025-07-15,155.61000061035156,278.3895568847656,22.920000076293945,170.28240966796875,613.7979125976562,233.73109436035156,158.67999267578125,280.7875705680168,23.780000686645508,171.97824787505814,619.4411858079188,234.48077959576807,153.55999755859375,275.3276123279013,22.899999618530273,168.78607915204378,613.7189684346675,230.67321606545005,153.75,277.2698104767424,23.56999969482422,170.77121644956358,619.1057784945341,231.27492998000685,93370100,17918400,66099400,230627400,74317300,14270100
2025-07-16,160.0800018310547,278.2607421875,22.690000534057617,170.95077514648438,615.8499755859375,234.3328094482422,160.36000061035156,278.9543995286286,23.1299991607666,171.32985042878116,616.3531467698953,235.07262090173757,152.85000610351562,273.1674199713404,22.25,168.4868162544787,609.7627242916457,230.9691297606559,155.30999755859375,277.56708484637136,22.989999771118164,170.64153593048928,615.3764310442137,233.18856412114204,59492800,15031000,58865900,158831500,88987500,15092800
2025-07-17,160.41000366210938,283.8495788574219,22.799999237060547,172.57679748535156,619.61865234375,242.2635955810547,161.9600067138672,285.6629525551577,23.049999237060547,173.73396348002274,619.9738709042318,244.90718127173258,158.67999267578125,277.3689414264892,22.59000015258789,170.41210769028996,615.8104251523631,238.11078068457638,161.80999755859375,278.58778620072815,22.65999984741211,171.59919907952485,616.027506506921,242.4510018385112,50605100,17231100,49384000,160841100,68885700,27395700
2025-07-18,156.99000549316406,280.767822265625,23.100000381469727,171.9882354736328,619.1649780273438,237.1342315673828,160.8300018310547,284.91978766396704,23.59000015258789,173.8237306114437,621.0295897988693,242.62857200077755,155.80999755859375,278.44906852668726,22.899999618530273,170.841039596405,618.0600006009754,235.44746983700878,159.58999633789062,284.50358713826836,23.219999313354492,173.21522225123383,620.861886140426,241.97753429187748,48859800,15012400,60195600,146456400,65621600,16252000
2025-07-21,157.0,285.5935363769531,23.260000228881836,170.96075439453125,620.3389892578125,235.60528564453125,160.33999633789062,287.90240088629105,23.829999923706055,172.9558617527255,623.0718060276608,239.04786519259366,156.9199981689453,281.05512826997335,23.15999984741211,170.58167912560677,619.9147622533486,235.46718811325513,157.6199951171875,281.38211912707186,23.399999618530273,172.32739806402674,620.3389892578125,236.8580221598567,39021100,17726800,61658000,123126100,63375000,11971800
2025-07-22,154.72000122070312,276.0609130859375,23.239999771118164,166.6213836669922,620.427734375,231.4130096435547,156.22999572753906,285.3854912734229,23.540000915527344,170.97071815657463,621.2860639110608,234.76681526966362,149.33999633789062,273.92051827252266,23.079999923706055,164.17738028748298,617.7935527028395,228.61157906422105,156.1999969482422,285.03866257967115,23.34000015258789,170.9208374301641,620.6645066309135,234.59912649350832,49028000,16564800,53969800,193114300,60046300,11919500
2025-07-23,158.64999389648438,281.1146240234375,23.489999771118164,170.36221313476562,625.7060546875,237.065185546875,159.4499969482422,281.4218073798558,23.6200008392334,170.84103463039327,625.7060546875,237.2328743379398,156.0,270.52166695317123,22.920000076293945,167.55908978070133,621.2860849659141,233.1688482094214,156.32000732421875,274.2673503629014,23.260000228881836,169.1152710575868,623.0816882564411,235.27977630209392,41510900,20556200,68711700,154082200,70511000,9885400
2025-07-24,162.1199951171875,286.0890197753906,22.6299991607666,173.3149871826172,625.9132080078125,238.31793212890625,163.92999267578125,288.5564355809759,23.579999923706055,173.40476336343244,627.6200518287297,238.66316843797964,158.36000061035156,280.9263257483868,22.600000381469727,170.88095369299285,625.488980993582,234.79642243644236,159.1199951171875,287.1592322367496,23.489999771118164,172.01816431437092,626.0907872079496,236.94681552363792,48440100,16413800,131963300,128984600,71307100,9081900
2025-07-25,166.47000122070312,287.54571533203125,20.700000762939453,173.07557678222656,628.5572509765625,242.2635955810547,167.17999267578125,289.93384078680145,21.049999237060547,174.29259358308082,629.0308557161836,242.89490074983618,162.36000061035156,284.6621289175296,20.360000610351562,172.53690445106827,626.3276053702117,237.6668968247539,163.50999450683594,285.4548845974222,20.68000030517578,173.18530830431874,626.5742531786653,238.04173944267188,53432300,12476200,245077700,122316800,56865400,11593400
2025-07-28,173.66000366210938,291.62823486328125,20.68000030517578,176.31761169433594,628.3994140625,239.4523162841797,174.6999969482422,292.76781897416697,21.290000915527344,176.56700011257405,629.4846403177779,240.63601164479982,168.6699981689453,287.9519239415037,20.649999618530273,173.54441370124516,627.0181622678288,237.77541326900922,169.0800018310547,289.8049426226053,20.81999969482422,173.594294429185,628.9321516432593,239.69892011145484,68267800,13683400,86105600,140023500,54917100,11892200
2025-07-29,177.44000244140625,294.7200012207031,20.40999984741211,175.08062744140625,626.741943359375,238.05160522460938,182.30999755859375,299.4466877396441,20.850000381469727,178.94117023690123,630.1061928990167,240.6557410043694,174.67999267578125,292.19313226210227,20.34000015258789,174.59183591750704,625.8342963044605,236.562123545973,175.2100067138672,294.79926166590343,20.690000534057617,177.52464594674228,629.7904764849706,238.21929401877352,108154800,19210800,100831500,154077500,60556300,9411500
2025-07-30,179.50999450683594,299.87274169921875,20.34000015258789,178.83145141601562,625.9526977539062,239.61012268066406,180.3699951171875,300.50694614853245,20.6200008392334,179.4499298230835,629.129492632239,241.24757554440723,173.8000030517578,293.11464795881585,20.079999923706055,175.60934208925488,623.0718079865017,237.94307856469075,175.61000061035156,294.4523983986542,20.43000030517578,176.07819353379378,627.3930824208583,238.83084623459882,64820300,16738900,67420300,174312200,80418900,6823800
2025-07-31,176.30999755859375,291.03375244140625,19.799999237060547,177.43487548828125,623.6046142578125,238.337646484375,182.5,304.1634666381165,20.229999542236328,182.85160010862035,631.2703873241156,244.04899917706834,173.0,287.595252494986,19.65999984741211,175.49961883405416,622.3121821287813,236.54237856673282,182.02000427246094,300.0511168670968,20.170000076293945,182.45256948733228,630.8856625012866,242.6384175510975,71765300,25488500,90665200,221685400,103385200,13490700
2025-08-01,171.6999969482422,286.0196838378906,19.309999465942383,173.29502868652344,613.3834838867188,232.01475524902344,174.39999389648438,289.983371051339,19.549999237060547,176.1081221843386,617.9415908673775,233.96785337838122,166.82000732421875,279.0534745293429,18.969999313354492,170.47194991004753,610.9860743719428,228.69052536827672,170.16000366210938,283.93874200272353,19.5,173.6641186818972,617.9020886786027,232.4191740931886,75396100,21428100,86496100,204529000,140103600,13549800
2025-08-04,176.77999877929688,295.0172119140625,19.5,179.55967712402344,622.7067260742188,235.75326538085938,177.86000061035156,295.7703220885984,19.59000015258789,179.75918483209097,622.7560435889075,235.75326538085938,173.55999755859375,288.75457946604877,19.350000381469727,174.0930867713682,617.1917152069655,233.17872075099987,174.61000061035156,289.5473349762262,19.520000457763672,174.7315205700618,617.280474690056,234.6780762766297,52951000,17164600,69249400,148174600,73218000,6450700
2025-08-05,174.30999755859375,290.2706604003906,20.190000534057617,177.82391357421875,619.5496215820312,229.3119659423828,177.99000549316406,298.4656014814735,20.540000915527344,179.81902093485988,624.1274190145356,235.3882878013461,171.8000030517578,288.8041157693012,19.68000030517578,175.46968627980374,618.6320990296246,227.04320774260398,177.57000732421875,295.10636270301876,19.700000762939453,179.18058718831315,623.3184070376644,235.09236020111356,88808500,18477500,97338200,156407600,68051400,11868900
2025-08-06,163.1199951171875,298.9313659667969,20.40999984741211,178.9810791015625,624.295166015625,228.22689819335938,166.17999267578125,300.06100099265234,20.479999542236328,179.4599006050506,624.9462896680084,229.04562468077827,157.8000030517578,289.2500414930322,19.8700008392334,175.81883576850015,619.7074931606843,225.71155127412976,165.0500030517578,290.2409632043756,20.1200008392334,175.898641889325,620.6151401423151,227.8915206109958,133641800,17392100,67074200,137192300,64357500,9457200
2025-08-07,172.39999389648438,301.0024108886719,19.770000457763672,180.32777404785156,623.772216796875,239.3240509033203,175.75,307.5226629238072,20.440000534057617,183.43016644757114,628.4387733842979,244.47313944919858,166.6999969482422,297.15762952693996,19.600000381469727,178.36259217804582,620.67430632154,237.5287830668827,166.83999633789062,303.39053601779983,20.0,181.12581999654523,627.7087056122075,241.14892504312638,95448300,16319400,131382800,151878400,74205800,17691000
2025-08-08,172.75999450683594,302.201416015625,19.950000762939453,182.2530517578125,628.63623046875,238.54481506347656,176.47999572753906,305.0750831253288,20.020000457763672,182.85159004607542,629.099959687417,239.8567492255772,170.52000427246094,299.8033720056868,19.610000610351562,179.95867528141937,625.2423540250035,235.72366668853522,174.0399932861328,301.2897546735197,20.0,181.10587113034643,625.5580704635792,239.8567492255772,68866700,12458700,75415000,123396700,64051600,10552500
2025-08-11,172.27999877929688,301.1410827636719,20.649999618530273,181.6146240234375,627.3930053710938,238.80125427246094,178.82000732421875,305.51105085999154,21.600000381469727,183.39026839012567,630.3824053553956,242.0169774859272,169.3800048828125,298.55479177797815,20.440000534057617,179.80905426349312,626.14989093076,238.25872289735145,170.0399932861328,302.28063661070775,20.450000762939453,181.6046539661726,628.9123942278318,238.75193050172342,70651000,12396400,175545600,138323200,58742300,8272900
2025-08-12,174.9499969482422,309.9900817871094,21.809999465942383,182.71192932128906,634.0723266601562,240.9713592529297,175.16000366210938,310.59455986556446,21.860000610351562,184.02869221788941,634.2301547632397,241.44484937946282,168.5,301.90418577001026,20.760000228881836,179.0209838780724,628.2514142554742,238.4165475326207,173.32000732421875,303.8463842085904,21.200000762939453,182.51242163652668,629.7313011159781,240.40911042348583,52243500,17609600,134153600,145485700,64730800,7295800
2025-08-13,184.4199981689453,306.2840270996094,22.219999313354492,181.14576721191406,636.2427978515625,238.16009521484375,186.64999389648438,314.4690511536783,22.299999237060547,183.51994981646104,637.5253543368295,243.08229757287387,179.3800048828125,301.98342995406614,21.360000610351562,178.9112567337155,634.0624096748859,236.68047237186036,179.91000366210938,313.8744920031188,21.6200008392334,182.1732462738988,636.262488727692,243.08229757287387,108305100,17371200,86024400,179871700,60092800,7971900
2025-08-14,180.9499969482422,308.40460205078125,23.860000610351562,181.57472229003906,636.302001953125,237.72605895996094,185.44000244140625,311.3179145558856,24.200000762939453,182.57227595462552,636.9630011917295,238.1009015457558,179.55999755859375,304.212991959021,21.899999618530273,179.02098734413144,633.7270133914775,233.60285072222246,179.8300018310547,304.2229108539708,21.989999771118164,179.3102712094187,634.1709312549185,234.7372221613894,66308800,15717600,188052500,129554000,59327500,11040500
2025-08-15,177.50999450683594,303.5589904785156,24.559999465942383,180.00856018066406,634.8123168945312,235.63487243652344,180.13999938964844,308.6721507620578,25.649999618530273,181.45500998578265,637.4268079608856,237.52878785166976,176.25,297.0387381278039,24.110000610351562,177.6044521364236,633.9046697471923,234.03686954600798,180.05999755859375,308.2064162912545,25.010000228881836,181.43506987144983,637.328112699525,237.0651714944124,51543100,22806900,310161100,156602200,68592500,8155500
2025-08-18,176.13999938964844,302.9842834472656,23.65999984741211,181.5647430419922,634.6741943359375,238.13050842285156,178.8000030517578,303.3905650465833,24.899999618530273,182.49247589603021,635.3648203144131,239.56080752089466,174.36000061035156,296.2856418672094,23.209999084472656,180.14821861780752,633.569216857079,236.7298005781023,176.75999450683594,299.95206491629557,24.0,180.15820389652,634.2400917394748,236.7298005781023,35937500,14724700,212515600,132008000,43804900,6919800
2025-08-19,166.5500030517578,292.2327575683594,25.309999465942383,175.2103271484375,631.23095703125,229.53883361816406,173.1699981689453,300.1502132332778,26.530000686645508,182.0535459787435,635.4732874420525,236.9073569951018,166.10000610351562,289.7356454685235,24.940000534057617,175.06070018553257,629.9187737835771,229.42046860054347,173.10000610351562,299.6745901136142,24.940000534057617,181.98370991508045,634.4965717210093,236.75940072307603,64455000,20149600,297659200,185229200,69750700,14594700
2025-08-20,165.1999969482422,288.5267028808594,23.540000915527344,174.97091674804688,629.5537109375,225.49452209472656,166.64999389648438,292.8074619118753,24.93000030517578,175.5694550698242,631.0829152899969,225.91867340855296,158.25,279.31111234567646,23.329999923706055,168.38707131580557,624.4629267215348,220.66107855480018,164.10000610351562,292.77773546862284,24.899999618530273,174.74148365399904,630.8264521540534,225.04076447734104,60233200,23600500,161149400,215142700,88890300,17165200
2025-08-21,163.7100067138672,286.970947265625,23.5,174.5519256591797,627.028076171875,224.2417755126953,165.8800048828125,289.7356274387643,23.56999969482422,176.46722675550242,629.4156102095885,227.2010211957092,162.25999450683594,283.5720928922198,22.780000686645508,173.38478976711397,625.3114169787772,223.1863039943661,165.86000061035156,287.42676280711595,23.530000686645508,174.42225404103465,627.7483287539096,225.05062817260477,37880500,14946300,97718300,140040900,54805800,7449100
2025-08-22,167.75999450683594,291.3310241699219,24.799999237060547,177.55458068847656,636.6571655273438,229.8249053955078,168.52999877929688,297.3657346131489,25.229999542236328,178.15310374912357,637.8312114652382,231.26506329984085,161.8000030517578,286.3863338108117,23.649999618530273,170.78118284108405,628.70524285572,223.09754584732653,162.1699981689453,289.1014500053561,23.649999618530273,172.1877371490149,629.2084140029245,224.90268764645873,43998600,16301300,200266800,172789400,84083200,10299500
2025-08-25,163.36000061035156,291.5589294433594,24.549999237060547,179.3701171875,633.8551635742188,232.38955688476562,165.58999633789062,295.6910563770009,25.8799991607666,181.46498591558236,636.637357739367,234.056601006322,161.72000122070312,289.0617871761766,24.440000534057617,176.13805314258047,633.7367774579777,229.094933679093,165.5500030517578,290.151807194349,25.5,177.91369740024777,635.4041188479046,231.11708788010222,36134700,15124700,156825600,163012800,51274300,7655000
2025-08-26,166.6199951171875,295.3045959472656,24.350000381469727,181.32533264160156,636.5090942382812,235.47705078125,169.77000427246094,297.524250956868,24.739999771118164,181.94381103857447,636.8544372569386,235.58555706131565,164.91000366210938,291.3210712183159,24.100000381469727,178.37256711704984,632.9672658736105,232.5276637514675,168.64999389648438,291.67781876802,24.579999923706055,179.61950918930867,633.5888230904511,233.15896891234874,52138600,25689100,78558200,168688200,51581600,9793100
2025-08-27,167.1300048828125,297.5242919921875,24.850000381469727,181.15574645996094,637.9595336914062,236.03932189941406,167.67999267578125,298.44584207518415,24.989999771118164,182.04356858750407,638.6896016147832,236.14782818970784,164.64999389648438,291.1130262723598,24.049999237060547,178.6618623689453,635.7791452521487,232.2416318421388,166.0399932861328,294.8289832914129,24.190000534057617,181.53480649120215,635.9271580330511,233.65219856445435,37031000,13830300,90934400,235518900,48341100,9516400
2025-08-28,168.5800018310547,305.8479919433594,24.93000030517578,179.72923278808594,640.21875,235.03318786621094,170.99000549316406,308.1766641028539,25.139999389648438,184.01871637210735,640.7712386679527,237.39071993266876,166.64999389648438,299.585359228622,24.610000610351562,175.9784366795831,636.6867968305069,232.79402082436908,168.5,300.17991832644447,24.959999084472656,180.3776517699909,638.5612839961418,233.08994843741266,36285200,18907100,60035100,281787800,61519500,8466200
2025-08-29,162.6300048828125,294.6902770996094,24.350000381469727,173.75387573242188,636.4006958007812,227.73367309570312,168.57000732421875,304.2229408984669,24.969999313354492,177.71416467354967,639.1533240222955,232.7446641330259,161.89999389648438,290.99412754178024,24.280000686645508,172.72639675993378,634.5163329434167,227.44761930949934,166.80999755859375,304.2229408984669,24.760000228881836,177.674269227683,638.7882298477452,232.63615785863794,37516800,21610700,63734400,243257900,74522200,15526000
2025-09-02,162.32000732421875,295.5325012207031,24.209999084472656,170.36221313476562,631.684814453125,225.28736877441406,162.38999938964844,295.9982356657117,24.239999771118164,171.9583050821389,631.9018356294255,226.22446021180255,156.6199951171875,284.56302012747113,23.68000030517578,166.81092453439402,626.4065150056712,222.56486821861657,158.4199981689453,286.71330344977366,23.8799991607666,169.58412249632292,628.9519373540064,223.07779328974405,38656100,19693000,57661800,231164900,81983500,13974900
2025-09-03,162.1300048828125,299.64483642578125,24.0,170.20260620117188,635.1082153320312,228.2466278076172,164.75,301.6861327701727,24.09000015258789,171.9882358353705,635.5719445130327,229.29222558138233,160.5800018310547,293.7091947000028,23.719999313354492,168.46687251736884,631.8722274787872,225.49453583801846,161.80999755859375,299.54573820468306,24.09000015258789,170.64153226145447,634.05255551225,228.37486660868356,30752800,18529400,47822900,164424900,70820900,7198500
2025-09-04,161.7899932861328,303.3211364746094,24.610000610351562,171.24005126953125,640.4160766601562,232.01475524902344,162.0500030517578,305.9767993558662,24.639999389648438,171.43955894132503,640.4457033002755,232.1133877506355,157.7899932861328,299.50608190594784,23.75,168.9955557135668,634.8813144651941,227.17145239022142,159.94000244140625,302.2905694458641,23.850000381469727,170.15272152001435,635.7790859642552,228.2071914919199,32103500,31220800,59056500,141670100,65219200,6241900
2025-09-05,151.13999938964844,331.84979248046875,24.489999771118164,166.61141967773438,638.561279296875,240.1033477783203,157.13999938964844,353.10504543218013,24.709999084472656,168.61649709218636,643.4646688785257,241.22786059949343,150.17999267578125,328.4112928697648,24.170000076293945,163.66863936987482,634.7037341963564,234.66818993306475,157.1199951171875,352.55013168294823,24.600000381469727,167.61894341349083,642.7444163544111,236.9764131356855,78256000,78401600,55975300,224441400,85178900,14056600
2025-09-08,151.41000366210938,342.5121154785156,24.479999542236328,167.8982696533203,640.1299438476562,243.83200073242188,152.63999938964844,350.9547886018968,24.739999771118164,170.54179623040895,641.1264105300318,244.51262969854773,149.22000122070312,338.152065589353,24.1200008392334,166.94062657490792,638.5513618994769,238.3376602795533,151.8000030517578,339.6384482952403,24.479999542236328,167.140134281122,639.9227380309984,238.70264417605011,41849000,43535600,51122100,163769100,63133100,12986600
2025-09-09,155.82000732421875,333.6136474609375,24.440000534057617,170.34225463867188,641.60986328125,247.5113067626953,156.66000366210938,347.7937356489944,24.809999465942383,170.5617176578999,642.1327252974712,251.26954636644058,151.92999267578125,332.78124655785496,24.270000457763672,166.3320999523285,638.5415189260096,243.57550459144537,151.99000549316406,346.3766945272351,24.530000686645508,168.6763418810487,640.2680535026645,243.57550459144537,42802500,26972300,42146200,157548400,66133900,13443400
2025-09-10,159.5399932861328,366.2149658203125,24.770000457763672,176.89620971679688,643.4646606445312,256.9019775390625,164.52999877929688,369.58409379042394,24.8700008392334,178.851406558282,645.7732503039375,260.98572082054017,158.0,347.36761439975277,24.280000686645508,175.04075911822534,641.9058297062181,254.2485182382485,163.5399932861328,348.3288097263362,24.420000076293945,176.20789518840485,644.8557277247635,255.35329844767236,52465300,51086800,61600700,226852000,78034500,18822400
2025-09-11,155.6699981689453,356.365234375,24.610000610351562,176.74655151367188,648.81201171875,255.3927764892578,160.2100067138672,370.8326996207077,24.93000030517578,179.84911904071384,649.502637640468,258.0857009641052,154.99000549316406,355.5031371928067,24.56999969482422,176.05819821844705,644.8262047273438,254.7220213426673,158.6199951171875,367.81036979469593,24.760000228881836,179.25054698686972,645.4082598463015,256.8132168602757,48817700,29430900,55536900,151159300,69934400,10005000
2025-09-12,158.57000732421875,356.6029968261719,24.079999923706055,177.39498901367188,648.594970703125,255.80703735351562,160.41000366210938,361.0819823832526,24.6299991607666,178.1731234709029,650.272187984056,257.4050552439406,154.9199981689453,353.9176074150889,24.049999237060547,176.02825318201792,648.0918597139254,254.86996098710253,157.0,359.61540734165067,24.610000610351562,177.34510547722002,648.7824254618777,257.30640770458064,42232800,31949800,52672800,124911000,72780100,8496600
2025-09-15,161.16000366210938,360.78472900390625,24.770000457763672,177.32516479492188,652.0479736328125,257.8291931152344,162.3000030517578,362.18193242681093,25.459999084472656,178.4225418052247,652.1762353081463,259.2298857509513,157.60000610351562,353.1050847458822,24.219999313354492,174.0929031464731,650.499078415473,255.23491649056032,160.00999450683594,356.6030376305608,24.329999923706055,175.2501343169162,650.7950437367242,256.46793541080456,36808700,21792200,83951600,147061600,63772400,8147700
2025-09-16,160.4600067138672,356.7318420410156,25.270000457763672,174.4620361328125,651.150146484375,259.3155212402344,161.9499969482422,362.3701894080732,25.34000015258789,177.07576937869646,652.9063076016578,263.64965563618443,159.22000122070312,353.7491577958688,24.690000534057617,173.96323114864717,650.3707611688836,257.88069457926355,161.3699951171875,362.11254006740637,24.81999969482422,176.57696439453113,652.6004065429622,263.1351123126107,27946500,21306500,60336600,140737800,61169000,10381900
2025-09-17,159.16000366210938,343.0274353027344,24.899999618530273,169.8829803466797,650.3412475585938,260.0378723144531,161.6300048828125,356.6624996011668,25.260000228881836,172.78602876073558,652.8471677889224,262.0367064715136,155.75999450683594,338.39981688748577,24.450000762939453,168.00748411706098,645.5266771850337,257.0099213705415,159.27999877929688,355.5923172928341,25.079999923706055,172.22736966160153,651.1601352003632,261.57162745997294,41823800,45197100,63093700,211843800,101952200,10422000
2025-09-18,157.9199981689453,342.21484375,30.56999969482422,175.81878662109375,653.3799438476562,265.82659912109375,158.77000427246094,347.5162813362711,32.380001068115234,176.67673180432445,655.9746837040749,267.70669474465245,149.85000610351562,340.6690081880208,30.15999984741211,172.54662713675344,651.4166368558095,255.2782356398553,150.9600067138672,346.82262399207383,31.780000686645508,173.56417834624654,653.0149098952402,255.29801531240756,84549500,24663900,523908000,191763300,90459200,16917300
2025-09-19,157.38999938964844,341.8085632324219,29.579999923706055,176.2477264404297,656.6160278320312,262.0960388183594,159.83999633789062,343.1264759017759,30.6299991607666,177.65435995090164,657.4569312262267,263.77824697186736,155.89999389648438,333.3758091578165,29.329999923706055,174.76128231706025,653.3215535907623,260.0576154029626,157.3800048828125,341.5211874471744,30.3799991607666,175.34988368438943,655.2606553211801,263.5803294721709,55448100,41240100,225702900,237182100,97945600,17640200
2025-09-22,159.7899932861328,336.2895812988281,28.760000228881836,183.17117309570312,659.7225952148438,269.7747802734375,162.67999267578125,344.11142809429634,30.100000381469727,184.1089289332547,660.1677438905001,273.46569705940817,157.4199981689453,335.4458486342185,28.729999542236328,174.29245016588177,655.1023963856023,262.66998288583386,157.4199981689453,339.90270066016484,29.670000076293945,174.8810364137678,655.1321051686223,263.74856380974825,46505500,28660000,130314500,269637000,69452200,15630300
2025-09-23,160.89999389648438,336.4384765625,29.34000015258789,178.0035400390625,656.1311645507812,279.74920654296875,163.38999938964844,342.6721261963648,30.200000762939453,181.98400930831284,660.2170872955854,283.0047592569864,159.2100067138672,334.5326336759904,28.81999969482422,175.78885990523673,654.9142520529826,277.06759647537126,160.52000427246094,337.72886987537504,28.989999771118164,181.53508786527138,659.6036493922888,279.442455548423,39448300,21944100,126317900,192559600,81708900,17830300
2025-09-24,160.8800048828125,336.8057556152344,31.219999313354492,176.54701232910156,654.043701171875,277.7701721191406,165.10000610351562,337.5700618055358,31.700000762939453,179.35029350783142,657.5162467217733,278.26493571960833,158.42999267578125,331.3463477899052,29.229999542236328,174.9807575937583,652.6289715744526,273.82196825076,162.97999572753906,337.2524465542453,29.3799991607666,179.34032288959435,657.4173382288552,277.3743672783612,38464100,19677300,164458500,143564100,68082200,10231000
2025-09-25,161.27000427246094,333.61944580078125,33.9900016784668,177.2653045654297,651.0263061523438,273.7626037597656,161.6300048828125,335.56497168933487,34.25,179.82915407834395,652.3717757310584,274.2375876956835,154.77999877929688,324.884375350062,31.209999084472656,172.7162058826927,647.4251431178142,267.3603614512901,157.13999938964844,330.5323831651002,31.610000610351562,174.06297010669513,650.91749472694,270.25966895256005,36809900,21678200,295709300,191586700,89622100,11863400
2025-09-26,159.4600067138672,332.06103515625,35.5,177.7641143798828,654.756103515625,270.4971618652344,162.11000061035156,336.57744224080056,36.29999923706055,179.3403398828169,655.3002210405111,272.614764732413,157.0500030517578,328.1401756006561,34.4900016784668,174.51189629291883,650.8581544995363,267.78586679041314,160.52000427246094,334.93962595147707,35.02000045776367,177.74415791919978,652.4707616041429,271.0216403119453,30316900,15464700,268583300,148573700,69179200,10451900
2025-09-29,161.36000061035156,325.4799499511719,34.47999954223633,181.4153594970703,656.59619140625,270.3684997558594,164.3000030517578,338.53289119836546,35.04999923706055,183.56021461148362,658.1791500054463,276.93894398115714,159.89999389648438,325.13252704426316,33.72999954223633,179.8890176259668,654.7956099654933,270.3684997558594,160.1199951171875,333.5201745021023,34.52000045776367,179.99874009736317,657.2689261670223,273.594337559503,39828800,21336000,152605900,193063500,73499000,8046200
2025-09-30,161.7899932861328,327.47509765625,33.54999923706055,186.13404846191406,659.0694580078125,276.36505126953125,162.27999877929688,328.6066681161809,34.2400016784668,186.9022123120565,659.5344728182262,276.562938584393,159.3300018310547,322.2141962147652,33.02000045776367,181.04623211551163,654.5482290856307,270.9622111884719,160.7899932861328,327.68353926606886,33.93000030517578,181.64480411708308,655.8541471878013,272.4366272037514,29669300,20109500,124818400,236981000,86288000,8348800
2025-10-01,164.00999450683594,330.929443359375,35.939998626708984,186.79249572753906,661.3153076171875,285.4488830566406,164.17999267578125,335.45578604356376,36.060001373291016,187.69033860903804,662.2254710850941,287.4378421861954,160.49000549316406,322.10504109835813,33.5,183.46046686832446,655.9828233173913,274.2672389327902,160.92999267578125,325.72809636503257,33.529998779296875,184.7972757932568,656.0916347397471,275.5239274754906,39895200,21122700,162649700,173844900,72545400,14620100
2025-10-02,169.72999572753906,335.68408203125,37.29999923706055,188.43853759765625,662.0769653320312,285.0926513671875,171.05999755859375,345.0444773931538,37.56999969482422,190.59337868298996,663.4125921637317,293.6124957920574,166.1199951171875,332.77571393429145,35.439998626708984,187.6105195355423,659.6630669539827,284.02397533725934,168.67999267578125,345.0444773931538,35.7599983215332,189.146847340247,663.2938778298502,293.41457828378793,55475200,19917600,149361700,136805800,56896000,10198000
2025-10-03,164.6699981689453,335.8726501464844,36.83000183105469,187.17156982421875,662.0672607421875,289.12994384765625,170.67999267578125,341.85814442673546,38.08000183105469,189.90502650703218,665.5001949823258,292.9594091324841,163.13999938964844,333.26205605529583,36.45000076293945,184.93693332773543,661.0284195287326,287.44773559325904,170.67999267578125,338.9795539799569,37.95000076293945,188.73782471792558,662.8389040732001,289.7929101352561,42699100,14749100,125359300,137596900,70494400,10572500
2025-10-06,203.7100067138672,333.0139465332031,36.59000015258789,185.09654235839844,664.4415283203125,299.2330322265625,226.7100067138672,341.59019458808785,38.68000030517578,186.78250559975277,665.3319462864663,304.08170967739136,203.00999450683594,332.09081755700765,36.43000030517578,182.8918329061041,662.314512664693,296.7988036643541,226.4499969482422,333.4407959918751,37.189998626708984,185.0566446584491,664.451431246289,296.86807781887416,248859600,18465700,112086100,157678100,54623300,15785000
2025-10-07,211.50999450683594,333.92718505859375,37.16999816894531,184.59774780273438,661.9781494140625,290.95068359375,218.89999389648438,335.61462031328495,38.04999923706055,188.60814426716868,665.8068381763353,303.88381144241947,209.27999877929688,324.1697167902412,36.349998474121094,183.56024009999027,660.5436138980969,290.2085381881749,214.85000610351562,334.5426044039722,36.63999938964844,185.78490613895232,665.3616291701808,303.4088275115808,115748100,18086700,111140200,140088000,72020100,13081000
2025-10-08,235.55999755859375,342.9500427246094,37.43000030517578,188.6580047607422,665.925537109375,301.330810546875,235.8699951171875,343.9823755029449,37.790000915527344,189.14683908131633,666.0245059882836,303.1911265051307,210.6999969482422,330.16509851374474,35.90999984741211,186.09414006589398,662.2749199573431,290.90121565422857,212.9499969482422,331.35625404969676,36.54999923706055,186.12408236678675,663.0960778489103,291.9105225218472,159983500,21478300,103202100,130168900,60702200,12821200
2025-10-09,232.88999938964844,342.4736022949219,37.79999923706055,192.1097412109375,663.9963989257812,296.7394104003906,240.10000610351562,344.7467096528682,38.099998474121094,194.83321191134357,666.7467557943302,299.65849741175157,229.52999877929688,337.8877046056565,36.86000061035156,190.60334055524348,662.0672604073742,294.3051820354313,236.3000030517578,343.19822550564476,37.529998779296875,191.77054228398893,666.3411584665431,299.143954158386,94290700,17643700,89884700,182997200,66501900,10259900
2025-10-10,214.89999389648438,322.23406982421875,36.369998931884766,182.7222442626953,646.0499877929688,277.7207336425781,234.22000122070312,348.01239918631205,39.650001525878906,195.15245586263575,666.7565834688588,297.05610540082546,213.1999969482422,321.6583335564162,36.29999923706055,181.61489659616785,645.8719162752307,277.39417272506194,232.77000427246094,342.84086012625113,38.459999084472656,193.04749823427522,664.9560020556908,296.818598315911,118656600,28941000,183063300,268774400,159422600,23398000
2025-10-13,216.4199981689453,354.0673828125,37.220001220703125,187.86990356445312,655.9630126953125,299.7178955078125,224.19000244140625,356.7275957651135,37.5099983215332,189.65561858658472,658.030731623523,301.43966310010615,214.89999389648438,340.9846349633851,36.279998779296875,185.51554359294212,652.7279561413051,289.2585861958363,220.1999969482422,350.16636520990585,36.439998626708984,187.52073401073042,653.5985682812151,295.11657006279773,63104000,45984300,104020700,153482800,79560500,20318300
2025-10-14,218.08999633789062,341.5901794433594,35.630001068115234,179.59971618652344,655.1616821289062,292.8406677246094,224.97999572753906,348.0819199505021,36.54999923706055,184.35831986008523,658.7232938317348,298.5898180608293,215.89999389648438,337.1432328388366,34.689998626708984,179.2705030798172,646.1983862715207,288.288836786656,219.1999969482422,347.5458968977502,36.0,184.32839277968645,650.1556923521978,292.5339167233838,71216300,22078000,117908300,205641400,88779600,16567900
2025-10-15,238.60000610351562,348.7370300292969,37.150001525878906,179.4001922607422,658.0703125,301.5188293457031,239.24000549316406,356.7474774551497,37.4900016784668,184.42813951825556,663.076302337462,303.3989250153471,220.75999450683594,344.93531029766996,35.63999938964844,176.86625456034105,651.8969246006144,296.9274387692454,222.7100067138672,351.85387010727675,36.400001525878906,184.35831474003746,659.70272543157,303.082299256883,108481000,23918500,99242700,214450500,81702600,20788000
2025-10-16,234.55999755859375,351.53619384765625,36.84000015258789,181.3754425048828,653.588623046875,296.6998291015625,241.1999969482422,360.5591015697589,38.02000045776367,182.84193018690272,661.572494532197,308.10907639725525,232.24000549316406,346.91058329019035,36.40999984741211,179.34032512988762,650.0962717870328,293.5828244918617,236.2899932861328,354.16662949397715,37.150001525878906,181.79443681084305,659.702653099313,307.67368201770626,69726400,20317200,83357800,179723300,110563300,26341500
2025-10-17,233.0800018310547,346.7518005371094,37.0099983215332,182.78207397460938,657.2986450195312,291.98968505859375,235.3800048828125,348.3797112636776,38.380001068115234,183.65997549473053,658.6540174880462,300.12360018952234,227.91000366210938,338.2649148538246,36.08000183105469,179.32036665232565,651.1153544209424,291.8313872742129,233.25999450683594,347.0297328206275,36.36000061035156,179.74933157181889,652.4608239631079,295.2749227470313,55804200,20937900,119394700,173135200,96500900,17633300
2025-10-20,240.55999755859375,346.6624450683594,38.099998474121094,182.20347595214844,664.1348266601562,294.5822448730469,242.8800048828125,353.958204884989,38.52000045776367,184.75735492260156,665.035147534835,300.4699133015376,234.39999389648438,345.27278374432154,37.560001373291016,181.2956472677441,660.1478725090891,293.94893300150676,236.47000122070312,351.1887878337082,37.56999969482422,182.69231029505525,660.1973267543179,296.85814524070344,56741700,15640200,80230200,128544700,60493400,13391600
2025-10-21,238.02999877929688,340.1310119628906,38.119998931884766,180.72702026367188,664.1249389648438,291.4256591796875,242.25999450683594,348.50872322386266,38.349998474121094,182.35311411361405,665.8068060270512,296.23474677507977,234.02000427246094,338.7909695382205,37.66999816894531,179.37027013728058,662.8289237149189,290.58455503785905,239.38999938964844,347.4168356818224,38.13999938964844,182.35311411361405,664.2733620876278,295.86862655048895,47122400,16092600,73134900,124240200,56249000,11190500
2025-10-22,230.22999572753906,337.7884521484375,36.91999816894531,179.84912109375,660.6721801757812,285.8546142578125,240.1300048828125,345.4415714008497,37.93000030517578,183.0015721983185,664.8273632729761,292.10843323190164,224.8800048828125,333.03382587244175,36.040000915527344,176.33752979723928,656.2202112252926,281.4215216563114,236.85000610351562,344.7367896443459,37.84000015258789,180.7070662621498,664.8273632729761,289.93146137447417,59668800,19268800,87099900,162249600,80564000,15409100
2025-10-23,234.99000549316406,341.7489929199219,38.15999984741211,181.72462463378906,664.5899658203125,287.68524169921875,235.89999389648438,344.01216427937095,38.400001525878906,182.59254038327154,665.5298380529869,291.0100384571824,228.5399932861328,337.8876883349711,36.43000030517578,179.3602787988416,660.6722112216523,286.5967557851333,230.16000366210938,337.8876883349711,36.599998474121094,179.988777912505,660.988802941274,286.7649584912356,39024400,12859200,121974200,111363700,65604500,10379900
2025-10-24,252.9199981689453,351.516357421875,38.279998779296875,185.81480407714844,670.0213623046875,291.8709411621094,253.38999938964844,355.6555638796126,41.119998931884766,187.0219186862977,671.2283116328227,294.8296480927058,241.9499969482422,348.2903439639102,37.83000183105469,183.06140638753934,668.4384640813665,291.30693359561167,243.36000061035156,349.9083186372953,40.02000045776367,183.40059008116805,669.2398161192735,292.4745684709236,71221100,16143700,246380000,131296700,74356500,8747000
2025-10-27,259.6700134277344,359.3778991699219,39.540000915527344,191.03231811523438,677.9260864257812,295.12646484375,260.4200134277344,360.0727449780649,40.66999816894531,191.54109366524804,678.2228723013301,297.33312120236775,249.8000030517578,352.4593396329431,38.22999954223633,187.97961914819697,674.8393925526769,290.6142235724544,257.8800048828125,358.8716837936956,38.38999938964844,189.53590332097463,675.4428672302427,295.52226965390423,65613100,20065800,160007600,153452700,63339800,13615000
2025-10-28,258.010009765625,370.2173156738281,41.529998779296875,200.5495147705078,679.7266235351562,298.37213134765625,264.5799865722656,371.29926735087304,42.47999954223633,202.66444286407344,681.5568533012904,298.96585369917125,257.0,359.8543651232864,39.540000915527344,191.45131745385083,677.520444889974,292.97919610185704,259.1400146484375,359.9436972479219,39.59000015258789,192.58859211843296,679.7167206093349,295.19575753431485,47448700,21056000,181256400,297986200,61738100,11804200
2025-10-29,264.3299865722656,383.13128662109375,41.34000015258789,206.545166015625,680.0531616210938,301.89483642578125,267.0799865722656,383.6275963725263,42.040000915527344,211.6828666070652,682.338503435176,304.73477453206556,257.3999938964844,370.4356746975937,40.91999816894531,204.29057291407037,675.5813864900747,299.213226288227,264.19000244140625,370.4356746975937,41.599998474121094,207.482921843539,681.3689223981395,302.59739225116834,49335600,24975200,106962900,308829600,85657100,16177300
2025-10-30,254.83999633789062,373.6914978027344,40.15999984741211,202.4050750732422,672.5739135742188,300.04443359375,263.8800048828125,383.5482030492368,41.43000030517578,205.66726375798942,678.6186845559015,304.09159614787745,252.30999755859375,367.3288026035214,40.11000061035156,200.9286166610889,672.5739135742188,297.6695743944884,259.9200134277344,383.5482030492368,40.970001220703125,204.65966800141675,676.6004800474726,299.90588529312294,45162500,24295300,84855500,178864400,76335800,14507100
2025-10-31,256.1199951171875,366.9019775390625,39.9900016784668,202.00604248046875,674.780029296875,297.2836608886719,262.1300048828125,376.02415383643796,40.83000183105469,207.4729406961805,677.7678146457715,304.45773336474736,253.41000366210938,362.4054120859941,39.790000915527344,201.5870481318289,671.9901213244605,293.57293374587425,259.6000061035156,375.4781948959934,40.68000030517578,205.95656932325562,677.7282029402567,302.78542991655524,34449200,21598400,80471400,179802200,87164100,12667900
2025-11-03,259.6499938964844,359.8741760253906,39.5,206.38552856445312,676.04638671875,301.667236328125,260.9100036621094,372.0834136578381,40.45000076293945,210.83485992622803,678.4800912258883,306.87215886732014,253.88999938964844,359.3084059507809,39.04999923706055,205.068676268978,672.6826525168186,298.95594156565636,259.3299865722656,369.25444211542083,40.25,207.58265732795536,678.3514739521635,299.421020540048,36351400,17198900,61267500,180267300,57315000,12466600
2025-11-04,250.0500030517578,349.342529296875,37.029998779296875,198.21510314941406,668.0327758789062,290.970458984375,257.3800048828125,366.2269976541692,38.25,203.48248192945988,672.702428076588,298.8273073116045,247.38999938964844,348.40946448995305,36.630001068115234,197.4569099225941,667.3798469971412,290.4361360427658,250.35000610351562,355.8739526529837,38.13999938964844,202.51479915904252,668.8934850512616,293.77083785106356,56491800,24047500,102250300,188919300,78427000,16224300
2025-11-05,256.3299865722656,356.3305969238281,38.380001068115234,194.7434539794922,670.3478393554688,290.56475830078125,259.6499938964844,362.1771106487969,38.689998626708984,202.43501852267207,673.5927987432043,295.0967792277808,242.80999755859375,347.50619408971056,37.11000061035156,194.1847795950905,666.9742023136038,288.4471557668492,243.24000549316406,348.300307949599,37.41999816894531,198.29494312899723,667.7755543304748,289.5554213106759,67366600,17087600,74631600,171350300,74402400,10502500
2025-11-06,237.6999969482422,352.965576171875,37.2400016784668,187.6304931640625,663.1554565429688,286.2108459472656,253.50999450683594,360.8172003144875,39.84000015258789,197.14768599494536,670.150002278421,291.55431714027856,235.74000549316406,350.1068270695133,36.79999923706055,185.93455918559198,661.5824008089137,284.3703397970308,253.47000122070312,357.45220555664895,38.34000015258789,195.9505570232203,669.2496813312496,291.0199639813823,66049700,19896900,77629900,223029800,85035300,11516900
2025-11-07,233.5399932861328,346.85107421875,38.130001068115234,187.70030212402344,663.808349609375,283.4995422363281,235.8699951171875,351.8836630736336,38.27000045776367,187.86990920765928,663.9172214121945,284.8749995366207,224.63999938964844,334.7808157374754,36.970001220703125,178.4823961188316,654.1525740278607,274.22767722243884,230.94000244140625,351.57595340801487,37.2599983215332,184.45806985353664,660.781013040124,282.22304369543355,52162600,21903200,95521400,264942300,100592400,15715700
2025-11-10,243.97999572753906,355.7449645996094,38.45000076293945,198.5742645263672,674.1666259765625,292.17767333984375,248.89999389648438,357.3430676674622,39.529998779296875,199.46213677715232,674.8987178962867,294.01820955836047,240.5,351.99283330844776,37.970001220703125,193.32682642239038,667.8250699305912,288.6945486117535,242.13999938964844,355.2585603809326,38.93000030517578,194.6436788693004,670.011442763763,291.2772000014797,43361600,16409000,77820300,198897100,75842900,10869200
2025-11-11,237.52000427246094,349.3623962402344,37.880001068115234,192.69833374023438,675.7098999023438,288.12066650390625,248.4600067138672,359.21913218118834,38.220001220703125,194.9529266552934,676.2738231702668,291.8313937407885,234.63999938964844,347.0893190996685,37.4900016784668,190.84277869998112,671.485457047231,285.8843252257931,241.66000366210938,356.3206695350522,38.150001525878906,194.69355355890158,672.692466598844,289.001330065179,61336800,16446800,53741900,176483300,58953400,9666300
2025-11-12,258.8900146484375,352.5982971191406,37.88999938964844,193.33680725097656,676.0859375,287.5763854980469,263.510009765625,356.22135220605287,38.20000076293945,195.4218083488666,677.6490902522322,291.781876031738,250.0,349.08441563601116,37.349998474121094,190.673190567689,673.6818813898049,286.54726877084056,253.1300048828125,355.3974913564191,38.060001373291016,195.25221648764446,677.4808612736824,290.6241461368574,108942000,12190500,53876000,154935300,62312500,9715900
2025-11-13,247.9600067138672,337.4708251953125,35.90999984741211,186.41339111328125,664.8670043945312,279.2445983886719,259.6300048828125,350.94065025218157,37.310001373291016,190.9824463944715,673.5928719621189,286.4681351403084,246.05999755859375,331.693771807236,35.45000076293945,183.41059072037282,663.3632690735044,277.067626387863,251.89999389648438,348.98518841294657,37.27000045776367,190.59337913278358,673.2367288900627,286.14160443917444,63178600,22616600,95593200,207423100,103457800,13827600
2025-11-14,246.80999755859375,339.9324951171875,35.52000045776367,189.71546936035156,664.758056640625,281.8371276855469,253.44000244140625,342.1956665627553,36.099998474121094,190.55345800755302,668.4482246562536,283.8557413116385,235.0800018310547,326.63139871631194,34.619998931884766,180.14839424900484,656.1905168956082,270.3685117394811,240.11000061035156,329.02361555490245,35.029998779296875,182.42294356130517,658.2779810319527,273.02043723115025,47655600,18500800,71716200,186591900,96846700,11486800
2025-11-17,240.52000427246094,340.12109375,34.709999084472656,186.15402221679688,658.5650024414062,279.0565490722656,248.77000427246094,349.6006289345155,35.72999954223633,188.54828000089623,666.5192267278557,283.52920072405664,237.14999389648438,335.0289504470232,34.22999954223633,183.87947275520656,655.1023594385355,276.86967242354,242.75,337.3119936612734,35.45000076293945,185.52552307898492,662.5520175117457,278.4925113738357,37942200,14799600,72580100,173628900,90456100,10227100
2025-11-18,230.2899932861328,337.9869689941406,34.33000183105469,180.92652893066406,653.0346069335938,274.99951171875,238.0,345.4018385124019,34.7599983215332,184.35830936263392,658.0207904035176,277.25563255917973,224.7100067138672,333.03380695412073,33.56999969482422,179.22060933347112,648.8596179987588,269.8638630612762,236.77999877929688,340.6670539929708,34.25,182.94170515591497,655.0330052616243,274.64326621869577,45619900,21726800,61504800,213598900,114467500,11850400
2025-11-19,223.5500030517578,351.8042297363281,35.11000061035156,186.07420349121094,655.5574340820312,279.41278076171875,235.27999877929688,357.03532379262293,35.75,187.41099710874653,660.2171837101976,281.5699427340006,219.7100067138672,335.30686758093464,34.25,182.39302051116815,651.7188423695233,273.42615349239327,230.25999450683594,338.1953940695411,34.33000183105469,184.3483273978252,653.7272041810384,274.019875831014,52093400,21851900,67115500,247246400,94703000,11179200
2025-11-20,206.02000427246094,344.26031494140625,33.619998931884766,180.208251953125,645.5652465820312,274.5937805175781,234.25,373.3043419824847,36.68000030517578,195.53154064523628,668.3494043558474,289.7830281101268,204.52999877929688,342.6324043611155,33.47999954223633,179.42014682895694,644.9320631333248,273.5151995620044,232.6999969482422,363.2987503825476,36.0,195.4816571057099,665.7276649913678,289.1497162474202,66342900,28867000,96389100,343504800,165293500,15747300
2025-11-21,203.77999877929688,337.689208984375,34.5,178.4524688720703,651.9959106445312,272.1793518066406,208.8300018310547,346.02720778682993,34.97999954223633,184.11888595894638,657.4569521849606,275.7713404085033,195.0,329.3511798895731,32.88999938964844,172.51667761994415,643.9031662606766,264.02565726438905,208.80999755859375,342.6125938489684,33.5099983215332,180.80682891210233,648.0583498819193,269.95291558545046,67421100,30280300,105641700,346926200,123956200,20872800
2025-11-24,215.0500030517578,375.17047119140625,35.790000915527344,182.1136932373047,661.59228515625,281.6590270996094,217.1300048828125,379.18066259706404,36.15999984741211,183.06141961318156,662.9081062970187,282.0746115985744,205.85000610351562,345.09411137983335,34.689998626708984,176.0581937395723,654.5285399004904,270.3289289667298,207.16000366210938,345.1636020174876,34.970001220703125,179.0610093294625,655.6167748873626,270.3289289667298,46749600,47262400,103804200,256618300,80437900,13570300
2025-11-25,206.1300048828125,382.18829345703125,35.83000183105469,177.39498901367188,667.815185546875,281.6986389160156,206.5800018310547,385.2654200346103,36.130001068115234,177.73417270583553,668.9924864834618,282.4110998163534,194.27999877929688,369.0063074126653,34.68000030517578,169.14475137656873,657.3876457131933,270.220115609675,201.47999572753906,382.08902544633315,35.54999923706055,174.49194072660026,661.4933747936815,279.7690787011687,69773500,33507600,62203300,320600300,81077100,13726800
2025-11-26,214.24000549316406,394.6357727050781,36.810001373291016,179.82916259765625,672.4254150390625,286.9233093261719,215.58999633789062,396.91878561643756,37.2400016784668,182.47283807635972,674.4238738525114,289.74346799260354,207.0,380.43138897414417,36.130001068115234,177.81400147563977,669.4969869185696,284.7166829132807,210.0500030517578,382.7044659961779,36.20000076293945,181.19589856886267,670.3973078307199,286.0723303969613,43270200,28693000,54563400,183852000,71879600,12220300
2025-11-28,217.52999877929688,399.9859619140625,40.560001373291016,176.5769500732422,676.0958862304688,288.45709228515625,218.3000030517578,400.02567517757427,40.59000015258789,178.86147001761242,676.3728662652451,289.60494749493523,214.02000427246094,394.2287806909756,37.34000015258789,176.07814512953246,673.2367180057771,285.97336927618767,216.13999938964844,396.4026199099932,37.400001525878906,178.5821404669205,673.5928610720755,289.4169349055247,18658000,13365500,95799500,121332800,49212000,5515400
2025-12-01,219.75999450683594,383.2305603027344,40.0099983215332,179.48997497558594,673.0091552734375,284.6672058105469,220.97999572753906,392.50165398682486,40.380001068115234,179.8690716163194,675.7000943604489,288.11077167848856,213.5,382.25781248573634,39.599998474121094,173.2648835948944,671.4954567492206,280.2242379063567,213.8800048828125,391.93585354693045,39.86000061035156,174.3423041351479,671.5647168500374,283.91518559877176,30768700,23252000,74534900,188131000,61201200,7713000
2025-12-02,215.24000549316406,378.75384521484375,43.470001220703125,181.02630615234375,674.2556762695312,289.031005859375,225.97999572753906,390.5957890589722,43.68000030517578,185.2162648499111,676.5212120744054,291.4157701146303,214.38999938964844,376.98698364502553,40.04999923706055,179.56978894419797,672.0791460292079,286.15147798762627,221.7899932861328,385.444091222075,40.470001220703125,181.32557695606172,674.6414676887413,288.94195203216316,42002500,22207000,167205800,182632200,62953800,10746400
2025-12-03,217.60000610351562,377.8009033203125,43.7599983215332,179.1607666015625,676.5905151367188,292.3558044433594,218.1999969482422,379.47843274294985,44.02000045776367,182.01393165685582,677.5995871066391,293.51353428174576,211.77000427246094,367.9144213213828,42.5099983215332,178.68191808959097,672.4353317565424,283.0740350749571,216.25999450683594,377.19541994966573,43.38999938964844,180.6472109015755,673.3059439079583,289.1200313815726,28545200,21336400,91957200,165138000,57238500,9599200
2025-12-04,215.97999572753906,378.2178649902344,40.5,182.951904296875,677.085205078125,289.8622131347656,219.1199951171875,381.0567729484792,43.279998779296875,184.08924235816875,678.0547257643626,290.9506991607756,214.13999938964844,373.751076553868,40.13999938964844,179.53989011299373,674.0677712084201,287.1608230406403,216.8800048828125,377.87044205338077,43.2599983215332,181.1960032737075,677.9854656605314,290.90123487694694,24478200,15845900,107850200,167364900,61970300,6753000
2025-12-05,217.97000122070312,387.35986328125,41.40999984741211,181.98416137695312,678.3712158203125,291.6334533691406,223.63999938964844,390.62559024939,42.83000183105469,184.22890867632069,681.0424091541689,297.6497653709175,216.24000549316406,382.3074331487994,41.150001525878906,180.48766317737477,677.2730780178052,290.178847198284,217.1699981689453,383.3199245286088,41.15999984741211,183.46070200471706,678.1535326146577,292.949511238976,33292400,24779900,103042000,143971100,79241000,10275300
2025-12-08,221.11000061035156,398.13970947265625,40.29999923706055,185.11683654785156,676.3333129882812,298.70855712890625,223.7100067138672,404.2840269400075,42.119998931884766,187.56111397793046,679.3111955598065,299.450702494363,218.36000061035156,394.46700500310675,39.70000076293945,181.9741810893209,674.2953027143022,293.6124983256975,219.08999633789062,399.50952930500006,41.939998626708984,182.213626289633,679.2617413091358,298.0455908466293,30943200,30410600,93953600,204378100,55231500,16643100
2025-12-09,221.6199951171875,403.2914123535156,40.5,184.53817749023438,675.7495727539062,300.2324523925781,224.83999633789062,403.9266731243686,41.2599983215332,185.2864265695677,678.0745263345831,301.48914106956374,217.91000366210938,392.590974633076,40.029998779296875,182.89203560496765,675.3044241214166,295.37387020036635,221.0399932861328,395.8070523365675,40.72999954223633,185.12679644575,675.8584445640498,296.84825607000823,25166100,24546000,61877200,144719700,58310100,11349100
2025-12-10,221.4199981689453,409.922119140625,40.779998779296875,183.35096740722656,680.231201171875,306.8919677734375,222.61000061035156,411.54999953942325,40.9900016784668,185.0469957406681,681.6162219852988,310.69174844254565,218.6699981689453,396.6110866137911,38.88999938964844,181.61502392815055,674.0380078724895,299.3319657790651,222.0,399.2316169090932,40.11000061035156,184.53819180758595,675.2746659471688,302.17190389544214,23279400,31531000,75974900,162785400,85671300,12429200
2025-12-11,221.42999267578125,403.37078857421875,39.5099983215332,180.50759887695312,681.8141479492188,302.47174072265625,221.5,406.27915649101277,40.189998626708984,180.89670300875093,681.8933109790751,303.4540076194729,210.19000244140625,391.28069011839824,39.08000183105469,176.20766331092784,674.8888622374254,297.3023946409227,217.80999755859375,401.8421460350543,40.06999969482422,179.85912243695617,677.82719343181,302.93807526266465,30694600,45681600,59096800,182136600,86173700,15028400
2025-12-12,210.77999877929688,357.2735595703125,37.810001373291016,174.6114044189453,674.4832763671875,289.76165771484375,222.49000549316406,379.18068105759903,40.029998779296875,182.39319766595756,681.5272765513724,301.9061576359237,209.05999755859375,352.5288391708667,37.619998931884766,174.21232912082112,671.9208940415416,288.7099297297565,218.3699951171875,377.1557286245446,39.25,180.68718311570447,680.8248329648462,301.9061576359237,37073900,95588500,87784500,204274900,113160300,19306100
2025-12-15,207.5800018310547,337.3020935058594,37.5099983215332,175.87843322753906,673.4641723632812,285.49517822265625,215.36000061035156,359.32832678963985,38.47999954223633,178.0034654802094,678.4405133715769,293.4922954728187,206.5800018310547,335.0190803420913,37.31999969482422,174.6213802569945,671.999988545765,285.3066580908948,212.27999877929688,359.2191531643682,38.33000183105469,177.52459033283526,678.4207075198718,292.847372522869,27222200,65894900,60898500,164775600,90811000,12082400
2025-12-16,209.1699981689453,338.78106689453125,37.310001373291016,177.30511474609375,671.6240844726562,284.6319885253906,210.22000122070312,344.9353207046172,37.959999084472656,178.07332144734244,673.8105178026394,286.2095805604762,205.11000061035156,332.5871301098181,36.91999816894531,174.4916907151964,667.7755898483048,281.1096958424602,206.9199981689453,333.5400364707708,37.58000183105469,175.8485164107673,671.9802275249427,285.01896048770215,23467600,58061100,50490300,148588100,122030600,11418400
2025-12-17,198.11000061035156,323.6138610839844,36.04999923706055,170.5409393310547,664.23388671875,274.7992858886719,211.5,344.0518969073966,37.84000015258789,175.71882560019336,673.1773772201019,286.84459011670054,197.52999877929688,319.0478347346158,35.970001220703125,169.91240520818417,664.0360093269767,272.9339478788392,210.0399932861328,344.0518969073966,37.59000015258789,175.68889685369163,672.633259680502,286.2790297091352,31595400,73300900,54792000,222775500,110625200,16823000
2025-12-18,201.05999755859375,327.4453430175781,36.279998779296875,173.73345947265625,669.2496337890625,282.4591064453125,206.36000061035156,333.54994721056556,37.4900016784668,175.7387615308714,673.4740770479272,284.9197700156204,200.5,321.2414708108135,35.66999816894531,171.41888356310693,667.6964444022054,279.5519716469952,203.82000732421875,333.5201698356669,37.380001068115234,174.1225483861358,670.3675775068244,282.7766172826748,29720100,54501900,69468400,176096000,108650100,11260300
2025-12-19,213.42999267578125,337.84796142578125,36.81999969482422,180.56747436523438,675.3153686523438,286.6957702636719,215.17999267578125,340.91518236479004,37.58000183105469,181.0263919449467,675.8114935895343,289.89065066242404,204.1999969482422,330.12538286013245,36.439998626708984,175.92832091222974,671.2272434527378,284.14581283756786,204.60000610351562,330.8797833802608,36.47999954223633,176.2575523358494,671.3463691548195,284.14581283756786,58445500,159095200,163221300,324925900,103599500,12735800
2025-12-22,214.9499969482422,339.5784606933594,36.369998931884766,183.26116943359375,679.5224609375,290.99200439453125,220.1699981689453,344.34218395336666,37.900001525878906,183.73007341419415,680.0483218496023,292.7085188743169,213.30999755859375,335.3716351900633,36.290000915527344,181.9243013805983,675.3153313921905,288.9381460240562,220.0,344.13334350081175,37.88999938964844,183.49062822521734,678.639344063116,292.3711749836275,24950700,28739600,51685400,129064400,69556700,6091100
2025-12-23,214.89999389648438,347.4053039550781,36.349998474121094,188.76828002929688,682.6282348632812,294.63336181640625,217.02999877929688,348.19095193101117,36.79999923706055,188.88799500778453,682.8663651395233,295.5858639147308,212.27999877929688,336.6843928305084,36.029998779296875,182.47299846788633,678.5699062922599,289.9204188593533,212.86000061035156,338.9419395118739,36.2400016784668,182.5428423541149,678.6195066727895,291.11103891238497,20272300,28232600,35958000,174873600,64840000,6802300
2025-12-24,215.0399932861328,348.3004150390625,36.15999984741211,188.169677734375,685.0294799804688,296.4689025878906,216.5399932861328,350.9259291880828,36.18000030517578,188.4689804086018,685.4760045408373,296.8261097967219,213.97000122070312,345.2373101401541,34.95000076293945,186.154389299292,682.4694583215327,293.9189754303668,214.97999572753906,348.7678401423381,35.16999816894531,187.50124372172942,682.6183200290311,295.41717458996357,7956800,11424400,37443800,65528500,39445600,2753900
2025-12-26,214.99000549316406,350.1999206542969,36.20000076293945,190.085205078125,684.9600219726562,300.4773864746094,216.8300018310547,351.31377688845333,36.4900016784668,192.240166195598,686.2995351048382,301.01318213639195,213.02999877929688,345.84392332048026,35.849998474121094,187.5611125998212,683.9281038851597,296.1910817393388,215.42999267578125,349.135778221545,36.16999816894531,189.47662851874142,685.2874813951044,297.56032049750814,15792600,15028100,28779400,139740300,41613300,5125900
2025-12-29,215.61000061035156,347.4749450683594,36.68000030517578,187.7805938720703,682.51904296875,298.5724182128906,216.0500030517578,348.4097648368254,36.79999923706055,188.31932652162573,683.8586166189733,302.1244759038216,209.24000549316406,342.8006944745006,35.81999969482422,185.47598909796272,680.7528697076866,296.3201079955824,211.5800018310547,346.8086041048624,36.0099983215332,187.2717899684254,682.2114479341877,299.4256944809556,20326900,21946900,38062300,120006100,62559500,6205100
2025-12-30,215.33999633789062,347.93243408203125,37.29999923706055,187.1021728515625,681.685546875,297.2427978515625,216.82000732421875,350.74690914085545,38.2599983215332,188.5487999407664,683.2235219572843,302.17402535133783,214.3300018310547,347.3854304912363,36.81999969482422,186.49359631469858,681.2588867271484,297.11383748804394,215.8699951171875,348.05177149084255,36.90999984741211,187.8005508490403,682.1221392108215,300.0011083269614,16409600,16633600,61935300,97687300,47160700,6190600
2025-12-31,214.16000366210938,344.2029724121094,36.900001525878906,186.0646209716797,676.635009765625,301.51922607421875,217.63999938964844,347.96225236762314,37.58000183105469,190.11514057964584,682.0328514439952,304.9919209321944,213.8000030517578,343.52670689319933,36.869998931884766,186.0546497967401,676.4266760541103,301.0627929487904,215.82000732421875,347.81308061349677,37.400001525878906,189.12746144975497,681.8145855439083,301.6283533784541,17591600,15346100,51524700,120100500,74144800,8175100
