Ticker,AMD,AMD,AMD,AMD,AMD,TSM,TSM,TSM,TSM,TSM,AVGO,AVGO,AVGO,AVGO,AVGO,NVDA,NVDA,NVDA,NVDA,NVDA,SPY,SPY,SPY,SPY,SPY,INTC,INTC,INTC,INTC,INTC
Price,Open,High,Low,Close,Volume,Open,High,Low,Close,Volume,Open,High,Low,Close,Volume,Open,High,Low,Close,Volume,Open,High,Low,Close,Volume,Open,High,Low,Close,Volume
Date,,,,,,,,,,,,,,,,,,,,,,,,,,,,,,
2021-01-04,92.11000061035156,96.05999755859375,90.91999816894531,92.30000305175781,51802600,101.70324193583178,104.10280454483679,100.77260822127496,101.9130859375,11262100,39.30581813466958,39.56616930169668,37.68735017644424,38.04343032836914,24171000,13.03699376973847,13.582430131628756,12.895970952732675,13.046195983886719,560640000,347.6278008405059,347.75748825794324,337.91153359546706,341.5887145996094,110210800,45.101825529359715,46.457863595539294,44.65885502561427,44.90293884277344,46102500
2021-01-05,92.0999984741211,93.20999908447266,91.41000366210938,92.7699966430664,34208000,102.56088445075503,104.87832906812025,102.19593018566037,102.88933563232422,10583600,38.02822887018308,38.41651681188635,37.79114012328809,38.30110549926758,15069000,13.032517804717118,13.374503578803857,13.019833567840328,13.335952758789062,322760000,340.94957212585825,345.02502991311206,340.90324308131426,343.9413146972656,66426200,44.70405814896099,45.95161420645021,44.59557606309598,45.75272750854492,24866600
2021-01-06,91.62000274658203,92.27999877929688,89.45999908447266,90.33000183105469,51911700,103.87470475965065,106.19215621969278,102.68861215976733,105.48049926757812,10609300,37.87166110318477,38.88085480660857,37.624729494482246,38.064910888671875,17226000,13.15463728846822,13.177021848439159,12.521404624259176,12.549757957458496,580424000,342.44076383002215,349.1745581522752,341.89428469428384,345.9975280761719,107997700,45.59903361170558,47.144919452274856,45.38206947699663,46.1956901550293,36809600
2021-01-07,91.33000183105469,95.51000213623047,91.19999694824219,95.16000366210938,42897200,108.88367566676354,112.16825677118837,107.28700700358262,110.79055786132812,13556100,38.655395571324476,39.77642379684583,38.524772878944205,39.669063568115234,21267000,12.900944926798237,13.309090007060597,12.8203612761621,13.2755126953125,461480000,348.3596102740043,351.87931845034564,348.1836220385211,351.1383361816406,68766800,46.548264903993015,47.633092521198556,46.37649788735526,47.18107986450195,32092300
2021-01-08,95.9800033569336,96.4000015258789,93.2699966430664,94.58000183105469,39816400,114.87804215364183,115.22474487166862,106.73046911216208,108.29064178466797,18976800,39.992046400059046,40.25955452368997,39.24499222645099,39.87036895751953,15271000,13.293921024459769,13.352120129783836,12.975065526063036,13.208610534667969,292528000,352.51835210952186,353.351964049799,349.28577737519294,353.1389465332031,71677200,47.41612880829613,47.48844904076202,46.34937865290666,46.692909240722656,34625400
2021-01-11,94.02999877929688,99.2300033569336,93.76000213623047,97.25,48600200,109.24863404275378,112.77042961322707,108.3909995759786,111.85804748535156,12006800,39.4203418512764,40.151290337378114,39.403342096831246,39.881099700927734,11660000,13.349880341033488,13.889347964433247,13.293919414175052,13.551589965820312,518344000,349.9804442235394,352.5090660622088,349.8600282756686,350.75848388671875,51034700,46.36746137322528,47.22628615181472,46.33129953129702,46.593467712402344,32925000
2021-01-12,97.86000061035156,98.97000122070312,94.06999969482422,95.36000061035156,67672300,114.19376379909652,114.23025296285948,111.01867056056824,112.22301483154297,14163200,40.06093889108152,40.686319077067104,39.8667948940078,40.205875396728516,13846000,13.68191920101054,13.683909741204818,13.276511249736272,13.415543556213379,291476000,350.9437227941285,351.8421500854146,348.600304213812,350.8325500488281,52547700,46.918915979154725,48.68176261276346,46.611547229190116,48.13031005859375,39883900
2021-01-13,93.01000213623047,93.88999938964844,90.83999633789062,91.77999877929688,60712900,113.50033917029234,113.86529341706897,107.6610921046359,108.7833251953125,20650500,40.28728671812297,40.57268877557879,40.09135436955699,40.36870193481445,13118000,13.420765571709692,13.555072944184918,13.316304914526613,13.462301254272461,210028000,350.75841136657687,352.7683396809025,349.980371864259,351.77728271484375,45303600,53.789505309127456,54.467524283612256,51.43904091034662,51.4842414855957,124070700
2021-01-14,91.7699966430664,92.36000061035156,90.44999694824219,90.79000091552734,53408200,112.6335883605608,122.85226699233705,111.0095490349569,115.37073516845703,37125400,40.57447487897908,41.020915524100744,40.37943332994643,40.445640563964844,19692000,13.505328397210821,13.529951129095025,13.112853322479959,13.132501602172852,283120000,352.5184014794921,353.01858002037034,350.2120681928386,350.5455017089844,49989100,52.840276131461685,54.3680775503064,52.28882018157958,53.56349563598633,74680900
2021-01-15,90.75,91.58999633789062,87.86000061035156,88.20999908447266,49340300,117.21373803531912,117.27759754760895,112.41460589082608,114.25762176513672,17343100,40.097613688671046,40.26044410828829,39.42481791671576,39.88915252685547,18165000,13.160110379541644,13.256861253737839,12.78255862740494,12.793501853942871,277780000,348.93383121899916,349.7303856428167,346.13659100513945,347.98907470703125,107160000,53.20188872416388,53.9251117393238,51.98145592110162,52.05377960205078,50265400
2021-01-19,89.55999755859375,89.58000183105469,87.23999786376953,89.44999694824219,45115100,119.14797134160261,122.30481943369485,117.18635545718121,119.79576873779297,20443800,40.10655328812316,41.10948750888571,40.10655328812316,41.08980178833008,18819000,12.949447095978456,13.026798268994698,12.778081329831359,12.958401679992676,226188000,350.4342113858284,351.25857990215223,348.96149076900673,350.7213439941406,51233300,52.37923063282751,52.74084217362992,51.61984915600902,52.424434661865234,35647100
2021-01-20,90.55000305175781,90.77999877929688,88.5999984741211,88.75,35185800,123.34493718725706,124.20257858083107,118.7009156823932,119.19359588623047,17360700,41.11217477005299,41.67313596003275,40.707781287054814,41.32331848144531,14710000,13.044458284042483,13.361572793196219,12.98974119703935,13.297155380249023,258572000,353.00000232397593,356.40859366437286,352.6109965934532,355.5749816894531,61836100,52.65043398325351,53.53637834649362,52.51482881141172,53.039161682128906,28701300
2021-01-21,89.33999633789062,92.06999969482422,88.43000030517578,91.52999877929688,54221900,121.574918437248,123.53653444179336,120.74464736033586,122.40518951416016,15460100,41.3438998340929,42.002381878755365,41.19091226226133,41.76529312133789,15749000,13.349631654463508,13.927401511527409,13.184981367786673,13.796327590942383,337780000,356.1307914660896,356.55688315475487,354.98226038649244,355.89923095703125,47840100,53.37365487895273,57.81241899222635,52.63235440412696,56.46541976928711,86519500
2021-01-22,94.41999816894531,95.94999694824219,91.87999725341797,92.79000091552734,71294700,118.64617349493557,119.75016206703305,117.52394730282462,117.82503509521484,19163200,41.48794255239324,41.83060315311697,41.36805349170438,41.604248046875,16248000,13.669484147612303,13.770712324132925,13.557312743438613,13.642125129699707,246820000,354.0558370725762,355.7971757317906,353.6760746401603,354.6393737792969,52860500,53.20188277536075,53.897982608038426,51.21303005180458,51.222068786621094,85729300
2021-01-25,94.13999938964844,95.73999786376953,91.4000015258789,94.12999725341797,55086900,120.27933238300187,120.58953895181129,116.19185756421108,119.08411407470703,20469300,42.010429496395155,42.04979411435688,40.80440599638361,41.58366775512695,14692000,13.711018054558481,13.757528189213795,13.168566485898285,13.58317756652832,251112000,355.37122119584785,356.39006461227206,350.5454808302178,356.0381164550781,70402000,50.96893790013726,51.07741995035801,48.87159987009763,50.1191520690918,61968500
2021-01-26,94.91000366210938,95.72000122070312,93.62999725341797,94.70999908447266,59449100,117.74293385072772,117.98928095991013,115.18826072938938,115.55321502685547,17084600,41.39220983398474,41.7840779152071,41.32332004031406,41.50136184692383,10742000,13.510799710027586,13.574719948658196,13.31879041384867,13.36629581451416,163980000,356.9828067931668,357.390355390859,355.2507393863011,355.4822998046875,42665300,49.97451348468253,50.806218487445655,49.58578236087736,49.911231994628906,31485900
2021-01-27,91.0999984741211,91.87999725341797,86.22000122070312,88.83999633789062,73341200,114.00213264710008,114.13899134472453,110.85441740635049,111.0733871459961,16732700,40.75610317182808,40.883145734288,39.50087187046312,39.78627395629883,21857000,13.162100437127794,13.164836718249127,12.728089628381658,12.85145378112793,371272000,352.1756829435316,352.26831278333765,344.57124514864984,346.7942199707031,123351100,49.36882253496453,49.58578667729714,48.18454814207421,48.44671630859375,49722900
2021-01-28,89.83000183105469,89.87999725341797,87.30000305175781,87.5199966430664,47048400,113.59158371627845,116.40172255835508,112.75219376425777,114.8050537109375,14148100,40.75520248423413,41.01913043052395,39.99472536252337,40.41611862182617,16946000,12.9295498263929,13.271287026648704,12.89398291811221,12.984018325805664,228316000,348.6003576792307,353.7595313987344,348.1650511599813,349.7767028808594,94198100,49.53154654544956,51.8910531078713,49.45018413127699,50.688697814941406,49202600
2021-01-29,87.55999755859375,88.33000183105469,85.0199966430664,85.63999938964844,56735800,113.13539155802953,113.4638497032977,109.98767578695382,110.8726806640625,15169200,40.251501184950754,40.985135713879295,40.048408534698375,40.305179595947266,22069000,13.007894722708423,13.26631196684961,12.845234024057874,12.92308235168457,271552000,347.9242248487391,348.8875242713741,341.1070702475137,342.7743225097656,126765100,50.6073346960304,51.67408480095659,50.046839988748374,50.18244171142578,37256200
2021-02-01,86.83000183105469,87.94999694824219,84.66000366210938,87.66000366210938,42359300,113.62807189240296,115.73567239609334,112.56970527489331,115.56232452392578,10179900,40.78382954758626,41.98895896477223,40.58163450473318,41.75813293457031,17027000,12.986258366188409,13.202641846107586,12.83653046690739,13.169065475463867,217204000,346.1550740721614,349.5080647438886,343.0614299643618,348.4799499511719,75817600,50.580214515985844,51.88200966251801,50.36324693393912,51.24919128417969,26926600
2021-02-02,88.48999786376953,89.27999877929688,86.94999694824219,88.86000061035156,33850000,118.12610801151853,118.83776491414734,116.28309232740116,117.18635559082031,9302400,42.028328684342476,42.67338768790261,41.870863366989724,42.66533660888672,16141000,13.329983047797578,13.502343114382933,13.217313559304229,13.48717212677002,220440000,351.64761731879656,354.9543066103931,348.56324523222656,353.407470703125,64450700,51.70120236258362,52.686590014575536,51.4209567445801,52.43346405029297,23580900
2021-02-03,88.5999984741211,89.4800033569336,87.33999633789062,87.88999938964844,32312900,117.6973087086397,117.82504166509298,115.01490270127267,116.3287353515625,9676600,42.66980335984678,42.81205726607351,41.565771616134846,41.61945343017578,17857000,13.566013553169237,13.860246245026833,13.447127670678036,13.461055755615234,245408000,354.2319346206023,355.3990083944463,352.41650851313454,353.6854553222656,52427100,52.334028614391286,52.73180198806097,51.872977188690584,52.14418411254883,21893200
2021-02-04,88.22000122070312,88.5999984741211,87.05999755859375,87.83999633789062,30791600,116.32873294414985,116.96739771319915,114.93278926256788,116.9217758178711,7445100,41.15511835142308,42.15357831991234,40.9296608598971,42.10615921020508,15243000,13.46155462652012,13.60332319408904,13.269296744638849,13.594120979309082,201340000,354.7135208194631,357.75159252733863,353.79655056291546,357.7052917480469,47142600,52.39702771662312,53.55210927330705,52.015030574724065,53.470252990722656,29853800
2021-02-05,88.1500015258789,88.36000061035156,86.87999725341797,87.9000015258789,30268700,117.50568364139811,117.58780861037766,115.59880840811631,116.58418273925781,6226800,42.437197365257035,42.668921025911786,41.634672964153296,41.69282913208008,12488000,13.654558996907936,13.666746072596897,13.476228255580894,13.521245956420898,169152000,359.56703683096254,359.8171119122872,357.6589812031138,359.1131591796875,48669800,53.66124734436619,53.73401002308191,52.860875226070625,52.91544723510742,23432600
2021-02-08,88.30999755859375,91.98999786376953,87.9800033569336,91.47000122070312,47639900,117.42360920403027,121.57495180617205,117.42360920403027,120.93628692626953,11160000,41.93796510032202,42.355778220890585,41.654351420322286,42.29136276245117,17610000,13.656796531061007,14.39946521890189,13.656796531061007,14.364645004272461,434624000,360.55816692019795,361.75302686161535,359.7060402188195,361.70672607421875,38365200,53.097355304805134,53.861346153418005,52.70626454482974,53.8067741394043,34358300
2021-02-09,91.38999938964844,93.30000305175781,90.55000305175781,90.91000366210938,37596400,122.24097031834567,122.6333019263669,120.20636179294692,121.05487060546875,7929100,42.22873086656117,42.514132884324674,41.92632909453478,42.46403121948242,12758000,14.267149863534422,14.50840560388812,14.149506854766857,14.190048217773438,287560000,360.8729815940819,362.0585979957618,360.465461289318,361.4657897949219,35551100,53.45206515145731,53.94320287297831,52.69716789769179,53.461158752441406,28754100
2021-02-10,91.5,93.2699966430664,90.45999908447266,92.3499984741211,42441300,122.36868940684195,124.08397230248492,120.89975358962249,121.97637176513672,12196300,42.694863618189146,42.71991445435593,41.64630182690441,42.05427551269531,14587000,14.389018911932702,14.828501247250246,14.267893903608194,14.68847370147705,485352000,363.19795194487796,363.3461540337932,358.91871909408604,361.30841064453125,59154400,53.93410080037459,54.04324134964066,52.86087556896432,53.53391647338867,16325100
2021-02-11,92.9000015258789,93.6500015258789,91.33000183105469,92.66000366210938,35571000,123.53651402174437,127.03093866157944,122.31392551475028,126.96707916259766,12347900,42.379931244956246,42.88631984370218,41.97732613185647,42.80043029785156,17123000,14.903368657320849,15.193869871578354,14.84840204460825,15.172479629516602,450828000,362.3828137358075,362.79963383055735,359.4744293353658,361.89190673828125,42913300,53.75219853729591,55.47118043406535,53.5339174348435,55.17103958129883,27539100
2021-02-12,92.75,94.22000122070312,91.9000015258789,93.7699966430664,38538400,126.74811962161203,127.56013913348343,125.1423321379804,125.96347045898438,11114100,42.79953853923189,43.57253766987101,42.48729387953953,43.509910583496094,13551000,14.972759615299346,15.212771494540394,14.699170418654422,14.884465217590332,374756000,361.09531279474186,363.920338519712,361.0211976334396,363.6795349121094,50593300,55.11647074123599,56.853639938535736,54.961855240564994,56.216983795166016,26214200
2021-02-16,93.9000015258789,94.0,90.75,91.45999908447266,35105900,129.2024353088006,129.740737429768,127.20431619615071,127.77912139892578,11833600,43.91788552551983,44.26680884920428,43.57253894234969,43.761314392089844,15163000,14.986939840662306,15.293608318106278,14.873275992687564,15.251574516296387,321960000,364.9022500003414,365.09678115079834,362.65148897356323,363.36468505859375,50972400,56.38978865344059,57.1810637485648,56.11693553127869,56.8172607421875,26326300
2021-02-17,90.55999755859375,90.95999908447266,88.56999969482422,89.94000244140625,32245500,127.01271248625484,127.40503008891436,124.17520372751623,124.33030700683594,12311200,43.32291901806485,43.49201213374677,42.50250085868825,43.166351318359375,14084000,15.093137628175583,15.145368904266707,14.70414455668863,14.829498291015625,274756000,361.6232703836871,363.6980425939292,360.61364213020715,363.4479675292969,52290600,55.92592770365049,56.562583707091086,55.67126183275924,56.25334930419922,21055400
2021-02-18,89.08999633789062,89.5999984741211,87.30999755859375,88.63999938964844,35624900,123.03470951446539,123.97446179385177,121.71174457112257,122.833984375,11614600,42.96504915054391,43.42849297708989,42.508765630263404,43.23613739013672,16715000,14.653406299348754,14.796915880160729,14.500196394226357,14.752893447875977,233868000,360.85443507542806,362.64207444826945,359.1408825878246,361.9010925292969,59712800,55.16194105577823,56.371591020111794,55.152843986770876,56.035072326660156,17846100
2021-02-19,89.75,90.41999816894531,88.69000244140625,89.58000183105469,29548300,124.22082578457709,125.86311646050703,123.82850813741305,124.68614959716797,10771900,43.593106436003545,44.299007429584165,43.55016166825858,43.83556365966797,17992000,14.947391142889295,15.099108634072808,14.77055375591211,14.849894523620605,271724000,363.1515034222731,363.43863601940507,360.81735680475293,361.261962890625,83241000,56.30792527792256,57.53576590776384,56.253353272557185,57.308387756347656,28290100
2021-02-22,88.1500015258789,88.30000305175781,85.20999908447266,85.37000274658203,36930200,121.88511994227184,123.42704790035435,121.51103994449586,121.86688232421875,10363800,43.30234537467772,43.53585395563324,42.52576612009637,42.618812561035156,16967000,14.698921307165705,15.055581855788054,14.251479612238253,14.282072067260742,325884000,358.51118456360194,360.8823615464996,358.2147803740749,358.4833984375,67414200,56.28064235083271,57.02644242768457,55.1710358352415,55.21651077270508,32288200
2021-02-23,83.4000015258789,85.11000061035156,79.36000061035156,84.73999786376953,49720900,117.78853607177734,120.19722428739011,114.39446654496633,117.78853607177734,18444700,42.151791984816256,42.46314247282278,40.8026201884695,42.21978759765625,21303000,14.003010965897,14.165672613131727,13.320780447752483,14.069418907165527,391780000,356.28820811887664,360.26179373405154,352.1571772120316,358.9187316894531,107284100,55.007328917925406,55.93503230915076,53.81586600507882,55.58941650390625,27374600
2021-02-24,84.33000183105469,87.08999633789062,82.80999755859375,86.94000244140625,40821200,118.16260642313836,120.78115264251096,116.49295239040669,120.70816040039062,12782900,41.84223580231234,43.07062432007034,41.393105727903645,43.02320861816406,15125000,14.050266151403216,14.432295120889417,13.685397759315164,14.42458438873291,448320000,357.83499100141944,363.2998403698214,356.85317693048404,362.8737487792969,72433900,55.05279960807,57.55395939619764,54.91637479224502,57.472103118896484,24669900
2021-02-25,86.16999816894531,87.08999633789062,81.91999816894531,82.41999816894531,54625100,119.9965130359522,120.0147506565554,114.70469339483506,114.96015930175781,13581200,42.47476252346022,42.88899883363903,40.72656604708921,40.90102767944336,23148000,13.973413810504649,14.300974328312286,13.148420401177352,13.239201545715332,824436000,361.6141165682931,362.9756933408979,352.6944022280313,354.13006591796875,146670500,56.76268543265786,57.79043571826617,54.68899766126718,54.934566497802734,36394000
2021-02-26,83.56999969482422,85.58999633789062,82.91000366210938,84.51000213623047,48962900,114.44010151724123,116.22836982350779,112.06790915019066,114.9054183959961,17281000,41.828810698762744,42.56513115490148,41.22132797800252,42.03816604614258,22640000,13.68191671453805,13.78339344846942,13.292426514142514,13.644112586975098,500932000,356.0010524866953,357.14031184524765,350.3324570181541,352.3053283691406,152701600,55.3802211956567,56.107830575667656,54.279711791545424,55.280174255371094,38216800
2021-03-01,85.37000274658203,86.5,83.97000122070312,86.38999938964844,32746200,118.27207843311326,118.88337267829345,116.09147913538524,117.81588745117188,9714900,42.917631466063206,43.83914714034841,42.39514073390835,43.801570892333984,24677000,13.803787286000736,13.853530853363873,13.48368896229806,13.770708084106445,353184000,357.14958006161066,362.0864647926419,352.49985630016823,360.84527587890625,105348800,56.13512051942791,57.372058248829184,56.071454913018904,57.190155029296875,28495400
2021-03-02,86.91999816894531,86.94999694824219,84.04000091552734,84.12999725341797,34828200,117.17724140580478,117.25936638591035,114.96015930175781,114.96015930175781,8274500,43.87225197566225,43.916090934602146,42.9086856511359,42.9901008605957,18546000,13.828658834605728,13.84905380194332,13.327245868076808,13.337443351745605,264116000,361.0675824477177,361.29914289591414,357.52933201527884,358.0295104980469,79595300,57.11740029885246,57.42663477421808,55.58032499249986,55.69856262207031,23320000
2021-03-03,84.27999877929688,84.37999725341797,80.8499984741211,80.86000061035156,43541000,115.61706784279554,116.56594611969575,111.95841345068551,112.12264251708984,10660300,42.76554040700934,43.0688363996179,41.33137325693122,41.42889404296875,23991000,13.357343042088633,13.382462935621067,12.733063022967233,12.739032745361328,377592000,357.3348735423533,358.29814477451754,353.18529961920825,353.2872009277344,119940200,55.152838497900376,55.95321048464588,54.2978979806025,54.479801177978516,28740400
2021-03-04,80.2300033569336,81.80999755859375,76.77999877929688,77.75,60549400,111.26500080756475,112.35986356804926,103.54624862616573,105.46224975585938,24454200,41.30453232194792,41.78139577183328,39.49370853218728,39.68695831298828,34575000,12.73505231080037,12.908408604705867,12.021732172384384,12.306761741638184,573344000,353.10191667693744,355.6768678709619,344.45082125144995,348.9153137207031,183433000,54.4161411696202,54.7890412012682,52.669875152733404,53.05187225341797,40210400
2021-03-05,79.0,79.4800033569336,74.19999694824219,78.5199966430664,58548900,110.30700372988667,110.67195798340371,105.27065034538317,110.21576690673828,17448700,40.64067970919067,40.797247415567824,38.73949212894805,40.27296829223633,42414000,12.485586839310546,12.485586839310546,11.619305571619883,12.397541046142578,542840000,352.3979683617633,356.38082529964976,345.15477853579273,355.33416748046875,152039600,53.897723033562606,55.643989285154035,53.21558848378008,55.243804931640625,39511700
2021-03-08,78.02999877929688,79.0,73.86000061035156,73.95999908447266,54563900,109.9785391054666,110.3982340359122,103.73784192540946,103.94769287109375,17246900,39.97682492715066,40.07792584634025,37.510202085884984,37.6882438659668,45243000,12.386105043337611,12.407245758297348,11.507139163665444,11.53375244140625,543112000,356.28815545159534,359.0853953645612,353.2871412226747,353.56500244140625,123149200,54.9982380285101,56.11693831349888,54.31610345452798,54.4343376159668,33112400
2021-03-09,76.7300033569336,79.22000122070312,75.7699966430664,78.52999877929688,45088300,106.81257506839144,108.02604496495715,105.22503212035006,106.18302917480469,17717100,38.98016149756469,39.983092428872894,38.52477215935135,39.68785095214844,37884000,12.072160122978335,12.556330138602013,12.001500032074086,12.46029281616211,521824000,357.3904216073474,361.1509612373541,356.8902430962981,358.6130676269531,113633600,55.643985026319555,57.4539132836202,55.33475058197212,56.9991569519043,36387500
2021-03-10,79.75,80.04000091552734,77.41000366210938,77.5199966430664,45416600,107.47859509105977,107.68843903870368,103.47323893973,103.85643768310547,15240300,40.023348372123756,40.62099153818681,38.927367759782356,39.150142669677734,19914000,12.779006670400841,12.917838270232659,12.397841436057153,12.408539772033691,384376000,360.9471771777907,362.53104277568065,359.53929978707265,360.84527587890625,109899400,57.499393026052736,58.31795582993341,56.5080240611375,56.617164611816406,27160300
2021-03-11,79.4000015258789,81.88999938964844,79.37000274658203,81.2300033569336,43583700,107.88006724065262,110.21577035978486,106.81258175843293,110.01504516601562,15091600,40.1727668835729,40.92697787835746,39.55275532371403,40.590579986572266,26170000,12.88798468790623,12.983774296200266,12.673516798492331,12.931276321411133,299916000,363.29977289296414,366.4675035095816,362.84589526271924,364.5038757324219,86245000,57.24472704613977,58.29066455037643,56.74449576415567,57.58124923706055,30701800
2021-03-12,79.7300033569336,81.19000244140625,79.2300033569336,81.05000305175781,32938000,108.57347919342276,108.57347919342276,107.00418073334988,107.934814453125,8171000,39.8453155094424,40.572687322714344,39.770163004418315,40.3651237487793,18906000,12.587678172940858,12.82702688570475,12.529707651427094,12.79443359375,243964000,363.15163038715974,365.1337731463777,362.3458045414346,364.9948425292969,64653600,56.98097295660745,57.57215413937883,56.608072882407896,57.208351135253906,20173000
2021-03-15,81.91000366210938,83.38999938964844,81.19999694824219,82.5,39086800,108.2541217040439,108.67381657327144,106.4840984617574,108.64644622802734,8935000,40.723876594329425,42.159831624363086,40.54583483930254,42.118675231933594,31241000,12.803145812870254,13.143508120481593,12.70611285288009,13.128082275390625,221988000,365.2449404075043,367.43088589690996,363.1145954350534,367.1715393066406,73427200,57.854102076420624,58.09967091613539,56.82635177750671,58.01781463623047,21247400
2021-03-16,83.66000366210938,84.75,82.26000213623047,82.75,42971600,109.23037559844381,110.62631896315919,107.75231423296276,108.89279174804688,10793400,42.16341974033501,43.30234530824929,41.818076593769,42.78164291381836,31190000,13.292538027663083,13.447791111083193,13.05393623427105,13.227601051330566,272128000,367.7828484506394,368.4867730167218,365.93960799649045,366.7084045410156,73722500,58.34523390238295,59.78226545665174,58.2815682987903,58.9182243347168,30186600
2021-03-17,81.75,83.25,80.41000366210938,82.62999725341797,43320600,107.83779156527922,109.45878968898401,105.67645607557202,108.76277160644531,9890400,42.076635914569515,43.59490413575735,42.050690895996276,43.265663146972656,23754000,12.977304441307208,13.38882407684222,12.92729502883546,13.277360916137695,243864000,365.4301208451546,368.7553250112462,364.2908334278087,367.9587707519531,97959300,58.40890595691712,60.29159694426729,57.945052542923264,59.82774353027344,32394700
2021-03-18,81.05999755859375,81.62000274658203,78.01000213623047,78.12000274658203,51036500,108.06673554666177,108.36895775519145,104.49503695743523,104.86136627197266,10283800,42.457759881012585,43.24417838734374,41.49061364847123,41.52640151977539,28728000,13.07359132528923,13.120863512138007,12.656099908286295,12.66157341003418,293896000,365.38379682361085,367.4585689638705,361.92890547697283,362.6050720214844,115349100,59.69131748298355,59.75498309600088,57.89048617818977,57.9632453918457,30094200
2021-03-19,78.48999786376953,79.33999633789062,77.58999633789062,79.05999755859375,42283400,104.75146291187903,105.21853295158152,103.67995545651773,104.0645980834961,11536000,41.21083071974696,42.9808066921557,40.94483627006238,42.780635833740234,108602000,12.688941772839797,12.85962068483066,12.552100433738472,12.784233093261719,299208000,362.3058475032764,363.8763249813413,359.76891580196445,361.93414306640625,113624500,57.46300876592099,59.10922442077035,57.22653353703205,57.99052429199219,54951700
2021-03-22,79.98999786376953,81.2699966430664,79.22000122070312,80.30000305175781,39648600,105.12695659871278,108.36895955748885,105.12695659871278,107.31576538085938,9376400,42.64087694318879,43.39557292846116,42.52906936620071,42.85457229614258,31805000,12.850912459188029,13.330354946608361,12.844940676234321,13.123102188110352,297804000,362.44527604125085,366.19955652443446,362.38952178707973,364.82421875,73778600,58.95460787925347,60.37344534905419,58.71813265460981,59.69131088256836,34380100
2021-03-23,80.12999725341797,80.33999633789062,77.94999694824219,78.37999725341797,40466600,106.32669291718655,106.92197727158931,104.97128332796187,105.21855163574219,8977400,42.719330522483844,42.8626964462736,41.71577249555447,41.8429069519043,24712000,13.190775433395043,13.280593244475526,12.958891459690443,13.00815486907959,222048000,364.19231584732245,365.6326813357805,361.172170876682,361.9527587890625,90686600,60.02783106515687,60.07330947036384,57.453908764722996,57.73585891723633,35160000
2021-03-24,77.55000305175781,78.80000305175781,76.4000015258789,76.4800033569336,43753600,103.00226477528524,105.03538606144583,99.68699423786423,99.78773498535156,24196100,42.32889987790555,42.37759083067966,41.1945994870475,41.23066711425781,20882000,13.088270010291474,13.096232071229919,12.576234227742477,12.582453727722168,245840000,363.34674315486654,364.972975381263,360.06640156970496,360.11285400390625,97588600,60.55535895750804,61.33754045692675,56.380695406727945,56.426170349121094,74584700
2021-03-25,75.8499984741211,76.94999694824219,74.95999908447266,76.22000122070312,44735100,98.90852725258485,103.25867081230501,98.80778652696671,101.15228271484375,16772400,41.02237113303033,41.839285882576625,40.51292889242684,41.630096435546875,17537000,12.439642442353005,12.653861664457352,12.21323193641956,12.475220680236816,295144000,358.6817356717282,362.928502774503,356.7488269231494,362.1386413574219,116128600,56.08055672336579,56.78997556693963,55.46208776811624,56.407981872558594,35401400
2021-03-26,76.62000274658203,77.5,75.02999877929688,77.41000366210938,49148700,102.57181920481494,106.87616953729959,101.83916055849171,106.74795532226562,12910900,41.17384983085041,43.550649343509626,41.17384983085041,43.464088439941406,28925000,12.494377029182635,12.794682152334557,12.314244068153682,12.777763366699219,363968000,363.28165959392123,368.3740994757526,362.68693802860713,367.9745178222656,114409100,56.20787709371613,59.091033794089796,56.18059282639418,59.000083923339844,34705800
2021-03-29,77.02999877929688,78.0199966430664,76.26000213623047,77.13999938964844,37144300,106.73880966799855,106.93113100408661,102.92899561839376,104.76063537597656,10863600,43.31623002373272,43.38475714014426,42.2225031249897,42.61473083496094,28410000,12.75885368993943,12.999944000887075,12.63917981486877,12.88624095916748,273520000,366.506230599657,368.6900335718035,365.02868604213734,367.78863525390625,108107600,58.21790354301957,59.23655321533646,57.85409711475047,58.6635627746582,26161600
2021-03-30,76.47000122070312,76.55999755859375,74.8499984741211,76.0,39169300,105.57572131185911,106.31753322559014,104.66906152983769,105.3833999633789,8206200,41.82666570468944,41.83748667956275,40.72121678747495,41.130577087402344,27935000,12.780500784061243,12.913112896753688,12.644156781650523,12.810108184814453,200204000,366.5247931234567,367.48194559201005,365.2237849563697,366.8128662109375,76262200,57.99962615966797,58.208813667443465,57.435729248729,57.99962615966797,20709500
2021-03-31,76.56999969482422,79.12999725341797,76.5199966430664,78.5,43659500,106.04278399426678,108.39644078974773,105.83214234900885,108.32317352294922,9806500,41.38665728276618,42.11430430843844,40.79155517855117,41.80683517456055,28684000,12.953170680778484,13.405991674241122,12.92032872070121,13.284327507019043,314776000,367.379739547907,369.85161555750506,367.35186241979716,368.2997131347656,112734200,58.21790596824485,58.65446814912957,57.82681525589396,58.20880889892578,33013200
2021-04-01,80.16000366210938,81.30999755859375,79.4800033569336,81.08999633789062,40182400,112.4718326352856,114.3675794300063,111.40032509634582,114.29431915283203,17904000,42.56513346548398,42.97178680053991,42.3063518816134,42.914981842041016,23528000,13.507254271126333,13.803577899001159,13.446545573751832,13.745607376098633,308276000,370.22334769217844,372.3328211938381,370.0189059510316,372.27703857421875,99682900,58.863668547612555,59.018284055674336,57.82682452797307,58.70905303955078,31416300
2021-04-05,81.73999786376953,81.9000015258789,80.38999938964844,81.43000030517578,32610600,116.373233879072,116.67545612160038,112.35278509550795,114.01957702636719,14113900,43.307217623582034,44.1493793048486,42.993436786330314,44.04478454589844,22966000,13.801091736654401,13.946889814232557,13.667235327991516,13.920516967773438,255672000,374.92546817300206,378.15935697469143,374.85113861446,377.620361328125,91684800,59.072845540812764,60.7008740638183,58.84546737177341,60.51897430419922,27947500
2021-04-06,81.20999908447266,82.45999908447266,80.87999725341797,81.44000244140625,29327900,113.56165702170975,113.57081717625886,111.30874111602746,112.13298034667969,13042300,43.561478680385775,44.02132883943942,43.07637843331248,43.62910461425781,18063000,13.932706614577354,13.986945247012809,13.707540408844991,13.79511833190918,191744000,377.062782829176,378.43809222549146,376.72822894950895,377.3973083496094,62021000,60.08240757087699,60.555358067263,59.382085835383606,59.62765121459961,28771400
2021-04-07,81.31999969482422,83.0999984741211,80.3499984741211,82.19999694824219,35590900,112.13298128123964,112.28866897411854,109.75184415347663,109.79763793945312,11193200,43.28106779249357,43.63271859592627,43.09983190216461,43.501976013183594,12074000,13.814277068484714,14.175289971373456,13.645838042143147,14.075769424438477,251284000,377.2301135360446,378.1779643738996,376.77477759813956,377.8341369628906,55836300,59.72769189323562,60.546254636344656,59.445745202454404,60.255210876464844,17793300
2021-04-08,83.31999969482422,83.79000091552734,82.44000244140625,83.3499984741211,41925300,111.16221638303689,113.39681916359596,111.16221638303689,113.0396499633789,10226700,43.99969423994203,43.99969423994203,43.29098223225504,43.77427673339844,18121000,14.184494625705307,14.40219704194107,14.180761787034063,14.24843692779541,244416000,379.0792944120443,379.68331772995526,378.15001904318626,379.6275634765625,57863100,60.910063555214876,61.20110732696513,60.355260281092384,60.982826232910156,22224200
2021-04-09,82.80000305175781,83.58999633789062,82.16000366210938,82.76000213623047,32759900,112.41689084225408,113.04880879855921,111.45527716849854,112.46268463134766,8315200,43.28015247779963,43.758937568612055,42.968174106653,43.73910140991211,16614000,14.145929352242257,14.339000535339244,14.107116562396575,14.331038475036621,195172000,379.50681154051,382.5548338572635,379.3860011955182,382.3875427246094,61104600,60.755440764429466,62.2106594482119,60.60081835816037,62.08332824707031,27177100
2021-04-12,82.05999755859375,82.18000030517578,78.02999877929688,78.58000183105469,62098800,111.92233212434377,112.15128706453443,109.2023463169347,110.72261047363281,9868400,43.454182156039636,43.76886409920662,43.15392588694621,43.6110725402832,23247000,14.22132094451768,15.278981629685994,14.071541345938481,15.136168479919434,869324000,381.79281150001924,382.796416474297,381.1887881496238,382.5269470214844,56704900,62.02876040174277,62.29251990482872,58.854563173278905,59.49122619628906,51266900
2021-04-13,79.66999816894531,80.72000122070312,78.9800033569336,80.19000244140625,37767300,112.09635093305126,112.55426085762487,110.21891744743905,111.06147003173828,8384800,43.730994612967024,44.021331084625366,43.30630744135638,43.727386474609375,15281000,15.158555698521697,15.624812178804676,15.053312053982292,15.604410171508789,676212000,382.42475109343,384.2833021211937,382.04374472962985,383.6606750488281,56551000,59.67312981404885,59.69131701518353,58.39981062464989,59.31842041015625,26822000
2021-04-14,79.87999725341797,80.12999725341797,77.94000244140625,78.55000305175781,34263800,111.72085006149835,112.12381298996677,110.35628058166243,110.66765594482422,9521900,43.502866409976214,44.1087859029846,42.84645018628631,43.03670120239258,18220000,15.550173290053323,15.645215941609269,15.154576843590075,15.203840255737305,385500000,383.63277915671523,384.68286497352676,381.8114071791653,382.35040283203125,61659900,59.400272095396176,59.46393770670512,58.06329078839282,58.381622314453125,25768400
2021-04-15,80.31999969482422,83.94999694824219,79.97000122070312,83.01000213623047,68942800,111.45526288954105,111.73001161460103,106.74794984442251,108.38726806640625,18709100,43.42803419395932,43.48844385369921,42.98982252908536,43.28015899658203,18370000,15.587497582844618,16.136605607490903,15.55664589544374,16.059974670410156,598480000,384.47840249341357,386.7272614837685,384.43195006619254,386.457763671875,60229800,58.18152107768088,59.31841180707427,57.917761595777975,59.136505126953125,24927700
2021-04-16,83.30000305175781,83.58999633789062,81.52999877929688,82.1500015258789,47280600,109.15657159417432,110.44787396635274,107.92936934570263,108.83602905273438,9512100,43.323435898328775,43.440653949066686,42.989818996564566,43.17105484008789,16263000,15.976123314232588,16.08833436820493,15.789272566562536,15.836297035217285,335208000,387.7401793717676,388.35350456848977,386.3276909048911,387.7494812011719,82037300,59.41846060013654,59.59126327785486,58.72722907217164,58.89094161987305,24625500
2021-04-19,82.12999725341797,83.18000030517578,80.38999938964844,81.11000061035156,39115500,108.06673802861076,108.87265694938209,105.50243975510548,105.68560791015625,12630300,42.96728764558877,42.99163312492918,41.48133630816456,41.657161712646484,26319000,15.462097636720497,15.731799760759175,15.16005088533594,15.28818416595459,404420000,386.82017754821817,387.26621157931834,384.52486623240225,385.84442138671875,78498500,58.845462485853446,58.881843822562736,57.362959444859754,57.87228775024414,23997700
2021-04-20,80.81999969482422,81.11000061035156,78.51000213623047,79.2699966430664,34977800,106.28089064667356,106.94943518825806,104.9071609458746,105.27348327636719,9299200,41.4777125362109,41.65984953559293,40.98449835094496,41.22975540161133,19128000,15.249866208010582,15.422784036919696,14.891341936905754,15.098594665527344,334132000,384.63636975752553,385.7329078820872,381.55116873929074,383.0194396972656,81851800,57.88138024602362,57.990520784555244,56.76268018490771,57.02643966674805,19872100
2021-04-21,78.98999786376953,81.66000366210938,78.86000061035156,81.61000061035156,35069000,104.861356259382,107.59965522189316,104.19280480015092,107.5172348022461,8472200,41.04582188453256,41.50747786822814,40.80958340480421,41.4578857421875,25947000,15.04634851396947,15.28893180639827,15.029928007995823,15.286941528320312,216776000,382.40615242461456,386.84808797516496,382.2667384186611,386.6436462402344,66793000,57.10829869562083,58.00871425363679,56.662635981697896,57.93595504760742,24364200
2021-04-22,81.61000061035156,81.79000091552734,78.58999633789062,79.05999755859375,38846100,107.6088225757569,107.6088225757569,104.7789428507883,105.61233520507812,7411800,41.034999316387285,41.57960806738865,40.48498351731333,41.03590393066406,27057000,15.301367613354966,15.36456390803315,14.71270008407459,14.779130935668945,277788000,386.4763973374381,387.30343777713887,382.05303692792,383.1123962402344,97582800,57.617625705262796,58.12695404461384,56.644447435237865,56.908206939697266,38257600
2021-04-23,80.20999908447266,83.30000305175781,79.95999908447266,82.76000213623047,49194000,106.76628345828989,108.72613744565626,106.17099913790638,108.65287017822266,8380300,41.34066897165918,42.18463287589522,41.25140451782988,42.029544830322266,22890000,14.862731103886027,15.261562107775354,14.82889448109433,15.192146301269531,227500000,383.6699137247093,388.66941970392514,383.5955841738986,387.2662048339844,73209200,53.806772991249865,54.57076382356034,52.66078847754202,53.87953567504883,77479500
2021-04-26,83.3499984741211,85.9000015258789,82.69999694824219,85.41000366210938,57594500,109.8983850256428,111.30874847193,109.3488944979448,111.2904281616211,8444000,42.10979893712464,42.72383608760207,41.79872163548236,42.54530715942383,18271000,15.112280196193051,15.404871918096893,15.05256711564777,15.403876304626465,197796000,387.91662406530946,388.6414575538834,387.33117617853304,388.0745849609375,52182400,53.75219325446573,54.134190350487664,53.17010574578015,53.44295883178711,39645900
2021-04-27,85.66999816894531,87.1500015258789,85.12999725341797,85.20999908447266,61909900,111.27211167138856,111.40948604619084,109.79764115528944,111.06147003173828,5491800,42.712105418176996,42.762598716247304,41.93306399675056,42.04937744140625,13267000,15.503894807552262,15.595454229797074,15.280967559873904,15.308087348937988,164572000,388.37206467020457,388.56723292463965,386.8573412168641,387.9910583496094,51303100,53.26106946426072,53.324735081082416,52.542553537826294,52.724456787109375,38167700
2021-04-28,88.8499984741211,89.19999694824219,83.91999816894531,84.0199966430664,108920300,109.8983733565178,110.2830159863495,108.73528531284082,109.58699798583984,6476500,41.96101303744819,42.01511447231984,41.120657365442874,41.40468215942383,15940000,15.290920597634818,15.457867612223833,15.14263398051159,15.203590393066406,209416000,388.260553437065,389.375695263148,387.4149094181452,387.8795471191406,51238900,52.31516661089392,52.897254135822116,51.97864791107893,52.4061164855957,30387400
2021-04-29,84.69999694824219,85.2699966430664,82.62999725341797,83.91000366210938,51294500,110.55777312459985,110.65851386681192,107.70957283947884,109.07414245605469,8831800,42.35053995389075,42.35053995389075,41.389358024946915,42.04397201538086,14650000,15.32625115862929,15.362576342418699,14.999324504524623,15.251361846923828,173196000,390.5930916563602,390.96479619087927,386.98749811712497,390.3514709472656,78544300,52.64259804988275,53.02459173304553,52.26969796747901,53.00640106201172,23290600
2021-04-30,82.97000122070312,84.0999984741211,81.41999816894531,81.62000274658203,46601900,108.07590644453721,108.23159414786821,106.83039084358677,106.91281127929688,7950700,41.450673539890865,41.54264495607309,40.921391608977046,41.134185791015625,19367000,15.101830901269981,15.291417919862836,14.925180214363863,14.937620162963867,201912000,388.0932978632619,388.9389418978536,386.8945246318917,387.78662109375,85527000,52.39701956773844,53.14281959551216,51.90588194861474,52.324256896972656,30731800
2021-05-03,81.97000122070312,82.0,78.45999908447266,78.55000305175781,66323300,107.58135610930792,107.65462337232532,105.98783156800883,106.1801528930664,10229500,41.4542758981785,41.462393349464435,40.4200610103801,40.587772369384766,15098000,15.052568004352894,15.173734835232782,14.716684635138343,14.765698432922363,203912000,389.7659458311173,390.1469521204787,388.13044053050237,388.6229553222656,68128300,52.624403067652985,52.64259373719654,51.69669973802421,52.07869338989258,22281700
2021-05-04,77.94999694824219,78.66999816894531,77.04000091552734,78.61000061035156,59194300,105.31928347975519,106.07025548247262,104.16534850435733,105.64897918701172,9638300,40.324488947739475,40.36776941374885,39.430932890976685,40.08283996582031,23497000,14.567153783566326,14.567402449672667,13.94315656113804,14.282523155212402,405324000,386.64361861912283,387.13613344183,382.55481257184357,386.2254333496094,101591200,51.73307581180005,51.82402568074565,50.75989764211865,51.75126647949219,35323600
2021-05-05,79.05000305175781,79.30000305175781,77.36000061035156,77.83000183105469,42310200,106.23510821567051,106.68385800948951,105.18191393506766,105.66729736328125,7059000,40.612121468307095,40.70499406226105,39.88717797021031,40.018821716308594,16388000,14.638559441083883,14.742559766034404,14.318599252847807,14.389259338378906,292024000,387.8609452628347,388.0932640974251,385.7886510489646,386.3462219238281,60162200,51.80583841751256,52.115072849570325,51.351082103869686,51.70579147338867,21001900
2021-05-06,77.62999725341797,78.05999755859375,76.47000122070312,77.88999938964844,38661300,105.59401866295732,107.73703349760184,104.82472644916051,107.15090942382812,8581700,40.016125535934826,40.49310847943959,39.659064209498105,40.44712448120117,13495000,14.42583403228446,14.501470291554716,14.1499124041879,14.453451156616211,193380000,386.420555589309,389.56151080390845,384.42261926239445,389.4314270019531,74321400,51.813780839072614,52.39030393846324,51.475189459188776,52.33539581298828,25529300
2021-05-07,78.75,79.56999969482422,78.22000122070312,78.80999755859375,36954200,108.43306847145062,109.36720161682982,106.28089328421905,106.99523162841797,9614300,40.989013254379266,41.33074761821225,40.50301183849706,40.807777404785156,11712000,14.737332425528978,14.899053629404147,14.601485779059601,14.741312980651855,229328000,390.1935113301949,392.9162817949607,389.5151299919211,392.2657775878906,67733800,52.80210638202974,53.08578963767279,52.38115455754446,52.77465057373047,19959000
2021-05-10,78.19999694824219,78.30000305175781,75.91999816894531,75.98999786376953,45134500,105.30096472045324,105.66728705435807,102.78246024552895,102.85572052001953,12281200,40.42907036323656,40.44259485948038,39.2920633499252,39.32181930541992,25239000,14.716431770611173,14.735092164582364,14.181755153832315,14.197429656982422,268904000,392.6188718952487,392.84188892503846,388.2605678296134,388.3813781738281,81852400,52.29879130516095,52.37199864462898,51.13659555494798,51.218955993652344,35046500
2021-05-11,73.56999969482422,76.93000030517578,72.75,76.83000183105469,51008200,100.49291213040733,103.47847971902232,99.94341464755234,103.35026550292969,10007700,38.32097387426035,39.832171566644774,38.14514850459335,39.67979049682617,17887000,13.75879529407013,14.286008322864332,13.684154640398528,14.237740516662598,285584000,383.88370947193107,385.9002213981806,381.0587040499787,384.9151916503906,116888000,50.377050457023444,50.90781852084092,49.69071461022235,50.36790084838867,35968100
2021-05-12,75.08999633789062,76.12999725341797,74.16000366210938,74.63999938964844,42531400,100.1448714886494,100.82257603371725,98.96346337060265,99.10083770751953,15058900,38.70778765859696,38.849347740711025,37.79259326631923,38.08473205566406,29940000,13.942409127844432,14.191958844362496,13.643597898091196,13.692611694335938,303408000,382.1459075857726,383.40970843345315,375.4272366804108,376.7375183105469,134811000,49.77307808149392,50.01100981109819,48.885415881843485,49.06843948364258,30232300
2021-05-13,75.20999908447266,75.69999694824219,72.5,73.08999633789062,48646800,100.154056228647,102.04980297948491,98.81696012784278,99.59540557861328,10552000,38.76188361793315,39.20640687997647,38.37867462091599,38.825904846191406,21841000,13.9665447300379,14.013320537107868,13.394547147231089,13.599809646606445,285404000,378.28006553031264,383.1866374916352,378.23358475439954,381.2630310058594,106394000,49.45278310687846,49.77307175112745,48.92201507825508,49.42532730102539,29192500
2021-05-14,74.0199966430664,75.02999877929688,72.72000122070312,74.58999633789062,38355800,101.29884514801431,103.33196655334376,100.95998925140884,102.99311065673828,8425200,39.347973452419225,40.13513228055418,38.956650414486795,39.81954574584961,16964000,13.823484928887614,14.259387193283878,13.68266206294746,14.17479419708252,258616000,383.9858697174596,387.9631671876168,383.95799259058225,387.1175231933594,82201600,49.96524877129295,51.1091418612116,49.65410971119969,50.65158462524414,28158300
2021-05-17,74.22000122070312,75.5199966430664,73.41000366210938,74.6500015258789,40779200,99.88845537406891,100.76764145618866,98.7894745182067,100.5570068359375,10688600,39.86644409244566,39.86644409244566,39.02789058939994,39.66807556152344,15725000,14.089204485525109,14.101395769520703,13.787158662144325,14.097663879394531,216980000,386.0117253429356,386.94100075093894,384.12526903982337,386.13250732421875,65129200,50.59667248180946,51.14573968712696,50.11165950986538,50.633277893066406,20010200
2021-05-18,74.73999786376953,75.7699966430664,74.23999786376953,74.44000244140625,31982500,103.48765007206762,103.9272467042425,101.41789511422387,101.50947570800781,7476600,40.02692962125088,40.0738182182511,39.06755356756111,39.109031677246094,17824000,14.19867545367631,14.335268109499602,13.936934476221778,13.948628425598145,186256000,386.39265305851666,386.6342737081329,382.6476747856206,382.8056640625,59810200,51.20065695618293,51.3745274544067,50.14827388517832,50.184879302978516,18703400
2021-05-19,73.16000366210938,76.97000122070312,72.76000213623047,76.2300033569336,73966200,99.36645719091806,103.02057656347206,98.90854724994608,102.93815612792969,7280500,38.41114011002904,39.8988969659547,38.384091111062475,39.82856750488281,21369000,13.501532501812244,14.012076335077285,13.478394213384284,13.998392105102539,344000000,378.14071391443656,381.97859704474223,376.6631412455345,381.8020324707031,106467100,49.48023388980469,50.724789996153504,49.269758002831615,50.66073226928711,23769700
2021-05-20,76.80999755859375,78.2699966430664,76.25,78.05999755859375,49135000,102.92900041867875,104.14704259119327,102.6634118029849,103.74407958984375,6442500,40.191945378246764,41.41370795047292,40.154075399163666,41.0259895324707,21886000,14.234008437809646,14.613433100183471,14.20216208835548,14.542524337768555,321592000,382.6755962796749,387.1640123182548,382.5548143000937,385.90948486328125,78022200,50.85290861519181,51.46603709878521,50.66073542263092,51.200653076171875,23145200
2021-05-21,78.55000305175781,78.80999755859375,77.04000091552734,77.16999816894531,40201100,104.4034700819616,104.4034700819616,102.28792831882083,102.43445587158203,5979400,41.29557327082228,41.29557327082228,40.51562741263489,40.686946868896484,13216000,15.091130523889973,15.149101989941224,14.798290149792873,14.919954299926758,672992000,387.3871230695958,388.6230755250445,385.13829195096497,385.5936279296875,76578700,51.63075377589602,51.896137794866405,51.228104688788314,51.319618225097656,17723100
2021-05-24,77.26000213623047,78.01000213623047,76.80000305175781,77.44000244140625,33194300,102.80992946875949,104.89799742909956,102.68171525976672,104.0645980834961,6653600,41.1991089714741,41.696829158570516,41.14861566900922,41.403785705566406,14420000,15.139649464230473,15.66959967521389,15.1033242794954,15.537237167358398,554816000,387.8237936745519,390.5930445875986,387.582172994574,389.5243835449219,51376700,51.841240430940886,52.51842324013347,51.61246179442462,52.12492370605469,19164400
2021-05-25,77.33000183105469,78.7699966430664,76.83999633789062,77.86000061035156,47353100,105.18191391308503,105.26434133724348,104.03713904031059,104.65989685058594,5331700,41.648142719793945,41.74372228661789,41.1612434560507,41.43534851074219,9600000,15.690500473600698,15.742748836809902,15.408358363163579,15.572816848754883,435408000,390.60224653273866,390.9553756590482,388.08391858980457,388.6600646972656,57451400,52.67399181582893,52.67399181582893,51.63075835469166,52.04256057739258,22309900
2021-05-26,77.83000183105469,78.58999633789062,77.58999633789062,78.33999633789062,30354000,104.40346763873922,106.235107421875,104.40346763873922,106.235107421875,6605100,41.54624655732886,41.666168139516415,41.07377306545939,41.520999908447266,9873000,15.658901227493464,15.718116033223644,15.511610211521978,15.624814987182617,370440000,389.2455605886077,389.93321527136624,388.21407856446984,389.4314270019531,43088600,52.20727609176197,52.37199696388441,51.786324303397684,52.08831024169922,15173600
2021-05-27,78.11000061035156,78.43000030517578,77.47000122070312,78.41999816894531,35883200,106.23510147648592,106.72048487390848,105.31928163617138,106.02445983886719,6513700,41.476819931825176,42.23783100654782,41.44526161946097,42.16930389404297,19098000,15.624564822611564,15.67457423164348,15.385963061533063,15.41382884979248,581476000,390.4536616740374,390.96475180607416,389.3570951367238,389.6358947753906,56707700,52.26219309099907,52.966831721251665,52.16152993083656,52.82956314086914,32387600
2021-05-28,78.66000366210938,81.08999633789062,78.66000366210938,80.08000183105469,40952700,106.50983938305934,107.92019564490741,106.1892968818528,107.48060607910156,5386500,42.37848284036438,42.795055933476704,42.16929683906134,42.58857345581055,19946000,15.426769637119651,16.199550904569822,15.426769637119651,16.16670799255371,644536000,391.19704397355315,391.4572399363522,390.10050587027376,390.33282470703125,58520200,52.66483508851927,52.75634862664112,52.10661472407184,52.27133560180664,20303900
2021-06-01,81.01000213623047,82.91000366210938,80.66000366210938,80.80999755859375,43433000,109.63279451280657,109.93501674327655,107.54472635165222,108.5338134765625,7596100,42.869004689462336,43.0998327169054,42.126030738191034,42.22611618041992,16277000,16.192085626438377,16.30976923688421,15.827091228848875,16.18661117553711,472804000,392.68390661909086,392.8232922551266,389.55225310614026,389.989013671875,54216600,52.71974319085835,52.91191638451259,51.786326047686224,52.06085968017578,20326400
2021-06-02,81.0,82.5999984741211,80.66000366210938,81.97000122070312,35203200,108.89097315205747,109.39466983836306,107.99346669403143,108.93675994873047,5383400,42.543497533156405,43.07277948563536,42.33070334244771,42.71481704711914,13286000,16.17441879999118,16.837727029046853,16.157748681493572,16.697898864746094,594168000,390.639473876416,391.43866542326464,389.63586897767476,390.602294921875,49097100,52.079161729956525,52.79294986359009,51.94189317000338,52.60077667236328,18483600
2021-06-03,81.12999725341797,81.88999938964844,80.26000213623047,80.27999877929688,29812000,108.11253015360656,108.30485147309288,106.6563730387092,106.98606872558594,4912200,42.27029157687212,42.3568525043174,41.770765614421826,41.90962219238281,20389000,16.62077403418186,17.17635111968771,16.503587746671425,16.888484954833984,580008000,388.2977314392226,390.2863660477926,386.8387622554671,389.15264892578125,58138800,52.14322048237846,52.25303323796262,51.32876918760052,51.46603775024414,21831300
2021-06-04,80.91999816894531,82.19000244140625,80.80999755859375,81.58000183105469,26387800,108.27738246323514,109.76100612822592,108.1125346129972,109.44963073730469,5352100,42.423578204838314,43.135898420889866,42.335214918840826,42.82933044433594,23865000,17.030546995580625,17.576420274353822,17.013630109860085,17.494068145751953,617120000,390.99253566841185,393.0090753060693,389.21761665478357,392.7117004394531,55938800,51.74972463962523,52.847862745500905,51.74057503055038,52.500118255615234,21493800
2021-06-07,81.4000015258789,81.68000030517578,80.37999725341797,81.3499984741211,29006800,108.19495173246644,108.75360237521855,107.67293472055141,108.26821899414062,6266000,42.64898649009763,42.78243600458205,41.699530239009,41.81764602661133,24142000,17.487104196499413,17.727197966588108,17.110416805068787,17.534624099731445,575756000,392.7025150607527,392.87907966771104,391.4015350825624,392.330810546875,51555000,52.53671755425886,52.56416986917057,51.96019450492212,52.24388122558594,17364400
2021-06-08,81.87000274658203,82.6500015258789,80.44999694824219,80.88999938964844,26956600,107.65463327205445,107.77368734504265,105.37423666420452,106.1618423461914,11564800,42.20267487556207,42.59399804456792,41.793317889424294,41.79512023925781,16615000,17.443314784213733,17.53711316104232,17.16838687091044,17.373401641845703,323848000,393.18571484226,393.27864805740666,390.59305680285246,392.4144287109375,47134300,52.57332409857395,52.74719458156094,51.79547474746646,52.161521911621094,33254500
2021-06-09,81.08999633789062,81.68000030517578,79.80000305175781,79.95999908447266,28454600,106.23510742217714,107.7462116406987,106.20763394337423,107.26998138427734,6401600,42.12512136371546,42.12512136371546,41.63190708699512,41.8311767578125,12126000,17.435862301693522,17.494841943488854,17.177047922626723,17.27907943725586,381656000,393.2507697660974,393.32512768168914,391.6059624638834,391.8289794921875,48436300,52.49096366118337,52.60077641407598,52.13406959611906,52.161521911621094,13904800
2021-06-10,80.0199966430664,81.70999908447266,79.69999694824219,81.55999755859375,28606400,107.18755614463308,108.84518783820629,106.8120666520828,108.28653717041016,8566600,41.97274100229228,42.33701510461031,41.49575814140762,42.25857162475586,15413000,17.270870846616056,17.412223413314685,17.097664634985957,17.34552764892578,287772000,393.0463062654877,394.5982086261025,391.7360245783089,393.65032958984375,51020100,52.298793803364646,53.10409203040307,52.0974675011627,52.50926971435547,26738100
2021-06-11,81.61000061035156,82.33000183105469,80.69999694824219,81.30999755859375,24310900,108.3323337066511,108.45138777486672,107.29745976466599,108.29570007324219,6036600,42.23783666781597,42.57055247407868,42.121519764027255,42.441612243652344,14508000,17.39977791669959,17.857432176144524,17.364191530157925,17.74395179748535,416308000,394.1987271327008,394.41244237418545,392.916322246828,394.3009338378906,45570800,52.59163201593399,53.02173346190715,52.11577205174501,52.93937301635742,18119700
2021-06-14,81.51000213623047,81.55000305175781,80.19999694824219,81.55000305175781,27830200,108.57046526141094,110.81422149685835,108.48803782697844,110.80506134033203,7610300,42.422671227529285,42.91047502301794,42.02323070595195,42.9041633605957,14675000,17.82433434092857,17.957224622706175,17.582193863360512,17.936569213867188,321376000,394.41240125927584,395.285922514848,393.17647729852365,395.1837158203125,42358500,53.094939577466114,53.25966045391958,52.371998340907496,53.25050735473633,21784500
2021-06-15,81.58999633789062,81.68000030517578,80.22000122070312,80.47000122070312,26194300,110.21890008150378,111.73000399193948,109.22981312334768,109.39466094970703,8196900,42.969994046386546,42.9708986608956,42.24775738947236,42.44522476196289,11131000,17.83329105855584,17.93407895613419,17.647143687325773,17.707366943359375,243032000,395.33232234621505,395.3694729406718,393.5852801928474,394.45880126953125,51508500,53.26881243351843,53.46098563430737,52.89361564064659,53.06748962402344,20806500
2021-06-16,80.75,81.44999694824219,78.95999908447266,80.11000061035156,29598300,109.48626268933263,109.80679823011297,107.60882925638225,108.08505249023438,8059400,42.402843462966345,42.47948460190025,41.61027392527468,41.99528884887695,20437000,17.709613082018276,17.872864694606672,17.504302577299367,17.729022979736328,307124000,394.59826214861766,394.82127919481803,390.2213824615084,392.2564697265625,80386100,53.21390303423351,53.41522582570014,51.951044201923054,52.36284637451172,21879700
2021-06-17,80.7699966430664,85.37000274658203,80.56999969482422,84.55999755859375,77822800,108.18709889528378,110.54058893883443,108.10435528477737,109.51094055175781,7608100,41.916834012648714,42.85096349950013,41.83207887629711,42.483985900878906,20881000,17.693435236474446,18.749097779560163,17.675268955812072,18.572158813476562,809656000,391.84757149634856,393.1020706024834,389.66376862836967,392.1263427734375,90949700,52.20727088665177,52.98512014765205,51.88698227328252,52.326236724853516,21498800
2021-06-18,84.27999877929688,85.7699966430664,83.4800033569336,84.6500015258789,58736800,108.0308235961232,108.38016761369386,105.9163548748399,106.44956970214844,12532800,42.13233622234427,42.35685255329064,41.52280503064457,41.79240417480469,28537000,18.698329309981435,19.286633450241315,18.499240721357857,18.553741455078125,968856000,388.85956550548985,389.54947004298504,386.6313456995703,386.8364562988281,118676300,51.86868741213955,51.932745144500764,50.42280490253589,50.944419860839844,55118300
2021-06-21,83.48999786376953,84.19000244140625,82.20999908447266,82.58999633789062,44417100,106.0726492891666,106.09103987876225,103.90302263790038,104.93267822265625,11116200,41.90780125300186,42.290373500753596,41.65971964057772,42.220401763916016,18591000,18.35116743365587,18.45195723428612,17.741461763180403,18.343204498291016,672384000,388.58919001085104,392.5608641777054,387.7780798673709,392.3743896484375,72822000,51.01762865385974,51.283012672113614,50.669884198592065,51.12744140625,19254600
2021-06-22,82.9000015258789,84.04000091552734,82.4800033569336,83.58000183105469,32107700,104.34430506713774,105.25444285667943,102.97450073545006,105.10735321044922,11792400,42.3994356147808,42.58118192407863,41.921443757288586,42.205875396728516,13722000,18.387254606653663,18.877259967462265,18.30214384565627,18.800609588623047,580144000,392.36500160297555,395.30178987033617,391.64710042623443,394.4720153808594,57700300,51.19149913605135,51.50263817689412,50.788850050030774,51.12744140625,18682800
2021-06-23,83.83000183105469,84.48999786376953,83.16000366210938,83.81999969482422,25992400,106.82647769465979,107.94806492885697,106.46793843309882,106.68858337402344,8913700,42.15225361803471,42.51755915388692,42.07773726500448,42.40669631958008,17674000,18.92105744176349,19.065396569450836,18.821513150301545,18.9703311920166,332356000,394.5465837059187,395.34836134844016,393.91261601852824,393.99652099609375,49445400,51.127437996541026,51.21895152650021,50.54176536833912,50.569217681884766,20287900
2021-06-24,84.38999938964844,87.13999938964844,84.37000274658203,86.0999984741211,42217700,107.30455032255512,108.1779138786964,106.89084625862958,107.78260040283203,6772200,42.70021743549235,43.04190212191772,42.58299352326858,42.715667724609375,12502000,19.140052396781588,19.3314248397284,19.00118709622117,19.117902755737305,320924000,396.1316447586806,396.74694810360864,395.8799013019191,396.3274230957031,45110300,50.77970220233321,51.33791908268561,50.64243363892313,51.31046676635742,21209700
2021-06-25,86.33999633789062,86.36000061035156,85.0999984741211,85.62000274658203,27804500,107.97565987408846,108.41694280770594,107.12987518310547,107.12987518310547,6712800,42.83289496636422,42.93285560616914,41.801490158378435,42.00141143798828,19100000,19.192562829747995,19.25726689899987,18.8083236791025,18.94420051574707,278364000,397.0732323076562,398.1826902147583,396.74691613756454,397.73516845703125,58129500,51.264718030669634,51.62161215025348,51.017636680753505,51.16405487060547,21101200
2021-06-28,86.37999725341797,88.0,86.1500015258789,87.08000183105469,30262000,107.82856592166607,110.27398799793951,107.727438732885,109.96141815185547,11026600,42.34672529968415,43.281809309750855,42.30219781982596,42.96466064453125,13987000,19.272942678257742,19.987170822608995,19.230885700756392,19.893848419189453,495436000,398.2573039797839,398.70479729962966,397.0639410401673,398.5369873046875,53159600,51.575849494935824,52.82955527836219,51.55754678754977,52.60077667236328,22480900
2021-06-29,87.41000366210938,90.30000305175781,86.66000366210938,89.5199966430664,46181000,109.76833183329884,110.58653742028277,108.86738265149907,110.53137969970703,7874900,42.92558606237023,43.37449724352614,42.777465027770646,43.35995864868164,14184000,19.791822278059367,20.007085502671462,19.567350601650443,19.935415267944336,367632000,398.91918326202716,399.5531510094126,398.2199465974664,398.7513732910156,35970500,52.66484164357794,52.921076091327436,51.136602021014525,51.9327507019043,26360000
2021-06-30,90.81999969482422,94.33999633789062,90.5999984741211,93.93000030517578,70721500,110.46702575683594,111.01862399980185,109.40979169967915,110.46702575683594,7936400,43.449010673945736,43.49081346445326,42.94012175701277,43.331783294677734,15381000,19.90803865725093,20.070544083019442,19.77315668561849,19.911273956298828,326568000,398.29450122342985,399.7582434032112,398.26653289619884,399.08697509765625,64827900,51.55755057395641,51.594155991416834,50.688191109137556,51.37452697753906,29891600
2021-07-01,94.04000091552734,94.18000030517578,91.69999694824219,93.30999755859375,58059000,110.41188842442102,110.5130156123566,108.5088694548349,108.8674087524414,8295600,43.42266999193356,43.42266999193356,42.612994194894554,42.677513122558594,11153000,20.03322032396428,20.36271018206327,19.927702838765846,20.119823455810547,480136000,399.8421598624358,401.45507598441856,399.7768909463528,401.29656982421875,53441000,51.36537808252083,51.832084943531115,51.127446356605944,51.25556182861328,24871600
2021-07-02,93.27999877929688,95.2699966430664,92.20999908447266,94.69999694824219,51316700,109.17080494953989,109.5661184606522,108.85823506417218,109.31790161132812,5144300,43.32543340658169,43.4899164581307,41.41165270132085,42.54393005371094,37054000,20.3470264154675,20.411730494811923,20.195221786226497,20.39356231689453,342764000,402.4527776449218,404.7182982314906,401.3805917033417,404.364013671875,57697700,51.74972133498689,52.1523739262634,51.53924543085807,51.94189453125,17219400
2021-07-06,94.87999725341797,95.41000366210938,93.31999969482422,94.47000122070312,44930100,110.18205022618824,111.2025103393126,108.68354007574024,110.36592102050781,7181500,42.74656207430824,43.32360277669353,42.55573004358446,43.00827407836914,13870000,20.642917142581126,20.746940344072726,20.257434361701367,20.604095458984375,446708000,404.4199154656729,404.63435832589875,400.90509541286673,403.62744140625,68710400,52.08830899157893,52.1706694256635,50.97187181840226,51.328765869140625,26186600
2021-07-07,95.0199966430664,95.44000244140625,90.30999755859375,90.54000091552734,51498500,110.90833356365242,111.28526346376519,108.67435407285562,108.71112823486328,7391800,43.16458188263286,43.19729545421958,42.38035052732248,42.66841506958008,12581000,20.758390496324644,20.779792073320536,20.239269348710295,20.278837203979492,418428000,404.307961437293,405.3335142240967,402.30348871200215,405.0538024902344,63549500,51.58500132527703,51.65821215797489,50.98102591905827,51.20980453491211,14857400
2021-07-08,87.86000061035156,90.33999633789062,87.44999694824219,89.73999786376953,45673500,106.5231048437649,108.73869346878125,106.0726266761196,108.36177062988281,7565400,42.203144883825125,42.80835803431857,41.943245860151706,42.75564956665039,16011000,19.765937028513026,20.041174738555355,19.610897115936638,19.811975479125977,503300000,399.75824909118023,402.50859126674294,398.5835224267415,401.75341796875,97595200,50.614979307918404,50.9901760766358,50.139119395491676,50.68818664550781,19162000
2021-07-09,90.04000091552734,91.26000213623047,88.52999877929688,90.9000015258789,35278400,108.48127279768941,111.04621220805488,108.13192885099105,110.83476257324219,8374200,42.671142318914356,43.6989141814198,42.53119881388259,43.63530349731445,16782000,19.871448209777252,19.98866130466873,19.664148017997288,19.958797454833984,296624000,403.25446917430344,406.34043156356205,401.5576479376436,406.0420837402344,76238600,50.79799712699329,51.34706784335397,50.61497704575735,51.23725509643555,18708000
2021-07-12,91.22000122070312,91.9000015258789,89.6500015258789,90.80999755859375,28526600,111.41394325953205,112.82971660028387,109.87865216694145,112.73777770996094,10668700,43.738896999788224,44.89298200034978,43.00646243804677,44.14146423339844,33142000,20.14768717026247,20.4391013746128,20.09567556838624,20.4189453125,321984000,405.9581450244714,407.74820336371283,405.52928784657445,407.4964599609375,52889600,51.48433526446223,51.94189247029632,51.34707019724267,51.9144401550293,15392800
2021-07-13,90.4800033569336,91.41000366210938,89.83000183105469,90.26000213623047,30367600,113.25263178822686,115.35790514922283,112.27813406219633,113.90535736083984,13460200,44.103304750797555,44.30322258922358,43.80069810642585,43.98335266113281,11806000,20.3074610648703,20.367934966049543,20.022268645532385,20.15764808654785,290708000,406.7133297443053,408.20504032687353,405.84628310421715,406.1073303222656,52911300,51.813781952657045,52.43606009120849,51.55755101003637,52.04256057739258,15716000
2021-07-14,90.76000213623047,91.4000015258789,88.94000244140625,89.05000305175781,28108500,115.05450699913153,115.63368416668293,114.06162584279801,114.3558120727539,10587700,44.45497152371984,44.709417717679,43.68709873084117,43.763431549072266,14020000,20.264903197063806,20.324629020047354,19.66266291046804,19.751007080078125,380100000,407.7948073005834,408.27962958567196,405.47335073456526,406.71331787109375,64130400,52.31709714318918,52.5824812004778,51.548404272507604,51.72227478027344,16263600
2021-07-15,89.77999877929688,89.77999877929688,86.18000030517578,86.93000030517578,38944700,110.4302701880487,110.96347793806812,107.44243827075904,108.0491943359375,23734500,43.91701427378602,44.02333599677696,42.993747505243725,43.37723159790039,12624000,19.721394132584212,19.75648307783893,18.772490778787795,18.879749298095703,550564000,405.3801554114466,406.05142380082106,403.43161916568266,405.32421875,55126400,51.61246181998154,51.61246181998154,50.85291507074664,51.07254409790039,18917000
2021-07-16,87.31999969482422,88.02999877929688,85.68000030517578,85.88999938964844,35860700,109.17077349234256,109.39141140749396,105.87956027970893,106.40357971191406,12110000,43.533531022610966,43.644397359229394,42.46123494857424,42.53483963012695,13980000,18.943704278756737,19.069626505196034,17.99057088100206,18.078168869018555,688224000,406.4989768804911,406.5455812846176,401.7534933885176,402.1450500488281,75874700,51.29215850300878,52.09746010663019,50.23977909742577,50.303836822509766,25263800
2021-07-19,84.98999786376953,87.2300033569336,84.23999786376953,86.58000183105469,39244800,104.80396106793005,106.29328303970831,104.09607775036541,106.04505920410156,9230200,42.117725087572914,42.34399885946032,41.58248365605758,42.31673812866211,14938000,17.833542224992588,18.955152344065727,17.784017850781378,18.69409942626953,749060000,397.3435417608313,402.2102297665294,393.40916924701395,396.20611572265625,147987000,49.79137043698434,50.1574175644655,49.38872138946236,50.00184631347656,27007700
2021-07-20,87.08999633789062,87.7699966430664,85.16999816894531,87.11000061035156,28089000,106.5323188290023,107.44246366279593,105.19928861798665,107.0103759765625,7108000,42.51848159369526,42.91468433864578,42.09864756353005,42.58209228515625,20727000,18.644572891370625,18.75208011096828,18.08115440605644,18.527111053466797,434687000,396.86807940233047,403.15190560272424,396.0756054886236,401.8839416503906,99608200,50.258074980866844,50.84375105705779,49.66325278867619,50.5509147644043,19867000
2021-07-21,87.25,89.48999786376953,86.9000015258789,89.41000366210938,29469900,106.85406524638239,108.36177062988281,106.57826257288336,108.36177062988281,5564700,42.676600807153505,43.55352360155786,42.5739120036296,43.5298957824707,13660000,18.795878605842763,19.43793719732847,18.656517757575788,19.321470260620117,371017000,403.0773163550678,405.2775959293525,401.83734914667167,405.1377258300781,64724400,50.49601305155299,51.50263749879311,50.34044178773768,51.45688247680664,18497200
2021-07-22,89.4000015258789,91.36000061035156,89.08000183105469,91.20999908447266,33730100,108.56401839514272,108.56401839514272,106.8356750745206,107.15744018554688,5746500,43.30997839771039,43.52716295794914,43.12005456947888,43.28544235229492,12583000,19.552414359226333,19.7962958674944,19.18808253655946,19.5046329498291,323826000,405.31490711357736,406.2285867170565,404.33598703643406,405.9861755371094,47878500,51.30131807578444,51.74057259931766,50.95357360223889,51.20980453491211,36691000
2021-07-23,91.3499984741211,92.37000274658203,90.19000244140625,92.1500015258789,31708900,108.15952338552661,108.15952338552661,106.02667121389652,107.368896484375,5773900,43.62167372521521,43.94427525301857,43.330881008947436,43.90519714355469,13489000,19.56635412004103,19.61015406998916,19.162205646075567,19.468801498413086,195672000,407.9066259965436,410.49846168591154,407.22605395977234,410.162841796875,63766600,49.94695461780724,50.06591699778306,47.87879374665417,48.50107192993164,67742300
2021-07-26,92.01000213623047,92.75,91.12000274658203,91.81999969482422,27668500,106.44957551266558,106.73456651587267,105.60379078356704,106.32086944580078,6440600,43.81523283848634,43.9479070552536,43.58986727580578,43.82250213623047,11160000,19.222923942720286,19.353325073529764,18.827733386815776,19.20600128173828,203943000,409.57557855601476,411.1791625832427,409.5289741551596,411.1698303222656,43719200,48.32719927700943,49.910346984880434,48.2814407580941,49.69987106323242,32881200
2021-07-27,92.94000244140625,94.0999984741211,89.0999984741211,91.02999877929688,69427000,106.01746142111132,106.09100973068385,103.011246160351,104.38105010986328,11127500,43.68801012376569,43.78342615346509,42.510297262220014,43.197296142578125,14715000,19.177132989949083,19.532505085696283,18.655522752528007,19.120393753051758,248863000,410.13491566325905,410.16288399022255,406.4802263786354,409.29583740234375,67397100,48.61087861943106,48.68408945107506,47.86963814890082,48.66578674316406,39878000
2021-07-28,93.44000244140625,98.70999908447266,89.6500015258789,97.93000030517578,140561000,104.7487997127819,106.19215217950527,104.69363496569017,105.78764343261719,6819700,43.319065232275264,43.535345035561626,43.102788895511374,43.4053955078125,8359000,19.230886448455678,19.556394670076585,18.908364802076598,19.414047241210938,202191000,409.9205257266722,410.4985568598125,407.71094225553276,409.1280517578125,52472400,48.52851147156189,49.342962661160996,48.44615104278872,48.56511688232422,28478800
2021-07-29,96.58000183105469,105.73999786376953,96.58000183105469,102.94999694824219,164091800,106.64262386008208,107.66308401158366,106.28408456511708,106.78052520751953,7162000,43.47991355517781,44.14873749291206,43.38631397840827,43.992435455322266,9162000,19.429975408460677,19.762453610725807,19.239846550542488,19.572324752807617,190781000,410.05111111743514,411.897078053185,410.04177885549115,410.8249206542969,47435300,48.94032104001591,49.507691029369475,48.79390286563807,49.14164733886719,16886600
2021-07-30,101.5999984741211,106.97000122070312,101.37999725341797,106.19000244140625,125632000,106.18295617192773,107.94807376000826,105.89796520069339,107.23099517822266,6482600,43.79706082716491,44.19508350442409,43.57987624294416,44.10966491699219,11548000,19.32943476558114,19.540467738094375,19.175142927792987,19.410066604614258,183497000,408.2703168786377,410.27478967456426,408.1397790411661,408.8297119140625,68951200,49.095888713238345,49.32466731210547,48.729841558697196,49.15994644165039,16465700
2021-08-02,105.93000030517578,110.33000183105469,103.83000183105469,108.62999725341797,115581900,108.02163063258688,108.83064117102438,107.2493942568903,107.43325805664062,6028800,44.44134198798617,44.94568630822763,43.93790936309301,44.044227600097656,15619000,19.610156159603356,19.86996551369806,19.27270151772006,19.659927368164062,217444000,410.53585279390853,411.08591559023773,407.6177003787268,407.97198486328125,58783300,49.40702732356989,49.846281810721166,48.99522515096421,49.12334060668945,18098100
2021-08-03,108.1500015258789,114.8499984741211,107.66000366210938,112.55999755859375,157723100,107.84694350043203,109.0696579775812,107.41485590219483,108.85821533203125,5874700,44.11783774146679,44.32412008960563,43.61530985600298,44.2359733581543,11135000,19.649967848258107,20.129769849720965,19.13233905420484,19.724626541137695,301811000,408.7644786802241,411.4122517302362,406.5828634584257,411.2910461425781,58053900,49.315517137708795,49.56259845804355,48.738994056927694,49.47108840942383,16375900
2021-08-04,114.36000061035156,122.48999786376953,114.16000366210938,118.7699966430664,225368700,108.87659961120953,109.90625502190649,108.73869826837321,109.16159057617188,4254000,44.39409763678509,44.52586363672152,43.98335281116968,44.3277587890625,12123000,19.89882869548474,20.225333759526567,19.737566897497963,20.181533813476562,231309000,410.0137549202648,411.2630544145641,409.03483491751217,409.2679138183594,46732200,49.644953697078506,49.818824167594194,49.14164150063059,49.32466506958008,17612700
2021-08-05,116.62999725341797,117.68000030517578,111.58999633789062,112.3499984741211,137860900,109.4649734114058,109.6212583286081,108.70192538418917,109.60287475585938,4452300,44.56674302261994,44.56674302261994,44.06330697496395,44.31593322753906,8372000,20.4065028973456,20.63844002549978,20.249222567431012,20.542877197265625,211435000,410.4239672459952,411.9436461991985,410.10698336189347,411.8597412109375,38969700,49.72808691052914,49.75571761728424,49.35045202607711,49.63597869873047,15310000
2021-08-06,110.55000305175781,116.26000213623047,109.69999694824219,110.11000061035156,143899000,108.8214588416248,109.03290152150481,107.97566708024051,108.67436218261719,4338100,44.079671224382516,44.356833555261424,43.985163424563225,44.11238479614258,9964000,20.430389736170728,20.476179458259256,20.117820818881334,20.273109436035156,178497000,412.1767254379363,412.9598671143708,411.8970136914866,412.5403137207031,46930000,49.60835094891857,49.85703786524464,49.48861202322767,49.663612365722656,19256000
2021-08-09,111.30999755859375,112.33000183105469,107.05999755859375,107.58000183105469,115749900,108.86740412505846,109.2075598349248,107.8561393026402,108.68354034423828,4280200,44.20870714719241,44.23960425988959,43.70981566642955,44.044227600097656,5952000,20.35274874502735,20.414466247960842,20.0511311729326,20.202438354492188,146443000,412.51233301113086,412.8293168859831,411.4401758119517,412.2046813964844,41222600,49.81098612050145,50.11493445733626,49.58072084482658,49.78335189819336,14670100
2021-08-10,107.9000015258789,109.16999816894531,104.36000061035156,106.4800033569336,113012300,108.94094352976074,109.44657940657714,104.87749398609225,106.97357177734375,5132800,44.15510116770208,44.205081493523544,43.421758268026,43.82432556152344,9319000,20.229320630984642,20.33682789214191,19.744540215181463,19.845081329345703,179238000,412.6522603659039,413.4260983713757,411.9716880778355,412.717529296875,43339300,49.95835851041347,50.096515575292926,49.28598077643614,49.682037353515625,16215700
2021-08-11,107.5999984741211,109.79000091552734,105.62000274658203,107.68000030517578,91788300,107.1022922650804,107.82856616159962,105.9071565844378,106.63343048095703,4490400,44.05604281197447,44.161456289795616,43.599862338188714,43.94154357910156,9816000,19.95159047465114,19.95756362727722,19.341387176434115,19.609159469604492,185925000,413.78028154445127,413.83621819957546,412.66149153794436,413.74298095703125,44034300,49.97677543642494,50.06888365769298,49.589931447807274,49.866249084472656,18590800
2021-08-12,107.38999938964844,108.44000244140625,105.86000061035156,106.5,60578700,106.22892695541839,106.59665453040789,105.20846680272857,106.3668212890625,6338400,43.82613898138608,44.0733124399104,43.32179461325705,44.006065368652344,8702000,19.779376396027782,19.937649714347675,19.53051661292987,19.81421661376953,151652000,413.5938909226204,415.12290234474574,412.69887580714226,414.9830322265625,38909400,49.893879875474816,49.90309245440134,49.05571438519962,49.31361389160156,15070100
2021-08-13,107.16999816894531,111.70999908447266,106.56999969482422,110.55000305175781,100135700,105.78765464437122,106.20135171465814,105.25443978768016,106.18296813964844,4593200,43.85612435094779,44.43407334637081,43.810685176796625,44.1787223815918,8582000,19.81421982888038,20.121810585889133,19.7604652564139,20.095928192138672,183063000,415.43054010755844,415.756856285703,414.9457461970688,415.73822021484375,39470300,49.276771931816405,49.33203686615766,48.871506287355636,49.26756286621094,15281100
2021-08-16,110.19999694824219,111.58000183105469,105.87000274658203,107.4800033569336,73325400,105.81524352287609,106.16459460669671,104.89591037843067,105.3831558227539,5435900,44.05786731408915,44.428625782909634,44.01878920369577,44.3586540222168,9188000,20.043166397287347,20.194473564961584,19.36427582596979,19.859010696411133,210876000,414.4423104279769,416.84767249312245,412.8946629015271,416.7171630859375,73740000,49.02808166962764,49.26755952194794,48.81623803938691,49.24913787841797,17690300
2021-08-17,106.63999938964844,108.69999694824219,105.3499984741211,107.55999755859375,74053900,104.55573419993772,104.66604965942619,101.81611906140114,102.14707946777344,13398800,44.126921899397885,44.18417498119564,43.120961402538086,43.499900817871094,16499000,19.595219037943533,19.679832352567306,19.179126204409833,19.36925506591797,204585000,414.17188917128794,414.8431575675143,411.0113539592329,413.9854431152344,92673900,48.97282492025127,48.98203750033989,48.09781954460297,48.53071594238281,22014900
2021-08-18,107.3499984741211,108.06999969482422,103.2699966430664,103.44000244140625,79387900,102.72625397676326,103.88461536867487,101.47596069970544,101.54031372070312,9167300,43.31451591794336,43.35359055182983,42.5602701016713,42.61661148071289,15616000,19.411060357563738,19.54444995723382,18.91334086121595,18.95315933227539,285913000,412.97849742393936,414.53547694662274,409.2119630019986,409.454345703125,89351900,48.447810062711895,48.843866597244194,47.996492113592176,48.07017517089844,15061700
2021-08-19,103.31999969482422,106.18000030517578,101.9800033569336,103.69999694824219,71117500,100.20727723592799,102.01836401095656,98.99375819583084,101.60466003417969,12146900,42.37852940827288,43.240005257221014,42.04320924254875,43.03099822998047,14044000,19.405092071189426,20.4015281044792,18.676430196540903,19.707706451416016,766555000,406.741308348979,411.28170912890874,406.60146670220803,410.08831787109375,92812200,47.9412360557797,48.51229303144734,47.50833966928201,48.30044937133789,22999400
2021-08-20,104.31999969482422,105.9800033569336,103.98999786376953,104.6500015258789,55227600,100.33600147113079,100.86002099228034,99.03974560889937,99.39828491210938,13042000,42.96647504318853,43.27635090462259,42.75019527374047,43.180023193359375,10007000,19.89982729696695,20.769841836804602,19.842093151241713,20.721065521240234,675741000,410.4333164331078,413.67775658772473,409.94849410047595,413.3514404296875,72008700,48.04254900439951,48.245183579889876,47.360962213657935,47.904388427734375,25728300
2021-08-23,105.30000305175781,109.0199966430664,104.86000061035156,108.7699966430664,68835300,101.20017530020661,102.34934151587768,100.45551082296306,102.00918579101562,9533500,43.28543836973379,44.18144419330203,43.22818875787252,43.84157943725586,15707000,20.87535498538819,21.89667462197285,20.854450854471086,21.857852935791016,575807000,415.02971044931985,417.8919268217838,413.4261261139609,416.9875793457031,54973000,48.43860900579038,49.313617854957734,48.337291710871995,49.0280876159668,23976300
2021-08-24,109.44999694824219,109.61000061035156,107.27999877929688,107.6500015258789,51239300,102.79981410146634,103.94898033270879,102.78143052790624,103.06642150878906,6719800,43.83704810993033,43.89520596359544,43.63349042231818,43.7489013671875,9429000,21.653790746731485,21.858850614050873,21.43678457528005,21.693607330322266,297299000,417.64947509765625,418.18090188764904,417.1367128313938,417.64947509765625,38744700,49.3320401457305,49.709675104910396,49.10177484102156,49.56230545043945,20348800
2021-08-25,108.12999725341797,109.91000366210938,107.44999694824219,108.30000305175781,45485500,106.37601176602566,109.56609813368836,106.28407987644087,107.58953094482422,22106800,43.76161352455797,44.18871330653161,43.76161352455797,43.92881774902344,10017000,21.637863490780983,22.367520297278727,21.62293250890913,22.111692428588867,347701000,417.83588293403466,419.03854953793854,417.4629339431671,418.5257873535156,40529700,49.810992401153484,49.94914947583703,49.48861886641913,49.56230545043945,15048400
2021-08-26,108.56999969482422,109.2300033569336,106.83999633789062,107.2699966430664,51442500,108.46291145659355,108.90418737297156,106.96439416342619,108.57322692871094,9892100,43.89155917731286,44.35592060062588,43.673466411133546,44.14055252075195,10836000,22.098746013128036,22.238106862114968,21.690616185109878,21.967348098754883,237940000,418.2460947166087,418.4791736205417,415.9619385292738,416.05517578125,57829600,49.507034842265185,49.507034842265185,48.788608298198675,48.935977935791016,19570000
2021-08-27,108.01000213623047,111.77999877929688,107.80000305175781,111.4000015258789,61030000,108.78467306595894,109.67642717763748,108.19630052063674,108.9317626953125,6827700,44.34683498445046,45.11289481421556,44.222341769134005,45.06745910644531,16459000,22.082820582434145,22.61836691419927,22.065897920601948,22.532758712768555,304722000,416.8569028569734,420.1479754421771,416.8009662029935,419.7750549316406,77235100,49.14781747368904,49.6820310478453,48.742548368912885,49.63597869873047,16525000
2021-08-30,112.61000061035156,114.48999786376953,111.26000213623047,111.31999969482422,56130500,109.29030652284608,109.86029551834135,108.91338363317746,109.39143371582031,6434200,45.43640201001644,46.1497533829128,45.277375296285854,45.335533142089844,19614000,22.725876717636822,22.937904612772638,22.448149850901924,22.584524154663086,262580000,420.4463974226872,422.4042660135,420.203986244658,421.6211242675781,48357400,49.976776641541825,50.53862450733223,49.516246064804704,49.682037353515625,14581300
2021-08-31,111.26000213623047,111.26000213623047,109.02999877929688,110.72000122070312,49339000,110.32916123554467,111.05543518633174,109.12483017119811,109.40982818603516,8424900,45.553630869604305,45.553630869604305,44.77303240401529,45.18286895751953,17378000,22.59547280041693,22.59547280041693,22.022995550957603,22.286832809448242,259850000,421.5278256069639,421.86344554117693,420.3997317809541,420.99639892578125,59300200,50.14257276377308,50.19783770319384,49.424146119152276,49.792572021484375,22350100
2021-09-01,111.30000305175781,111.8499984741211,109.8499984741211,109.98999786376953,38579600,110.52221330338512,111.5702523520385,109.91545016260994,110.74285125732422,8603900,45.097442464049344,45.36733547833619,44.79029473631939,44.8148307800293,12586000,22.386399914481622,22.597470150724345,22.258960958809393,22.342592239379883,201767000,421.9287838685606,422.4415461141893,420.987135922643,421.22021484375,48721400,49.83861491296742,49.88466726361785,49.304397807428884,49.433345794677734,18615000
2021-09-02,110.31999969482422,110.87999725341797,108.7699966430664,109.19999694824219,40090500,111.18411256731541,111.59780952728156,110.74282973125915,111.04621124267578,6866400,45.05382396150129,45.071090708568455,44.5422103498967,44.7003288269043,16991000,22.419251447689817,22.493923309725275,22.197229795135584,22.297786712646484,187834000,422.6373493891215,423.31792162382027,421.3227808707356,422.5161437988281,42501000,49.55307948608572,49.635975113933156,49.13860134684855,49.48860549926758,15869500
2021-09-03,108.8499984741211,111.16999816894531,108.5,109.91999816894531,42605800,111.77249854777051,114.4385654293145,111.47831229274209,113.9697036743164,10361400,45.064731670880725,45.981637233075915,44.98567416207582,45.22557830810547,25191000,22.227098408861508,22.885199011095356,22.102646574319134,22.742826461791992,280532000,421.38804973614276,422.92636491207014,420.98713237168766,422.41357421875,47170500,49.22150241596659,49.8109844533629,49.11097607114129,49.28597640991211,13456200
2021-09-07,109.95999908447266,110.58000183105469,108.66000366210938,109.1500015258789,28815200,114.56727442967636,115.17403052770263,113.89615829193667,114.64081573486328,9739900,45.21830170225499,45.21830170225499,44.618541388139214,45.126522064208984,12398000,22.732867877774773,22.798578424834954,22.42323092316532,22.562618255615234,198107000,422.0686539613797,422.1618912265063,420.2319908012583,420.90325927734375,51671500,49.341249481251324,49.69125373011876,49.22151053834962,49.41493606567383,13915000
2021-09-08,108.87999725341797,109.30000305175781,105.5199966430664,106.16999816894531,43067900,113.05036101383736,113.2066459140584,111.45072382826552,112.05747985839844,7983300,45.40187656832577,45.42640914961821,44.35592960093762,44.92570114135742,13987000,22.414274113005263,22.510848859948066,21.88062343636692,22.241037368774414,254434000,420.37186685720667,421.09907201222666,418.4792385496857,420.3905029296875,56181900,49.48861720812654,49.663617568956234,48.80703389662597,49.34124755859375,18235100
2021-09-09,106.55999755859375,107.30000305175781,105.83999633789062,106.1500015258789,31857900,112.33328891523252,113.52841747281512,112.04829094770888,112.78376007080078,5101300,44.786660270796226,45.31826532986329,44.786660270796226,44.844818115234375,13174000,22.21415061470284,22.43915932071534,22.033944636377743,22.079742431640625,196856000,420.194679042839,421.9381047734719,418.3486837946311,418.5910949707031,57970400,49.42413619416191,49.63597981571256,49.12939693691152,49.184661865234375,13495800
2021-09-10,106.98999786376953,106.98999786376953,104.9800033569336,105.19999694824219,32602300,113.0963469648964,114.30986629145387,112.97683619527982,113.05038452148438,5163900,45.16833048265039,45.980730827657105,45.11925839026139,45.268287658691406,16110000,22.249995986999718,22.52677674082894,22.1723389246809,22.379426956176758,248376000,420.5116222919028,420.9311472268283,415.16944383774626,415.2906494140625,89948200,49.5991405533867,50.63994061635902,49.56230077841897,49.58993148803711,20324700
2021-09-13,105.26000213623047,105.27999877929688,102.62999725341797,104.80000305175781,37767800,113.02281007883273,114.08923279474422,112.34249855572993,113.64795684814453,6622800,45.61815016910091,45.66086119296286,44.82392133044266,45.341896057128906,14927000,22.58452386410975,22.86329666367151,21.762145909437695,22.05485725402832,297500000,418.2740814053361,418.535128633361,414.0506644540541,416.3534851074219,83738600,50.29915043897908,51.10968524243778,50.11493750452445,50.64915466308594,22639200
2021-09-14,105.5199966430664,106.81999969482422,104.41999816894531,105.7300033569336,40629500,113.6571232831943,113.6571232831943,112.52634775016448,113.16068267822266,5110500,45.61815241027554,45.9289365682513,45.28737334947216,45.60633850097656,14134000,22.177318823418137,22.311727046467276,21.989148450540036,22.14446449279785,199755000,417.7893195077674,417.99443010602226,413.2209781306569,414.106689453125,78197100,50.99916352193996,51.0636375322649,49.98599749091659,50.21626281738281,22072700
2021-09-15,106.0,106.31999969482422,104.02999877929688,105.5999984741211,37998900,112.53554037309141,112.6182769649804,111.12895518539995,111.69894409179688,5566500,45.62905067811626,46.40873736648336,45.38369370909214,46.32149887084961,23346000,22.21116747444568,22.268913686849235,21.86967123574188,22.243026733398438,166538000,414.5261935331129,418.05967793066094,413.426067858019,417.5655517578125,78792200,50.354412154304825,50.796524605009346,50.12414686328225,50.768890380859375,18796200
2021-09-16,104.91999816894531,106.75,103.76000213623047,106.22000122070312,38150300,110.77307007553662,111.81618061668689,110.17304787074171,111.50232696533203,7301400,45.90893624967011,46.267884204336575,45.45548050541949,46.104312896728516,17569000,22.085723205642353,22.179310858145648,21.830845305683194,22.14446449279785,156033000,417.04340609771833,418.01299380157405,413.9667476565997,416.903564453125,77786700,50.52942743923462,50.61232310327242,49.958370372290965,50.50179672241211,19863100
2021-09-17,105.55999755859375,105.9800033569336,103.70999908447266,103.87999725341797,44528300,110.94847903518509,111.20694844248743,108.64070640889544,108.69609069824219,10722700,45.79717646323297,46.128863795627524,45.527283372106616,45.98164749145508,34470000,22.202208228860844,22.223116047519348,21.734269978657856,21.80396270751953,294503000,416.13481245625456,416.5556814670835,412.48710977006306,412.842529296875,118425000,50.280727987053304,50.280727987053304,49.43334990759219,49.976776123046875,35359200
2021-09-20,101.58000183105469,102.51000213623047,99.51000213623047,101.55000305175781,45228400,106.34215447773367,107.08987756029171,104.81903025485637,105.88059997558594,8991000,45.345537981746986,45.709027177144954,44.3859212367815,44.9656867980957,30105000,21.05326294994815,21.339004948738907,20.571386303264408,21.020408630371094,349440000,406.7442992472896,408.31560037858753,401.1137607120605,405.9586486816406,166445500,49.0096685266032,49.2767771337626,48.189924571969726,48.79782485961914,35051900
2021-09-21,102.1500015258789,103.43000030517578,101.18000030517578,102.81999969482422,35481500,106.75757593202921,106.96066107439384,105.74215726297004,106.1206283569336,8182200,45.17347281037941,45.197273787725095,44.5793877052151,44.94462585449219,16935000,21.323077843301743,21.331042182861882,20.85812676400177,21.152828216552734,204688000,408.2875359159857,409.5782577328852,405.05139775953694,405.5751647949219,92526100,49.00045455573499,49.23071984639768,48.65966290935366,48.696502685546875,17968900
2021-09-22,102.81999969482422,104.55999755859375,102.20999908447266,104.37999725341797,34126300,106.36982800859319,107.30216280727389,106.07443348017495,106.96061706542969,5345600,45.24303619480384,46.044000429129404,45.05721330256737,45.82339096069336,20610000,21.272302669855954,21.86369765838028,21.103048096770816,21.84478187561035,268726000,407.83859908430554,411.561112902549,405.68741498694294,409.531494140625,102350100,49.18466683579979,49.61756318725187,48.81624097021941,49.276771545410156,18594100
2021-09-23,104.88999938964844,106.86000061035156,103.88999938964844,106.1500015258789,32816700,107.9760510494383,107.9760510494383,106.70215623777727,107.25602722167969,5484700,45.99915063474105,46.436706578368025,45.82339495256849,46.16300582885742,18370000,22.04290644543416,22.436174664784662,21.794002797589656,22.383407592773438,248555000,411.39280997305156,416.1067425610066,411.15898434825647,414.5073547363281,76396000,49.50703853317368,50.013621480566655,49.36887795044397,49.76493453979492,16474300
2021-09-24,105.19000244140625,106.05000305175781,104.68000030517578,105.80000305175781,26482600,107.08064132833275,107.59758010175102,106.6467789823156,106.74832153320312,4455900,45.97718368875943,46.272852157518905,45.84536692492722,46.21976089477539,10605000,21.973215656561944,22.051869687132683,21.765132553304515,21.984167098999023,217655000,412.8799566078013,415.9009940953473,412.6648267475049,415.1901550292969,62094800,49.53467221318984,50.12415084283758,49.488619854042945,49.93994140625,12976200
2021-09-27,105.06999969482422,108.44000244140625,103.44000244140625,108.16000366210938,51944300,106.80370531819412,107.60681265979184,106.16676491614598,107.21910858154297,5198800,45.74925063114921,46.30214492894724,45.52955602953893,46.21335220336914,9831000,21.614790036559732,21.70340042651335,21.23148012245108,21.56501007080078,245215000,414.16127425016805,415.32104015057223,413.31014559826434,414.0022888183594,61371100,49.68203446862531,50.538621572702404,49.57150812042579,50.34519958496094,13899900
2021-09-28,106.83999633789062,107.6500015258789,101.41999816894531,101.5199966430664,74469000,105.53905358766755,106.1944601320852,103.24974017042665,103.2958984375,9792300,45.494777806007264,45.9021251285221,44.90343732620138,44.9473762512207,20124000,21.1209676506168,21.325068556326013,20.560435036406435,20.608224868774414,343069000,411.2431502653508,411.57051184242243,404.9298585168966,405.6593933105469,130436300,49.903092156797626,50.280727078437245,49.70045758445512,49.737300872802734,24691300
2021-09-29,102.30000305175781,102.66000366210938,99.80999755859375,100.3499984741211,52224700,103.66513653963624,104.17284222980605,102.4835511832454,103.03742218017578,6522400,45.186291247126256,45.244875317548356,44.63888968263266,44.8064079284668,15783000,20.848174042522803,20.92483604642628,20.377246777573124,20.42702865600586,218394000,407.03427776898445,408.7645930197675,405.7809759041746,406.3421630859375,82329200,49.73730251061843,49.78335486578473,48.98203264246867,49.26756286621094,20514300
2021-09-30,102.08000183105469,104.44000244140625,101.98999786376953,102.9000015258789,57636700,103.78514074490938,104.63439929858612,103.06511688232422,103.06511688232422,6433400,45.267748984195315,45.267748984195315,44.348701810706245,44.389892578125,15735000,20.67692077072618,20.973614214240555,20.597271689828297,20.62514877319336,221009000,407.81049668716884,408.51197340892935,401.03891720025194,401.3756408691406,140506000,49.516247586987625,49.71888217132339,49.055716996093295,49.07413864135742,20534100
2021-10-01,102.5999984741211,103.0,100.63999938964844,102.44999694824219,41491600,103.38819531031585,103.66513079343038,101.81891302003189,102.98202514648438,5315200,44.65720363834076,44.73135123995739,43.709777193816834,44.61143493652344,16052000,20.659003463241838,20.7675247129361,20.114401382383377,20.651039123535156,240978000,403.0966246093554,407.8198901478323,399.58924073132897,406.14569091796875,129240100,49.41493066850416,49.83861794194864,48.86229188640457,49.60835266113281,19895100
2021-10-04,101.73999786376953,101.8499984741211,99.81999969482422,100.33999633789062,41967100,102.46510335688471,102.86204052547325,100.17578984072595,100.63734436035156,8514500,44.38990356206259,44.539110135184366,43.27770717150465,43.56788635253906,20093000,20.414083578048384,20.451917043098803,19.469245817551954,19.645469665527344,345635000,404.9858938081727,405.8837760194499,398.7754728675334,400.9079895019531,128570000,49.67282513889943,50.04125098236023,48.88992461350677,49.24913787841797,27353300
2021-10-05,100.91999816894531,102.87000274658203,100.61000061035156,101.80999755859375,31455200,101.35736640118022,101.8650721024011,100.82196151530007,100.85888671875,8039600,43.566975071401146,44.83478582704513,43.51113565301648,44.43476104736328,16557000,19.862516117895748,20.557455206159453,19.76693642818016,20.361318588256836,279282000,402.40448811569496,407.3148256262935,401.6095039247003,405.0794677734375,90682500,49.322827767640554,50.05046697675313,49.25835376314397,49.691253662109375,18129400
2021-10-06,100.44999694824219,103.72000122070312,100.3499984741211,103.63999938964844,39071700,100.10193918774188,101.0988915251057,99.30806490831857,100.93273162841797,7553600,44.22513573304519,44.79450852014421,43.91115904954152,44.74232864379883,12042000,20.031766035969262,20.62913326033317,19.991940541553486,20.609222412109375,297202000,401.4973037523077,406.96882922021376,399.8792486552272,406.7630615234375,113032200,49.25834913170652,49.801775342489904,48.880714206488875,49.71887969970703,20059600
2021-10-07,104.5999984741211,107.94999694824219,104.45999908447266,106.44999694824219,41543100,102.4651009760641,103.12050753357224,101.99431340501127,102.30817413330078,7821900,45.09475799719765,45.76024614063484,45.09475799719765,45.21284103393555,13261000,20.999507750816413,21.22850061256001,20.880035030674634,20.98258399963379,256919000,410.0272637647416,413.10438834176847,409.8495540118839,410.27978515625,72437500,50.03204324898936,50.64915606951296,49.84783030941949,49.90309524536133,20704400
2021-10-08,106.55000305175781,107.27999877929688,104.88999938964844,105.05999755859375,30623000,102.44662011479133,102.52969652820565,101.08964902026626,101.57889556884766,5143400,45.47829945014509,45.58631524678594,44.97117378776004,45.114891052246094,10279000,21.00846523888015,21.113004324739432,20.683894639844777,20.739648818969727,151258000,411.04670800109915,411.4301854093212,408.90485751836167,409.531494140625,74557400,50.24388878477891,50.271523010571386,49.460988154196365,49.56230545043945,16068000
2021-10-11,104.62000274658203,107.19999694824219,104.0199966430664,104.68000030517578,31284400,101.61584540018868,103.12051060868184,101.44968549031874,101.7820053100586,5318500,44.967513564189,45.73186158628086,44.93181209688639,45.068206787109375,11186000,20.484773437642136,20.970632383544228,20.421053017517437,20.604246139526367,163388000,408.87687942323765,411.77632313075975,406.5012028772224,406.5666809082031,65233300,49.56229935021952,50.11493460807374,49.20308256768807,49.22150421142578,14398800
2021-10-12,105.16999816894531,106.04000091552734,104.33999633789062,105.04000091552734,34039900,101.9758496573661,102.49278842999776,100.21270813351336,100.80349731445312,9294600,45.38858136523325,45.46730336303615,44.12351564796793,44.421932220458984,20991000,20.73666197268602,20.964657828842242,20.437978323976292,20.580350875854492,162134000,407.48324414407466,407.8854173602366,404.7802062753356,405.56585693359375,71181200,49.341244809237295,49.47940538516251,47.90438817117882,48.0517578125,32784300
2021-10-13,106.27999877929688,109.87999725341797,106.25,109.16000366210938,55631900,100.91426615979725,101.58813876558568,100.57271332634804,101.52352142333984,7845100,44.04572031934719,44.43109644807158,43.897428624211734,44.3972282409668,16424000,20.82627159125142,20.897956364840443,20.62217061425667,20.847179412841797,180652000,406.58533954701886,407.83864146494665,403.62044662249696,407.0249328613281,72974000,48.24518104503455,48.42939396638617,47.77543791990943,48.13465118408203,18534000
2021-10-14,110.5,112.22000122070312,109.62999725341797,111.98999786376953,46900200,105.36363439579954,105.91749824899198,102.61277420641403,103.90512084960938,16930500,45.02426377012875,45.69158154064608,44.929063357902805,45.5496940612793,19233000,21.194644976644554,21.65959608070997,21.029372578571422,21.650636672973633,243589000,410.6726212052408,414.02102023777945,410.20496994150267,413.8713684082031,70236800,48.724137645461305,49.73730353424968,48.56755541838991,49.645198822021484,26586700
2021-10-15,112.51000213623047,112.83999633789062,111.11000061035156,112.12000274658203,34203000,105.95444701605868,106.11137385153441,104.27438896338968,106.0282974243164,11558800,46.17215453233561,46.30580105331241,45.86824863608678,46.06688690185547,25103000,21.71435652898172,21.834826198844418,21.56700673526924,21.766128540039062,226994000,415.975750769938,417.388066556168,415.3584477483374,417.0232849121094,66260200,49.92151730477263,50.18862589368611,49.562304002095004,50.16099166870117,25231100
2021-10-18,111.9000015258789,116.87999725341797,111.37000274658203,116.43000030517578,47537800,104.69901466021665,106.48061520251986,104.69901466021665,106.47138214111328,6773800,45.80509779963401,46.13371963489875,45.64673538104396,46.07696533203125,16042000,21.653622673782255,22.19324560945146,21.54908169662989,22.124547958374023,189494000,415.24616843242967,418.5945381490445,414.59144539702993,418.2578430175781,62213200,49.91230843516073,50.253103631272005,49.47941203200918,50.17020797729492,22407600
2021-10-19,116.16000366210938,117.16999816894531,114.47000122070312,116.33000183105469,39593900,106.89602461880463,107.98529351645647,106.73909073688968,107.96682739257812,5406100,46.16484691838617,46.764428433270126,45.93142200050115,46.720489501953125,16383000,22.178308856137,22.28085779315563,21.940358557922448,22.192249298095703,161473000,419.87598933410356,421.5501601721971,419.26801990573733,421.4847106933594,46996800,50.31757390283408,50.861000146657666,50.078096025314736,50.85178756713867,18392900
2021-10-20,116.29000091552734,118.30000305175781,115.41999816894531,116.38999938964844,34244800,107.89296741195827,108.03143515771211,106.66523790793813,106.70215606689453,8205800,46.77630972898169,46.99874896638008,46.54197349653116,46.62893295288086,13458000,22.20718298956857,22.33462191107961,21.885599533351265,22.00606918334961,146276000,421.9429812918315,423.4394708582434,421.8307495694043,423.1401672363281,49571600,50.88863439966881,51.10969064710417,50.7320556726449,50.99916076660156,16850300
2021-10-21,116.5,119.68000030517578,116.26000213623047,119.33000183105469,34794900,106.16676454153047,107.40372717998721,105.79751954522192,107.34834289550781,4640300,46.63168868975206,47.12325081569541,46.55662621623636,47.064666748046875,11787000,22.000097295285027,22.611405016436052,21.98615875079242,22.592487335205078,187590000,422.5415781375362,424.468298903712,422.1113470020355,424.24383544921875,41305400,50.593890635378294,51.64389981294672,50.5017859232851,51.57942581176758,38390900
2021-10-22,120.83000183105469,121.55999755859375,118.37000274658203,119.81999969482422,38992700,107.30216760121687,108.1422000105758,105.44672393798828,105.44672393798828,6283000,47.11866428709776,47.726483044172916,46.96121679687714,47.179996490478516,15367000,22.72291561933294,23.02856856064082,22.46206541817937,22.626340866088867,249384000,423.81362241263184,425.25399624119467,421.86817724672443,423.80426025390625,58845100,46.41227416360024,46.55964381778107,45.26094764232192,45.555686950683594,109971900
2021-10-25,120.5199966430664,123.45999908447266,118.5999984741211,122.36000061035156,47834100,105.60367205771307,105.74213981764129,104.41286059075097,104.90210723876953,6667700,47.370409759705616,48.01209688425828,47.158956073015226,47.78965759277344,12416000,22.87226051368251,23.25258537246077,22.670151571513273,23.064414978027344,230235000,424.88920251258514,426.40438793845834,423.12149569678843,426.0770263671875,45214500,45.89647578058053,46.11752847448239,45.41752359236754,45.50962829589844,43178800
2021-10-26,122.98999786376953,127.19999694824219,122.58000183105469,122.93000030517578,59458900,106.10214614160552,106.43446593070645,104.97595208329264,105.40058135986328,4852300,48.07892237734772,48.97234264917162,47.96633214067112,48.86981964111328,24043000,23.883798283752366,25.14822924579052,23.81908280486491,24.608604431152344,485898000,427.6202741364318,428.8267936967001,426.0863644802023,426.4604797363281,56075100,45.500421101149534,45.53726087593457,44.14646011946501,44.46883010864258,68405400
2021-10-27,121.62999725341797,128.0800018310547,121.05000305175781,122.27999877929688,98245300,105.26211623906843,106.21291736502732,104.96672164612235,105.00364685058594,5394500,48.68215467962009,49.0711938076331,47.77042988468461,47.88485336303711,23500000,24.366678465515687,24.979976430776865,24.175519079784742,24.343778610229492,245990000,426.9188771716566,427.5829340162119,424.4964183538011,424.5712585449219,72438000,44.6898925299763,44.9662102038597,44.091201308587394,44.109622955322266,41081500
2021-10-28,122.86000061035156,123.5,120.26000213623047,121.16000366210938,58002500,104.92056958273635,107.0991002865482,104.80979397023233,107.08987426757812,5714300,47.979141344184946,48.510979380066864,47.91414609542837,48.4761962890625,11872000,24.768901535208865,24.840586291381936,24.415458790011783,24.83162498474121,234204000,425.992866699538,428.74265832035,425.98353308393456,428.6678466796875,51437900,44.33988361321482,44.5425181924508,44.100409257947334,44.28462219238281,31317200
2021-10-29,120.94999694824219,122.56999969482422,119.87999725341797,120.2300033569336,43320100,105.2990342200632,105.40980982585481,104.5143930466352,104.95748138427734,7118900,47.92055715392084,48.71236925667948,47.92055715392084,48.66843032836914,15564000,24.891363736621464,25.596259159623884,24.89036866878223,25.45488166809082,292503000,426.3763620737021,429.8276307113878,426.0864205712987,429.5376892089844,70162400,44.303039717942966,45.38989215132742,44.13724843057452,45.131996154785156,42301000
2021-11-01,119.44999694824219,125.66999816894531,118.12999725341797,125.2300033569336,54559800,104.84671229614392,105.54827000102406,104.63439414679722,105.3451919555664,4955700,48.54668293686061,48.751728935420765,48.05145774074684,48.337059020996094,16896000,25.536516699238046,25.780441190424014,25.116366495463073,25.713735580444336,265740000,430.5196179179532,430.8937616556617,428.5555060107822,430.2764587402344,48433600,45.50042705790092,45.684636496650214,45.132001153262685,45.63858413696289,28013700
2021-11-02,124.9800033569336,128.4600067138672,124.19999694824219,127.62999725341797,53491900,104.8559398014458,105.97290780249398,104.80978858068092,105.3359603881836,4479700,48.28213398875778,49.50600926383566,48.21164942748319,49.16273880004883,16262000,25.708763518692347,26.561008706984403,25.686858734167405,26.28522300720215,294112000,430.44493394260024,432.3249011723894,430.31397788693596,432.0162353515625,48908400,45.69384891609795,45.96095752034319,45.34384465927901,45.92411422729492,27193300
2021-11-03,127.75,130.60000610351562,126.79000091552734,130.52999877929688,59537800,104.7174653465468,105.32671349708677,104.06205893854053,105.24363708496094,6073000,49.343982551695,49.77787900478905,48.860657862819096,49.647891998291016,14038000,26.55304041683537,26.666540795814445,26.119948614532124,26.481355667114258,239910000,431.4550612665384,435.0559818458261,431.0154679198227,434.65380859375,52509800,45.98858231744198,46.46753452474836,45.78594774531292,46.412269592285156,23962100
2021-11-04,132.00999450683594,139.0,130.77000427246094,137.5,84825200,104.65285458557295,108.78837835781938,103.76667092009157,108.73299407958984,14682800,49.77878954051758,50.2611993022016,49.51515601038641,50.22000503540039,15956000,27.109593234066324,31.227455386633288,26.999079939655886,29.67031478881836,1153631000,435.25235142235067,436.7862612009498,434.906294069248,436.70208740234375,52847100,46.595912901976654,46.69793123276029,46.12290306269151,46.66083526611328,24806000
2021-11-05,139.19000244140625,141.22000122070312,134.4199981689453,136.33999633789062,64920600,109.08380202847711,110.33923098368534,107.31143422445264,108.74225616455078,8668100,50.34633264335896,51.231511844017795,50.32893935203147,51.16285705566406,18674000,30.054622412775466,31.26230243845938,29.28102933486203,29.621530532836914,851260000,438.91873147438207,440.20009126070624,436.71143139873345,438.2172546386719,66390600,46.88342382536859,47.83871658272342,46.874150718483165,47.226585388183594,36816200
2021-11-08,137.6999969482422,153.60000610351562,137.6999969482422,150.16000366210938,141493800,109.28687476201608,112.8500760920237,108.04991207331268,111.61311340332031,15776300,51.44204906078447,51.617804754885846,51.08779650950714,51.16560363769531,17231000,30.016792110265666,30.963622039955503,29.775852740634846,30.668920516967773,503101000,439.3115402130442,439.80724933374427,437.9085866401388,438.5913391113281,50405200,47.7274180837511,48.21897766088027,47.35643366218569,47.810890197753906,31647800
2021-11-09,154.00999450683594,155.64999389648438,143.88999938964844,148.9199981689453,98442600,111.92695974513887,113.7916367179538,110.93000039281613,112.41620635986328,10874100,51.187572107472434,51.43564213148437,50.81684114493953,51.060333251953125,15838000,32.14043594172841,32.16831303240709,29.832600226347303,30.522560119628906,646746000,438.9561209854995,439.189946581114,435.73867850639124,437.1416320800781,51149100,47.80161723914619,48.01493407825877,47.087467714463166,47.48627853393555,22508400
2021-11-10,143.92999267578125,146.3000030517578,138.52000427246094,139.8699951171875,82989200,110.40382699848544,111.51156194394585,108.63145953706349,109.1114730834961,9046100,50.73996027011174,51.34411624795039,50.16784273458543,50.23374938964844,18450000,29.22726595064239,30.714713791904344,28.65179963773985,29.32981300354004,636206000,435.45809321974474,437.14165472126496,432.1471431654352,433.6249084472656,69429700,47.282237407994046,47.66249849659056,47.031821051405565,47.07819366455078,25040700
2021-11-11,142.9600067138672,146.47000122070312,140.83999633789062,146.00999450683594,67934800,110.08997544112408,111.20693642642755,108.74223721812744,109.10224914550781,6994000,50.59257479917414,50.99809236545324,50.2374038467813,50.84064483642578,14157000,30.334388087867172,30.45585281899345,29.646418368081974,30.256729125976562,332172000,435.1120661491066,435.1869063329562,433.7465324971055,433.7652282714844,34848500,47.310059238366165,47.36570849573113,46.753580816730626,46.86487579345703,25420000
2021-11-12,146.02999877929688,148.58999633789062,144.25,147.88999938964844,52162100,109.28688434180705,109.68382153127372,108.25299962807068,109.5638198852539,6947200,51.1161721479632,51.79630534285059,50.76649402007675,51.55647277832031,13592000,29.87839638802561,30.54545829095262,29.500061751090385,30.256729125976562,413054000,435.02789318029676,437.59061289028136,434.08322852376944,437.0387878417969,53466700,46.92979782982067,47.208040576695936,46.540263645000906,46.66083526611328,23884800
2021-11-15,148.0,148.97999572753906,142.86000061035156,146.49000549316406,52271300,110.14536376770745,110.44075836108757,108.47453875916014,109.03763580322266,5157000,51.96565361450494,51.96565361450494,51.24615940919047,51.78989791870117,13972000,30.418020909460683,30.509616521619076,29.118743398652445,29.89333152770996,384909000,438.32009084504045,438.4790762545081,436.0660088394629,437.1883544921875,46980500,46.75357709086241,46.95762081360317,46.48461100870471,46.67010498046875,24695800
2021-11-16,145.92999267578125,153.0800018310547,145.33999633789062,152.4499969482422,53100800,108.64070520080914,109.27764564950336,108.15145853631827,109.00071716308594,5555100,51.63611779503357,52.13408765266179,51.51253846974948,52.064517974853516,13194000,29.628493994834404,30.256725389747285,29.575725026340972,30.070545196533203,264484000,436.9264721500284,440.0503784670045,436.85166052357863,438.9186706542969,48857500,46.71648197535279,47.43990817935832,46.68865911527689,46.9390754699707,30927800
2021-11-17,151.97999572753906,154.66000366210938,149.69000244140625,151.33999633789062,54527500,108.92686405605433,110.35768585016699,108.47454260949009,109.90535736083984,6391400,52.00685163141262,52.30160876611387,51.6370355042767,52.144161224365234,12532000,30.284612618215128,30.37521507607435,28.67370771584327,29.132686614990234,428508000,438.6569161093225,438.83462588544296,437.2352664435286,437.8525695800781,47858300,46.92979715769325,47.24513586669924,46.35476899586001,46.58663558959961,23546900
2021-11-18,157.07000732421875,158.88999938964844,152.55999755859375,155.02000427246094,60612700,110.74538150586193,114.05933924528834,110.58845467512437,113.90241241455078,13229700,52.27780133635425,52.79316445103273,52.14415479236264,52.617408752441406,12712000,32.225063319518526,32.616337669436994,31.183648858814088,31.536096572875977,781711000,438.8812515456025,439.60145259969585,436.1688805259715,439.3395690917969,50625600,46.59590905000614,46.59590905000614,45.418026409751654,46.0765266418457,30658200
2021-11-19,155.75999450683594,156.9199981689453,153.4499969482422,155.41000366210938,41668900,112.64699954799026,115.20401563542119,112.63776648524583,114.70553588867188,9071800,52.75197054932698,52.83710374414414,51.80454424561086,52.059940338134766,19612000,32.101608157533384,32.94290388231008,31.76509100701343,32.840354919433594,533867000,439.2274065320901,440.4713748786704,438.18923442659184,438.55401611328125,57315600,46.00232656695102,46.122898175287055,45.668441674487056,45.928131103515625,27607600
2021-11-22,157.13999938964844,161.8800048828125,152.38999938964844,152.52000427246094,58674100,114.00397343148211,118.241040804401,113.73627094833324,115.1578598022461,16076100,52.3308935789116,52.36384690003001,50.57335052793823,50.64657974243164,25898000,33.37001411954836,34.49505972389229,31.760106571634346,31.815860748291016,754335000,440.42457739014736,442.9031231346711,437.11359877761777,437.3193664550781,72762000,45.9559594676656,47.16166508151487,45.82611473759002,46.21565246582031,33389600
2021-11-23,150.41000366210938,152.66000366210938,145.3000030517578,149.9199981689453,62852700,113.28392444614653,113.72701277072386,110.32997176366266,112.02849578857422,10984000,50.56785493814596,50.88274647938579,50.21176912883328,50.81501007080078,17109000,31.39670778185482,32.21809062628642,30.744579503591616,31.606782913208008,532163000,436.99201694576334,438.7503901392518,434.4012394044777,437.8992614746094,73206500,46.52171272752853,46.7906788225031,45.111963428148464,45.538597106933594,44713300
2021-11-24,149.4600067138672,157.92999267578125,147.19000244140625,157.8000030517578,60677100,110.77306795268095,111.5761752307322,109.29609512186427,111.42847442626953,6992600,50.64199945947035,51.17750046850422,50.10740984344453,51.14546203613281,12084000,31.323032237725272,32.71091813220103,30.792368699348174,32.53071212768555,435162000,435.9070933030563,439.1900143055321,435.09338467174774,439.06842041015625,61858800,45.31601243028014,46.1692798870744,45.10269556608158,46.15073013305664,26035800
2021-11-26,155.8000030517578,158.10000610351562,152.80999755859375,154.80999755859375,36245100,108.46530055606162,109.88688917018318,107.5606506951616,108.08682250976562,6766900,50.508356179292136,51.01456697026593,49.73485578251361,50.03418731689453,14219000,32.45703857581968,32.56655680344716,31.212522066253175,31.364850997924805,283069000,432.42769071205043,433.88676011362156,428.15335206646023,429.2757263183594,112669600,45.35310453621495,45.612793974071984,44.62967839960811,45.24180603027344,25269000
2021-11-29,157.5,162.50999450683594,156.10000610351562,161.91000366210938,57438900,109.25917045356229,110.66229288899011,108.83454120280436,110.10842895507812,7634000,50.913871620803704,51.95283879381903,50.68319488655016,51.65899658203125,18703000,32.22407162500823,33.26548239676256,31.89551689877383,33.22964096069336,454964000,434.04579477237445,436.37468863148496,431.8571905656505,434.54150390625,86268800,45.724086801554655,46.493885510599355,45.186158200032075,46.373313903808594,31478900
2021-11-30,163.27999877929688,164.4600067138672,155.67999267578125,158.3699951171875,75182500,109.01915488397225,110.92998994117394,106.85908353355369,108.14220428466797,10561800,51.56105755873556,51.718505098725196,50.52941632862673,50.68320083618164,22574000,33.023541458568594,33.20673647061269,31.724265919380148,32.5327033996582,622066000,432.10974551490875,434.0084084065052,425.84320748519656,426.0863952636719,148559600,45.90959070702544,46.744311953263804,45.149068477343306,45.631351470947266,49460800
2021-12-01,160.3699951171875,160.8800048828125,148.9199981689453,149.11000061035156,64039100,110.05304956619341,114.01318778596688,110.05304956619341,111.35462951660156,12924400,51.580278824161276,52.03797279036466,50.65116063147685,50.78206253051758,21980000,33.077378025602634,33.14707928825368,31.24621570117578,31.300981521606445,484368000,431.77298036427726,434.6069452761653,421.1572932336897,421.35369873046875,131939200,46.224923270658316,46.66083358963109,45.00066796520616,45.07486343383789,35093500
2021-12-02,147.67999267578125,152.52999877929688,146.47000122070312,150.67999267578125,56161200,111.09615063067767,113.91163548949115,110.79152301459062,112.34234619140625,8425500,49.986584502999676,51.18025107986484,49.79710203345161,50.57060241699219,22619000,31.08091852606124,32.33952934929724,30.89272325657991,31.989028930664062,472890000,421.56886098846877,429.36927957856614,421.176021421513,427.80731201171875,127637800,45.084143311127484,46.17855397143902,44.824453845292076,45.90958786010742,37240800
2021-12-03,151.64999389648438,152.3800048828125,140.72000122070312,144.00999450683594,65910000,111.69620017413408,112.48084149407737,108.90841381405839,110.15460968017578,7809000,51.713923953328965,52.08557331531735,50.38295124925397,51.089630126953125,20305000,31.863574209549956,31.992025853618237,30.00154575602389,30.56214714050293,544325000,429.46279691605116,430.5196646058951,419.875947732394,424.0848083496094,137331600,46.076529941788685,46.42896815606743,45.22325903427229,45.67771911621094,32224900
2021-12-06,141.13999938964844,141.30999755859375,134.1999969482422,139.05999755859375,66776500,109.74841741431176,110.31151441112844,107.61603809234953,109.97919464111328,5681200,51.68737403820337,52.02789981998712,50.89098760264778,51.71758270263672,22482000,29.752607234466886,30.112068189261706,27.918461454083303,29.908939361572266,658938000,426.6194532350287,430.9779654861863,424.21571941411963,429.10736083984375,98977500,45.89103164066608,47.49554789906532,45.61279246104828,47.291507720947266,40336000
2021-12-07,143.89999389648438,145.75999450683594,141.0,144.85000610351562,53359400,111.27156280087371,113.15470605839712,111.01309340052474,112.9146957397461,7459200,52.360180997102596,54.288901598434705,52.360180997102596,54.04449462890625,29562000,30.82501943857468,32.310659060877626,30.520322375117104,32.28874969482422,593053000,434.3638735810573,438.544677245548,428.9765215991178,437.9834899902344,95484700,50.695309369970765,51.01064806315403,48.4230161577387,48.75690460205078,91731500
2021-12-08,144.9600067138672,147.0399932861328,142.6999969482422,145.24000549316406,40977500,112.27773562542048,112.82237355152986,110.87461316307132,112.4346694946289,5795700,54.09393297268376,54.09393297268376,53.31493629489216,53.876068115234375,17998000,31.8625799412448,32.15233969224195,31.287043097460884,31.690317153930664,475551000,438.376262173592,439.592143920361,436.6272226459906,439.1431884765625,72238800,48.75690579181537,49.044421634323,47.653222107743524,47.99638366699219,37143400
2021-12-09,145.16000366210938,146.69000244140625,137.8000030517578,138.10000610351562,53019900,111.86234681021469,112.70237232227205,110.30229037569906,110.3115234375,6103900,53.316759185801594,54.02984563736368,53.316759185801594,53.40555191040039,29080000,31.59870601970093,32.067700548302355,30.29827420147728,30.360010147094727,488507000,437.8618166085867,439.24607444800387,435.98187817780683,436.17828369140625,61272600,47.57901875952216,47.84798482590342,46.77212409838139,46.81849670410156,31694200
2021-12-10,141.2899932861328,141.3699951171875,135.82000732421875,138.5500030517578,42224300,110.77307036930227,111.50232726103164,109.1483966985791,109.96996307373047,5973900,57.11837023260399,59.0196304983451,56.624978330254585,57.823219299316406,57087000,31.01719680171708,31.171536668842634,29.733692678385772,30.069255828857422,488825000,438.8719839338528,440.4339230591345,436.3279600988827,440.2842712402344,77159800,47.15239119360821,47.36570803777282,46.41969189973621,46.92052459716797,23783600
2021-12-13,138.25,139.39999389648438,133.4199981689453,133.8000030517578,42174000,109.72072601517851,109.87765284020081,107.44064587213398,107.46833801269531,5854300,58.03559172555687,58.07403784806751,56.86664103714458,56.906002044677734,26898000,30.12003667037444,30.16484489291169,27.9961292011688,28.040937423706055,598344000,439.7698539667308,440.1159113005939,436.10345586445044,436.3840637207031,87724700,47.16165882497211,47.31932993200666,46.3269412975054,46.373313903808594,35726900
2021-12-14,131.6699981689453,137.24000549316406,130.60000610351562,135.60000610351562,50754600,106.56370168007872,107.985290338071,106.38830872221058,107.34834289550781,6267300,56.55632826297027,56.62772771142428,55.43955387030786,56.28812026977539,35956000,27.580907982463,28.555734222401295,27.13382283364954,28.216188430786133,667035000,433.1291924903542,435.60773818463684,430.47293705354144,433.3817138671875,97264100,46.206376308012736,46.62373690051859,45.74264310256259,46.0950813293457,34120400
2021-12-15,135.11000061035156,146.69000244140625,133.80999755859375,146.5,72425800,107.80990226118897,111.24386890963162,107.52374072140636,111.14232635498047,6700700,56.34852838612794,58.66354361256407,55.86978163660139,58.57200622558594,29092000,28.278921661014024,30.369969093174348,27.7193173668591,30.329143524169922,698297000,433.4379460079786,440.3965711333131,430.9313133323819,440.1534118652344,116899300,46.252751806276706,47.09674615132553,45.751922602030746,46.99472427368164,32590300
2021-12-16,147.0,147.92999267578125,137.02000427246094,138.63999938964844,63369600,111.54644668688597,111.92649033844549,107.65335419952423,108.05193328857422,9116100,58.34315801892529,58.64523767496459,55.97596646268002,56.81629180908203,42748000,31.019182853547196,31.027148167923443,27.973224985001277,28.26597023010254,707366000,441.9959589981192,442.2765383624164,434.72863948794816,436.27191162109375,116568600,47.059643884774914,47.671771530730446,46.91124941114943,47.14311599731445,33132300
2021-12-17,136.3000030517578,142.0399932861328,136.11000061035156,137.75,55642100,107.79239136776664,108.90470145175235,107.45869692819193,107.82019805908203,11725600,56.52794541242705,58.583908571971456,56.305506132928336,58.12346649169922,50661000,27.865689688111814,28.79869516682683,27.64164857062036,27.68247413635254,713758000,433.2054531879676,436.19955239682724,429.9297889238789,431.6286315917969,135511600,46.92052613869763,47.31933698071769,46.382593919041334,46.94834899902344,50102300
2021-12-20,135.97000122070312,138.25999450683594,133.52000427246094,135.8000030517578,38195400,107.44943110699026,108.0982845820372,105.58631197569999,106.54104614257812,6980800,57.330749822413416,59.142302707810124,57.219985866145024,59.04526901245117,32770000,27.188586061521594,28.024007803925517,27.029268369795737,27.600820541381836,461847000,426.5696462517917,427.4331314987916,423.43476458066107,427.0389404296875,107134800,46.28984662993073,46.493890364570674,45.40875286617138,46.0023307800293,30140300
2021-12-21,138.19000244140625,144.5,135.14999389648438,144.25,57785200,107.58847469837552,108.91398130694436,106.6708184530265,108.85836791992188,6122900,59.70579527015995,59.83200659882433,58.3423586826293,59.534446716308594,36534000,28.25303433423604,28.99585421850797,27.28418102866078,28.951045989990234,524385000,430.4459816424699,434.7634937029002,428.28723993397614,434.6227111816406,69806300,46.31766842192668,47.15238955531079,46.31766842192668,47.087467193603516,31956300
2021-12-22,142.64999389648438,144.5,140.27000427246094,143.8800048828125,46923700,108.37637750163199,112.56609437652779,108.29295740890409,112.43632507324219,9300100,59.265437402054516,60.54044087762986,58.891410658132216,60.35987091064453,28383000,28.767829354035246,29.42899807324993,28.327712401555452,29.274658203125,395184000,434.3693066437573,439.08100980710736,434.1721824687357,438.9683837890625,58890200,46.966906441226904,47.3193447277365,46.56809553391441,47.272972106933594,23307900
2021-12-23,143.88999938964844,149.02000427246094,143.85000610351562,146.13999938964844,48653800,112.12116427396334,112.89051589724158,111.08300279176032,111.86162567138672,6512500,60.44555570011778,61.79057052001928,60.44555570011778,61.24427795410156,23596000,29.628145129735767,29.930849942052966,29.305527026516437,29.513635635375977,343022000,439.96337355674586,443.1921203922969,439.8601425672733,441.69976806640625,56439700,47.37497816808009,47.9778291131208,47.34715177449148,47.588294982910156,25198200
2021-12-27,147.50999450683594,154.88999938964844,147.25,154.36000061035156,53296400,112.36215996045408,114.25309303157839,112.34361744899134,113.7340087890625,6309900,61.244266329514915,62.303690651373955,61.212940173141185,62.11760330200195,19442000,29.53355068344991,30.954467015008788,29.513635493426495,30.813072204589844,403686000,443.07010328785805,447.99769311603984,443.0231853183026,447.9507751464844,56808600,47.625394517555726,48.28389829917935,47.57902190876616,48.17259979248047,20985400
2021-12-28,155.8800048828125,156.72999572753906,151.3800048828125,153.14999389648438,58699100,114.36432170451653,114.62386736601576,112.9646661574578,113.14077758789062,6321000,62.41886596012457,62.43821550824304,61.44972279215799,61.63120651245117,17247000,31.178507125619166,31.196430036361836,29.884048305079407,30.19272804260254,420591000,448.3823393603987,449.40539702310656,446.82427956917894,447.58453369140625,47274600,48.163328316872565,48.339545651441455,47.88508911670991,48.00565719604492,19290400
2021-12-29,152.82000732421875,154.33999633789062,147.2899932861328,148.25999450683594,51300200,112.89977019538611,114.15112088236127,112.13041868766896,112.53826904296875,5847700,61.70488878491767,62.36817815862523,61.64224349994819,61.9637565612793,14797000,30.143940036691394,30.41776726936443,29.240805294787176,29.873098373413086,343139000,447.6879018485856,449.1708589058926,446.6930004438283,448.1571960449219,54503000,48.05203359166578,48.35809565201856,47.9129122218669,48.07058334350586,14174800
2021-12-30,147.44000244140625,148.85000610351562,144.85000610351562,145.14999389648438,44358000,112.15822510452246,112.6680380473921,111.40741610856485,111.62060546875,4187800,62.00890508231776,62.24843038868373,61.15583822342369,61.27007293701172,11473000,29.69983733274605,30.32715249863817,29.41406215423733,29.45986557006836,308864000,448.57956514884495,449.583861651596,446.4583747572178,446.91827392578125,55329000,48.15405465266499,48.358098396482525,47.90364183362078,47.98711395263672,18359400
2021-12-31,146.16000366210938,148.61000061035156,143.5500030517578,143.89999389648438,49448100,112.48265169731809,112.85342411494963,111.4352261590125,111.51864624023438,3888200,61.44417698681909,61.84399492639125,61.103321386968666,61.30046463012695,12046000,29.547481729051853,29.901964783979967,29.205943733526727,29.285602569580078,266530000,446.43016246165064,447.5752127148281,445.5197306451295,445.7919006347656,65237400,48.12623006118308,48.376646409223184,47.72741923334181,47.76451873779297,16319000
2022-01-03,145.13999938964844,151.64999389648438,145.02000427246094,150.24000549316406,59396600,115.0595179727456,120.1205417114999,114.93901993321437,119.38827514648438,18592000,61.38429744856371,61.87992125491172,60.91446131799837,61.1079216003418,22591000,29.68788338969948,30.580063175803403,29.658010611876605,29.992578506469727,391547000,447.0496642498278,448.5044935235423,444.7501397489699,448.3730773925781,72668200,47.90364142219277,49.36903650810461,47.8572652713572,49.350486755371094,33857600
2022-01-04,151.00999450683594,152.4199981689453,140.6999969482422,144.4199981689453,80200500,121.30697460650602,125.59865265115181,120.77863338554796,123.652099609375,25554900,61.06740188712242,61.925079513847884,60.546896967556584,61.808082580566406,21103000,30.147916396398475,30.33810206507223,28.228136800951273,29.165124893188477,527154000,449.7902944480765,450.503630734945,446.3738192251194,448.22283935546875,71178700,49.68437910719964,50.027540714549765,48.83111164286876,49.28556823730469,45681400
2022-01-05,142.82000732421875,143.75999450683594,135.2899932861328,136.14999389648438,65403200,121.15871544209482,121.31629144025086,117.60857388809038,117.77542114257812,17891200,61.83479311247935,61.83479311247935,59.144756484347184,59.235965728759766,34961000,28.82558189391546,29.29059190225155,27.415620224197976,27.486316680908203,498064000,447.8568948012044,448.62654425027876,439.5222242879312,439.6160888671875,104538900,50.25940110621688,52.095784086568784,49.925516186337504,49.96261215209961,59109300
2022-01-06,136.19000244140625,138.0,131.77000427246094,136.22999572753906,64802900,117.71979758676676,119.57365266687333,115.68982401104338,119.08238220214844,16249000,58.97432308482403,59.75645792008272,58.446452356325935,58.68597412109375,28581000,27.522158750832368,28.316756884231587,26.94961135088401,28.057865142822266,454186000,439.1561460016045,441.9062031753526,436.8471978839519,439.20306396484375,86858900,50.64893875943675,50.70458447701535,49.54525152074919,50.09245681762695,35757900
2022-01-07,136.27999877929688,137.44000244140625,131.1300048828125,132.0,58441100,117.30267171451807,117.84955551591985,114.29942168249383,114.47554016113281,21248100,58.57727443662366,58.95130122808941,56.97523325151868,57.03879928588867,27832000,28.02102409273095,28.300826210955492,26.941644095796043,27.130834579467773,409939000,439.21243352735695,440.385668974707,436.1150747602866,437.4666442871094,85111600,50.25939284259088,50.44488679291619,49.29483066930431,49.56379318237305,30717200
2022-01-10,129.0800018310547,132.4199981689453,125.02999877929688,132.0,84671300,115.96788205606933,116.67234882664533,114.25306786212684,115.87519073486328,11857700,56.09084303857204,57.305039401185795,55.60350224586148,57.22397232055664,29793000,26.467679186121405,27.351893948324527,25.53467353356285,27.283187866210938,594681000,434.2848710913376,437.13815924974546,428.55947603097115,436.92230224609375,119362000,50.055361311170664,51.298166393210956,49.44323364616595,51.20541763305664,49260800
2022-01-11,133.4499969482422,138.99000549316406,131.58999633789062,137.30999755859375,77153900,117.29340726908467,120.08346103778489,116.32940181576875,119.7312240600586,12113100,56.70621600786451,57.85408377350976,56.616855287220034,57.305946350097656,19037000,27.206510950592097,27.94534808174242,26.72457518291045,27.69840431213379,404089000,436.65950709740383,440.9957810759172,433.6747741107534,440.90191650390625,74303100,51.47438749068586,52.01231972486633,50.76023790634472,51.85464859008789,39795200
2022-01-12,138.58999633789062,140.57000732421875,135.77000427246094,137.47000122070312,69669600,120.9640612982607,123.20722456914177,120.7045226813848,122.56764221191406,16389200,57.808953628160715,58.12954599067377,57.09314699462603,57.30134963989258,18806000,27.947334289673307,28.473083012024553,27.490291625249768,27.87962532043457,383413000,442.6289048560433,444.1400470908077,440.1416512981123,442.0939025878906,67605400,52.06796396585903,52.19780869786309,50.834435473816846,51.69697952270508,29136800
2022-01-13,139.44000244140625,141.25,131.80999755859375,132.74000549316406,76618100,130.46504762794297,134.40448956342257,128.76876857964618,129.01904296875,52020000,57.80527653055817,57.84304434311984,54.73569202963941,55.015750885009766,30048000,28.2580102227296,28.358579457679358,26.385029059468522,26.461702346801758,540171000,443.1920315438877,443.83965979140663,434.9793835505829,436.00244140625,91173100,51.938117471154214,52.13288456255021,50.797334244116065,50.95500183105469,29605400
2022-01-14,131.67999267578125,137.0,131.42999267578125,136.8800048828125,71078400,126.14551266627225,133.36628309772985,126.14551266627225,130.38157653808594,28255300,54.88584566674739,55.309616842890485,54.53761713404859,54.94020080566406,25661000,26.187875711062546,27.08105283504242,26.098259251810827,26.827138900756836,395832000,432.8676309216029,436.5281203286654,431.6568437411503,436.18084716796875,95890900,50.871532992305845,51.724803959778015,50.57474401353388,51.659881591796875,30151500
2022-01-18,134.5,136.38999938964844,131.58999633789062,131.92999267578125,56527400,126.75736265351284,127.15593477448073,123.55018659637754,124.05073547363281,15191400,54.19860941140535,54.44918710453422,53.062714367944565,53.228538513183594,35825000,26.14804463261415,26.524433344257982,25.660133902473458,25.792566299438477,424270000,431.5066502940451,431.71314090139424,427.3487102823898,428.45623779296875,109709100,51.2981685923273,51.61350731436344,50.71386376131842,50.78805923461914,35313800
2022-01-19,133.5500030517578,134.57000732421875,128.02000427246094,128.27000427246094,69831800,124.78295292466444,125.96941877828145,121.37186713146274,121.4367446899414,11155100,53.577683208854104,53.86787366173255,51.89641302861871,51.95537185668945,22692000,25.96781525631739,26.42983583830402,24.94519334293258,24.960128784179688,488315000,429.9954920501737,431.3845844979552,423.735095055278,424.0072937011719,109357600,50.667494151824975,50.87153436900016,49.67510531382433,49.730751037597656,30595100
2022-01-20,126.04000091552734,128.50999450683594,121.41000366210938,121.88999938964844,91157300,122.2802803305361,123.04963189197447,118.83210872341584,118.9526138305664,11421900,52.326632942384414,52.52377970872896,50.37083187343026,50.458351135253906,25225000,25.196118325519468,25.469945494898944,23.97534359217132,24.04703712463379,435181000,425.8844802762519,430.5680271579056,417.2025377031272,419.3143615722656,122379700,49.95333488998406,50.1666517118867,48.17259777540078,48.26534652709961,28582600
2022-01-21,120.13999938964844,125.0199966430664,118.38999938964844,118.80999755859375,95685300,117.79395059054245,118.6281867704548,115.18927945815527,115.43028259277344,15573700,50.358849689387206,51.16585838766796,48.9493449222531,49.12346267700195,38010000,23.406779692719766,24.717169013281726,23.163820484440176,23.27434730529785,718958000,418.1974961479108,420.54396743370495,411.0548513028084,411.0830078125,202271200,48.30244602777915,49.27628492359662,48.181874419572225,48.26534652709961,46372400
2022-01-24,115.4000015258789,116.7699966430664,107.5,116.52999877929688,116210100,114.72580966207799,116.85774566833906,111.35179424256411,116.75578308105469,17083400,48.90789826907768,50.070508556448985,47.296642833722316,49.89270782470703,54256000,22.234800479522537,23.280323256927787,20.79894871741768,23.272357940673828,913982000,405.4983319626778,413.3355505734703,394.92045135440037,412.8287048339844,251783900,47.74596613081122,48.3488206590854,46.262021421525446,48.17259979248047,64198400
2022-01-25,114.0999984741211,114.81999969482422,109.86000061035156,111.12999725341797,85102900,116.32012937090555,116.62601714151964,112.80707331612278,113.53008270263672,11370500,48.64166029802108,50.24462567273574,48.293431743109274,49.207305908203125,38158000,22.44988020196596,22.84518895116685,21.906208409712576,22.22882652282715,664616000,406.4651000702844,412.7161024030997,400.9180390545414,407.78851318359375,167997300,47.310058171713926,47.87581322582321,46.60518528433407,47.300785064697266,44095400
2022-01-26,114.55000305175781,117.16000366210938,108.62999725341797,110.70999908447266,94752600,116.21818730652667,117.41392483492466,112.98321175766664,114.08625793457031,13592100,50.85264409857987,52.89504015472917,50.67484336443562,51.32432174682617,49715000,23.140916602745857,23.954432781138927,22.20492373788374,22.674911499023438,755959000,413.65470828881433,416.77082885836546,402.5230342303155,406.7654724121094,186391100,47.42135219275762,48.89602372898467,47.06891401344465,47.940731048583984,54895400
2022-01-27,111.95999908447266,112.75,101.94000244140625,102.5999984741211,125954100,114.93900620807742,115.06877548804458,107.55139314529693,107.87581634521484,18599800,52.4850826801035,52.53483061429479,49.842035663018265,49.95995330810547,34183000,23.46751957498949,23.892699123335404,21.58258875418974,21.85044288635254,573353000,411.34574456850135,414.4712312098772,403.0767833933203,404.7568359375,149878300,46.35476867510513,46.42896768283003,44.31434195671484,44.56475830078125,89642800
2022-01-28,101.55000305175781,105.4000015258789,99.3499984741211,105.23999786376953,98749500,110.03555658434632,110.86052144792119,105.8458476279401,109.01593780517578,14005900,50.056681326204604,51.635693201225216,49.04607717783781,51.59884262084961,30254000,21.918151515078176,22.76054528347654,21.205204558448763,22.74262237548828,543774000,406.10838063603705,414.856030506667,401.54685522592445,414.8091125488281,164457400,44.24942128617774,44.70388138086401,42.94169379804433,44.26797103881836,61945400
2022-01-31,107.93000030517578,114.30999755859375,106.9000015258789,114.25,97206000,110.78637559613935,113.79889007739993,110.12825789655301,113.66912078857422,10189100,51.534357043326295,54.01895283527341,51.22113413148511,53.973812103271484,40288000,23.083165646073763,24.404509712140047,22.953720720505,24.381607055664062,564680000,414.1426701907494,422.6275159894099,412.8004958679128,422.2802429199219,152251400,44.221589231826236,45.325272749442526,43.87842772433257,45.278900146484375,51828400
2022-02-01,116.75,117.26000213623047,112.7300033569336,116.77999877929688,122467900,113.91940061120026,114.2345525928245,111.32400056721721,114.05844116210938,6956300,53.97290087862925,54.712657274261815,53.04705006931538,54.60395050048828,25719000,24.996973791149287,25.03779935981821,23.788148758594023,24.532960891723633,518925000,423.0030527931463,425.7719002894428,419.4927410147947,425.1336669921875,123155400,45.24180779179895,45.47367438120014,44.85227361984658,45.399478912353516,35386100
2022-02-02,129.88999938964844,130.05999755859375,120.63999938964844,122.76000213623047,180065000,117.00607508702815,117.22853573285052,113.59498120620054,115.07806396484375,8562900,55.18249473079185,55.71681420769012,54.68778454089871,55.59060287475586,24443000,25.6840327601272,25.706933518845947,24.448322405650178,25.13438606262207,543419000,427.52703339584536,429.98613051980317,425.2274802659756,429.263427734375,117361000,44.750251526553136,45.98378347412771,44.60185705161216,45.91885757446289,37962700
2022-02-03,120.31999969482422,125.37000274658203,118.81999969482422,120.08000183105469,103599500,112.57533098909457,114.82776487573636,110.53609351814667,111.08297729492188,9926800,54.875722192815154,55.184337974707276,53.44318802401364,53.51043701171875,30602000,24.353725465820713,24.97008589250318,23.678616565700732,23.84589958190918,410178000,423.2563876118731,425.1523255868119,418.3381656483604,419.17352294921875,118024400,45.67771581089341,46.08579971399993,44.75024950001232,44.778072357177734,42145800
2022-02-04,120.33999633789062,124.95999908447266,118.58000183105469,123.5999984741211,86212000,111.6391528545369,112.92758154254004,110.66587612905735,112.17676544189453,5743200,53.09863105621774,54.954936067894884,53.0765193013931,54.36810302734375,20548000,23.869797957184883,24.529971431012495,23.531247360390374,24.21531867980957,354829000,418.9389343536051,424.9740508376599,416.57367327477516,421.1446228027344,118454400,44.72667803570154,45.08180100289884,44.044470470398004,44.86685562133789,32431500
2022-02-07,123.55999755859375,127.62999725341797,122.79000091552734,123.66999816894531,81672500,113.60423707305695,115.03170633370746,112.97392606279435,113.37250518798828,6562900,54.368105742926296,55.42016776783625,53.815361044410466,54.135032653808594,18671000,24.26809450688,25.074640699200273,24.098819192519745,24.622577667236328,376868000,421.904914890702,423.2940075029743,418.4696776323214,419.7930908203125,84472900,44.9790042687875,45.474304846959285,44.82013205232649,45.02573013305664,27558500
2022-02-08,122.37999725341797,128.7100067138672,122.05000305175781,128.22999572753906,84902800,113.08515140718883,114.80923706816482,112.72365025942568,114.67019653320312,7036200,54.20412555088472,55.445040642850756,54.07607276215986,55.29487609863281,14570000,24.255146434255927,25.12243327791411,23.877762561815906,25.000953674316406,410359000,419.29559079665904,424.16686670467533,417.87831319896964,423.2470397949219,81012000,44.83882378891271,45.735973230281395,44.76406311794282,45.61448669433594,28051200
2022-02-09,129.60000610351562,132.9600067138672,127.6500015258789,132.85000610351562,92948900,115.75470549392047,116.37575230343202,113.78962368870067,116.34793853759766,10979700,55.951727034805586,56.35431071532083,55.41832483157083,56.31930160522461,22004000,25.512765352949764,26.61106356618626,25.244913078299707,26.591148376464844,524282000,427.2642403570165,429.7608891004601,427.06714480037397,429.4417724609375,92589900,46.100441077019845,46.69854067273571,45.63317532224748,46.6424674987793,35217300
2022-02-10,128.83999633789062,131.75999450683594,124.61000061035156,125.7699966430664,108939900,115.6805493408107,119.25848988682291,115.27269899715274,115.59712219238281,10474900,54.84162027912719,56.623306844449694,54.22162314130336,54.47865295410156,24920000,25.884171987627038,26.81020536713915,25.49085560163504,25.713899612426758,513200000,423.6224701723359,429.6012734878491,419.7367292271085,421.7265319824219,140103700,45.960255057940024,46.66115361588142,45.56775001171655,45.66120529174805,32762700
2022-02-11,126.13999938964844,127.16999816894531,111.80999755859375,113.18000030517578,164723200,116.32939811007147,117.33048148030547,111.64841153266102,112.16749572753906,9845700,54.478664005181756,55.25250878415078,52.42613263579511,52.825950622558594,27281000,25.80551006541594,26.040503963564735,23.671646883125344,23.846895217895508,605472000,421.8109600128864,423.8758370313711,411.98393963004395,413.41058349609375,153214600,45.74531915931439,45.89484406168886,44.39024772625868,44.51173782348633,37208200
2022-02-14,115.51000213623047,118.37000274658203,113.45999908447266,114.2699966430664,135146400,111.18495178758612,112.66804145832607,109.37744597522831,111.01810455322266,8081800,52.97150093280679,53.6909904713795,52.51732786191226,53.301307678222656,19291000,23.831955659258128,24.768943621881085,23.65371798797429,24.163536071777344,440424000,412.90374279218094,414.48056412906124,408.6049926996046,412.0589904785156,123006300,44.78274889229425,45.025729084764606,44.0257806398751,44.46501159667969,28456900
2022-02-15,117.19000244140625,121.87999725341797,114.36000061035156,121.47000122070312,143975900,113.103686578114,115.50443239856176,112.5846094588368,115.42100524902344,9248700,54.26400748523165,55.831042925119434,54.192151305267245,55.5297966003418,34284000,24.842637114591668,26.4318337340804,24.678341528306753,26.382047653198242,699869000,416.4798044209463,418.8731931731084,415.96356366027453,418.7042541503906,88482700,44.57715216411552,45.28739451802717,44.100539114489884,45.26870346069336,35837900
2022-02-16,119.05000305175781,119.54000091552734,114.22000122070312,117.69000244140625,119109600,114.14186670636131,115.2078348850977,112.68659062398447,114.56825256347656,5749500,54.72739179183396,55.349233989169356,54.09726295717395,55.01758575439453,22931000,26.147047583163317,26.468670452357063,25.443061093040882,26.397972106933594,732676000,416.6674796900843,420.543853789651,414.7996982172283,419.17352294921875,84863600,44.913583905827906,45.31543272468327,44.483696718594615,45.072452545166016,26022900
2022-02-17,116.26000213623047,116.9800033569336,112.26000213623047,112.37000274658203,98179600,113.53933504677421,113.78033815048215,110.90686462989986,111.00882720947266,7976700,54.32573818862382,54.49893173868375,53.32987264008008,53.34000778198242,21424000,25.52072674309447,25.675066590866578,24.06197445592718,24.402515411376953,810595000,416.0011290518587,419.1454057486569,409.618739738148,410.21942138671875,102259100,44.72668059371241,45.10049107507641,44.278105877102625,44.455665588378906,32030600
2022-02-18,113.9000015258789,115.63999938964844,109.88999938964844,113.83000183105469,114321200,111.71330974278624,111.87089280731497,109.79456991938386,110.59172821044922,8389000,53.51872883323377,54.145171265716556,52.81305376987109,53.431209564208984,19708000,24.562831248228793,24.879476296810182,23.001517271399226,23.54120635986328,761255000,410.4728334127503,411.72117196742954,405.3012310451236,407.563232421875,132642900,43.166013996917606,43.18470505700506,41.59600059912309,42.091304779052734,76520100
2022-02-22,115.2699966430664,119.19999694824219,113.61000061035156,115.6500015258789,141648500,108.91397977032594,110.63806546265465,107.2640499742447,108.36709594726562,9793500,53.43120818873292,54.37271855976148,52.49338076789617,53.1981315612793,20204000,22.936789580443467,23.96140174606812,22.901938955709063,23.29027557373047,633422000,405.36695455226914,408.7552449000615,399.70723904825377,403.1894226074219,124391800,41.76421356201172,42.43707741679785,40.979206919746204,41.76421356201172,57093300
2022-02-23,117.4000015258789,118.6500015258789,109.04000091552734,109.76000213623047,120299400,109.88724429909162,110.70293785185055,107.30111604681827,107.4308853149414,8114700,53.45331645085257,53.899199422794645,52.02631030739372,52.06776809692383,22416000,23.700523668904758,24.052019342712313,22.205923511795177,22.291555404663086,566511000,406.08965770586263,406.6528164705641,395.47422526850164,396.0373840332031,132578000,42.21278659149934,42.7174344624404,41.63337805354189,41.72683334350586,38176700
2022-02-24,104.55999755859375,116.95999908447266,104.26000213623047,116.61000061035156,142956600,100.10815983131863,103.79733401821764,96.75268007627561,103.70463562011719,27539100,50.81394820582725,53.956309036363784,50.578109399492824,53.43212127685547,35316000,20.925410290240766,23.698537397446987,20.800943178070945,23.646759033203125,735801000,385.7785993678831,402.42917729930826,385.4219598312815,401.9974060058594,213942900,41.025933601776714,43.726729022000065,40.77360967312874,43.661312103271484,72740100
2022-02-25,117.16000366210938,121.2300033569336,116.04000091552734,121.05999755859375,127821000,104.08469856225797,104.74281629388403,101.3688004763637,103.10215759277344,14258900,53.416469460602514,54.296255274930026,52.879384270831224,54.1700439453125,22380000,23.619868407786754,24.11375214772827,23.281317813989904,24.05400848388672,528866000,403.22697217896933,410.95156547095496,401.5844423836347,410.8670959472656,121804500,43.85756105849812,44.66125867268031,43.22207938984032,44.58649444580078,39266300
2022-02-28,120.30999755859375,124.61000061035156,119.19999694824219,123.33999633789062,124666100,101.37807866871599,101.74884406769615,97.32740233059782,99.1905288696289,26390800,53.52424904660086,54.5652552459326,53.09863638046397,54.117530822753906,25005000,23.889710379569376,24.559841369753713,23.605925632639202,24.281034469604492,477319000,405.49831437664733,411.2894169660434,404.2500045029786,409.8158264160156,145615000,43.92297950403978,44.68929503146708,43.782798356236505,44.577152252197266,41946100
2022-03-01,122.33000183105469,122.43000030517578,112.80000305175781,113.83000183105469,126552200,101.96203167134222,102.99092182941381,99.22759819618737,100.15452575683594,20377900,53.873409568453624,54.13412240298686,52.07790441651481,52.52194595336914,24898000,24.187436042997348,24.273069823879005,23.03337702743395,23.37690544128418,412056000,408.32350426508583,410.3227021337157,400.8804765076019,403.5742492675781,137785900,44.427628377856074,44.764060288341724,43.19404708271185,43.754764556884766,53853000
2022-03-02,115.47000122070312,119.4800033569336,113.30999755859375,118.27999877929688,118354500,100.47894346425217,101.93421937158206,99.97840176039469,101.60052490234375,13342400,52.927283701140425,54.402196215374175,52.84068869178065,53.964603424072266,21771000,23.658746550677243,24.309073132263915,23.319142955312046,24.120845794677734,389642000,405.81744799908034,412.716078231037,405.0665887622246,410.99847412109375,117726500,44.40893896854757,45.78270146570743,44.371556851560456,45.670555114746094,46936500
2022-03-03,118.12999725341797,118.26000213623047,111.05000305175781,111.9800033569336,123916700,101.87860784789112,101.96202793077904,99.7374004524556,100.84044647216797,10841700,54.69239268743937,54.694234162618955,52.90978497108771,53.303157806396484,26454000,24.16267940977901,24.226418496205614,23.37292639017765,23.616924285888672,365095000,413.42002135958006,414.02070302306777,407.1596243152398,408.95233154296875,105501700,45.0257318944638,45.37150758152813,44.50239292529356,44.79209899902344,36389900
2022-03-04,112.0,113.0,106.80999755859375,108.41000366210938,100609400,99.1812371209485,100.21939841052668,96.22433629330814,97.38299560546875,22372100,54.6103956745782,55.81906746282911,53.80154535743094,54.90519332885742,44757000,23.288273750720784,23.583061545150027,22.389965840443992,22.84210777282715,431415000,405.2355105238223,406.7560190318932,401.6031782782215,405.6297302246094,113978200,44.268758868086316,45.10983869558079,44.268758868086316,44.92293167114258,38310700
2022-03-07,108.52999877929688,109.52999877929688,102.81999969482422,102.94999694824219,92600000,95.74236353124539,96.48390145236398,91.82145622610233,92.03465270996094,29422900,55.005603818495096,55.162213517399756,52.51087639912896,52.57536315917969,26494000,22.723594140609173,22.938711412053266,21.24268191605436,21.264591217041016,450821000,405.04783717447077,405.75177851724425,393.6064415917838,393.6721496582031,137896600,44.86685376318743,45.36215786046292,44.483696007722195,44.5584602355957,43813700
2022-03-08,102.80999755859375,109.9000015258789,100.08000183105469,105.52999877929688,135348300,92.88743352942402,95.57552555049304,91.41362172923283,92.69277954101562,25650000,52.710792743442646,54.91072284970941,51.922209171244994,53.059024810791016,26993000,21.22177306748254,22.281416834971882,20.56547024422762,21.425933837890625,557467000,393.8503851373364,400.9742663051877,389.62673813828656,390.6873474121094,164772700,44.56780705096684,45.53037694387971,43.8201825455162,44.3902473449707,44813900
2022-03-09,108.41000366210938,111.70999908447266,106.8499984741211,111.05000305175781,102310300,96.87318549647972,97.9947668127627,95.25106253070027,97.2810287475586,14348400,54.241898493924516,55.42569627196633,54.07699511728817,55.00008010864258,22560000,22.295352427006858,23.124942518382856,22.15592615939423,22.91978645324707,492742000,399.03140239539204,403.1330282597895,396.85387088988057,401.1619873046875,116990800,45.240671276942486,45.28739714050547,43.82018292190762,44.51173782348633,36076500
2022-03-10,108.88999938964844,109.06999969482422,103.06999969482422,106.45999908447266,102557400,96.57657686518051,97.81865629979933,95.02860259155128,96.3633804321289,11811000,53.94434377351524,54.35521766053414,53.09772202694743,54.14425277709961,19323000,22.43876187931811,22.694709732633942,21.792418612832495,22.565242767333984,428066000,396.57234376713836,400.2422276939095,394.620092580412,399.3505859375,93972700,44.19399958053524,44.212690640059584,43.137977889618085,43.60524368286133,36456000
2022-03-11,108.12999725341797,108.19000244140625,104.08000183105469,104.29000091552734,87584400,97.6610863005524,97.6610863005524,93.8977627465195,93.99972534179688,18116400,54.53761884640753,54.76148105710415,53.16680940030104,53.23405838012695,19813000,22.92774970967302,23.05024725471571,21.955745518411543,22.009525299072266,367209000,401.82845214023683,402.4385288577548,393.76598140373204,394.2728271484375,95636300,44.06315963810996,44.184646160792845,42.773505228836,42.8295783996582,27082100
2022-03-14,102.98999786376953,105.23999786376953,101.04000091552734,102.25,89731700,94.10167255536183,94.41683156890556,91.83070310886247,92.04389953613281,17959400,53.152071784230316,53.43028916029127,52.02723269148027,52.30821228027344,25234000,21.779472607816942,22.17086340274915,21.072380103418656,21.242679595947266,385354000,395.04244919429476,398.4776572170098,390.2556430646185,391.3913269042969,95729200,42.894999533239236,42.96976020339688,41.399746915581915,41.493202209472656,35993900
2022-03-15,102.66000366210938,109.69000244140625,101.79000091552734,109.33000183105469,112425500,90.86670427700446,94.67637697607212,90.48666766858504,94.6300277709961,13415600,53.18062938549771,54.97613082250199,52.97519246018994,54.607635498046875,28260000,21.42990862446335,22.943686459312385,21.23471186606526,22.878952026367188,491996000,393.9912112622118,400.627037600933,392.7241399369661,399.9981994628906,106219100,41.5866481939184,41.9604621879354,41.18479939808418,41.8763542175293,34448900
2022-03-16,111.5999984741211,115.41999816894531,109.88999938964844,115.37000274658203,113689800,95.92465948869973,98.53257622700733,95.75700759686565,98.43943786621094,20347100,54.965987900081686,55.984882165220604,53.80613999397145,55.9305305480957,29454000,23.40379479526486,24.49630397600163,23.077138455679332,24.39571762084961,671422000,403.48973577211655,408.92414137534934,398.7122961456911,408.8678283691406,144954800,42.334269616755904,43.57719802856445,42.306234816925524,43.57719802856445,38885500
2022-03-17,112.13999938964844,114.2699966430664,109.70999908447266,111.69000244140625,103201700,98.49531505803506,99.22180418816961,97.56391727970849,99.1845474243164,8042000,55.70942541257105,55.91946947711129,55.056264244817704,55.52056884765625,18174000,24.021260266549067,24.74030282145656,23.808135623978337,24.664615631103516,471941000,406.96253340051334,413.9831848144531,406.587103776138,413.9831848144531,102676900,43.28749839657241,44.193995084018454,42.736124674046685,44.05381393432617,28555000
2022-03-18,111.27999877929688,114.93000030517578,110.55000305175781,113.45999908447266,105834800,98.45807455103282,99.69683550618477,97.69432853093957,99.39878845214844,10218200,55.64035310011249,56.49158205062276,54.905200345453764,56.23363494873047,41538000,24.69747741085638,26.460231824316143,24.523194587296928,26.34470558166504,730719000,412.3788587296018,418.8375640496455,411.6444865688326,418.5174560546875,106345500,43.75476526528211,44.48369870649941,43.315534312264084,44.34352111816406,46237100
2022-03-21,113.7300033569336,117.56999969482422,112.54000091552734,115.91999816894531,101905900,99.39879100022641,99.86448997822147,97.91786455508083,99.58506774902344,10366100,56.16778044162114,56.16778044162114,54.615190442803716,55.76803970336914,25789000,26.398489377058596,27.040849423539733,25.860699040597943,26.62455940246582,591727000,418.34795760108,420.34394183547073,414.9020489062175,418.3950500488281,88349800,44.35286198499278,44.75471079571486,43.98839528804824,44.287445068359375,32910900
2022-03-22,115.43000030517578,117.94999694824219,113.80999755859375,114.77999877929688,101672600,99.09142828438716,100.55372279570118,98.9424083060762,99.69683837890625,10401200,55.80791836859906,56.90047956524541,55.58625020696475,56.70014572143555,19262000,26.617588642474022,27.12649837424718,25.965271190591476,26.415420532226562,547007000,419.77901181940337,424.222912400997,419.77901181940337,423.29083251953125,74650400,44.390244796513215,45.29674146261697,44.296793075555044,45.22197723388672,27923300
2022-03-23,114.29000091552734,117.55000305175781,112.20999908447266,113.91999816894531,90579200,99.19387356351389,100.767938244217,98.12276458740234,98.12276458740234,12905300,56.39036269166637,56.70292279032586,55.570477534236176,55.59088134765625,13839000,26.01905072507215,26.503061308641655,25.47030759151567,25.52906608581543,502120000,420.7676007482886,422.2551645839134,417.7547761355378,417.8395080566406,79426100,45.287396282526515,46.334074144273124,44.913585816149705,45.10983657836914,37126400
2022-03-24,114.95999908447266,120.55000305175781,113.70999908447266,120.52999877929688,121961300,99.45467114759512,100.57235294202128,98.5698459447598,100.51646423339844,10834000,56.263301010495645,58.17296997495966,55.83388332737103,58.099700927734375,26016000,26.058884112048176,28.204065572576116,25.80094361026962,28.034761428833008,877379000,419.8544117415458,424.14766886587796,418.74344361122075,424.13824462890625,64736900,45.47430418467416,48.26855503271474,45.40888726265911,48.240516662597656,51677900
2022-03-25,119.91999816894531,121.4000015258789,117.25,119.66999816894531,95852400,100.30223740265988,100.57234363366344,98.57914568398193,99.40809631347656,7432100,58.159989348404096,58.46883809251775,57.50983043983585,58.32600784301758,14538000,27.771842231076484,28.241910117249173,27.159360096245305,27.578636169433594,579016000,424.7690638457169,426.48260848847235,422.1987468815837,426.2095642089844,77101300,47.371398712671365,48.5769451590064,47.14711315727927,48.436767578125,33239800
2022-03-28,117.69999694824219,120.41000366210938,116.70999908447266,120.23999786376953,92966100,98.3742460814269,99.39878232237001,97.43353223832375,99.03553771972656,8151200,58.04868957592215,58.73687517800026,57.11193973082437,58.69791793823242,14427000,27.642369799622262,28.134346888718213,27.09462031339218,28.103473663330078,425494000,425.6163532676359,429.24114990234375,423.73334501401365,429.24114990234375,68529800,47.99753680464878,48.19378755749413,47.2499123426513,48.13771438598633,22932400
2022-03-29,122.27999877929688,123.70999908447266,119.58999633789062,123.2300033569336,94143000,100.51646515512327,102.23024107989093,99.46398802877306,101.7552261352539,14076200,59.35828359029082,59.85077020780837,58.430810409192524,59.494625091552734,23001000,28.577532381283703,28.827504327820737,27.865459189769126,28.538692474365234,488984000,433.11073878007403,435.04083957177517,430.4368703799773,434.5512390136719,86581500,48.59563654119318,48.866651523646645,47.922772740606554,48.82926940917969,27303700
2022-03-30,123.04000091552734,125.66999816894531,118.58999633789062,119.22000122070312,99476900,100.39537576707448,101.83903818050518,99.20318764816341,99.40809631347656,15456300,59.25348401215062,59.75617433981287,58.18318051288668,58.53190994262695,18626000,28.188133610446798,28.37934706350977,27.390412047597884,27.57664680480957,463487000,433.4120635055574,434.2217721023706,429.76844665097167,431.8680114746094,79666900,48.829269471756035,49.07224608619334,47.866703195203556,48.06295394897461,24623300
2022-03-31,116.30999755859375,116.37999725341797,109.0199966430664,109.33999633789062,147004800,99.62232317964515,99.7992910628231,97.042354002905,97.10755157470703,13021600,58.47532641047866,59.26553462379151,58.24995041081785,58.401126861572266,21731000,27.668267123207887,28.13235904221387,27.15836398762896,27.174297332763672,523440000,431.1053481916122,431.92445220332144,424.7690149308357,425.220947265625,121699900,47.8480111090413,47.90408071465325,46.26865067181949,46.31538009643555,43698300
2022-04-01,110.4800033569336,111.41999816894531,106.0999984741211,108.19000244140625,111867100,98.51396544031289,98.68161736813863,95.1981907633181,95.7384033203125,12085100,58.58755182451832,58.854665967096864,57.38183740417718,58.15071487426758,16267000,27.26293373491524,27.38343868051935,26.1594698017538,26.60264778137207,517235000,426.79325811561665,426.9344779963225,422.86720176985517,426.42608642578125,89048800,46.56770724097482,46.633124162021375,44.23137844658407,44.96031188964844,46598600
2022-04-04,109.97000122070312,110.94000244140625,107.02999877929688,110.52999877929688,90123900,96.88401585692891,98.32768558478024,96.19478333355602,97.6011962890625,9077200,58.09877228048025,59.05407204404722,57.922553653234566,58.88063430786133,16484000,26.618582662321668,27.44518476682431,26.50405367248858,27.247995376586914,397120000,426.6238275552801,430.1827124889648,425.8047234508301,430.0791320800781,59601000,45.016376896744255,46.00698148767193,44.78274404119141,45.978946685791016,23784900
2022-04-05,109.69000244140625,110.4800033569336,106.05000305175781,106.81999969482422,79532000,97.31245557281086,97.42421877280206,95.1050399949581,95.4682846069336,12291000,58.38907897904561,58.640424139833705,56.85410837527094,56.957984924316406,19778000,27.14242826487716,27.2071627020829,25.714298707379786,25.824844360351562,436615000,428.59154184820875,431.0488540116193,423.5074249292268,424.6466369628906,74214500,45.63317669561006,45.77335428728764,44.87620486671351,44.97900390625,25779200
2022-04-06,104.44999694824219,105.73999786376953,101.70999908447266,103.66999816894531,105256600,93.53098138630405,95.13298701358312,92.87900565706373,94.23884582519531,14902600,55.84132351642511,56.72335099502613,55.070591864900635,55.83390426635742,23742000,24.831926142575206,25.19642705051053,23.904737678545857,24.307083129882812,703833000,420.74883235488153,422.6694802657768,417.5288752979102,420.40045166015625,106898000,44.33417227619098,45.01637983107959,44.14726883152921,44.42762756347656,31518700
2022-04-07,103.91999816894531,105.23999786376953,100.91000366210938,103.72000122070312,91895500,93.53096899842745,94.28540607777134,92.8137957912504,93.62410736083984,12431000,55.63262933067994,56.35698429456153,55.0214240932722,55.9312744140625,16583000,24.340947967952697,24.620797799219233,23.381890771561523,24.108901977539062,557992000,419.5248831878406,424.32656069949695,417.5853866950133,422.51885986328125,78097200,44.324829486462484,44.77340418024935,43.70803883688619,44.446319580078125,24117000
2022-04-08,102.51000213623047,102.98999786376953,100.41999816894531,101.0,92746700,93.71727676892537,93.79178321428668,92.32017965785256,92.478515625,11796200,55.40539592024898,55.51762222114903,54.34715001996482,54.44268035888672,20464000,23.819094336633995,23.825070291997637,22.967594779406074,23.02436065673828,524781000,421.76560347137945,424.27000788847994,419.8543512494377,421.3890075683594,79272700,44.18464990974489,44.46501222268933,43.78280106380975,43.941673278808594,22167300
2022-04-11,98.5999984741211,98.66999816894531,95.94000244140625,97.37000274658203,95527700,91.48189775424608,91.63091771478359,90.26176884746364,90.8764877319336,12480500,54.03273227776777,54.65414115153698,53.74057949816272,53.85002136230469,23512000,22.123063188914138,22.228628253478472,21.571330249174363,21.82727813720703,575207000,418.131430249241,418.9693828064198,413.6875578619317,414.1865539550781,89770500,43.82952669972343,44.20333714304272,43.483747494335994,43.5211296081543,30352500
2022-04-12,98.77999877929688,99.58999633789062,94.5999984741211,95.0999984741211,89246400,93.13979330479931,93.27950441595696,90.75541687011719,90.75541687011719,13291500,54.63837424812893,55.517620587821945,53.9947076065944,54.263675689697266,17350000,22.44473805178245,22.631968138584455,21.1948747421812,21.415966033935547,662258000,417.1617012912827,419.67553034639525,411.1078357022038,412.65191650390625,84363600,44.22202684985279,44.77340053449828,43.37160339370002,43.455711364746094,29861400
2022-04-13,95.30000305175781,98.33000183105469,94.70999908447266,97.73999786376953,77728400,92.95351451364566,95.20749575654595,92.67409229748355,94.5368881225586,15776800,54.58180269048993,55.343261020891205,54.354572720970125,54.956504821777344,20266000,21.639052358381548,22.40789137072251,21.367169228856223,22.112106323242188,516943000,412.40712386848077,418.13145732147433,412.22823575440935,417.3782653808594,74070400,43.689346838763264,44.17530363781252,43.5024398291359,43.93232345581055,22171300
2022-04-14,98.37000274658203,98.38999938964844,92.91999816894531,93.05999755859375,73354400,96.8653805909011,97.33107953604966,91.58435625835686,91.61229705810547,17828500,55.18372961677059,55.375717252579264,53.13123022078971,53.22304916381836,27385000,22.412871600546225,22.683759389398876,21.076366219253643,21.170976638793945,569097000,417.6041354302853,418.7151321138891,412.0775109158974,412.18109130859375,97869500,43.68934558017981,43.68934558017981,42.633324036418124,42.680049896240234,36181800
2022-04-18,92.02999877929688,95.16000366210938,91.63999938964844,93.88999938964844,80605800,91.23041755216036,92.99075893922613,90.78335055868429,91.9941635131836,10277400,53.13030259811432,54.83407255178094,53.13030259811432,54.396305084228516,21375000,21.113215008567124,21.997578418558497,20.99271005360588,21.693828582763672,525701000,411.25843764326237,414.0264622248378,410.1286211368297,412.3505859375,66002500,42.549224781554784,43.820188392896085,42.53988103365756,43.58655548095703,25593100
2022-04-19,93.38999938964844,97.06999969482422,92.83999633789062,96.93000030517578,77069500,91.68681094373623,92.62751770019531,91.00688735459063,92.62751770019531,10103000,53.734084309159655,55.52781559723979,53.734084309159655,55.427650451660156,16581000,21.631084290617952,22.281410987109858,21.226746193463015,22.107128143310547,512781000,412.24699734346973,419.72254266588925,412.0775334906012,419.00701904296875,77821000,43.54917028410226,44.857515924550334,43.30619364142451,44.79209899902344,31483100
2022-04-20,97.83999633789062,97.91000366210938,93.19999694824219,94.0199966430664,62489000,93.51234723920035,94.07118453802788,92.11525043913062,92.21770477294922,8596900,56.03793318422705,56.893991322394754,55.196717080823966,55.43693161010742,13920000,22.42482103543778,22.57719456880331,21.11321307776146,21.394058227539062,468974000,420.77700318532357,421.3889750720909,417.53822695074984,418.6962585449219,65224400,45.193944769087516,45.5584114906197,44.838821794152764,44.96031188964844,22787100
2022-04-21,95.16000366210938,96.2300033569336,89.23999786376953,89.8499984741211,76680600,92.90695324445342,93.745212890416,90.72748527095371,90.96033477783203,13038500,56.16221622879477,57.12029697783946,54.78213698885363,54.97412109375,20352000,21.620128118741523,22.30033264038632,19.918124725646763,20.10037612915039,656209000,422.3022765002863,423.68628874029804,411.5314668018448,412.435302734375,85417300,45.436921652601605,45.69859290322546,44.296795618647444,44.3902473449707,27316900
2022-04-22,90.02999877929688,91.45999908447266,87.94000244140625,88.13999938964844,75017700,90.37352015154637,91.08138441247532,88.81808765568998,89.11613464355469,11650100,54.73112498651259,55.53153343246832,54.37404580684354,54.43804168701172,21064000,20.219886317241535,20.402137743310213,19.420174011970897,19.43511199951172,624713000,411.35261559680123,412.4541594531157,400.55356095514185,401.11846923828125,132471800,44.34352278094047,44.53042980401766,43.45571709504006,43.493099212646484,28219900
2022-04-25,89.86000061035156,91.37000274658203,88.61000061035156,90.69000244140625,93481000,88.52938984146567,89.67500549396964,87.97054531185036,89.63774871826172,10654400,53.931636682903175,54.6059107930345,52.96984814943186,54.5242919921875,26959000,19.12339100546342,19.863349361314793,19.017825948530263,19.820526123046875,641566000,398.8870627211197,403.6134030546147,394.33958173639525,403.4439392089844,119647700,43.18469958652178,44.05381416323868,43.15666478241954,43.97905349731445,35999300
2022-04-26,89.73999786376953,90.12000274658203,85.08000183105469,85.16000366210938,89127400,88.42693136479433,88.50143780673538,86.40579223632812,86.40579223632812,14176000,54.14587508363833,54.2998359422928,51.91159224411751,51.94498062133789,35809000,19.637281368701824,19.706994507674615,18.593571203547693,18.711088180541992,653143000,400.9207984996888,401.1185351073373,391.7317352658733,391.7599792480469,103996300,43.633279105661636,43.773460271595646,42.53053153284317,42.539878845214844,35356600
2022-04-27,84.25,87.9000015258789,84.0199966430664,84.91000366210938,83125100,85.53957344935047,86.33126729106803,84.03071350989208,84.0679702758789,15846300,51.548033414575855,52.87339345519946,51.47476435957037,51.895835876464844,19313000,18.521866304544144,19.088537274074934,18.215128478854176,18.339616775512695,499460000,392.8332367337777,398.18100288274366,390.7337005773798,392.8614807128906,122030000,42.50249046653513,43.04452042570612,42.0632595385831,42.25951385498047,28320900
2022-04-28,86.66999816894531,90.58000183105469,84.77999877929688,89.63999938964844,91495400,85.83764556423917,89.6004873393806,85.48370976619893,88.6877212524414,15176200,52.489418783008,54.25903494959509,51.75022183783161,53.695133209228516,22334000,18.88935323961421,19.954974541798094,18.414306664090166,19.701017379760742,570327000,397.58784935923745,404.5079115448034,393.1721919995158,402.7849426269531,105449100,42.79220291889741,44.17530926231258,42.55857001835522,43.773460388183594,41097000
2022-04-29,88.05000305175781,91.79000091552734,85.37999725341797,85.5199966430664,82647700,86.78765905187409,89.0323243590066,86.405782491232,86.5548095703125,10629300,53.108967624907315,53.633915636211796,51.32636343840665,51.418182373046875,26108000,19.32257448999954,20.045602297833724,18.441197185099483,18.4710750579834,500435000,398.81181190653876,400.95844060924014,387.1559838147255,387.8997802734375,145491100,42.04457842904154,42.390354124305325,40.65212477061715,40.73623275756836,70765900
2022-05-02,85.66000366210938,90.37000274658203,85.31999969482422,89.83999633789062,98304100,86.1542947769814,87.8028657233707,84.98073158277138,87.3278579711914,8251900,51.673240357949744,53.57455963094574,51.60275219956364,53.45491409301758,26725000,18.46509589745595,19.493865971063627,18.3157103580548,19.453035354614258,572049000,387.96574257386436,391.59054042451,381.32811901380114,390.2347717285156,158312500,40.85771590290056,42.0445712654592,40.66146159014891,42.01653289794922,45446500
2022-05-03,89.8499984741211,92.20999908447266,89.01000213623047,91.12999725341797,126381800,86.41509271649194,87.59797198356456,86.16361841976097,87.20677947998047,9511900,53.423383388019374,54.419487246235754,53.03013142617798,53.90195846557617,17064000,19.320584361321686,19.743845733779274,19.054677146970047,19.521757125854492,475751000,390.73370329446914,394.42438400889665,389.1801982351646,392.0235595703125,100028200,41.85766524249591,42.51183798207391,41.33432633784259,42.109989166259766,40158400
2022-05-04,98.18000030517578,99.69000244140625,91.69999694824219,99.41999816894531,225394100,87.46757460154242,89.47939024165564,85.61408778285288,89.40487670898438,9082500,53.959465975397045,56.02587693138476,53.23510748457484,55.987850189208984,23896000,19.841438581021603,20.316485100829365,18.67423569064355,20.250755310058594,648855000,392.6825316045225,404.52666970154934,389.50966726982307,403.9617614746094,144247900,42.10999294580325,43.58655094170761,41.50254601204114,43.493099212646484,44625600
2022-05-05,97.6500015258789,97.83999633789062,92.16999816894531,93.87000274658203,153129800,87.58865715284892,87.90532901995658,84.96211542553687,85.82831573486328,11517200,55.113244162244634,55.4508429590362,53.263862952174385,53.79252243041992,32806000,19.785667939358376,19.843429158431288,18.424263663115507,18.766855239868164,626331000,399.7156285575717,400.13931697439904,385.4895127503543,389.6038818359375,172929100,42.951489741643336,43.24348582169498,41.56687174565513,42.00957107543945,52996700
2022-05-06,94.33999633789062,98.18000030517578,92.6500015258789,95.33999633789062,144286600,85.12977658511012,86.50824161277913,84.0772923224411,85.343994140625,7944900,53.32414779830474,54.71906909897086,52.813111242715195,53.8027229309082,20745000,18.659298078838052,19.43212034048371,17.916351786613728,18.598546981811523,633297000,387.0523990067409,390.53594745704976,381.996525832566,387.2783508300781,151770800,41.905964226739655,42.52763042030808,41.29371563912066,41.72699737548828,40916600
2022-05-09,92.87000274658203,93.73999786376953,85.37999725341797,86.36000061035156,144523700,83.76992491203748,84.00277437456282,81.04092892700041,81.31103515625,11428600,53.133085737523665,53.607953002629685,51.96354403853217,52.20932388305664,30074000,17.96017138288135,18.18026540474069,16.758111965299616,16.8806095123291,644455000,381.40334006214687,382.63670821024124,373.3063985587751,374.87872314453125,155586100,41.265457045785475,41.63280474167557,40.38005122170734,40.56843566894531,44925800
2022-05-10,89.18000030517578,90.7699966430664,85.41000366210938,88.7300033569336,137235500,83.84444322987626,84.09592466442838,82.0468448400143,82.72676849365234,11690400,53.83889436212607,54.82758259911996,53.03292059097917,53.922367095947266,29271000,17.6165833349949,18.1235003480761,16.955302082018957,17.522968292236328,761474000,380.8291132331161,382.32610181137966,371.72478159187983,375.7449951171875,132497200,41.77409083421778,42.14144212721681,40.97346141621227,41.45383834838867,42770000
2022-05-11,87.83999633789062,93.45999908447266,86.52999877929688,87.91999816894531,136137900,82.77334226626174,84.35671601330331,81.77674669714675,81.8046875,11531300,53.290758776992384,54.22843571527252,52.48200056532623,52.59793472290039,26660000,17.27598988657447,17.68032805554246,16.50017940475814,16.56192398071289,670167000,374.7846586286386,380.4054409743214,369.0320518770671,369.7758483886719,142361000,41.463262507547064,41.717580993258,40.29528171314887,40.34238052368164,40351700
2022-05-12,86.5999984741211,88.55000305175781,83.2699966430664,87.05999755859375,129214200,80.30513731064302,82.15861735512631,79.5320752592947,81.6742935180664,11592900,52.25384217233336,53.20079225982851,51.7771209864172,53.01158905029297,25518000,16.152604222388675,16.719275153017346,15.503273835867764,16.108783721923828,708728000,366.5935320489902,372.647397923669,362.62038267397736,369.3898010253906,125090800,40.248187374811025,40.41773303565469,39.570004731436356,40.35179901123047,42329600
2022-05-13,88.30000305175781,96.56999969482422,88.22000122070312,95.12000274658203,138068100,82.77334462218575,85.0925237030509,82.1120528804934,84.71996307373047,11180600,53.51984754328294,54.86839236771334,53.19059141404711,54.55768966674805,19449000,16.719273249889806,17.854605700388568,16.525071846466627,17.633514404296875,670437000,373.50412408755506,379.59565742635624,372.46846371843355,378.2210693359375,104174400,40.89810800349117,41.293715723737,40.47424746533912,41.06765365600586,32034100
2022-05-16,93.86000061035156,98.16999816894531,93.08000183105469,94.23999786376953,131065700,83.70473166023648,85.10182850738362,83.36011187977945,84.20768737792969,6729100,54.19967972562633,54.64115859128058,53.5754899377955,54.041080474853516,14189000,17.437319035312363,17.71517614236815,17.03596903643624,17.193321228027344,521446000,376.5828496996567,380.33944215793855,374.3420651693036,376.6864013671875,78622400,40.89811071393511,41.0770775774139,40.30470448394151,40.57786178588867,25071900
2022-05-17,97.87999725341797,103.19999694824219,97.54000091552734,102.47000122070312,164227200,86.89942784178155,87.07638861259274,86.03322750127754,86.91805267333984,7668800,55.226382752734814,56.48311188737912,55.055729461178835,56.404273986816406,24676000,18.000007771051944,18.29579278898957,17.561810417904773,18.10258674621582,585830000,382.7496666304879,384.67034306970953,379.03071388415356,384.4349670410156,83029700,41.27487156879636,41.840021275169974,41.114747136139705,41.82118606567383,28596600
2022-05-18,100.0,104.22000122070312,95.70999908447266,96.27999877929688,142603200,85.75379623163883,86.83422110399901,84.1704227942849,84.31944274902344,9610900,55.64840093199574,55.715177711119075,52.51168609443315,52.918846130371094,35024000,17.632518279068112,18.04382762467623,16.794961603480765,16.8686580657959,545161000,379.89692735498426,380.17936710911766,367.70443702868755,368.93780517578125,117674500,41.425583440913755,41.425583440913755,39.76780813205948,39.890254974365234,35218400
2022-05-19,96.69000244140625,100.69000244140625,95.08999633789062,96.66999816894531,141506200,83.67677308574645,85.78173405675331,83.41598284448918,84.02139282226562,7739000,51.753003248725776,52.008059790962484,49.98709491921725,50.65951156616211,34884000,16.86766124321624,17.61459078960945,16.665491294505667,17.053895950317383,621310000,365.8873321136663,371.08445332431154,364.4656516763447,366.6781921386719,98510700,39.862003446612206,40.21993359775014,39.29685360219238,39.57000732421875,29181000
2022-05-20,98.38999938964844,98.63999938964844,88.26000213623047,93.5,164126800,86.65725290579883,86.65725290579883,82.73606898698566,84.55229187011719,10469900,51.37274043283377,51.473836088082095,47.52743659679476,50.379417419433594,40281000,17.26105062577283,17.33873044435796,15.690505601912752,16.625661849975586,739105000,370.24655877361363,373.8054438090952,358.2800473984459,366.83831787109375,131432200,39.796060979467676,39.833738585942484,37.968740183051246,39.23091125488281,44802300
2022-05-23,91.66000366210938,95.19000244140625,90.91999816894531,95.06999969482422,128773000,84.77583390048672,85.60478457066236,84.43122122464052,85.22290802001953,6920500,48.59958631795105,49.67267042126605,47.696224989183115,48.8184700012207,58586000,16.207378932516523,16.845755601223512,16.112768519957527,16.828824996948242,639889000,369.85112637485844,374.46452049127714,367.5444580490805,373.701904296875,76414900,39.26858893423439,39.796064694722496,38.92950122370773,39.560585021972656,27199500
2022-05-24,92.54000091552734,93.41999816894531,89.62000274658203,91.16000366210938,123341400,83.37874295589874,83.6395403559408,82.44734498804195,82.63362884521484,8788600,48.84630927396035,49.05128149644251,47.87524390572121,48.61814880371094,25060000,16.442415131665932,16.529058883354868,15.715402955185922,16.087871551513672,588550000,369.59693477146396,372.03542752036105,364.3245048157043,370.8491516113281,91448800,39.278015867562274,39.45697915145082,38.71286241457418,39.249755859375,29837500
2022-05-25,90.43000030517578,93.88999938964844,89.5199966430664,92.6500015258789,111771100,83.20177594254325,84.68269518963825,82.93166969937457,84.20768737792969,9113500,48.59031912999665,49.84704485905385,48.59031912999665,49.307254791259766,17842000,15.954419501105296,17.040952887419728,15.934500919066734,16.90550994873047,781132000,369.3615701104793,376.08392497670934,368.96615437272027,374.1255798339844,91472900,39.033109804465205,40.0503837296002,38.986014587887034,39.74897003173828,26283100
2022-05-26,91.33999633789062,100.33000183105469,90.73999786376953,98.75,128792700,83.2762905123751,85.101829562562,82.93167072764513,84.75720977783203,9762700,49.29890417558432,51.43487601131933,48.94460948226944,51.072235107421875,39743000,15.970353077975645,18.01793623253497,15.9564104502552,17.777923583984375,996575000,375.34947110301795,383.22985621992024,375.1423390412836,381.6010437011719,82168300,39.72071309938616,41.143012464740174,39.635943858870014,40.954627990722656,28826700
2022-05-27,100.13999938964844,102.4000015258789,99.37999725341797,102.26000213623047,104348400,86.26606408100776,87.38373856345528,86.18223458652362,87.33716583251953,6279000,52.13233733476901,54.29984373074346,51.93942275201544,54.097652435302734,37301000,18.11155027204223,18.80370475029721,18.025901901467446,18.733991622924805,738379000,384.04893339400786,391.08197003323517,383.85122558194,390.968994140625,84768700,41.058233788157054,41.96247482299805,41.0205561800884,41.96247482299805,30553300
2022-05-31,102.43000030517578,104.55000305175781,100.04000091552734,101.86000061035156,125102900,88.98575579529485,89.6843042169709,88.02641709982004,88.76222229003906,9621700,54.21080989317958,54.44545908714519,53.422455540973715,53.805503845214844,30009000,18.902301701134324,19.121402309598214,18.27488154857996,18.595563888549805,664100000,389.3591187342328,392.098899884848,386.0450337124154,388.775390625,95937000,41.67990620155412,42.150865593662076,41.11475636827857,41.840030670166016,41111500
2022-06-01,102.12999725341797,103.56999969482422,99.55000305175781,101.22000122070312,99351400,89.04164874396473,89.74951322449833,87.39307738533047,88.24996185302734,6152400,54.49646988218868,54.80810305758322,52.72035785068233,53.201717376708984,18345000,18.64734816521392,18.97499986864279,18.047811461986903,18.2450008392334,544514000,390.8843473141323,391.8917350641577,383.1263324544133,385.6307373046875,86585800,42.169704741550554,42.32041160451847,41.001723858697915,41.548038482666016,29885500
2022-06-02,100.77999877929688,109.5,100.77999877929688,108.58999633789062,120953800,87.54208195171843,89.75881338306337,87.19746929498116,89.73086547851562,6335000,53.5847652732535,53.58661920069161,52.69253438943192,53.4910888671875,29488000,18.217114068339008,19.538681119252402,18.123499032376543,19.511791229248047,648656000,385.4706670691487,393.02152050473194,383.22988244769175,392.9744567871094,79609600,41.623389028863535,42.27331527783515,41.38790933706453,42.23563766479492,28727600
2022-06-03,105.80000305175781,109.38999938964844,104.6500015258789,106.30000305175781,110844700,87.88669421235699,88.09160285887262,86.52685431984544,87.33716583251953,9137100,52.76116587892607,52.82886960719018,52.02938820729554,52.24641799926758,20562000,19.003881477132655,19.252858009305765,18.446172677395946,18.643362045288086,598779000,388.2762998678674,389.8203804421854,385.55536785619387,386.5251159667969,71874300,41.54803662295604,41.679904673008615,40.822758754532025,40.86985397338867,33174700
2022-06-06,108.2699966430664,109.56999969482422,104.2300033569336,105.6500015258789,96726900,88.48280710914369,88.98576286543177,86.49893199212066,86.72246551513672,9440200,53.00694724593101,53.11824303618214,51.71034085231855,52.05257797241211,14557000,19.060646676019886,19.257836037081606,18.4879999120415,18.709091186523438,422406000,390.517145497597,392.2400856938536,386.5345720353619,387.7020568847656,57508900,41.26545681582198,41.48209767134129,40.57785664139952,40.82275390625,25437100
2022-06-07,104.23999786376953,106.23999786376953,102.61000061035156,105.27999877929688,79022900,86.31262537715534,87.42099094262934,85.47436600435991,87.40235900878906,7360200,51.98858449426294,53.287044875145966,51.709412735019896,53.143287658691406,15895000,18.396382141540013,18.92222057056187,18.11354434422296,18.84852409362793,388914000,384.22785213796186,391.8728612940174,383.7664955630781,391.4209289550781,59272400,40.55902107667352,41.058236844777205,40.18225215420694,41.0017204284668,25168700
2022-06-08,104.56999969482422,105.8499984741211,100.41000366210938,101.9000015258789,97641900,87.55139421938897,88.41759446771447,86.75039153358253,87.05775451660156,6446300,53.03477847620256,53.44750381922064,52.13698569226413,52.435630798339844,24004000,18.726000947489727,19.105521994199414,18.463026152906487,18.57558822631836,363252000,389.7168432014017,391.4963000067229,386.3745146420819,387.1653747558594,64350000,39.79605777448357,39.80547537877666,38.646916021488494,38.83530044555664,59649900
2022-06-09,101.56999969482422,103.94000244140625,98.73999786376953,98.80000305175781,95299000,86.62000727080891,87.08570623463046,84.57093467239498,84.61750030517578,8086700,52.04608477197905,53.203568753872545,51.5610138762704,51.587913513183594,18787000,18.40923586335072,18.859480331996103,17.970943930182248,17.977916717529297,395574000,385.3953050112038,387.6549092229484,377.9574279785156,377.9574279785156,86289800,38.62808744725099,38.948339975019266,37.6861686706543,37.6861686706543,39047200
2022-06-10,98.81999969482422,99.93000030517578,94.25,94.81999969482422,102135400,84.3287675621309,84.49641947004775,82.5497941444576,82.59636688232422,10460400,51.0193710369422,51.10748212108309,50.05758251115879,50.20133972167969,24018000,17.531655320031188,17.628278767149297,16.803493073192044,16.9080867767334,465248000,371.78114799019477,372.6284959437039,366.95122730303984,366.998291015625,132893900,37.53546082265525,37.75210529753188,36.90437698364258,36.90437698364258,43066200
2022-06-13,91.26000213623047,92.02999877929688,86.63999938964844,86.98999786376953,98148800,80.15609911007202,80.87327945552272,79.18744446419177,79.68109130859375,14603700,48.85743941085085,49.43432578926214,47.85947794985758,48.00787353515625,31619000,15.937868732069086,16.248657445936082,15.545398661343508,15.5862398147583,604153000,357.63035727236417,359.4756973620504,351.4634878478497,353.0640563964844,170004900,36.31097041420472,36.55587132375437,35.482080832331995,35.57627487182617,50335900
2022-06-14,87.41000366210938,88.30000305175781,85.81999969482422,86.98999786376953,84066600,80.78945431512693,81.85124738496218,80.37032808977173,81.20858764648438,10449600,48.689559734593196,48.689559734593196,47.72684073185843,48.24436950683594,24380000,15.669911913017133,16.003611048891642,15.352150439310131,15.774504661560059,469680000,354.8058145427175,355.83205053117496,348.9119898698638,352.0001220703125,104011800,35.80232611046422,35.98129295259526,35.35962679070757,35.72697448730469,31351700
2022-06-15,87.9000015258789,90.86000061035156,86.19000244140625,89.30000305175781,95774800,81.50662770431028,83.64883849205941,81.37623257401258,83.01548767089844,11742500,49.077243676825006,49.51129973380604,47.81309516947275,48.8509407043457,19141000,16.03249841468416,16.80249737716836,15.86415501064633,16.46282196044922,563936000,355.2860698359292,361.44351636660457,350.3525962069875,357.0184631347656,125666800,36.32038997612667,36.894957422011096,35.717558929966295,36.4051628112793,37652300
2022-06-16,86.62999725341797,86.7300033569336,80.63999938964844,82.05000305175781,102433300,79.7917922192106,80.45656690370463,78.64013567286531,79.1363754272461,10505200,47.48199698356941,47.71201138902697,45.65765781561701,46.112117767333984,37244000,15.79841077215222,15.880093072433525,15.34119356434389,15.540416717529297,545749000,348.83676669769454,349.2416066501107,342.7828722240161,345.2025451660156,134473300,35.51033689316397,35.59510972271717,34.78505903879433,35.17124557495117,45576500
2022-06-17,82.19000244140625,82.94000244140625,79.43000030517578,81.56999969482422,105212300,79.58580017089844,80.14758086106603,78.60267860553337,79.58580017089844,9735500,45.909921968731034,46.407046937435446,45.24863243727346,46.248451232910156,43504000,15.587237016415061,15.932889702329279,15.268479912389294,15.818336486816406,630334000,345.61572844834046,349.27508426837926,342.4575241953979,345.9466552734375,111113900,35.30311951437584,35.905947028192244,34.474229886310574,34.8227424621582,71393200
2022-06-21,84.16999816894531,85.80999755859375,82.5999984741211,83.79000091552734,87780600,80.52212015572916,82.16065167052597,80.52212015572916,81.41160583496094,9604000,47.139663941606564,47.77837856170607,47.028380108727475,47.11067199707031,21901000,16.41102270722772,16.941951940881246,16.343285982511887,16.50166893005371,483089000,351.64851628810544,356.03595201089433,351.5728544262298,354.6554260253906,76811900,35.19008436781679,35.82116819293149,35.16182795568771,35.53859329223633,34004900
2022-06-22,84.4000015258789,86.37999725341797,83.30000305175781,83.75,86634700,79.2487427735841,80.69065129562783,79.16447887136897,79.50154876708984,7868700,46.413040422218984,47.11066998283888,46.21571898016534,46.393402099609375,24721000,16.16299022237989,16.59729794626429,16.117169323053933,16.296470642089844,437135000,350.44759870939254,358.1067313139649,350.0315450667165,354.0124206542969,90059400,35.161828121694676,35.576271071795276,35.05821648588582,35.20892333984375,32571000
2022-06-23,84.31999969482422,84.41000366210938,80.2300033569336,82.43000030517578,100614600,78.77122160150066,78.86485767898445,77.48849020375815,78.7618637084961,10370300,46.92177080000874,46.92177080000874,45.91740876340695,46.43829345703125,16707000,16.454853928901507,16.520597628121397,15.791440668578582,16.161996841430664,463680000,356.1399101885615,358.21068433345846,352.59401859110676,357.48260498046875,79292100,35.425567098235874,35.43498470537749,34.76622321113413,35.2371826171875,30163000
2022-06-24,83.55999755859375,87.52999877929688,83.08000183105469,87.08000183105469,88553900,78.78995781273659,81.03708812225119,78.78995781273659,80.44721221923828,10670100,47.22569165506037,47.86160224392331,46.89370949824175,47.60817337036133,21201000,16.435929188204064,17.07344340934076,16.24666644132576,17.059497833251953,472153000,360.64083785574906,368.85785361765244,360.6124718749588,368.848388671875,98050300,35.651617274819145,36.395733824953076,35.548009247917776,36.36747741699219,38159900
2022-06-27,87.36000061035156,88.22000122070312,85.25,86.16000366210938,74663500,81.3835166324666,81.45842264357364,80.12887309186044,80.39103698730469,7358000,48.04864333592921,48.07108560598337,47.02183545820431,47.29209518432617,13207000,17.244772067670773,17.262701818144645,16.561435211155498,16.803491592407227,427968000,369.76564197484305,370.05876676666566,366.352143463888,367.4395446777344,66009600,36.61238050748308,36.79134736812814,36.23561516644029,36.386322021484375,29585300
2022-06-28,85.70999908447266,86.7300033569336,80.43000030517578,80.77999877929688,95618600,80.66254868045725,81.28050528144207,78.96783447265625,78.96783447265625,8289200,47.9373569917577,48.081371360648035,46.581370919314395,46.61316680908203,15667000,16.83437454206532,17.135201879170452,15.883083017438073,15.919939994812012,461149000,368.99029067465796,371.76080759717377,359.81823772369825,359.93170166015625,86548900,36.339227425950746,36.75367038614297,35.54801552512201,35.585689544677734,37824200
2022-06-29,79.55000305175781,79.75,76.51000213623047,77.98999786376953,104140900,79.05212362235368,79.22065857823884,78.02219095569122,78.32180786132812,7981300,46.335424895074176,46.37750548891157,45.5115463713244,45.861297607421875,14444000,15.752590608725741,15.758566876112974,15.111091360585093,15.481646537780762,482352000,360.4802137979598,361.46358732795056,357.82316033547687,359.6386413574219,65676000,35.359632838701096,35.416145667453215,34.86983462841723,35.12415313720703,25437200
2022-06-30,77.7300033569336,78.91000366210938,75.4800033569336,76.47000122070312,105368600,76.27129487435914,76.98288765227541,75.01665140558333,76.5428237915039,14201600,45.6387279751829,46.17270486033938,44.95418704567356,45.431121826171875,18890000,15.301348174436805,15.506548534519514,14.804286360656157,15.100132942199707,686070000,355.7616388202899,359.9410755135529,352.28194431900346,356.7166748046875,112508300,35.04879813613913,35.79291486005588,34.596677537504114,35.2371826171875,35141000
2022-07-01,75.19000244140625,75.44999694824219,72.69000244140625,73.66999816894531,87734200,74.005435205578,74.173970134315,71.32760641755092,72.09537506103516,19531700,44.83261670692367,45.28710206545068,43.899323722584185,44.685794830322266,21315000,14.84114455708728,15.004507273555733,14.336113363533372,14.466604232788086,577610000,356.06435688635764,360.9246076353703,353.45457064095484,360.4896240234375,74839700,34.93576723115996,35.0393788704891,33.79604638480931,34.22932815551758,40596300
2022-07-05,71.9800033569336,75.20999908447266,71.5999984741211,75.19999694824219,95589000,69.8014383282923,71.2995227044819,69.0430275320418,71.26206970214844,22253100,44.139662295451096,44.60069734856447,43.38311417928453,44.54178237915039,20711000,14.11995661407491,14.912865159719473,14.000422705433717,14.905892372131348,651397000,355.42134927768956,361.1893400506747,352.60353638031745,361.17041015625,81438000,33.843137693600006,34.606093100654206,33.475789991618754,34.55899429321289,33215000
2022-07-06,75.16999816894531,76.27999877929688,73.55000305175781,75.3499984741211,85458900,69.55800585024465,71.43997837182125,69.08048894166508,70.74710845947266,11530500,44.93734873920987,45.54707486913584,44.46696014487862,45.13186264038086,22975000,14.951712254279894,15.259512337175808,14.731569789510388,15.071246147155762,529066000,361.31223262960197,364.8675899225477,358.93886830851153,362.39019775390625,70426200,34.68144756902255,35.24659737331897,34.342356249190765,34.841575622558594,26258300
2022-07-07,77.19000244140625,79.98999786376953,76.9000015258789,79.30000305175781,83640900,73.59346826379307,75.80314553341317,73.35002730536232,75.51289367675781,15847800,45.646208423863854,46.88810314772243,45.646208423863854,46.62158203125,21319000,15.395980736594536,15.883081194089858,15.329240527095354,15.796419143676758,492903000,364.15833249773976,368.6119642387714,362.4090202150527,367.81768798828125,64525900,35.68929452424265,36.10374100024401,35.53858769473331,35.924774169921875,33165400
2022-07-08,78.30999755859375,80.47000122070312,77.4000015258789,79.3499984741211,83405900,74.82937370204178,76.926698676803,74.67956885723243,76.31809997558594,10004200,46.10257021378458,46.723519407229965,45.82295686046947,46.63561248779297,12713000,15.370084060896657,15.974727368388931,15.329242903234574,15.77649974822998,467972000,366.191374892305,369.37797430776754,364.66901900062675,367.51519775390625,72397800,35.4726619274312,35.92478252105996,35.218343419802196,35.78349685668945,22566300
2022-07-11,77.8499984741211,78.29000091552734,75.83999633789062,76.94999694824219,76150300,74.68894059418112,75.15709242906448,73.79945496527479,74.07098388671875,9519600,45.77526509803227,45.974452290021425,44.97944027668224,45.155250549316406,21449000,15.465709825855997,15.466706345467303,14.97960489954158,15.093162536621094,437321000,364.84865422697527,365.81312646509326,362.62655612996804,363.31683349609375,58366900,35.472657031796935,35.48207463753453,34.87924726255996,35.03937530517578,25904300
2022-07-12,76.9800033569336,77.44000244140625,74.43000030517578,76.36000061035156,77873200,75.99039747888258,76.2900143209918,73.90243747609442,74.06160736083984,10363700,45.61909124733451,46.06609588348386,44.894338997690646,45.01591110229492,21159000,15.20871225038852,15.371079409038126,14.819230753552452,15.02343463897705,458483000,362.7683546438425,365.1417473906216,358.36198975909855,360.1018371582031,62219200,35.46324417810332,35.51033939937119,34.84157791521622,35.048797607421875,30546300
2022-07-13,74.94000244140625,79.11000061035156,74.4800033569336,77.5199966430664,79355000,74.230156759894,76.51474009123744,73.87436392281198,76.11212921142578,14706500,44.41833817717264,45.41521935117225,44.166778586745444,45.0495719909668,17665000,14.533345395566592,15.315296992454249,14.408830785871842,15.10511589050293,521918000,354.68379199729,361.1325950360605,354.2677383266244,358.21075439453125,84224600,34.5495817943393,35.25602089276259,34.49306537293682,35.048797607421875,27059200
2022-07-14,78.2300033569336,79.25,76.0,78.5999984741211,83493600,77.66638301164323,78.68695767977978,75.38180701902,78.34052276611328,23377000,45.11689887486139,45.5124727953097,44.27338217961594,45.32170104980469,19957000,15.04933164322953,15.412914028547368,14.670807164690196,15.31230640411377,456235000,353.2748467855768,358.4187564891479,350.84475070087467,357.3408203125,89704800,34.84157349728046,35.94361662637613,34.18222970373029,35.519752502441406,36690700
2022-07-15,79.36000061035156,81.19999694824219,77.9000015258789,81.11000061035156,76050600,80.1288559197448,80.55955467616324,78.62140670056579,80.17566680908203,14061000,45.90058062689243,46.26622807567775,45.461053115429365,46.24004364013672,18714000,15.598192598861097,15.72071415365687,15.385022914971692,15.70079231262207,385935000,361.7282870982627,364.2813411355363,359.82770841913714,364.1678771972656,79060400,36.04722960667704,36.42399493629921,35.538592638895636,36.37689971923828,32892300
2022-07-18,82.20999908447266,84.47000122070312,80.94000244140625,81.43000030517578,90464300,80.57829287216626,80.59702294619345,78.05964081620598,78.25626373291016,11352500,46.77307469621812,46.98348834596482,45.65368677937057,45.92207717895508,18042000,16.23869470882499,16.83138346936928,15.939860454756344,16.038475036621094,670517000,367.2409659059459,367.91231341217645,359.94115471730987,361.16094970703125,63203600,36.82901761888897,37.055079674893065,36.292124278155555,36.461669921875,30814400
2022-07-19,82.76000213623047,86.41000366210938,82.19000244140625,85.87999725341797,85047500,79.58582395644011,80.96219170192988,79.17384799359114,80.6625747680664,10673100,46.45886655139996,47.81952593665078,46.373767147240336,47.59976577758789,27257000,16.42197842711906,17.043555736438872,16.10919863361357,16.926013946533203,702366000,365.0660716138569,371.4865073575656,364.4136541135557,370.9191589355469,78506000,37.036240151146465,38.364345272386046,36.96088852936558,37.883968353271484,53095300
2022-07-20,85.38999938964844,89.91999816894531,85.08000183105469,89.43000030517578,88348600,79.75435119135766,81.22434774668434,79.68881021666527,81.04644775390625,11664800,47.65025818868858,48.40493698532093,47.176130934154145,47.85879898071289,27412000,16.881194706038162,17.863366094244768,16.73576172035747,17.73785400390625,760538000,371.10833981504896,374.6920628374867,369.74671494258035,373.28314208984375,71843800,37.87454615129763,38.3078278461769,37.26230121543804,38.204219818115234,36387900
2022-07-21,89.5999984741211,91.58000183105469,88.22000122070312,91.08999633789062,90449300,81.15880715238342,82.2074698958071,80.89664325238513,82.19810485839844,7135000,47.93174126763624,48.423633948245694,47.321080443434354,48.41147994995117,13912000,17.815547810901403,18.07354091727774,17.476867973237123,17.97990608215332,557049000,372.70638143368456,377.1316481251823,370.3140872351293,377.0843811035156,64903900,38.15712205184503,38.28899367804129,37.507199491839756,38.25131607055664,29661200
2022-07-22,90.19999694824219,90.69000244140625,87.04000091552734,88.0999984741211,76989700,81.84232172184957,82.14193866358927,80.33487197463162,80.82174682617188,8612100,48.51715072805661,48.608796224385536,47.382797805979266,47.928932189941406,17867000,17.823519553288822,17.897231611980214,17.07045465118201,17.25174903869629,536671000,377.2073085647602,378.3987087577949,371.3731210571291,373.58575439453125,72197300,38.02525319045422,38.157121220643496,36.67830929386202,36.92321014404297,41350000
2022-07-25,86.56999969482422,87.5999984741211,85.12000274658203,87.54000091552734,70083000,80.80300903320312,81.17752478393223,80.17568014952877,80.80300903320312,5960900,47.73629435625589,48.00375010785171,47.36877413035248,47.98411178588867,15061000,16.952913630167462,17.05750735482923,16.584351419267783,16.957895278930664,480748000,374.20980770925064,374.89062013717165,371.8080487473427,374.03961181640625,53631500,36.9985654319096,37.121015869138596,36.31096521123621,36.885536193847656,32263400
2022-07-26,87.0,87.75,84.70999908447266,85.25,69180400,79.3611097535669,79.77307855591472,78.50906989178473,79.04276275634766,6977700,48.12625549565449,48.33011946543535,47.592275088692645,47.79520797729492,17958000,16.823416159959134,16.853300347202065,16.414012864423395,16.468799591064453,397865000,372.4037671603326,372.61179398374196,368.7255101067166,369.6143493652344,52946400,36.82901922536377,37.27172215806789,36.62179955755017,36.69715118408203,35925500
2022-07-27,86.94000244140625,90.62000274658203,86.29000091552734,89.81999969482422,78301600,79.87606225148623,82.30109242430242,79.87606225148623,82.04828643798828,9399500,48.46010948717192,49.58137029785049,48.34134490397531,49.356929779052734,25699000,16.965866282353662,17.866357384948966,16.847328862522495,17.720924377441406,569776000,372.8954459743451,380.9517310966384,372.60232120977315,379.2118835449219,82342100,36.98914851282399,38.07235288339831,36.95147090172537,37.84629440307617,42571600
2022-07-28,90.41999816894531,92.22000122070312,88.58999633789062,91.66999816894531,79009200,81.58014106090734,82.97523875568068,80.94345424159812,82.96587371826172,10668200,49.431748857933115,50.17333193327424,48.682681458500845,49.90119934082031,14867000,17.9051958503533,18.069554097577566,17.37227363368964,17.914159774780273,474646000,380.0156585921788,384.6583882201372,376.4792023544064,383.9681396484375,73966600,37.761525123508754,37.78978153792088,36.77251109459842,37.403594970703125,56662300
2022-07-29,90.69999694824219,94.80999755859375,90.55999755859375,94.47000122070312,76630700,82.22618291578186,83.5276443649191,82.1980949503721,82.84414672851562,10366200,49.74877867405069,50.29584790521622,49.58886453796388,50.07608413696289,18482000,17.74383263823749,18.173158841179603,17.62330218707429,18.09247398376465,435460000,385.39594499465454,390.5493202190506,384.63003453579483,389.56591796875,87003700,33.53229639824466,34.49305367751646,33.19320876420801,34.2010612487793,125292400
2022-08-01,95.58999633789062,98.38999938964844,93.95999908447266,96.77999877929688,96477500,79.8666936235322,81.35541280099571,78.93039009755141,80.8123550415039,20102600,49.69732828258286,50.47912254388984,49.60474456688006,50.159297943115234,11485000,18.111397333511174,18.772820437934747,17.920143444250357,18.36939239501953,476469000,386.88053246496474,390.90867586229285,386.1713539150999,388.412353515625,69997500,33.956166700554874,35.50091271559671,33.956166700554874,34.81331253051758,52513400
2022-08-02,95.70999908447266,100.91999816894531,95.36000061035156,99.29000091552734,116734100,79.13638849475525,81.93594180410686,78.80868361637496,80.56893920898438,15541600,49.864733303379595,50.42396007649305,49.30457188147015,49.67676544189453,13072000,18.051627201581738,18.864458441615547,18.021743015572017,18.454057693481445,489527000,386.85206507545166,390.520885762128,384.67726296854556,385.8497619628906,63435400,34.46480206707019,34.53073608228777,33.90906994371176,33.918487548828125,53929400
2022-08-03,94.83000183105469,98.7699966430664,93.62000274658203,98.08999633789062,131142000,80.48467148583254,81.24307525621508,79.17384477468636,80.99964141845703,20779400,50.05829393683934,51.24688494001058,49.94887942340607,51.12905502319336,19228000,18.113388905855146,18.89434491533446,18.066570532098716,18.81963539123535,418146000,387.96788490865407,393.05506301560587,387.6842250670768,391.89202880859375,67820600,33.99384326524239,34.464802576984106,33.21204908304663,34.398868560791016,59513900
2022-08-04,97.5,104.58999633789062,97.26000213623047,103.91000366210938,125855800,81.45842195608982,82.78797149658203,81.10262912147975,82.78797149658203,13472500,51.285238573203785,51.728504618248806,50.967283228360735,51.69577407836914,16293000,18.77580669644715,19.199155581116848,18.68715160109545,19.140384674072266,409652000,391.81629417270625,392.49710652258676,389.99134886557505,391.627197265625,45656600,34.2609119289219,34.346540572218984,33.64248606458415,33.927913665771484,54046300
2022-08-05,101.05000305175781,103.86000061035156,100.9800033569336,102.30999755859375,93859900,82.422805163825,85.18490508324619,82.40408223484343,84.05197143554688,13293500,50.95700030971809,51.62096475187134,50.80550160494722,51.56859588623047,14357000,18.73695646403008,19.154330026144063,18.59351654169447,18.91526222229004,386068000,387.36270800499386,391.6083135328843,387.3059760405287,390.96533203125,56814900,33.63297015541941,33.95645574179639,33.47122917693537,33.67102813720703,40205100
2022-08-08,100.05999755859375,101.80000305175781,97.98999786376953,100.06999969482422,92606800,83.31230342371548,83.42465529194801,81.3741551189733,82.33854675292969,12120300,51.373146919630415,51.713544543850155,50.380938858297824,51.01591491699219,13722000,17.43403335624492,18.168170796373612,17.175042814963497,17.723901748657227,981859000,392.6485056258635,394.8895051228033,389.4146388910765,390.5115051269531,53886100,33.642489104537354,34.21334435849481,33.490260794854755,33.66151809692383,41534600
2022-08-09,97.94999694824219,98.05000305175781,93.66999816894531,95.54000091552734,89473700,81.40225657010168,81.58951447712808,79.06149701511538,79.7824478149414,13075000,50.41367341163443,50.43798854883154,49.353200238259774,49.82545471191406,20072000,17.18500523413819,17.379247676702683,16.659055765062003,17.019649505615234,668263000,389.78339679657284,390.2845484240548,387.89225422395475,388.96075439453125,44931800,33.50928861420651,33.58540095167881,32.72911810071788,32.84328842163086,48202300
2022-08-10,98.44999694824219,99.3499984741211,95.61000061035156,99.05000305175781,83416100,81.2805234634599,83.02204895019531,80.81237160451877,83.02204895019531,10704600,51.06547027676577,51.52931282023727,50.42769034685343,51.472267150878906,19519000,17.62927126986803,18.047640311426548,17.24975033432514,18.026721954345703,597422000,395.9862990766892,397.27229089166696,394.0384247471789,397.13043212890625,68665700,33.2904642484428,33.680549547310896,32.90989163175758,33.65200424194336,42243300
2022-08-11,99.93000030517578,102.37000274658203,98.0,98.12000274658203,77516900,84.22988517998161,85.20364194513773,83.6212863088302,83.81790924072266,11158800,51.80332074432075,52.16055274684608,50.896212089329765,51.006561279296875,14268000,18.06059303930121,18.634356491462075,17.80658220790549,17.872325897216797,509327000,399.9671456794408,401.82048597583395,396.392887760029,397.13043212890625,59489700,33.90887970650632,34.527309109635745,33.76616774152837,33.86130905151367,35569700
2022-08-12,99.19999694824219,101.4000015258789,98.4800033569336,100.83000183105469,72316300,83.96772441032594,85.53135002962308,83.93027140140833,85.07256317138672,12098800,51.229132466237346,52.22040594648219,51.027137748247824,52.203575134277344,18399000,18.089477114781875,18.64531073415037,17.883280251161185,18.63634490966797,478094000,399.05943196261893,403.9574840933842,398.11386071622206,403.8534851074219,61694500,34.061116089844305,34.38460170198567,33.93742945388782,34.35606002807617,37675200
2022-08-15,100.51000213623047,101.8499984741211,99.80000305175781,101.01000213623047,61327100,84.27670362217974,86.08377016867131,84.26733858439863,85.73733520507812,15949500,51.829503929243394,52.349453974467,51.48068734064108,52.27183532714844,14329000,18.628381495120706,19.089582944835495,18.540723865569156,18.95809555053711,457666000,401.6502867542093,406.03775117563913,401.593554788117,405.5176696777344,54048300,34.346542053577856,34.660514969011714,33.97548579308986,34.574886322021484,25400600
2022-08-16,100.83999633789062,101.44999694824219,98.31999969482422,100.19999694824219,60220700,85.33471604506755,85.5313389588618,82.92841589516165,84.22051239013672,10566100,52.137164674914416,52.176441318136135,51.060795580513116,51.588226318359375,14782000,18.846531923284925,19.067669997846224,18.429158316805072,18.80569076538086,451240000,404.4491742905428,408.2314590393534,403.6454330101121,406.31195068359375,59289000,34.40362538371896,34.803226903813886,33.965969514088656,34.432167053222656,25000200
2022-08-17,99.26000213623047,99.63999938964844,96.7300033569336,98.2699966430664,63735600,83.33102977499614,84.05198048499629,82.84415499133024,83.5182876586914,9093100,50.90742817069601,50.939224058520445,49.660856707709705,50.366905212402344,19022000,18.451071242381392,18.615429517874343,18.074538853147352,18.2637996673584,446799000,402.7282040772565,406.1228009765339,401.4327762441567,403.42791748046875,63563400,34.070629040737956,34.32751496881716,33.55685718457954,34.042083740234375,29176100
2022-08-18,97.73999786376953,101.06999969482422,96.7300033569336,100.44000244140625,76059500,83.05951155976292,83.9583623756466,82.78798259297025,83.5838394165039,10947700,50.81766196910431,52.42146570233425,50.65120174137919,52.22414779663086,23459000,18.229930871079127,18.791739824467466,18.112389079418975,18.700098037719727,415447000,403.62652829890396,405.28127797974213,402.3405652552225,404.6004943847656,49023200,33.946949385115644,34.56537900144214,33.8422917304072,34.44169235229492,24598200
2022-08-19,98.66999816894531,99.25,94.58999633789062,95.94999694824219,67221700,82.8628887513498,82.94715266699568,81.4771559432457,81.64569091796875,9602800,51.514346200306214,51.955742895319354,51.23473288805211,51.28710174560547,16923000,18.33452802598433,18.448085673185464,17.700997988903634,17.779691696166992,441588000,401.84890169679676,402.11366050668937,398.2935443726278,399.1634826660156,68016900,34.06111604881221,34.279944017142874,33.48074448395692,33.66151809692383,31425500
2022-08-22,94.4000015258789,95.0199966430664,92.36000061035156,92.83999633789062,61837300,79.9697010420292,80.55020475404342,79.52963716780539,79.8105239868164,8054000,50.73910300327788,50.78772970403811,49.2877327938879,49.44670867919922,18555000,17.422086089328175,17.48982283565492,16.9001206145131,16.967857360839844,409593000,394.3505254404988,394.52075021683424,389.9536243733682,390.8519287109375,77695600,33.299975774868834,33.35706275421311,32.09166193265162,32.196319580078125,51006100
2022-08-23,92.38999938964844,94.44000244140625,92.11000061035156,92.48999786376953,52927000,79.73562181686692,81.08389420779336,79.57644476825048,80.55020141601562,8462500,49.92364252288348,50.276201283185365,49.461672788288034,49.543033599853516,9003000,16.923028743581053,17.397180176245477,16.904101521089547,17.114282608032227,369986000,390.4263331221916,392.8091909558706,389.3578330753806,389.9062805175781,49105200,32.329517473266264,32.71960274135082,32.26291781501347,32.30097579956055,30687100
2022-08-24,92.20999908447266,93.37999725341797,90.9000015258789,92.7300033569336,56520400,80.33486360932596,80.64383841398005,79.77307565156082,80.11014556884766,7085800,49.5224554615022,49.68517350030047,48.95013659625577,49.642154693603516,11883000,16.945935367801415,17.33840632607673,16.8293910435938,17.155120849609375,522661000,389.67930144618055,392.5160148137086,388.99851794025284,391.1544189453125,49177800,32.32000110620697,32.33903009631053,31.967970233404333,32.2153434753418,25105700
2022-08-25,93.13999938964844,97.56999969482422,93.13999938964844,97.18000030517578,61016200,80.83111171074256,82.0108493984156,80.5314947695735,81.99212646484375,6602100,49.88623306763057,51.478813606018484,49.77494924124976,51.446083068847656,17345000,16.778590073936765,17.877307466202186,16.76763310909007,17.84343910217285,770691000,392.63902771668177,396.7239027658137,391.55162646435804,396.6766357421875,50942300,32.224859495295696,33.233374298848496,32.17728882981122,33.195316314697266,29799100
2022-08-26,96.29000091552734,97.5999984741211,91.12000274658203,91.18000030517578,65552500,81.92657702442982,82.1981059654939,79.25811280146308,79.34237670898438,9381500,51.32544674028717,51.52650677796355,48.628439716561374,48.7088623046875,25682000,17.787658007376972,17.85439727044476,16.173947959014292,16.19685935974121,769127000,396.56310898909396,397.1020626279462,383.1927187216093,383.24945068359375,103087000,33.252405980512926,33.32851832556253,31.730119156017206,31.739635467529297,44851500
2022-08-29,90.05000305175781,91.19000244140625,88.26000213623047,88.48999786376953,61142500,78.56524833333646,78.94912914277646,77.50722056118256,77.57276153564453,9639700,48.628436402916556,48.88466922955384,47.88030732557462,48.084171295166016,16580000,15.957790614919103,16.27455462835807,15.705772821557588,15.739640235900879,496132000,380.30871286100455,383.7505767039351,379.36314174882557,380.7153015136719,65370800,31.61594560537897,31.787202901069143,31.2163476683746,31.340030670166016,32976800
2022-08-30,90.05999755859375,90.1500015258789,85.33999633789062,86.94000244140625,69087100,78.44353271256949,78.63079776218879,76.5241141721325,77.51659393310547,8392300,48.3329213443897,48.43298581160305,46.8880974586495,47.35567855834961,18282000,15.898024237946384,15.976716986717125,15.123045485635457,15.40793514251709,530181000,381.8689548878579,382.1053477002366,374.44621480785787,376.5359191894531,85652400,31.435174136485276,31.46371580794256,30.58840400876969,30.693058013916016,40182500
2022-08-31,86.27999877929688,86.72000122070312,83.72000122070312,84.87000274658203,64991700,78.75250159688885,79.46409438030113,77.76937989423463,78.04090881347656,8887100,47.708230908979395,47.708230908979395,46.43454052400109,46.67487716674805,32445000,15.32425893297207,15.479653272888758,14.90090915114216,15.035385131835938,573710000,378.16230081283413,379.4009968343616,373.53847243354284,373.67083740234375,76029700,30.816745913958847,30.816745913958847,30.226861693185292,30.36957550048828,44074500
2022-09-01,82.3499984741211,82.76000213623047,78.5199966430664,82.33000183105469,94854700,76.26192699163451,76.61772693902955,75.01664860604099,76.43982696533203,11566000,45.96042953495397,46.130628363301796,44.9663520814101,46.010929107666016,31930000,14.153824316249922,14.324160780710457,13.21847139112477,13.882881164550781,1178865000,371.5054577952036,375.1837145120207,368.8105742839667,374.84332275390625,78740100,30.036574406998323,30.2839458449501,29.617945680102665,30.21734619140625,36440700
2022-09-02,83.31999969482422,83.6500015258789,79.80999755859375,80.23999786376953,84924400,76.3555776577374,77.69449237590287,75.47544980087264,75.74697875976562,8850100,48.441404927219196,48.6106690699692,46.59913767904469,46.7786865234375,40426000,14.045247525726571,14.115970968690647,13.538223289757255,13.594006538391113,743157000,378.4933325877982,379.7036628695056,369.08488527338466,370.89093017578125,99632100,30.64548843444026,30.807233047033623,29.551346832111893,29.703575134277344,34893300
2022-09-06,80.41000366210938,80.88999938964844,78.37000274658203,78.72000122070312,68727300,75.8686997845901,75.8686997845901,74.4548789716367,74.9323959350586,12704400,46.62064777082813,47.13218238785308,45.85755354776419,46.589786529541016,24738000,13.67767991813969,13.725493859595561,13.299155414870102,13.412713050842285,535751000,371.7324237676469,372.6685300550319,367.2787913361997,369.4914245605469,76637400,29.865314825394012,29.865314825394012,28.85680197478343,28.885345458984375,46989600
2022-09-07,79.23999786376953,80.25,77.73999786376953,79.61000061035156,67891200,73.39685880794792,75.0728435698563,73.24705390535274,74.85749053955078,9843500,47.03025165581968,47.63997792791205,46.67208500605579,47.237857818603516,20440000,13.514347994091015,13.788362113873305,13.298126385508025,13.664806365966797,512657000,369.17937898507915,376.89524390582346,368.96191606413413,376.12933349609375,70964200,28.942432654658464,29.2944617258229,28.59040358349403,29.1612606048584,37329500
2022-09-08,80.02999877929688,83.44999694824219,79.23999786376953,82.77999877929688,89089300,73.97734839132058,75.5971495961223,73.75263038722515,75.12899780273438,8181700,47.001251561336986,47.949505994406636,46.63653886667339,47.87376022338867,22535000,13.410719244419383,13.957750598170398,13.321042892410091,13.939814567565918,624873000,373.86940805077325,379.0416547769603,372.6685141668355,378.5877990722656,80821700,28.894861227070713,29.35154610618533,28.45720352355757,29.25640296936035,37359500
2022-09-09,84.02999877929688,85.68000030517578,83.83999633789062,85.44999694824219,68907700,75.68143561483795,76.4585694601205,75.59716456076315,76.33684539794922,7084700,48.20201038989653,49.18673772710591,48.20201038989653,48.85288619995117,23019000,14.106216544794995,14.422079811274344,14.075328559341035,14.335391998291016,486612000,380.81934883699086,385.329742082949,380.5545900462263,384.4692687988281,76706900,29.675031177265584,29.96997326316683,29.570373547069764,29.931915283203125,34069500
2022-09-12,84.88999938964844,85.3499984741211,83.45999908447266,84.63999938964844,71922500,76.74881581646139,77.2450556369987,76.55219289568795,76.91735076904297,7903000,49.25967120928499,49.68142958726629,49.05487258696075,49.47569274902344,18157000,14.317455823482035,14.49481679850031,14.147068757337559,14.452967643737793,484159000,386.53060660794216,389.32005328167793,386.2280168884876,388.6014099121094,69256300,30.19831684196443,30.312488971473055,29.589403657130262,30.02705955505371,38305500
2022-09-13,80.95999908447266,81.47000122070312,76.80000305175781,77.02999877929688,80921200,75.29754978520131,75.97168966328745,73.51857113879205,73.79010009765625,12835100,48.05238077430224,48.466658434241076,46.915223736278286,47.09945297241211,35136000,13.752489132610048,13.87205855128794,13.052010885075777,13.083895683288574,714956000,379.9588585471244,381.1597524265052,370.58827344881297,371.70404052734375,122947100,29.33251887651941,29.427662019055212,27.829263031508173,27.867321014404297,71417900
2022-09-14,77.0999984741211,78.08000183105469,75.87000274658203,77.44999694824219,71483000,74.66087453352344,75.05412761921798,73.94928867898173,74.58597564697266,8849600,47.424884198818305,47.97382255420156,47.01715268860548,47.76341247558594,20605000,13.206453364571683,13.242324471898772,12.866677036184084,13.08090591430664,588507000,372.9995686538307,374.63541764024257,369.8318985452489,373.12249755859375,85023700,28.114688218111237,28.32400347656698,27.600918196283516,27.76266098022461,40767200
2022-09-15,76.63999938964844,77.97000122070312,74.91000366210938,76.66000366210938,81818000,73.99086136156184,74.62173105455976,73.13400270499919,73.4259033203125,10533100,47.59321893502518,47.83916352234129,46.503753941085776,46.771209716796875,36574000,12.968313711994472,13.185531175680374,12.74412043844494,12.882621765136719,523625000,371.5716492033494,374.4083627921359,367.6191685285438,368.88623046875,87633800,27.73412058280243,27.98149203370225,27.315491833994688,27.439178466796875,39919100
2022-09-16,75.62000274658203,76.81999969482422,74.68000030517578,76.51000213623047,75300200,72.6067022774259,73.44472484518373,72.42779616166955,73.34114837646484,10604500,46.544897037134874,47.103189040082555,45.80986013140098,46.991905212402344,59012000,12.6962911946005,13.164605464480621,12.571739597842733,13.150655746459961,670751000,364.72378063805104,366.72711745579204,362.79635852182116,366.0719909667969,103084800,27.305975997797965,27.895860161653708,27.039575585753997,27.819746017456055,72748000
2022-09-19,75.38999938964844,77.33999633789062,75.3499984741211,76.7699966430664,64966900,72.07942135141249,73.66130828857422,72.07942135141249,73.66130828857422,10378600,46.2362997627768,47.07513982040839,46.2362997627768,46.9301872253418,17948000,12.965323203760738,13.414705581325622,12.96333052263512,13.333995819091797,569685000,362.9388349935968,368.910888671875,362.8628623346067,368.910888671875,73278500,27.610434817975406,28.067119720267634,27.496262685050105,28.010034561157227,33151900
2022-09-20,76.08000183105469,76.58000183105469,74.7300033569336,75.25,51129100,73.01160715563174,73.85904792260472,72.98336032737134,73.58598327636719,8202800,46.384044463927474,46.64869625563126,45.79676413366708,46.109107971191406,17132000,13.167595196842449,13.434633475375263,13.010161983326146,13.128734588623047,524818000,365.59727289264487,366.60369324051743,361.93238916833104,364.6763000488281,77274900,27.65800426660365,27.753147404078266,27.3154896975768,27.553346633911133,31129000
2022-09-21,75.44000244140625,78.41000366210938,74.44999694824219,74.4800033569336,82069700,73.04926994906596,74.67823259316253,72.63496398925781,72.63496398925781,10869000,46.300541096586436,47.1388713890076,45.43109078768898,45.46598434448242,20669000,13.165603203916465,13.98066875064519,13.06297204241683,13.213430404663086,807679000,366.59425728558,369.63252654265,358.3055291317483,358.3150329589844,106746600,27.734117904334347,28.15274661271233,27.077632263990022,27.087146759033203,39977300
2022-09-22,73.88999938964844,74.29000091552734,69.16999816894531,69.5,101436900,71.98524571228577,72.26772830557931,70.95890617872544,71.213134765625,10817900,45.4933371417455,45.56689061132168,44.60408371649134,45.03881072998047,23540000,13.023115583255532,13.10183266935545,12.38341928920965,12.515941619873047,759162000,357.5459378785754,359.1790024904426,354.5646626886457,355.30523681640625,89472600,27.020548393565633,27.11569153381817,26.678035629242753,26.70657730102539,36092700
2022-09-23,68.0,69.08000183105469,66.81999969482422,67.95999908447266,87690000,69.96079598763922,70.04553643415595,68.82145508083512,69.555908203125,12685500,44.78796724770689,45.074641226451426,43.566778977764095,44.19670486450195,29649000,12.375447364597502,12.565762199000392,12.213031967666868,12.471102714538574,663309000,351.8492165492308,351.8872028833452,344.92770661744225,349.3521728515625,122346900,26.54483413922103,26.54483413922103,25.869321300725936,26.183292388916016,43491100
2022-09-26,67.87000274658203,68.73999786376953,66.25,66.30000305175781,82898700,69.17929720220215,69.85724980333718,68.66141474749286,68.74616241455078,13441500,44.224989097300565,44.63236956958528,43.50170682686996,43.59129333496094,19361000,12.446193464778984,12.61359104915648,12.170186671175692,12.184136390686035,547343000,347.8900111292315,351.49793062480813,344.6808467381226,345.8961486816406,92581200,26.221348082874012,26.354549200862078,25.555349751751304,25.660005569458008,44786400
2022-09-27,67.9000015258789,68.77999877929688,66.0,67.16999816894531,94871800,69.21693184089041,69.71597807019621,68.1246737524386,68.76496124267578,12430600,44.278736669204385,44.31079556910244,43.04905914389568,43.82609176635742,17850000,12.462135725855696,12.690314364148412,12.21402932430884,12.368473052978516,553854000,349.41861164213634,351.6783204261148,342.6300104380139,345.0131530761719,108294100,26.069119271869596,26.25940554253098,25.3270068086398,25.583890914916992,44121400
2022-09-28,67.11000061035156,68.80000305175781,66.55999755859375,68.36000061035156,72389500,66.95711356855062,68.06820081037912,66.57105448358722,67.91754150390625,12943600,43.50452762378336,44.203294365912605,43.03396830281941,43.9401969909668,27605000,12.365481627957845,12.777000185243523,12.309682759242014,12.690312385559082,542414000,345.9625820630532,353.4822530130937,344.2725525183402,351.8017272949219,110802200,25.555350757059607,25.954950497334636,25.30797931644131,25.81223487854004,40433400
2022-09-29,67.1500015258789,67.19999694824219,62.83000183105469,64.13999938964844,102552400,66.40156679850493,66.55222610598246,64.48071091498487,65.2339859008789,16120300,43.46304441261622,43.507366424893256,41.9523512330201,42.44742965698242,39997000,12.403348375701784,12.455161894796301,11.903149218445288,12.176166534423828,532763000,348.2697731293536,348.5545981921768,341.5191583646997,344.4529724121094,112952300,25.47923394683863,25.47923394683863,24.917891469952366,25.098661422729492,41831300
2022-09-30,63.619998931884766,65.91000366210938,63.34000015258789,63.36000061035156,81664100,63.84983096729401,65.58237700062473,63.78391931940719,64.5560302734375,10472400,42.346526055700146,43.172600445859516,41.83541817984881,41.87031173706055,27202000,12.043640707800058,12.58768254393533,12.031683671272111,12.095454216003418,565638000,343.5130367895296,347.41531451229605,338.99364767477,339.1265563964844,153711200,25.022548923283036,25.27943484950694,24.48974989514429,24.518293380737305,43821000
2022-10-03,64.45999908447266,66.91000366210938,63.38999938964844,66.11000061035156,83841600,64.10406508786598,65.50704566176329,63.699177208761704,65.20573425292969,11945100,42.36350136917767,43.467760141822154,42.14943838999151,43.074527740478516,21479000,12.3027092319889,12.632522202880898,12.061576751367282,12.467117309570312,547478000,342.8294068400838,349.9218411560904,341.05392954790506,348.07989501953125,89756500,25.05109239478481,25.926405990729734,24.803720963897725,25.660005569458008,44096200
2022-10-04,68.2699966430664,69.18000030517578,67.33000183105469,67.9000015258789,77160500,66.66522171907023,68.67082529307451,66.58989206405181,68.55783081054688,14900700,44.1797228401846,45.279265522970555,43.93076991567735,45.2509765625,27277000,12.832800195456576,13.172577516081788,12.832800195456576,13.119767189025879,584182000,353.57718804598346,358.8941441243227,348.0418757679158,358.86566162109375,103602800,26.09766347986094,26.449690731221,25.774177899597717,26.354549407958984,42427500
2022-10-05,66.58999633789062,68.69000244140625,64.5199966430664,67.94000244140625,87127400,68.66140298379455,70.53519031973956,68.34126274579239,70.13030242919922,14037100,44.561652803823186,46.02707815522023,44.458864279380315,45.71683120727539,18493000,12.864685926402442,13.273215022829856,12.57572625208159,13.161616325378418,507131000,354.517213813191,360.2803868520497,352.2005400048697,358.0301818847656,88065700,26.040578349721315,26.487748739507303,25.58389164995404,26.297462463378906,30120000
2022-10-06,67.81999969482422,70.29000091552734,67.66000366210938,67.8499984741211,98325900,69.65010650791635,70.5446230353643,69.54653000256977,70.0079116821289,11796800,45.62157897747981,46.178893807775815,45.143476115163025,45.2170295715332,17250000,13.172578310658011,13.60701418955063,13.055997427970787,13.082901000976562,644157000,356.63448871251217,359.5778067097025,353.843087080186,354.3368225097656,82333500,26.107177489015953,26.411634073076065,25.688548778581108,25.859806060791016,33985100
2022-10-07,64.01000213623047,64.02999877929688,58.220001220703125,58.439998626708984,163786300,67.61622053287309,67.82337345812456,65.67652893066406,65.67652893066406,14758600,44.54561224580314,44.63614124315405,43.285760558279314,43.423439025878906,28425000,12.460142467451544,12.624550545260242,11.978875271525471,12.032681465148926,672478000,350.32060050692866,354.4222552620788,342.69647392447916,344.4529724121094,107789500,24.898865431494915,25.003523069498016,24.404122543285993,24.470722198486328,57215500
2022-10-10,57.310001373291016,58.790000915527344,56.29999923706055,57.810001373291016,112241800,65.77071562674014,65.79896245888597,63.09657682071582,63.50146484375,16042200,43.37817419718577,43.387602652254174,40.722673749040595,41.27527618408203,33454000,11.993822685224918,12.080510507633305,11.367079212741848,11.62813949584961,698699000,345.56382461416007,345.8011884953058,339.5917702265936,341.8229675292969,76042800,24.680041024136866,24.727611694777742,23.87132692030861,23.975984573364258,43409300
2022-10-11,57.209999084472656,58.91999816894531,56.04999923706055,57.630001068115234,114054800,60.450660622256066,61.11920231913668,58.96293588065426,59.74446487426758,28699300,41.039516731320816,41.369566549416966,40.13234557843861,40.62082290649414,28046000,11.519529376884742,11.803506900585397,11.242526713057343,11.544440269470215,667482000,340.13290031732214,344.68079989118917,337.73077926422997,339.6581726074219,92482800,23.795209869192025,24.242380288916017,23.49075325876679,23.823753356933594,48134900
2022-10-12,57.45000076293945,58.31999969482422,56.31999969482422,57.849998474121094,89264200,59.88569966662207,60.478911680863966,59.66913231064281,60.36591720581055,16468700,40.761344505950916,41.08856699336831,40.36151103057653,40.60292053222656,15046000,11.537463990629318,11.692903570079896,11.304303196073544,11.458746910095215,492590000,340.0665414891918,341.6331375101313,338.29103509203446,338.53790283203125,76991800,23.833262380174936,24.28043454597076,23.462206170007562,24.09966278076172,39634100
2022-10-13,55.52000045776367,60.13999938964844,54.56999969482422,58.939998626708984,131159800,59.37724885570903,66.10026320473982,58.68046384367165,62.72934341430664,36639300,39.362869779154224,41.84768350053849,39.14126328462125,41.300743103027344,27980000,10.931645390841727,12.03467479522763,10.77421216389864,11.917098045349121,850103000,331.5593165001294,348.9343679346623,330.5149097513193,347.4721984863281,147254500,23.528807288207744,25.536320375871682,23.395607986934852,25.136720657348633,62447000
2022-10-14,59.599998474121094,59.939998626708984,55.84000015258789,55.939998626708984,96959300,63.331964422619464,63.51086338623289,60.055196034394925,60.18701934814453,19440900,41.80147218415221,41.86559719166316,40.21062449276758,40.275691986083984,22816000,12.013750129635845,12.067556325773387,11.163810263463406,11.186727523803711,713432000,349.9218726099101,351.54546265385306,338.91768496528886,339.5538330078125,123737000,25.174777613695817,25.33652040519587,24.50877927170488,24.651493072509766,48185400
2022-10-17,57.349998474121094,58.5099983215332,57.099998474121094,57.959999084472656,76977600,61.18511997915688,61.53350709007265,60.300014420725034,61.100372314453125,11280100,41.44973191376032,41.609098340194365,40.86884053398069,41.0555534362793,24120000,11.476682407821523,11.905140220648137,11.47568654235639,11.845355033874512,580774000,345.61129877486803,349.38063819195844,339.22145295922246,348.2792663574219,93168200,25.03206302651743,25.45069173513786,24.898863725244542,25.136720657348633,39416500
2022-10-18,59.90999984741211,60.4900016784668,56.400001525878906,57.91999816894531,103064500,62.05138118242988,62.2491161283609,59.11358944895984,59.98927688598633,16656100,42.266371493752835,42.29843399629539,40.56424938805803,41.004634857177734,20341000,12.299718771902551,12.447187622313416,11.57632328719115,11.924071311950684,659362000,356.1692823447375,356.473115089462,348.9439101925136,352.3714599609375,97162900,25.441178811192287,25.650492271076327,24.299466555409587,24.61343765258789,51126900
2022-10-19,57.33000183105469,59.040000915527344,56.56999969482422,57.22999954223633,75704800,59.07593024260767,60.36592002850608,58.53921544079583,59.94219970703125,12385200,40.85375133465225,41.33185418509863,40.6321448880475,41.0489501953125,12702000,11.836385721556873,12.305696754279046,11.791547075752167,12.007768630981445,523131000,350.33958306364724,353.0550409179747,347.07345375673924,349.8743591308594,79746900,24.489752036721537,24.974980446008537,24.44218137127763,24.737123489379883,33882300
2022-10-20,57.470001220703125,60.20000076293945,57.400001525878906,57.77000045776367,79552600,60.02694864846444,61.467594266614505,59.67855795224117,59.866878509521484,11300900,41.03292607429556,41.698687986295326,40.373765160321014,40.57745361328125,23402000,12.069549247006899,12.723196239361652,12.061577571391497,12.150259017944336,652398000,349.4280898959749,353.83357711460013,346.18093949129155,346.9405212402344,88283100,24.87983397783286,25.640977226220233,24.689549526764257,24.813234329223633,33247700
2022-10-21,57.220001220703125,58.90999984741211,55.709999084472656,58.81999969482422,95366400,58.397977179028864,60.055190030647914,58.397977179028864,60.02694320678711,13699000,40.746247602606836,42.497407649278074,40.47089068761368,42.409706115722656,26980000,12.054600941010673,12.453166608425773,11.844358361540095,12.421280860900879,609494000,346.6652142635387,355.8559372584329,345.1650872068647,355.3717346191406,131038400,24.594407513779913,25.73611971629216,24.537322357330403,25.660005569458008,53058700
2022-10-24,58.56999969482422,59.0,56.65999984741211,58.70000076293945,76305400,57.04207871067183,58.021339105048526,56.19463803178112,57.71061325073242,25010800,42.69261070906112,43.26407367008304,42.53984527052582,43.050010681152344,25287000,12.46313123131559,12.664406275262714,12.02072372059677,12.553804397583008,517457000,356.89088616369844,360.85009986477286,354.2513717295342,359.7202453613281,85436900,25.450691845446098,26.145233654671273,25.23186390249094,25.859806060791016,43831600
2022-10-25,58.77000045776367,61.97999954223633,58.689998626708984,61.470001220703125,85501900,56.45828674939561,57.77652705634271,56.03456639416863,57.569374084472656,21700600,43.188632100275164,43.77989446418554,43.0792425914767,43.3847770690918,18246000,12.64846488467942,13.252291014913888,12.618571815177777,13.213430404663086,505482000,359.64421973765667,365.777693519867,359.5302897254607,365.4643859863281,78846300,25.859808208305978,26.221349978225323,25.688550911874092,26.078636169433594,32205300
2022-10-26,59.689998626708984,61.77000045776367,59.150001525878906,59.72999954223633,79761600,57.30571671922126,58.360306611970984,56.90082885477075,57.28688430786133,14006000,43.18863010998591,44.487145284780055,42.93873468274335,43.48944854736328,29291000,12.822836454280946,13.339973788252896,12.662413746395243,12.849739074707031,532953000,362.3312221104294,367.9899690715865,362.0748795431326,362.71099853515625,104087300,25.869324262228158,26.44969402822928,25.679037962575716,25.888351440429688,37111100
2022-10-27,61.599998474121094,62.720001220703125,58.5099983215332,58.599998474121094,83871400,58.23790180160821,58.802863406119236,57.352799957364354,57.390464782714844,12937600,43.948694796135875,44.39379273653619,42.898189984614014,42.94439697265625,18512000,13.581106467465899,13.788360510627266,13.07492839668743,13.128734588623047,583113000,363.708015182154,365.5404577957841,360.1570310319341,360.7742004394531,81971800,26.116692131689884,26.24989143429279,24.860805993288405,24.994007110595703,56305100
2022-10-28,59.099998474121094,62.349998474121094,58.91999816894531,62.0099983215332,78198600,57.22098032349614,58.407393662660084,56.56186020533143,58.3885612487793,11972300,43.091500552223465,44.73044016725729,42.96796656601636,44.59465026855469,23094000,13.056995159747698,13.800319496329138,13.014149183187982,13.78437614440918,521040000,360.66969527942797,369.83193605345815,360.48929639684917,369.3572082519531,100302000,26.81123648192271,27.800720479342083,26.50677986733213,27.65800666809082,91695700
2022-10-31,60.75,61.86000061035156,59.529998779296875,60.060001373291016,73274100,57.99308627222863,58.633373920637474,57.50345432980332,57.955421447753906,10802800,44.02413849810216,44.5861658600279,43.850623966957244,44.33250045776367,19259000,13.728574769253589,13.78835995245815,13.24930028897117,13.448582649230957,486341000,366.90756364967945,368.76848820462624,365.78721318114583,366.6891784667969,96631300,27.66752096728513,27.762664112343902,26.68754965817755,27.04909324645996,59507700
2022-11-01,61.4900016784668,61.9900016784668,59.43000030517578,59.65999984741211,83806700,59.565568002532075,59.72564174559097,57.98368453979492,57.98368453979492,11561900,44.86812763664661,44.96525404616753,43.6771132412591,44.12315368652344,16324000,13.761458357625319,13.875049746891053,13.470505974860513,13.494420051574707,432817000,370.4206205564319,370.6579844557042,363.91684392135363,365.08465576171875,85407600,27.40111745222958,27.44868992677808,26.535318377194773,26.925403594970703,44418700
2022-11-02,63.0,63.93000030517578,58.56999969482422,58.630001068115234,142669400,58.84993843348437,59.21716147460288,56.985572814941406,56.985572814941406,16547200,44.347586893786676,45.30662023985109,42.9745720190959,43.003807067871094,21070000,13.800317291584546,14.159025547914593,13.16360959020308,13.17158031463623,672628000,364.49591366436715,368.986848031428,355.817906580174,355.9223327636719,126990400,26.8968640073058,27.448692051860544,26.078635528767748,26.088150024414062,51956100
2022-11-03,58.11000061035156,62.279998779296875,58.029998779296875,60.11000061035156,95279900,56.49594735869546,57.333970003142944,55.9592361461411,56.75959396362305,11040900,42.523819217653696,42.704873634065585,41.62042131554201,41.88068771362305,23887000,12.996214635245538,13.731567326146932,12.909526812969911,13.372858047485352,500065000,352.69424875731005,355.2862727989772,350.1497148774445,352.25750732421875,87100100,26.116693526033995,26.525805950828502,25.850293091900937,26.059606552124023,39678200
2022-11-04,62.5,63.0,60.529998779296875,62.189998626708984,84791300,57.91775586720729,58.84994050525324,57.45637434511868,58.83110809326172,14662800,43.08207451602132,44.21650730899889,42.744477527334276,43.877967834472656,28891000,13.935828645472183,14.177956971752689,13.647864854214127,14.105218887329102,612576000,357.9447159505611,359.7201930621012,351.29852759073634,357.32757568359375,103505200,26.585138541087908,27.231204737967765,26.4308542408671,27.19263458251953,43051900
2022-11-07,62.93000030517578,63.529998779296875,61.400001525878906,63.08000183105469,62722500,58.962933782692936,59.2548307925569,58.35089653170233,59.094757080078125,8507100,44.01658384479857,45.051059063356156,43.52622506528436,44.81342315673828,17687000,14.1769615012651,14.360301478064772,13.903945167549931,14.249699592590332,410061000,358.61883592099326,361.3342937720169,356.5490298438672,360.7456359863281,68286900,27.346918910656342,27.452988217657715,26.893707168982882,27.395132064819336,34389800
2022-11-08,64.08999633789062,64.95999908447266,62.369998931884766,63.849998474121094,75938000,60.61072946616116,61.910133483902996,60.46948818114287,61.22276306152344,14102800,45.38206070330768,46.09402962391584,44.65123127385121,45.463157653808594,20743000,14.747906191962752,14.837583500238217,14.165004638425565,14.549620628356934,595292000,361.8469263692216,365.654251719313,358.62828769445593,362.69195556640625,84641100,27.732629670945908,27.9158429674121,26.932279172758577,27.462631225585938,36258000
2022-11-09,62.279998779296875,63.04999923706055,59.79999923706055,59.91999816894531,62940300,62.64459071964778,62.71050237323596,61.15686232856421,61.20394515991211,15086800,45.12273448086973,45.16988755296275,44.2297111251258,44.271202087402344,23695000,14.111198522670565,14.160023489846735,13.709644264687311,13.726583480834961,454414000,360.7266178571878,361.87547986372505,354.7260521981255,355.21978759765625,78495500,27.211919645642528,27.289061798318503,26.53692626953125,26.53692626953125,30544800
2022-11-10,64.30000305175781,68.80000305175781,63.619998931884766,68.47000122070312,107996300,63.78392490831516,66.73113486851433,63.38845498634213,66.702880859375,21367900,46.30148880588921,47.826326617966956,45.94220743769656,47.76974868774414,33970000,14.746910406367014,15.716419686091069,14.49481769622729,15.693502426147461,700819000,368.43620204058976,375.07291581213747,366.14803974108565,374.7406005859375,141455800,27.84833971348892,28.7644042821594,27.626556279545973,28.6969051361084,62943900
2022-11-11,69.58000183105469,73.31999969482422,68.29000091552734,72.37000274658203,111709500,68.49192551062418,70.24330064116111,68.15294921543433,69.51827239990234,15524700,47.602832197438445,48.94189948666871,47.3387922801004,48.856082916259766,26728000,15.750296571579392,16.330208574296904,15.426462616385566,16.268430709838867,655487000,375.59513065911824,379.1650929237687,373.7151981734616,378.3675537109375,93839900,27.89655701103716,29.535828165320652,27.838700858094295,29.342973709106445,49826500
2022-11-14,75.22000122070312,75.25,72.66999816894531,73.52999877929688,108892800,68.96273020035326,69.37703618805463,68.02113090745557,68.54843139648438,11575300,48.60146983840977,49.50957999839386,48.376089849764824,48.39683532714844,21608000,16.159825913451986,16.480671390641938,15.864887196216745,16.236549377441406,527852000,376.61103437675337,379.9531074146063,374.87351452909996,375.14886474609375,71903500,29.256186088425583,29.882966236793685,29.101901800803088,29.26582908630371,39395300
2022-11-15,77.26000213623047,79.16000366210938,75.38999938964844,76.37000274658203,108946300,77.13581197983181,78.086829272567,75.33736107462211,75.76107788085938,48742400,49.97543191519326,50.221557423432984,48.65051261980027,49.45301055908203,23315000,16.662017219102463,16.93702626168871,16.323236669194443,16.606218338012695,545876000,380.8740658346402,381.9754376853018,374.55068876407796,378.3485107421875,93194500,29.98903994480018,30.220466396071025,29.092261296616932,29.61297035217285,40933200
2022-11-16,73.66000366210938,74.83000183105469,71.93000030517578,72.69999694824219,79968000,75.85521114273725,75.8646291439616,74.2921605795082,74.8100357055664,24006600,48.726887946350494,48.89851387125476,48.11959261480022,48.25632858276367,25405000,16.104022097240293,16.303303489339243,15.816058328582624,15.852925300598145,649547000,376.7249517855088,377.67440728463805,374.8355446142679,375.4621887207031,68508500,29.03440541472817,29.15011772183715,28.388339209192143,28.47512435913086,35582800
2022-11-17,70.55999755859375,74.37999725341797,70.16000366210938,73.9000015258789,82320800,74.66880286476783,78.09622261752797,74.09442690551344,76.72148895263672,24278400,47.62169708482661,48.351580465135925,47.44629758191875,48.292171478271484,20375000,15.658627572163233,16.20765162732223,15.47927296101109,15.620763778686523,710894000,370.7244135980539,374.98748880867356,370.420609836842,374.3133544921875,74496300,28.03155433719462,28.88011980044275,27.96405518791181,28.822261810302734,31983300
2022-11-18,75.06999969482422,75.3499984741211,72.18000030517578,73.56999969482422,73223200,77.94558014936086,78.00207380218882,76.26953473303563,77.46536254882812,18578400,48.74103940141511,48.82213634974333,48.18749445323384,48.57978439331055,14536000,15.90872657967121,15.944598642065296,15.065761621009438,15.35372543334961,492072000,377.63640863793864,377.7028774747301,373.1739853225882,376.0128479003906,92922500,29.1790462667312,29.1790462667312,28.55226606848289,28.802978515625,27122200
2022-11-21,72.20999908447266,72.9800033569336,71.56999969482422,72.45999908447266,51536300,76.09062091761339,76.29777386887783,74.82888157275701,75.26201629638672,18659700,48.3704359292048,49.11635228374634,48.19786749925792,48.7947883605957,18622000,15.092665143329405,15.421481294578124,15.025905097362354,15.262055397033691,404739000,374.69315056273854,375.81350115294237,372.8132181507224,374.6456604003906,51243200,28.600475862220378,28.658332008082123,27.87726760170055,27.90619659423828,36086800
2022-11-22,72.72000122070312,75.33000183105469,72.11000061035156,75.25,55450200,76.59909154432944,78.33163776406712,76.48610424084175,77.71959686279297,16504700,49.31627413953909,50.00560901764869,48.942844693992896,49.98392105102539,18920000,15.273017439942477,16.00039937204481,15.067756049737582,15.980470657348633,472866000,376.58251647845884,379.84864551592176,375.1773119937102,379.6872253417969,60429000,28.099055339109917,28.79333655285458,28.02191318638429,28.754764556884766,25584100
2022-11-23,75.48999786376953,78.22000122070312,75.30000305175781,76.4000015258789,81623600,77.62543697047265,78.10564736922679,76.95690242961066,77.1828842163086,14683800,50.0122132344709,51.06177562906996,49.8660487765925,50.32246017456055,13964000,16.040254147784076,16.46771612556409,15.99043426388969,16.45974349975586,427241000,379.3548727958851,382.5640365089202,379.12701278433445,382.079833984375,68261600,28.667978834252597,29.00547643541131,28.436552380684496,28.610122680664062,23143900
2022-11-25,75.66999816894531,76.04000091552734,74.75,75.13999938964844,26018900,77.34297601945481,77.55954704760059,76.64619445800781,76.64619445800781,5908300,50.04426802965616,50.4110964439756,49.93016609706747,49.9707145690918,7455000,16.259467561128588,16.42786007515215,16.113991359394493,16.211639404296875,167934000,381.51965705763075,382.5450851329431,381.24433584905154,381.994384765625,30545400,28.61976476337277,28.61976476337277,28.29191017150879,28.29191017150879,11314900
2022-11-28,73.80999755859375,75.47000122070312,72.56999969482422,73.19000244140625,45383800,75.58213453918704,76.3448344726155,74.28273074656765,74.59346008300781,13214200,49.53033391887982,49.86227240542199,48.681632589252,49.244606018066406,23505000,15.968510119436205,16.298324023340506,15.668591183311177,15.770224571228027,303741000,378.9181872794732,380.5512518780544,375.13934400569946,375.89892578125,67881600,28.060482686063413,28.147267830060994,27.520487665022543,27.703699111938477,28267900
2022-11-29,73.62000274658203,74.48999786376953,72.77999877929688,73.38999938964844,51846400,75.24318115782766,75.52565655360972,74.34865777827514,74.69705200195312,11502300,49.319093596683636,49.587849511685604,48.54866189222397,49.16727066040039,12694000,15.770225383983295,15.874849224323373,15.46432743853725,15.582900047302246,298384000,376.03188852468344,377.21870805540783,373.4208855570898,375.25335693359375,52310000,27.819413039092478,28.13762461826266,27.713341899631146,27.867626190185547,24361500
2022-11-30,73.37999725341797,77.69999694824219,72.80999755859375,77.62999725341797,88468400,75.92112484575946,78.55760492144248,75.7704727412283,78.1338882446289,21667300,49.42376644309308,52.02174265351704,48.83156167130708,51.96233367919922,47349000,15.644695832221814,16.873588125710516,15.545029610898084,16.86661148071289,565298000,375.50011084303225,387.073974609375,373.59172517191445,387.073974609375,144566700,27.74227024466325,29.00547353372441,27.21191639898036,28.995830535888672,72072500
2022-12-01,78.30999755859375,79.2300033569336,76.44000244140625,77.4800033569336,59833400,78.19040147078735,78.74594157215235,76.40136148444745,77.85142517089844,15975100,51.96233614926466,52.0934136127279,51.107030339386576,51.93593215942383,23006000,16.942353455622023,17.207465887298017,16.579566121809616,17.077899932861328,470977000,388.10897388602916,389.27681476134444,384.29217262110774,386.78924560546875,76398200,29.159759948266366,29.39118639556841,28.46548060636023,28.764406204223633,38896300
2022-12-02,75.05000305175781,76.27999877929688,73.6500015258789,74.9800033569336,64377200,77.03223466398937,77.36180015848207,76.41078287586312,76.74034118652344,10519800,50.644023701265766,51.17681958370975,50.552552212323114,50.997650146484375,19320000,16.60348535757367,16.876572437618908,16.390197799139116,16.819761276245117,371389000,381.91849025775207,387.24492191924827,381.8140640565856,386.34295654296875,85342700,28.127984777812785,28.3786972379118,27.684416013264055,28.359411239624023,31546000
2022-12-05,74.54000091552734,75.16999816894531,72.81999969482422,73.62000274658203,47022200,77.15462867022626,77.38061043138165,76.2224404357778,76.85331726074219,11523300,50.7119213744492,50.87317639469152,49.553911975398044,50.03955841064453,18548000,16.623421575647185,16.93836855658918,16.41711062983356,16.554651260375977,352255000,383.5325239499222,384.4629717064349,378.04467284641726,379.39288330078125,77289800,28.36905253977949,28.687264135614384,27.85798465104481,28.12798309326172,34040400
2022-12-06,73.08000183105469,73.38999938964844,69.4000015258789,70.2699966430664,64965200,76.64615822025307,76.68382304142006,74.53697852171308,74.91361236572266,13992100,50.040494630491246,50.315851563451965,49.20122183615583,49.585025787353516,19655000,16.474918055552177,16.51777403742583,15.766286867339783,15.933727264404297,352694000,379.23149246844036,379.77266003087607,371.84473054042496,373.92401123046875,77972200,28.147268371480845,28.262980672894155,27.32763190641211,27.578344345092773,27701200
2022-12-07,69.52999877929688,71.37000274658203,69.27999877929688,70.13999938964844,59180100,74.38633814567388,75.05487272770807,74.00027901845068,74.61231994628906,14925300,48.998472042297166,49.50769491043591,48.66370615600421,48.89474105834961,16524000,15.719443294997907,16.132064232758374,15.614792692114394,16.0662841796875,372388000,373.0789604760285,375.64250132504657,372.1579876943521,373.287841796875,65927900,27.26977429221749,27.530127876031965,27.14441715999777,27.3179874420166,28239900
2022-12-08,70.13999938964844,71.22000122070312,69.0,70.47000122070312,56734100,74.81005779525907,76.24129268310836,74.48049949339647,76.08122253417969,11197500,49.11258924150495,50.207416150238814,49.072037165624444,50.0810546875,27514000,16.218775465562125,17.12175660926792,15.905820703517822,17.11178970336914,515456000,375.16784142056355,377.2756047091014,373.39233538526526,376.21221923828125,60737900,27.308348576952962,27.5783470386443,27.067279113047356,27.424062728881836,28486100
2022-12-09,69.48999786376953,70.66999816894531,68.5199966430664,68.58999633789062,59058300,76.12829801861452,77.39004475074665,75.97764587402344,75.97764587402344,13787900,51.953859561718204,52.11416850119227,51.016510558562395,51.3673095703125,37028000,17.102819869864998,17.5244106979877,16.918436852955416,16.94434928894043,465338000,374.977955065578,377.52248883512004,373.2784216185342,373.40185546875,81447700,27.375848206927728,27.75191782780238,27.18299373598998,27.2312068939209,25641300
2022-12-12,68.54000091552734,70.66999816894531,67.52999877929688,70.66999816894531,60968300,75.13021087008393,75.73283386230469,74.1980295514663,75.73283386230469,11516600,51.3701329869747,52.513055344349745,51.13343954002767,52.490421295166016,23416000,16.9802285062354,17.47955848372448,16.741028482869503,17.4765682220459,457328000,374.18991841017703,378.7853088378906,373.5253169004451,378.7853088378906,75405800,27.125133722644026,27.684414773444505,26.864780114274833,27.665130615234375,35117900
2022-12-13,74.87000274658203,75.20999908447266,70.66000366210938,71.6500015258789,72458000,77.29588025424275,77.29588025424275,74.97954692324492,75.80815887451172,16938000,54.30004535999057,54.867731171178505,53.28254201775782,53.84928894042969,40414000,18.469251865722775,18.727389611689624,17.651984541709513,18.011781692504883,656589000,389.4855949322845,389.741937458983,378.89917302857265,381.652587890625,123782500,28.725834843640268,29.01511743082299,27.35656037516198,27.703699111938477,58546800
2022-12-14,70.93000030517578,72.0,68.31999969482422,68.93000030517578,67278000,76.1000458322528,76.74975156862568,74.87596401841466,75.34676361083984,17910000,53.614472980530174,55.227008385496326,53.53714598926795,54.16990280151367,35218000,17.927061390913362,18.191179623464766,17.36195136904166,17.61510467529297,496888000,381.31081297545614,385.00420881267286,376.27871036892407,379.2125244140625,108111300,27.491557708537194,28.079767699666352,27.009418853962806,27.25048828125,37141100
2022-12-15,67.5999984741211,68.20999908447266,66.12000274658203,66.52999877929688,58557000,75.00681085815836,75.00681085815836,73.28338737060089,73.49171447753906,17080200,53.1646613249736,53.42021524268685,52.59131705804477,52.619606018066406,36876000,17.088865417042985,17.26228539533921,16.64435244524807,16.895511627197266,478542000,374.37028116191146,375.27227545068706,368.28429708214924,369.93634033203125,117705900,26.941923743458737,26.99977989969243,26.15121619781342,26.180143356323242,45682700
2022-12-16,66.25,67.19000244140625,64.80000305175781,65.41000366210938,62438600,73.49172008943479,73.91783849558391,72.18495071596753,72.25123596191406,11929100,52.56775310011086,52.78935959934913,51.947259218973116,52.42253112792969,49549000,16.80780430040909,16.98421452775994,16.355316696171542,16.515779495239258,478232000,367.39063871161915,368.7259745587609,363.4418577702044,365.56884765625,119858000,26.035499002999398,26.17049729817023,25.505146981216424,25.958356857299805,81104200
2022-12-19,65.12000274658203,65.58999633789062,63.709999084472656,64.58999633789062,46246900,72.83833127244343,73.0277228484795,71.73988902963386,72.06184387207031,12561300,52.6802112628222,52.9141242382396,51.89098575704087,52.262779235839844,25092000,16.51677591008969,16.553651364106894,16.09119880078537,16.1998348236084,354039000,365.75960801740996,366.09344924310705,360.80930355412653,362.46893310546875,79878100,25.939073308639554,26.00657246259408,25.55336254374656,25.833003997802734,37662500
2022-12-20,63.7599983215332,66.05999755859375,63.52000045776367,65.05000305175781,52431300,71.12437559870972,72.15653254595207,70.92551987193504,71.60731506347656,12080600,51.838680204178324,52.20286720697806,51.43456038416556,51.729331970214844,29831000,16.010470747950464,16.255651316160492,15.799178230906909,16.031400680541992,403260000,361.7154394063112,364.5768857232749,360.39916944320595,362.9649353027344,74427200,25.59193252269879,25.910144108555976,25.476218382744424,25.49550437927246,31863300
2022-12-21,65.43000030517578,67.8499984741211,65.20999908447266,67.68000030517578,44167600,71.83457663622349,73.31179471259446,71.74934862629084,73.0466537475586,10806100,52.0764061944683,53.4304513725129,52.00794474400187,53.36579132080078,25619000,16.060302979691098,16.571593975514052,16.04834193364069,16.446012496948242,325025000,365.5497098013311,369.51758489971746,365.01557556771496,368.39208984375,78167400,25.64014605042167,26.00657079375305,25.630503052016383,25.871572494506836,28100900
2022-12-22,66.08000183105469,66.30999755859375,62.2599983215332,63.86000061035156,73917700,72.23227533463182,72.37431717641593,70.09219799884978,71.28533935546875,13019700,52.61650521866194,52.767694255305166,52.03172092582953,52.59178161621094,27553000,16.040369896727526,16.084223899243984,14.832408745526728,15.287885665893555,565045000,365.35897373224327,368.3730338595665,357.4613834622674,363.1365966796875,100120900,25.50514828566791,25.50514828566791,24.444442348638713,25.042293548583984,47478300
2022-12-23,63.11000061035156,64.66000366210938,62.720001220703125,64.5199966430664,45923000,70.91604614257812,71.35163589509341,70.23425097358053,70.91604614257812,7452600,52.29796788632985,52.6421831379432,52.055494474124934,52.529029846191406,13761000,15.145360892853512,15.28788400934768,14.833404208941626,15.155327796936035,349326000,362.1159860434873,365.36849982820587,360.57080985837734,365.2254333496094,59857300,24.994079376869443,25.254434811023486,24.762652937359356,25.15800666809082,23600900
2022-12-27,63.869998931884766,64.27999877929688,62.970001220703125,63.27000045776367,36086000,70.38577601221783,70.77401613348349,70.22479857716988,70.37630462646484,8974800,52.44535389334841,53.06912798725335,52.007003211530254,52.634578704833984,16677000,15.023768425094323,15.049681806653775,14.009160162650081,14.073944091796875,464902000,365.11097351314567,365.45433305552007,362.11597944447993,363.78515625,51638200,24.926581549900387,25.167651000403847,24.733725253812043,25.01336669921875,29548100
2022-12-28,62.540000915527344,63.540000915527344,61.959999084472656,62.56999969482422,39526500,70.25319369416928,70.59409127843641,68.9748241408929,69.18315124511719,10275700,52.453906653911545,53.036790228325366,51.580052839857466,51.81206512451172,15410000,13.880591262742838,14.214474984092547,13.837734330636081,13.989228248596191,351066000,363.7184005781533,365.6832870108895,359.0351927479394,359.26409912109375,70911500,24.916937623444614,25.186936060072682,24.589083035829773,24.627655029296875,26176900
2022-12-29,63.63999938964844,65.18000030517578,63.060001373291016,64.81999969482422,41428500,70.40470918922112,72.0050337737293,70.21532482783981,71.96715545654297,11142500,52.473871666156626,53.49605614563137,52.34550191722258,53.04058837890625,18176000,14.354009920900088,14.634072755943127,14.179592867751314,14.554339408874512,354923000,362.0969531215619,366.59896307537,361.57233717485457,365.7309875488281,66970900,24.849438887681156,25.350863775815828,24.830152890626614,25.273719787597656,30944800
2022-12-30,63.77000045776367,64.81999969482422,63.13999938964844,64.7699966430664,37127000,70.34789286691775,70.61303385340449,69.74185426221945,70.53727722167969,7784100,52.47102443216005,53.21555819971257,52.108741662089834,53.16611099243164,14376000,14.28623425846336,14.580251302126825,14.185570989377842,14.565301895141602,310490000,363.0602696961742,364.9106445983467,360.9523169257117,364.767578125,84022200,24.974794832133654,25.51478988904513,24.878366683595974,25.485862731933594,31030100
2023-01-03,66.0,66.87999725341797,63.59000015258789,64.0199966430664,46851800,71.82510813681826,71.93874307977623,69.85547913951176,70.1016845703125,9276200,53.724273158461564,53.9686472569074,52.373082552863245,52.628868103027344,20173000,14.801513863050983,14.94603115548883,14.049029532918041,14.26729965209961,401277000,366.61805852310664,368.5829161214832,360.380097012264,363.2320251464844,74850700,26.08371317186176,26.102999168842448,25.428005827443503,25.775144577026367,31308000
2023-01-04,65.0,65.79000091552734,63.310001373291016,64.66000366210938,47477100,71.0107527073854,72.54479214864267,70.51834899913966,72.27017974853516,12316400,53.53313964382501,54.024742443631354,52.871333579954786,53.27164840698242,17074000,14.518459253168668,14.803505525216863,14.193545359327329,14.699851989746094,431324000,365.48296463530903,368.05827776448973,362.4498387600588,366.03619384765625,85934100,26.43085245698635,26.922634320453884,26.189783024259942,26.691207885742188,37665200
2023-01-05,64.1500015258789,64.3499984741211,62.29999923706055,62.33000183105469,46159500,71.96714111699448,72.38379529847482,71.34215984477397,71.71147155761719,10039200,52.84090947536214,53.233621544228065,52.40445955595786,52.775299072265625,16277000,14.442711169863427,14.515467863086679,14.100853753433299,14.217464447021484,389168000,364.0904452321647,364.2048984321615,361.26715956907026,361.8585205078125,76970500,26.45978436310016,26.78763897482769,26.40192636864423,26.575496673583984,33552600
2023-01-06,63.150001525878906,64.30000305175781,60.04999923706055,63.959999084472656,70161300,72.44061761839951,74.56175263428658,72.10919140100306,73.92730712890625,13744100,53.54550087311243,56.196530126121544,53.46752867769981,55.95215606689453,35261000,14.42576814608272,14.959982279736408,13.987234779976571,14.80948543548584,405044000,364.93930570815047,371.27265410068173,361.8871138136949,370.15667724609375,104189600,26.932277653308667,27.800127254070663,26.40192379118857,27.703699111938477,31788600
2023-01-09,66.22000122070312,69.31999969482422,65.66999816894531,67.23999786376953,69741300,76.28518071381885,76.91016209616281,75.81171259672801,76.04844665527344,22247600,56.32014869889835,57.21111603314639,53.302081143257915,54.854854583740234,37739000,15.233068483772803,16.00249525698764,15.090544411674909,15.575922012329102,504231000,372.3408937056104,375.5171151232303,369.76560972422254,369.9468078613281,73978100,27.80977151713731,28.80297829961147,27.80977151713731,28.262981414794922,37493200
2023-01-10,66.66999816894531,68.1500015258789,66.55999755859375,68.05000305175781,41149600,76.23783038092235,77.25105175810747,76.19048068427236,76.9574966430664,10269000,54.38987893554312,54.687501609339115,52.29700946772268,54.66848373413086,44635000,15.455327619136956,15.908811394296471,15.42044439804722,15.855988502502441,384101000,369.3650365764805,372.6080033161442,368.43028694753167,372.5412292480469,65358100,28.195481799132445,28.455837238674977,27.88691320673265,28.388338088989258,23008100
2023-01-11,68.38999938964844,69.12999725341797,67.22000122070312,69.05999755859375,44470100,77.24158920182074,77.5446085111844,76.35146681982424,77.44044494628906,11771400,54.48496477209816,54.99273079638148,53.902081223816666,54.97371292114258,22502000,15.787214829354719,15.974588063145106,15.511137480198716,15.947677612304688,353285000,374.11498982562864,377.3293427656513,373.30424098984014,377.2530212402344,68881100,28.619762217551244,28.812616652589558,27.964053092150753,28.783689498901367,30375400
2023-01-12,70.06999969482422,71.6500015258789,67.18000030517578,70.80000305175781,70066200,80.45169511062679,84.11634064264643,79.94034871839966,82.3834457397461,36086800,54.73124288851491,55.636476394184875,54.55723457902068,55.33504867553711,19514000,16.046348710283624,16.581557963434708,15.440374057820266,16.455978393554688,551409000,378.3499708858858,380.08589280712,374.2962553998828,378.6265563964844,90157700,28.90904794592512,29.294758697326316,28.41726604818337,29.207975387573242,28963900
2023-01-13,69.83999633789062,71.0999984741211,69.2300033569336,71.0,45757400,80.87782810686014,82.4781454472984,80.39488859931299,82.1940689086914,18719900,54.879579768428755,55.334097211564576,54.833937591444766,55.05549240112305,19647000,16.223754839739726,16.865609768709138,16.111132436686006,16.84268569946289,447287000,375.44083490462947,380.6677540792538,375.1737677414377,380.095458984375,63903900,28.89940271531533,29.09225899572846,28.74511842667035,29.03440284729004,31361900
2023-01-17,70.87000274658203,72.66000366210938,70.6500015258789,71.58999633789062,42621300,81.64483522237985,84.96858309973346,81.58802136578302,84.2678451538086,21850000,54.665631467238946,55.660241290178995,54.63139711625351,55.07830810546875,15835000,16.842689261696506,17.668927336507764,16.842689261696506,17.64301300048828,511102000,380.07639986503904,381.74557694149377,378.7219690868492,379.399169921875,62677300,29.101904575659702,29.179046726826428,28.465481368730735,28.54262351989746,34759100
2023-01-18,71.87000274658203,72.77999877929688,70.5,70.52999877929688,39538700,85.67879687663415,86.3795276934638,84.61822565354167,84.7223892211914,19209800,55.45580792554778,55.86943857245061,54.55343273106367,54.60763168334961,15703000,17.608126319924487,17.813439222153065,17.224409065517293,17.319093704223633,439624000,380.5818589835857,381.64058001364293,373.20885610361194,373.4091491699219,99632300,28.735476591725053,28.754762588389678,27.6072715358387,27.780841827392578,44199600
2023-01-19,68.97000122070312,69.25,67.2699966430664,67.70999908447266,47189900,84.30571936054072,85.23371991220695,83.57658174637723,83.70915222167969,13651100,54.11603023216099,54.20541389009064,53.278311442485034,53.555015563964844,22692000,16.979228061683155,17.139692742246442,16.67524604897352,16.709131240844727,452932000,371.3775149775483,373.0180784744015,369.37452611387545,370.6907958984375,86958900,27.58798891962849,27.732630224266018,27.231205318256215,27.404775619506836,36886600
2023-01-20,68.01000213623047,70.12999725341797,67.44999694824219,70.06999969482422,47757600,85.22425709995504,86.19960021972656,84.46670525813552,86.19960021972656,14287200,53.53694497265249,54.32902148461816,53.16420116433937,54.273868560791016,22950000,16.954314377855656,17.796499823469546,16.768935260471654,17.779556274414062,564967000,372.08338384027553,377.749049499946,370.44282022993093,377.596435546875,91806400,27.40477553678764,28.18584005084388,27.24084823490285,28.176197052001953,35158500
2023-01-23,72.22000122070312,76.58999633789062,71.54000091552734,76.52999877929688,84293200,86.89084863839257,90.65018568211029,86.8529703317713,90.58390045166016,22875100,54.38987760746552,55.606042223120184,54.17878391328379,55.305564880371094,23429000,18.00380415598392,19.180870344101777,17.75862551866824,19.129043579101562,655163000,378.3976232018816,384.05374118740224,377.4438078609924,382.1270446777344,84178800,28.28226851564501,29.400830644794553,28.13762720983005,29.188690185546875,38795800
2023-01-24,73.75,75.63999938964844,73.41999816894531,74.69999694824219,60822600,90.70700904611532,92.79973694079344,86.69200204216288,89.54227447509766,11370500,55.00225419160264,55.78672086863037,54.73505715445478,55.628875732421875,13825000,18.764265416274096,19.430040716014094,18.75728877168834,19.2008056640625,496204000,380.4579061003212,382.6230566629975,379.2751842732551,381.7169494628906,59524900,28.870478472194236,29.111547927414794,28.66797917341769,28.851192474365234,24855100
2023-01-25,72.9000015258789,75.12000274658203,72.08999633789062,74.91000366210938,49932600,87.76203246701094,88.06505171079733,86.28481455662087,87.50636291503906,14147300,54.929015427260126,55.81332658452346,54.7740250196262,55.69066619873047,13766000,18.84997803686339,19.30545594731295,18.518087479978714,19.25861167907715,449537000,377.66323376967637,382.19385709358215,375.38360090426846,381.8600158691406,84800300,28.465481138851015,28.822262895410606,28.127983540516905,28.63905143737793,28268000
2023-01-26,76.5,77.08000183105469,74.27999877929688,75.16000366210938,49583900,88.90782697289505,89.27713146197593,87.72415688621304,88.49117279052734,15759400,56.14042990581985,57.105564333345896,55.74581718475309,56.917293548583984,24525000,19.63535204186898,20.09880270917431,19.213761238604867,19.73601531982422,489535000,384.5116168819161,386.2189546426973,381.55478324321655,386.0567932128906,72287400,28.986190556093007,29.034405550291837,28.28226819371583,29.015119552612305,56088100
2023-01-27,73.69999694824219,76.73999786376953,73.48999786376953,75.4000015258789,58118600,87.89461145989272,89.1256313209852,87.34538676958687,88.3491439819336,13646600,56.417138144310826,56.98100381785263,56.11951546977172,56.19558334350586,19344000,19.397145547454056,20.559260383334514,19.340336282657464,20.297136306762695,542142000,385.0170598149395,389.3092283564072,384.80721929969803,386.9437561035156,68346200,26.102999338615348,27.231204420328744,25.82335973743222,27.154062271118164,148548200
2023-01-30,74.2300033569336,74.63999938964844,72.4000015258789,72.44999694824219,48105200,87.92302278310844,89.24873487873703,87.66735319355743,88.18816375732422,14079800,55.43583232090131,56.064357993851466,55.12775219770926,55.288448333740234,16984000,19.88351669300846,20.072882142699807,19.086181580178014,19.098142623901367,488611000,384.19688290612737,386.4192893861794,381.79327825530487,382.0889587402344,74202000,26.729779500775336,27.49155983268477,26.681566347278196,26.95156478881836,55145800
2023-01-31,72.26000213623047,75.19999694824219,72.02999877929688,75.1500015258789,71669100,86.17118458501994,87.83779413393363,85.22424849067907,87.80938720703125,13342100,55.34741320423344,55.83806210676063,55.22094776586304,55.62696838378906,23719000,19.10612138016746,19.621398819093155,18.886855153366426,19.471899032592773,498017000,382.60399077183433,387.7545883082666,382.260602078399,387.7069091796875,86811800,26.787635422269894,27.279417274641418,26.5465659949827,27.25048828125,52621600
2023-02-01,78.47000122070312,85.4800033569336,77.87999725341797,84.63999938964844,152548200,88.06507098985075,90.68808121580011,87.65788811457158,89.71273803710938,16788500,55.490029410411275,57.84153881565132,55.407305471181175,57.313804626464844,26553000,19.625387611698173,21.121385582722432,19.545654255705372,20.87321662902832,660477000,386.49550726473996,394.5648060301805,383.7676093537023,391.82733154296875,101459200,26.893707084648902,28.378695770150827,26.691209630742602,28.03155517578125,63330600
2023-02-02,84.29000091552734,88.94000244140625,83.19999694824219,88.30999755859375,97762100,91.47404311848922,92.32628721461111,90.75436952348069,91.52139282226562,14925300,57.77783801890685,58.30176726323788,57.02854893892636,57.600975036621094,24188000,20.93001886877329,21.875855795019138,20.631019359616392,21.636655807495117,564276000,395.6998505537126,398.990525390848,393.811314654258,397.53118896484375,101654500,28.205123969761672,29.217614863759888,27.77119824992596,29.11154556274414,62230700
2023-02-03,86.66000366210938,88.80000305175781,85.83000183105469,86.08999633789062,66557800,89.99681128044845,91.80545554440867,89.30554472199756,89.63697814941406,12242200,56.86214308049455,57.81682007634415,56.695741211202424,56.826011657714844,19093000,20.93002263417135,21.672540940249053,20.71972529905481,21.02968978881836,429366000,392.58090757531625,397.71243948436745,392.10399983816484,393.3058166503906,94736800,28.56190516226148,30.056534802915017,28.475120025530504,29.23689842224121,57603100
2023-02-06,84.62999725341797,86.27999877929688,83.22000122070312,83.68000030517578,53008900,86.92873876322709,87.16547279338343,85.92498156267072,86.95714569091797,12425200,56.419038369148765,57.35849890969041,56.316346196378035,57.175933837890625,18709000,20.736666558099405,21.498120569952917,20.716732749173072,21.01872444152832,452197000,390.86409001480433,392.29481336773335,389.25213937518635,390.9022216796875,60295300,28.841610115948637,28.939213232302656,27.92414566244483,28.002227783203125,48726400
2023-02-07,84.31999969482422,86.25,82.5199966430664,85.91000366210938,65291900,86.90981171048254,89.6748639488057,86.8151195262072,89.53282928466797,15258900,57.11508387848284,58.669758125710295,57.025700220335644,58.426334381103516,24025000,21.310752619510932,22.18483115792308,21.079525321136718,22.099117279052734,664150000,389.98652766410515,397.25459690875016,388.746579192855,396.0146484375,90990700,27.963185138968626,28.56832295693167,27.748459777304095,28.353595733642578,50780800
2023-02-08,85.87999725341797,88.0,84.54000091552734,84.69000244140625,54140400,89.97786847419385,90.84905521007087,89.22979528427187,89.27713775634766,12899700,57.68750521028349,58.020312606333725,57.11127770181879,57.21492385864258,15290000,22.312397048764478,22.801761973525313,21.93466031131526,22.131004333496094,559651000,394.04976837031427,395.38510413414,390.99754738888123,391.6842956542969,76227500,28.255995442166576,28.421920183249103,27.533733490425252,27.56301498413086,36479100
2023-02-09,85.87999725341797,86.66999816894531,82.76000213623047,83.20999908447266,46525400,90.90587683511039,93.33950262390167,90.54604367347608,91.55926513671875,16997400,58.250420290748494,58.47197510381861,56.62252925345749,56.99622344970703,18837000,22.530672149758068,22.943292158985646,22.046291560362647,22.2625675201416,523876000,395.27060073163324,395.4232146721326,387.0677833556222,388.2886657714844,78694900,27.99246965887959,28.1291129163864,26.90907851257627,27.065242767333984,43906400
2023-02-10,82.29000091552734,82.70999908447266,80.47000122070312,81.4800033569336,49332600,90.85850540879696,91.3793230934494,89.24871711458658,90.30928802490234,11511400,56.701450925106734,56.90588855812967,56.066269100903604,56.410484313964844,21035000,21.6177244226343,22.00443010232316,20.74165374341449,21.19413948059082,550737000,387.1154846300712,389.57634453776467,386.30476486771545,389.19482421875,70769700,26.967637348743658,27.319007822872113,26.68459035918154,27.133562088012695,31232500
2023-02-13,81.56999969482422,84.1500015258789,80.9000015258789,83.12999725341797,45400000,90.40399410443365,91.27517361609145,89.87371217986794,91.0100326538086,7803500,56.57688409062064,57.19304801589345,56.431400790460856,57.158817291259766,19847000,21.466228060003054,21.974528792175906,20.892147277807663,21.715394973754883,474919000,389.84344339763004,393.89715897184107,389.3856015126722,393.76361083984375,64913500,27.201884444523,27.865581512451172,27.05547884529115,27.865581512451172,32347500
2023-02-14,82.69999694824219,86.19000244140625,81.7699966430664,85.94999694824219,55979700,90.73542840300907,93.73721448954716,90.16726811534556,92.76187133789062,15345100,56.49795983911438,57.58290365748646,56.41713659196799,57.271968841552734,17571000,21.506093473695493,22.972192242637163,21.294800040276197,22.894453048706055,675474000,392.2470630392104,395.88109763709383,389.6431654454688,393.5824279785156,88389300,27.699655213461494,28.031504659469526,27.319005144885864,27.95342254638672,27928900
2023-02-15,85.0999984741211,85.88999938964844,83.31999969482422,85.18000030517578,46430200,87.4306086457973,88.70897088908283,85.95338347118951,87.8377914428711,30208300,56.9439156737766,57.83963464619497,56.738524094908065,57.78353500366211,12683000,22.47385907538401,22.778839139042542,22.032336407803555,22.688142776489258,420575000,391.39808914040646,394.93673552677575,390.55872707279593,394.8604431152344,61555700,27.680138731393377,28.187671584208548,27.4849324991859,28.15839195251465,23359400
2023-02-16,82.9800033569336,83.3499984741211,80.05000305175781,80.08000183105469,57755200,86.15226858731053,86.91928468588397,85.11063286758028,86.0007553100586,15568400,57.12362880588252,57.902393106241504,57.00952519614413,57.103660583496094,17449000,22.059248242228534,22.47485853992091,21.85393529520588,21.928686141967773,412026000,389.91013061226204,393.8398446480392,389.29015654298985,389.4236755371094,76431500,27.816780940744902,28.138869908751705,27.455649983101143,27.52397346496582,28972500
2023-02-17,79.5999984741211,79.6500015258789,77.37000274658203,78.5,47826600,85.19584011964434,85.50833075937166,84.22049711493388,85.31893920898438,11235300,57.05232820219312,57.133151463263445,56.334418723341166,56.632991790771484,14215000,21.5589188659097,21.667554896645086,20.905104738152975,21.316728591918945,465888000,387.30627658309317,388.6893205477336,385.3890983264304,388.45086669921875,89257800,27.32876638136803,27.397087999461537,26.723628592380113,26.948116302490234,32086200
2023-02-21,77.1500015258789,78.45999908447266,76.44999694824219,76.7699966430664,44045600,83.6902174485216,84.67503194809184,82.83798066146731,82.98948669433594,14007600,56.10145458867666,56.39527227204799,55.13536962591334,55.29701614379883,22737000,20.930021777294268,21.422375105842487,20.549294744904135,20.586172103881836,410015000,384.4448207915137,385.4940235203808,380.40065293639157,380.6581726074219,82655900,26.46010601955057,26.616270270023502,25.415756896403558,25.43527603149414,63668400
2023-02-22,76.93000030517578,78.12999725341797,75.91999816894531,76.61000061035156,50286800,83.09364501674811,83.41559983165043,82.06148810768556,82.22246551513672,10106400,55.364524236767025,55.44439714157889,54.399389676334685,54.78639602661133,23475000,20.6380006960692,21.03367717070481,20.3529525061691,20.684843063354492,513184000,381.06829584759197,382.60395368803114,378.68375748701857,380.1335754394531,83742300,25.288867594374018,26.255134413274384,24.693490336229853,24.85941505432129,89195300
2023-02-23,80.62999725341797,81.79000091552734,77.97000122070312,79.75,76391300,85.50834543946407,87.10866277382308,84.71291524037571,85.30001831054688,15468300,55.69733306582422,55.715400593031056,54.54962976358321,55.51191329956055,18939000,23.361895229769775,23.80840238655534,22.94827715434689,23.585147857666016,1117995000,383.01409817857655,383.62455398812614,377.94934088551855,382.1556701660156,96242400,25.161986051002106,25.454793514818004,24.71301249664335,24.996061325073242,56473200
2023-02-24,77.75,78.80999755859375,76.94000244140625,78.08999633789062,46700000,83.41559702730017,83.47241810561623,82.61070279255483,83.43453979492188,8817600,54.91571186074517,55.17339809888401,54.54297164268593,54.9366340637207,15353000,23.14761079034492,23.39578162812699,22.870537254569477,23.208406448364258,589716000,377.1577095966057,378.90317902341906,375.45991929796907,378.0733642578125,108194400,24.615408925736485,24.742293522864312,24.32260146742129,24.53732681274414,44089900
2023-02-27,79.63999938964844,80.12000274658203,78.52999877929688,78.7699966430664,45617300,83.99325428998132,84.1352961923546,82.6107280376207,82.66754913330078,10609400,55.70874424923051,56.08243482922272,55.55565088452054,55.66880416870117,18321000,23.59112499865335,23.800424307289973,23.37584516662916,23.422687530517578,452994000,381.4022035230167,382.7566343554962,378.42630378758486,379.3610534667969,80444700,24.93750285460893,24.9667843509378,24.28356432959586,24.303085327148438,37657000
2023-02-28,77.87000274658203,80.13999938964844,77.41999816894531,78.58000183105469,44220100,82.51601516065249,83.4724226907102,82.28875250855194,82.4497299194336,7520400,55.679264171963766,56.91730145256208,55.35786822559383,56.509376525878906,27822000,23.294119765093207,23.74561130134119,23.128672543867644,23.138639450073242,455963000,378.8840643154278,380.8393740486185,377.85392748484423,377.9588623046875,96438600,24.342121717842556,24.51780693211728,24.13715501398059,24.332361221313477,50255300
2023-03-01,78.55000305175781,80.29000091552734,77.87999725341797,78.29000091552734,44266000,84.31517599701733,85.26211192615112,83.58603128583756,83.72807312011719,8176700,56.48179313310523,56.88210794540451,56.12996791333613,56.44090270996094,15484000,23.114717384744207,23.1785051990992,22.43299664359423,22.622364044189453,460026000,377.1481328157973,378.36901530523187,375.21188881048784,376.5090637207031,99706800,24.42996702389222,25.298630833078455,24.371404038247963,24.722774505615234,47823400
2023-03-02,77.56999969482422,80.91999816894531,76.6500015258789,80.44000244140625,60108600,82.9894919246111,84.59928065111208,82.49708825606794,84.30573272705078,9761600,56.04344791212637,57.141707614866824,55.733463415495194,56.92395782470703,27525000,22.413063250752206,23.302089102000206,22.35724820401247,23.236309051513672,389415000,374.54423904245056,380.27667913690243,374.2103978176706,379.43731689453125,85127800,24.605647893222844,25.66951782309745,24.517807146940193,25.571916580200195,48309300
2023-03-03,80.4000015258789,81.62999725341797,79.33999633789062,81.5199966430664,54536200,83.96481962535384,85.08220447736625,83.2167392628198,85.025390625,10844000,58.73536747358033,60.44979112945338,58.54994771240406,60.167381286621094,46088000,23.242293917748235,23.82036119371135,23.052926494296837,23.810394287109375,412393000,381.2495406253721,385.770645358477,380.6009531474197,385.52264404296875,90120000,25.57192169689661,25.84520821028994,25.386475947362026,25.767126083374023,36744900
2023-03-06,82.02999877929688,83.30000305175781,81.04000091552734,81.16000366210938,54541300,85.30001381078547,86.48368404941911,84.76026047095054,84.82654571533203,9960000,60.380372034843134,61.240910034607296,60.06943720986512,60.18259048461914,24983000,23.811388454961868,24.16719726800564,23.408733477576387,23.47551155090332,437429000,386.3429340367841,388.6321143894144,385.35098693265746,385.78973388671875,72795900,25.8354456196771,25.903769104117636,25.30839177107945,25.366952896118164,37879800
2023-03-07,81.06999969482422,84.8499984741211,80.66999816894531,82.11000061035156,70959000,85.17690513076485,85.45151748549256,83.61446623854278,84.1352767944336,8761100,60.36801532616793,60.454544308277946,59.28782676077482,59.44376754760742,19334000,23.525355561288883,24.04869465009514,23.167489892153753,23.21434211730957,515154000,385.74202541995913,385.9804792628776,379.2656108960152,379.87603759765625,108310600,25.220550097368804,25.366953846261588,24.888700607012005,24.91798210144043,43164600
2023-03-08,82.79000091552734,85.7699966430664,82.27999877929688,85.37000274658203,69529800,83.66180341125892,86.01967228925511,83.46294769620373,86.01020812988281,8813000,59.6938386848861,60.16451928074096,59.30303098397444,60.11983108520508,20912000,23.412708106815042,24.123454073591056,23.34990765503741,24.10451316833496,513573000,379.9906031741233,381.2496176184834,378.2737176639461,380.4961242675781,74746600,24.947259508513874,25.386472577631434,24.839897761770864,25.35719108581543,36071900
2023-03-09,85.29000091552734,87.80999755859375,83.58999633789062,84.02999877929688,79496700,84.94965515705252,85.87765591587397,83.87014834601469,84.1636962890625,10354700,59.91254336081135,61.087824856501065,59.132828598811074,59.19368362426758,21775000,24.09853264786072,24.376651390603612,23.309037961330453,23.36187171936035,501257000,381.2781862155012,382.93784492488635,372.4935538973947,373.4759826660156,111945300,25.357190236490354,26.33321759150499,25.347429739545277,25.806163787841797,54886100
2023-03-10,84.47000122070312,85.44999694824219,81.62999725341797,82.66999816894531,70273600,83.35878725599679,84.43829387773287,82.5728285258321,82.62017822265625,11928800,59.73283084471428,59.92015130153809,58.27134171065353,58.462467193603516,26098000,23.334956536006658,23.55226740158579,22.65411633700963,22.89236068725586,474866000,372.9322526934048,375.00204480111273,366.57032063826443,368.0868835449219,189253000,25.913528264532957,26.860276090206522,25.689042395989084,26.567466735839844,65187000
2023-03-13,81.38999938964844,83.83000183105469,78.5199966430664,82.01000213623047,65269100,81.79635640053013,84.27733215005543,81.73007114737167,83.08419036865234,11847600,57.72648673164115,59.371494823078514,57.70651850710016,58.618404388427734,22364000,22.680036313439018,23.224308845911295,22.22647555282617,22.89335823059082,421890000,364.17622313398334,372.3599748381927,363.06979387547824,367.562255859375,157790000,26.09897498475374,26.65531035887003,25.97209222955824,26.30394172668457,50977000
2023-03-14,83.66999816894531,88.30000305175781,83.58999633789062,87.44999694824219,66616300,83.35879918780054,84.87389578389882,83.0557798685809,84.55194091796875,11100100,59.27641619572326,60.225387591162075,58.8114376229463,60.13885498046875,25893000,23.42168099679016,24.14239367745541,23.3857936653715,23.986886978149414,474910000,372.4649191205908,375.27868623479475,369.17424429944623,373.63812255859375,149752400,26.694349744796313,27.42637029431564,26.5967466325355,27.33852767944336,47689800
2023-03-15,86.7699966430664,90.41999816894531,86.22000122070312,89.68000030517578,86177400,82.57284100537039,82.61071932364452,80.90623834861171,82.09937286376953,12171500,59.683383220918465,59.911594104656835,58.59273360935414,59.52839279174805,22963000,23.68584522635948,24.20918430620047,23.286114490388712,24.151369094848633,524486000,368.06785035886526,371.5015626213284,365.98851059869224,371.30126953125,172996900,27.065240108074672,27.816781673769935,26.99691848603412,27.728939056396484,49322800
2023-03-16,89.72000122070312,96.69000244140625,89.0199966430664,96.5999984741211,115839200,81.81284655855873,85.16341758419513,81.68910664320629,85.00160217285156,13184600,59.12997503685429,60.577201572579185,58.74581977029151,60.52300262451172,31716000,23.95100163776788,25.507063024700976,23.818421001130595,25.46021270751953,583253000,368.9549017850136,378.1592151165088,368.4493807575096,377.8158264160156,143254200,27.709416819245153,29.544349342562693,27.709416819245153,29.456506729125977,75779500
2023-03-17,96.66000366210938,98.75,95.94000244140625,97.83999633789062,94080800,84.77316841388925,85.69647943004152,84.7160587880357,85.16343688964844,13287700,60.52300303490631,60.814919978565136,59.62728035209723,59.997169494628906,79303000,25.899814194990817,26.31549495979066,25.58680635854396,25.643627166748047,848547000,376.4906939277479,377.620484528316,372.01936339877824,373.3981018066406,140553400,29.202740580670582,30.25685012340821,28.73424786425932,29.09537696838379,80628500
2023-03-20,96.30000305175781,96.94000244140625,92.9000015258789,96.80999755859375,92008900,84.91593577185989,86.02010343779081,84.39241400928265,85.70598602294922,8217500,60.16547725018501,61.306524451052546,60.05707934397334,61.208587646484375,25857000,25.533980590026932,25.941687335476704,25.050514016475315,25.818078994750977,432747000,374.17369470613346,377.4003451216976,373.4747707102602,376.9886169433594,93055800,29.085617362551254,29.18322048020236,27.943665167769986,28.460960388183594,38780100
2023-03-21,97.0,99.45999908447266,93.63999938964844,95.93000030517578,85285300,86.61976334855363,88.5234944111592,86.42939314715615,88.04756164550781,12299700,61.58975385599841,61.92495298062047,60.750795201175954,60.98256301879883,25000000,26.097197542002174,26.30852691659845,25.30072485223775,26.11613655090332,547408000,380.3396653906553,382.41735696574256,378.75028553737957,381.9386291503906,91524200,28.30479619784849,28.470720939680174,27.30924774685839,27.777740478515625,55650800
2023-03-22,95.6500015258789,101.69999694824219,95.63999938964844,97.58000183105469,110816300,88.99941259759458,90.45576545997383,88.08562270869304,88.16177368164062,12812400,60.996915581972445,62.107865720037374,60.4002612633134,60.42420196533203,25799000,26.34141790205971,27.50173767157012,26.154012813178745,26.3842830657959,797295000,381.7662673371417,385.3662803866766,375.3896097781942,375.4278869628906,111746600,27.797258365645888,28.421917132953546,27.426368793302572,27.45564842224121,37415500
2023-03-23,100.05000305175781,102.43000030517578,98.66999816894531,100.27999877929688,84088900,89.94177168676265,91.20775458163119,88.93279655120368,90.03695678710938,11169700,61.18847579471489,62.077237603712554,60.482639557207804,61.2200813293457,27162000,27.02923780216144,27.412024025202122,26.60558279418749,27.104997634887695,564889000,378.2811390116393,382.30246432046795,373.74280870365055,376.4428405761719,119351300,27.69965663211691,28.46095866988316,27.543492397953248,28.334075927734375,43785500
2023-03-24,99.18000030517578,99.5199966430664,96.73999786376953,97.94999694824219,64712400,89.42778414894434,89.64671646640595,87.65731327611334,88.32362365722656,7653700,61.10514934501228,61.226778212995775,60.19723288252334,60.9270133972168,17228000,26.945501524795564,27.08107103959281,26.27163910855887,26.694297790527344,454920000,375.169400500622,378.9992229180059,372.8332064884797,378.9130554199219,107682400,28.343837595436273,29.09537730527202,28.236473981906343,28.656166076660156,55912100
2023-03-27,98.0199966430664,98.93000030517578,95.43000030517578,96.61000061035156,57461400,87.60973004058734,87.74299067304,86.19145201682129,86.29615783691406,9349800,61.19805223765597,61.207627789907406,59.95206135808635,60.03346633911133,14707000,26.752112468073136,26.91459699343309,26.281605317466703,26.447080612182617,361026000,381.18223941875726,381.94822147173227,378.7311552876925,379.62158203125,74010400,28.665925923718298,29.01729452630721,28.382877080518664,28.480480194091797,34758200
2023-03-28,96.7699966430664,96.94000244140625,92.87000274658203,94.55999755859375,59150100,86.29613740998452,86.49602831134787,85.59175164842826,86.43891143798828,7521300,59.87926691549855,60.00472818863877,59.26920457906922,59.82851028442383,12439000,26.36334732054611,26.42913854404045,25.768235539667923,26.32646369934082,356104000,378.9321907858517,379.6215599838787,376.9406960022324,378.7694396972656,62871700,28.38287622281206,28.626883068558943,27.943663155817884,28.58784294128418,37407900
2023-03-29,96.06999969482422,96.91000366210938,94.87000274658203,96.08999633789062,55326000,87.34319355974304,88.73291652904747,87.04811027172408,88.29505920410156,9264000,60.6023501231672,60.720150237887324,59.8227701244216,59.90513229370117,26395000,26.74015174035028,26.99234984404029,26.51287227864152,26.89864730834961,393694000,382.9152413925595,384.5142052275328,381.7184217978642,384.27484130859375,77497900,29.056335409276464,31.125512402388914,29.046574912128595,30.76438331604004,85556200
2023-03-30,98.0,99.52999877929688,97.25,97.87999725341797,59678500,88.85662845172567,89.0184438173642,87.60016648754146,88.01898956298828,10232800,60.59755567592547,60.91551804922556,60.26906056153906,60.69524383544922,21523000,27.142876388177367,27.412022850595726,27.016277275445294,27.296388626098633,364516000,386.8981727082469,387.14712047760094,384.6673143464612,386.5247802734375,69840000,31.086474310596248,31.798975756041244,31.047432319448752,31.320720672607422,70077600
2023-03-31,96.33999633789062,98.36000061035156,95.2699966430664,98.01000213623047,55861100,86.84821428839903,88.77098684457675,86.74350849265876,88.54253387451172,8701800,60.38781350871945,61.506424873470046,59.944389890326995,61.44129943847656,22097000,27.054159740701206,27.74596496867875,27.019270592429944,27.689146041870117,433933000,387.44394229612334,392.26952614967655,387.3386069981714,391.97271728515625,112062600,31.037669445503603,32.11130178037021,30.9693478278506,31.886812210083008,59765000
2023-04-03,96.69999694824219,96.79000091552734,94.80999755859375,96.55999755859375,50655300,88.53303852268655,89.09463584889893,87.29561009974867,88.3712158203125,6863600,61.19804509830675,61.66732382520784,60.95286934055195,61.530372619628906,15682000,27.421991687577037,27.911437912375046,27.24953854012971,27.876548767089844,398716000,391.4557374933837,393.86851514556844,391.06317718146,393.4664001464844,67391100,32.150347876671844,32.755487670786515,31.75993906973477,32.10154724121094,57038300
2023-04-04,97.04000091552734,97.2699966430664,95.20999908447266,95.87000274658203,43195900,88.56157754128823,88.79002325509757,87.30511522209943,87.73345184326172,6338400,61.59550528700123,61.69989743893708,60.5276503670922,60.758460998535156,13429000,27.877543026671038,27.911435879998983,27.220627051021687,27.366165161132812,368592000,394.1078626707281,394.3951168773612,389.9142025392246,391.28338623046875,66601500,32.06250403394408,33.028772961915536,32.05274539651999,32.30651092529297,55714100
2023-04-05,94.3499984741211,94.5,91.36000061035156,92.55999755859375,52979300,87.19087419739932,87.74295790403866,84.76362164522776,85.85826110839844,9171800,60.44527825788305,60.4989101131038,59.924282049053986,60.24128723144531,16908000,26.74414297141955,26.912607163282487,26.31151565571502,26.795978546142578,515015000,390.5557200333499,391.31211814402246,388.6120863205277,390.2589111328125,65200200,32.01369684131975,32.19914442362998,31.56472514680358,32.0429801940918,39615700
2023-04-06,91.47000122070312,92.91000366210938,90.62000274658203,92.47000122070312,47778400,85.3442781146239,86.53411018339465,85.09679101091517,85.89635467529297,5874500,59.77679499485774,60.18286632527639,59.279739486329106,59.631221771240234,14493000,26.49991459021249,26.994346033960124,26.34341159102696,26.95148277282715,397654000,389.4642856578285,392.0590119164122,388.4206623410357,391.7813415527344,63743300,31.81849559445088,32.20890809091326,31.681852337663894,32.02346420288086,28551900
2023-04-10,91.31999969482422,95.80000305175781,91.0199966430664,95.4800033569336,52536300,84.16394381121141,84.74458233369064,82.30780903420876,84.73506164550781,12232900,59.19163479058785,60.13211036621595,59.03840038418377,60.08613967895508,15400000,26.738160454997114,27.53363676470612,26.584648216789198,27.491769790649414,395279000,389.31104357827485,392.26002346239954,388.69828713147245,392.18341064453125,63681000,31.81849010294123,31.974654329924114,31.428081397108453,31.74040985107422,30534400
2023-04-11,96.05999755859375,96.06999969482422,92.69000244140625,94.02999877929688,51935800,84.3733781662386,85.51561414333173,84.21156273421292,84.94449615478516,11079200,60.41080160692242,60.42038081165215,59.456918136705404,59.52874755859375,16518000,27.63630792496598,27.702099147015957,27.040197966487828,27.08306312561035,314378000,392.8057915925013,393.68663448889265,391.52280443872803,392.28875732421875,59297900,31.87705562159293,32.31626870845756,31.545206147434005,31.574485778808594,27059100
2023-04-12,94.97000122070312,95.0,91.73999786376953,92.33000183105469,53383100,84.63036702159926,85.19196419357601,82.67903979721855,82.68856048583984,11299100,60.08135627930936,60.09859300439089,59.0202053212166,59.06234359741211,14112000,27.28342808388289,27.381117678822534,26.36434353627186,26.411195755004883,446259000,394.3473074281028,394.6345616936378,390.1057853353767,390.6898193359375,86420400,31.98441808119869,32.101540325723725,31.19383455334442,31.252397537231445,37070800
2023-04-13,92.79000091552734,93.16000366210938,91.83000183105469,92.08999633789062,40572500,82.39348965293128,83.41198562417321,81.83189239631916,82.85990905761719,7910500,59.289320668346136,60.000903623454185,59.10160551369735,59.78445816040039,17265000,26.649438069211914,26.801953999694348,26.24572032443633,26.379295349121094,353615000,391.7716880699347,396.2334348165877,390.6323135315357,395.8791809082031,85814800,31.057190460861143,31.652567749315725,30.89126573432255,31.359760284423828,29722300
2023-04-14,91.81999969482422,92.97000122070312,90.5,91.75,38734800,83.71656942678676,84.11635846369899,82.37444282235116,83.00267028808594,7656400,59.42435850528818,60.14743505732569,58.919641799646065,59.33433151245117,17465000,26.420168322960834,26.79796926788527,26.13706621130104,26.673364639282227,395660000,395.2472552060106,397.4302528676945,392.6142522306835,394.9121398925781,78161500,31.23288051396617,31.467128756050695,30.93031250524205,31.125516891479492,24623600
2023-04-17,90.2300033569336,90.69000244140625,88.30000305175781,89.87000274658203,47250800,83.5262006065191,83.81176317157541,82.96460342730812,83.75464630126953,8163600,59.24525448075109,60.17711150279392,59.168635466588945,60.083255767822266,13201000,26.480973631209377,26.920578703015185,26.34939118660513,26.91659164428711,321471000,394.82601113767913,396.3483622283168,393.6004689831214,396.3292236328125,66436400,31.18407632087801,31.85753388966632,31.008391090194262,31.36952018737793,29601100
2023-04-18,91.61000061035156,92.16000366210938,89.33000183105469,89.77999877929688,46246300,83.95454003000063,84.14491750052638,83.28823703855537,83.89743041992188,8468200,60.49125637634753,60.86285064941861,60.06124429194242,60.55829620361328,16806000,27.445915621619545,28.02109026862938,27.270471706452536,27.579490661621094,604812000,397.89944773956887,398.0335055698033,395.2185833271868,396.5877380371094,63560000,31.652570501382968,31.68185013344323,31.018153031207433,31.066953659057617,26041400
2023-04-19,88.51000213623047,90.54000091552734,88.22000122070312,89.94000244140625,37344500,82.07938427943769,83.17402404835704,81.89852746863993,83.03125,11191300,60.028683250438654,60.986399270669956,59.90992593784085,60.76708221435547,19060000,27.274458372050166,27.91143718116391,27.145866682608375,27.842655181884766,358660000,394.68236324131743,397.42067233366515,394.62491824072464,396.52069091796875,55227300,30.354451024990208,30.764382587368992,30.33493003115683,30.40325164794922,25746600
2023-04-20,88.83000183105469,91.58000183105469,88.7300033569336,90.11000061035156,47082700,84.06877743677437,87.45741696873779,83.85936582306267,84.9920883178711,19206300,60.131151570550415,61.555278340948824,60.06219736819875,60.62533187866211,20239000,27.583476516154896,27.94134215983428,26.914599351934957,27.01827049255371,427713000,393.7153643600863,396.09944900781187,392.81535363221457,394.35687255859375,75840400,30.022603718379475,30.500856931673162,29.973801230314056,30.120206832885742,30255100
2023-04-21,89.80000305175781,89.80000305175781,88.05999755859375,88.43000030517578,41118300,83.55475728778542,83.6785044577636,81.17509339937887,81.2607650756836,13175400,60.39356778528186,60.70003659022581,59.56897431213166,60.61384201049805,14807000,26.866752496922075,27.097022758549475,26.637480426106034,27.03322410583496,345103000,394.6536546185458,395.122798546293,392.719604685716,394.6632385253906,73457400,30.100685067139953,30.100685067139953,29.505307759354345,29.57362937927246,28655800
2023-04-24,88.11000061035156,88.63999938964844,86.33999633789062,87.56999969482422,40423800,81.28932258955034,81.82236499442773,79.94718862592362,80.56590270996094,10567600,60.68470996218329,61.183679868222505,60.50753485536972,60.770904541015625,12338000,26.9275609756168,27.279443208222265,26.58664173033635,26.95646858215332,339282000,394.462104556598,395.4961729182456,393.1312565298119,395.07489013671875,64332100,29.407706850060094,29.64195508107446,28.90017398052806,28.948974609375,38732500
2023-04-25,86.9000015258789,87.05999755859375,83.76000213623047,83.80000305175781,52771500,79.26184953944369,79.38559672181776,78.3004704609787,78.32902526855469,13423700,60.71823063306044,60.909774549906714,59.54503007914609,59.57184600830078,23670000,26.99234953614374,27.160815601118838,26.14204889645108,26.157997131347656,378527000,393.1121085624426,393.6674491748633,388.7461133509764,388.8035583496094,97766700,28.734248368404405,28.861131116549412,28.177913025202002,28.187671661376953,38289900
2023-04-26,86.51000213623047,87.3499984741211,85.31999969482422,85.94000244140625,47786600,78.28141864241273,78.41467923476958,77.30099831486268,78.29093933105469,11583500,59.37551125139324,59.67814761929672,58.756826898717314,59.013492584228516,17179000,26.91659109618502,27.24355272101591,26.620529651196374,26.87073516845703,406337000,389.4163794213185,390.48872511908525,386.6014573550663,387.1567687988281,80447000,28.5000013355668,29.095376794335365,28.148630869547965,28.353595733642578,41218800
2023-04-27,86.41000366210938,87.56999969482422,84.08999633789062,87.44000244140625,53087200,78.90966762287322,79.82345781925038,78.20528904148728,79.6426010131836,10013700,59.01349550446361,59.38700412066215,57.772297978640445,59.22610855102539,18250000,27.27645073990056,27.40803318885761,26.540784192741274,27.139883041381836,377161000,389.6844798717997,395.13240528174725,389.43553203327593,394.86431884765625,92968400,28.06078923095398,29.23202291741756,27.826542865986188,29.144180297851562,60186200
2023-04-28,87.0199966430664,89.75,86.44000244140625,89.37000274658203,50686100,80.41360751849196,80.44216232399096,79.69018764316549,80.24227142333984,8262600,59.289321122690914,60.0277200122078,58.857391036496985,60.00090408325195,16183000,27.13889108167587,27.67020431051468,26.98537693252425,27.66123390197754,292216000,393.9834220992783,398.2441114946902,393.9259770969372,398.2345275878906,89433100,31.21335393533756,31.789210215770176,30.071401871282557,30.31540870666504,80252400
2023-05-01,91.02999877929688,91.04000091552734,88.61000061035156,89.69000244140625,59358700,80.2422798329776,80.61350686768657,79.86153210805183,79.93768310546875,4931100,60.00091058156791,61.19709477255468,59.97217661643442,61.09749221801758,17030000,27.751944282030347,28.966092248398787,27.69213458998084,28.818559646606445,570329000,397.79418259834137,399.8527068290453,397.6026797409222,397.8324890136719,62122300,30.3642129110737,30.491095653546697,29.554110246170513,29.57362937927246,36918500
2023-05-02,89.31999969482422,90.45999908447266,88.12000274658203,89.91000366210938,70483500,79.48078999180869,80.00431905829512,78.57652043568778,78.96678161621094,6875000,59.93002529908544,60.00089752646526,57.943721433553776,58.644771575927734,28357000,28.58928408497182,28.744790786364405,27.994172302997715,28.120769500732422,402730000,397.1239085646286,397.1717988833843,390.46960867294274,393.3611145019531,103998500,29.573630708701103,29.846919062283263,29.036816360963385,29.056337356567383,33463400
2023-05-03,83.54000091552734,85.4800033569336,81.0199966430664,81.62000274658203,109482200,78.64313270506047,79.7282588283166,78.47179661916962,78.71927642822266,7151600,59.08149621598632,59.56514379840013,58.65052695700395,58.727142333984375,19816000,27.75194355869358,28.277277108700098,27.385107494737166,27.71406364440918,383387000,393.8589703711037,396.26219357490066,390.421707847698,390.66107177734375,91531800,29.905478836745296,30.364212904596823,29.52482874778298,29.915239334106445,45554500
2023-05-04,81.56999969482422,91.63999938964844,81.11000061035156,86.61000061035156,122840500,79.00484035703995,79.72826020576161,78.662168179338,79.47125244140625,7290600,58.42067466426025,58.79993010390737,57.58650559637299,58.435997009277344,17684000,27.563536466695737,27.770878726472898,27.153837196427407,27.47481918334961,321850000,389.617390281609,389.9429216709352,386.56310465857086,387.89398193359375,94901900,29.83194046852692,31.0863703868526,29.773137664169386,30.61595916748047,46104000
2023-05-05,84.98999786376953,90.43000030517578,84.72000122070312,89.83999633789062,78491100,80.24227951005327,81.45114572500697,79.71875048261734,80.8800277709961,6865000,58.99051569038692,60.47688907657008,58.74342552816937,60.347599029541016,24876000,27.737984173927828,28.66404461724112,27.643285351598674,28.589282989501953,361494000,391.51315430513483,396.1185131848387,391.2546518243353,395.07489013671875,87891800,30.753159550839502,30.782560950703065,30.116144174445274,30.37095069885254,35024600
2023-05-08,89.98999786376953,95.66000366210938,89.16999816894531,95.04000091552734,95503200,80.43265097197184,81.42259216308594,80.34698654553027,81.42259216308594,6746600,60.3150325302215,60.40601670975738,59.43393200294848,60.24607467651367,13934000,28.431785713240817,29.127577928802488,28.260330759673817,29.058795928955078,344979000,395.4004621354889,395.6589646428425,393.7823597445963,395.18023681640625,50046800,30.08674451993011,30.223947313565983,29.78293566366801,30.155345916748047,30882800
2023-05-09,94.88999938964844,96.16000366210938,93.43000030517578,95.05999755859375,68674800,81.14653976541719,81.36547204165873,80.24227037963936,80.96568298339844,7287800,59.63984055616001,59.768177057578875,58.98188947582444,59.235687255859375,16990000,28.807594450396753,28.881359799846795,28.360015202328924,28.48063087463379,314869000,393.63876845358556,394.557917748492,393.2174856060807,393.447265625,49220100,29.773135293975265,29.969140887733957,29.312524578664576,29.498729705810547,30706500
2023-05-10,96.41999816894531,99.94000244140625,96.12000274658203,97.0199966430664,95619500,80.44215803376107,81.05135139244328,80.11851997699748,80.81338500976562,7442300,59.575678081677644,60.14455938313244,59.2127021969189,59.97887420654297,19174000,28.91325569457964,29.02091579172388,28.370977656526804,28.793636322021484,369350000,396.2717004907046,396.90362464850057,391.47483892243093,395.2855224609375,96142900,29.68493770812026,29.792739112805663,28.900917126396287,29.371328353881836,40526500
2023-05-11,98.16000366210938,99.19000244140625,96.13999938964844,97.0999984741211,57061000,80.08997012043325,80.08997012043325,78.55746594034885,79.41414642333984,8730900,60.00856850216126,60.19053322229334,59.1858893685298,60.11295700073242,14430000,28.80460099601504,28.858431044188475,28.15665734572962,28.487606048583984,322149000,394.42385640636445,394.8834164060592,392.52808374994316,394.59619140625,70157100,29.008720353927533,29.08712222504971,28.244300708550234,28.28350257873535,47144400
2023-05-12,96.83000183105469,97.44999694824219,93.68000030517578,95.26000213623047,53829700,79.36655023900107,79.89007921809504,78.95724774502527,79.41414642333984,5069800,60.1809593589767,60.59469191211973,59.78159196132665,60.44624710083008,11942000,28.438761858901234,28.688969297483915,27.957289789783168,28.2503604888916,274222000,395.83132277822824,396.04196418738917,391.6663849084535,394.07916259765625,70481500,28.45010405781083,28.51870545480219,28.146295200780703,28.371702194213867,24153800
2023-05-15,95.19999694824219,97.43000030517578,93.44999694824219,97.4000015258789,51749200,79.31897063109294,81.54633288626621,79.22378551339611,81.53681945800781,8707300,60.51519402080934,61.29573115356776,60.189570473061764,61.274662017822266,14614000,28.4178275338678,28.877369814441632,28.06295457930079,28.861419677734375,293926000,394.68238356588824,395.84089676313823,392.77705610324665,395.43878173828125,54289400,28.32270186303517,29.234124760049205,28.303100928438564,29.204723358154297,28717500
2023-05-16,97.38999938964844,103.27999877929688,97.30999755859375,101.4800033569336,90622900,81.56537390553244,82.57434922053224,81.47018152609863,81.74622344970703,11283200,61.337868801539145,61.95559963423861,61.172187286653525,61.431724548339844,14967000,28.749776627024,29.775523171518977,28.740806219257955,29.1205997467041,449405000,394.33769327560117,395.25687179173696,392.7866197060623,392.79620361328125,57705500,29.02831794235949,29.30272352502701,28.626506296278922,28.636306762695312,22812000
2023-05-17,101.79000091552734,104.13999938964844,100.05000305175781,103.75,75240900,84.04973874294627,87.38126847605263,83.82128576106487,86.50554656982422,23215600,61.99773245705852,63.2954332650352,61.73244477316301,62.966941833496094,24133000,29.49042519794485,30.103479719693794,29.336912970483333,30.08254623413086,432535000,394.8067934195903,398.16744245894745,393.1695526455843,397.56427001953125,87287000,28.930316010753835,28.96951600834132,28.107095499689855,28.29330062866211,41667300
2023-05-18,103.9800033569336,108.0999984741211,103.93000030517578,107.93000030517578,74338700,86.85772501093355,88.90423724444453,86.68638893412432,88.19033813476562,14879000,62.826175723589344,65.06339916678303,62.826175723589344,64.92357635498047,26389000,30.313811833941568,31.727325914629347,30.22409635534029,31.577800750732422,748725000,397.24833527836256,401.81541733647197,397.02813918363745,401.3941345214844,97177200,28.420703266681524,29.165521921428446,28.29330093657583,29.087120056152344,36529200
2023-05-19,106.36000061035156,107.29000091552734,104.62000274658203,105.81999969482422,67880200,87.69538957258875,88.32362445800628,87.15282638161881,88.12373352050781,9295200,65.12468717804317,65.59875922250534,64.97241360940842,65.34017181396484,22968000,31.43625056372688,31.48011201484415,30.818212695710137,31.165111541748047,473908000,402.2941323052739,402.8207211975793,399.594100500681,400.81005859375,103793300,29.00872057033265,29.635935543989117,28.91071776338681,29.332128524780273,40683000
2023-05-22,104.68000030517578,108.79000091552734,103.48999786376953,108.0,65424200,87.63826625653226,87.99045914594342,86.81014056302087,87.30511474609375,9259800,65.25877146270012,65.5729051348355,64.56155721365012,64.96858215332031,17796000,30.803258976791746,31.420302459294863,30.582959233506156,31.077390670776367,372000000,400.8292573658007,402.5048047952054,399.59413136502695,400.9728698730469,60745400,29.253727697078002,29.84174269049001,29.224326293170556,29.675138473510742,28693400
2023-05-23,107.25,110.98999786376953,107.19000244140625,108.12000274658203,73099100,86.6197657158437,86.94339651949569,85.98201753535923,86.08672332763672,7656700,66.14368813446353,66.94337996587014,65.3181375667844,65.7471923828125,36088000,30.901950109855278,31.189039301220525,30.53411773699589,30.5909366607666,356253000,399.33559189738094,400.9058331974647,396.0802485128697,396.4728088378906,86383500,29.44972911136836,29.59673424999005,28.900916033390814,28.920516967773438,29400900
2023-05-24,105.9800033569336,108.91000366210938,105.63999938964844,108.2699966430664,65910500,84.98256451048466,85.81069024465359,84.88737939742308,85.7916488647461,9443900,65.26258436521336,65.53745126154527,64.74733863014657,65.07966613769531,23021000,30.114444604983657,30.510190153140588,29.71172312962193,30.441408157348633,721419000,394.87383509017286,395.256811470501,392.44188978529047,393.60040283203125,89213700,28.724508961131882,28.900913617332446,28.24429732439026,28.42070198059082,28045800
2023-05-25,117.30999755859375,120.69000244140625,115.80000305175781,120.3499984741211,108514700,92.38807873104102,97.44249032912437,92.31193499740304,96.09083557128906,60793200,66.98361694638375,70.14216100032435,66.15615183752351,69.79833984375,49263000,38.401152701662475,39.35512649385782,36.519123854187846,37.85987091064453,1543911000,397.09513966858555,398.4547395231807,394.86428090134467,397.00897216796875,90961600,27.724885860098915,27.724885860098915,26.323450937587317,26.852663040161133,78009400
2023-05-26,122.45999908447266,127.43000030517578,120.88999938964844,127.02999877929688,92922800,95.99566162741152,99.41286352427623,95.88144238258496,98.2420654296875,26135800,71.5825505424842,78.05192564008439,71.5432911495832,77.83644104003906,82500000,37.77015525878446,39.04610546738504,37.431230509295986,38.82281494140625,714397000,397.6600433469777,402.8686044347789,397.5834597512282,402.1505126953125,93830000,26.891864742265675,28.508904308691104,26.558656362608573,28.42070198059082,71910600
2023-05-30,130.4199981689453,130.7899932861328,123.51000213623047,125.2699966430664,98902300,98.79414074777729,100.17434309217342,96.642922256906,97.0712661743164,25248000,79.98077153389373,88.28033790508523,76.50330093771936,76.93714904785156,116912000,40.4666011461992,41.8053518099001,39.82264450499864,39.984130859375,923401000,404.0750403987033,404.60162936229705,400.92500286690074,402.3037414550781,72216000,29.106722195996916,29.439930604540834,28.420704444465784,29.390928268432617,54874800
2023-05-31,122.41999816894531,123.95999908447266,117.86000061035156,118.20999908447266,87552200,94.92957795119257,95.16754439748718,93.33995657070334,93.84444427490234,22206700,76.12883898410595,78.69264645833509,75.67201098850552,77.3796157836914,89998000,39.36310437329028,40.16755116297335,37.70237331513915,37.71433639526367,1002580000,400.48451382304125,401.38452439451896,398.5121576904561,400.07281494140625,110811800,29.10672380571776,31.644987009812084,29.07732240242681,30.811965942382812,136243800
2023-06-01,117.29000091552734,121.27999877929688,116.5999984741211,119.47000122070312,66032900,93.93011035014138,95.74817011469761,93.85395934896646,94.08240509033203,14998500,76.67665447098568,77.17179930963042,75.19602782495225,75.65477752685547,80792000,38.367253104154614,39.92331629567859,38.218726142988906,39.644203186035156,635873000,400.3026119453019,404.9271388982078,399.05793134165066,403.8739318847656,88865000,31.16477218253184,31.30197685645799,30.400354420184527,30.508155822753906,52667400
2023-06-02,120.75,121.66000366210938,117.68000030517578,117.86000061035156,52382400,96.37639673667964,96.42399292388217,93.87299270002,94.1775894165039,13085100,75.72085739782398,78.8937664515045,75.39140141296441,77.76653289794922,62815000,39.970174994520356,40.37190020075976,38.934459847678006,39.20261001586914,482731000,406.43990546910896,410.4995078956091,405.9133165725639,409.71441650390625,91426200,30.772763113636607,30.958968256854796,30.21414955323008,30.684560775756836,36521000
2023-06-05,116.58999633789062,119.31999969482422,116.41999816894531,117.93000030517578,52602900,93.29236120630196,94.05384942464487,89.713344067397,93.33043670654297,10568500,77.4983662825269,77.4983662825269,76.08860840796594,76.8375473022461,26222000,38.78593155134608,39.439854864368684,38.58457081030142,39.04710388183594,396094000,410.0591731674841,411.34216044666834,408.2304290639448,408.92938232421875,65460200,30.68455906496566,30.772761397927788,29.23412360841859,29.263525009155273,48244100
2023-06-06,117.91000366210938,124.41999816894531,117.73999786376953,124.2300033569336,75257500,92.91160607019289,95.75768231168624,92.73074927398424,95.01522827148438,13827600,76.8088251366118,76.8088251366118,74.35515997973212,75.6595687866211,37823000,38.70718409484521,39.03613834073106,38.02733822176895,38.53173828125,388729000,408.51760703277364,410.34632157550055,407.8665149969257,409.8197326660156,64022200,29.17532511312701,30.821766306945452,29.106723708259256,30.341552734375,42295300
2023-06-07,124.02999877929688,125.33999633789062,117.06999969482422,117.83000183105469,81755200,96.50013071326613,98.06118969687559,94.74870151688795,95.46260070800781,14367500,75.64231390562696,77.13921983261946,75.42107885982861,75.91143035888672,28957000,38.79592485025507,39.37813750275476,37.2416933197928,37.360328674316406,511998000,410.2123152273252,411.3421059208301,407.9814271228122,408.4027099609375,85373300,30.41015482791563,30.74336324083592,30.312152023660012,30.655160903930664,39098000
2023-06-08,118.30000305175781,122.20999908447266,117.05000305175781,121.05000305175781,65246900,94.22517883988566,95.85286823303241,93.88250662425912,95.12945556640625,9074200,76.12979704321873,77.09709221175554,75.54271815162066,77.01951599121094,21909000,37.60857182578051,38.74508306628558,37.39024395636986,38.39216613769531,417772000,408.46964122914176,411.32286900181094,407.70368855340774,410.87286376953125,61952800,30.802163081396642,31.213773349248747,30.439553279307525,31.184371948242188,35199000
2023-06-09,123.56999969482422,127.25,123.55000305175781,124.91999816894531,75105000,97.75661425138776,99.64131172102603,97.3282775484589,97.851806640625,14902400,77.1727676040722,78.3172380885599,76.98888482088998,77.05975341796875,19241000,38.91755616586712,39.589493696488056,38.44899682390139,38.65137481689453,427717000,411.66758293531126,413.6112165464448,410.6239598849218,411.6101379394531,85742800,31.292175114093027,31.35097604666667,30.067144781529084,30.713960647583008,40218000
2023-06-12,128.52000427246094,130.47999572753906,126.4000015258789,129.19000244140625,85394700,99.31764757560933,102.22084039553289,99.28909277117693,101.90672302246094,20568100,77.68225813632773,82.17203404289651,77.68225813632773,81.91919708251953,51065000,39.08005597622932,39.40904425940009,38.49983605891858,39.36119079589844,388701000,412.5868209414102,415.4208816171955,411.86872917016797,415.3442687988281,76104300,30.772764025508007,32.63480990512271,30.73356402375987,32.40940475463867,59881600
2023-06-13,132.32000732421875,132.8300018310547,122.44999694824219,124.52999877929688,132461900,104.70519963224605,105.36198911746587,101.60211622792278,101.65923309326172,17858600,82.47180345391763,82.67579452301068,80.54392052541046,81.51313018798828,38990000,40.063036270092226,40.975237387752834,39.618401830821284,40.89647674560547,613208000,416.7995935234062,418.72405947829276,416.13894679853814,418.08258056640625,95899700,33.095417450379905,33.27182210422168,32.40939976749475,33.23262023925781,51990000
2023-06-14,126.52999877929688,127.7300033569336,123.80999755859375,127.33000183105469,95888100,100.92630430050498,102.51591804492362,100.15529551975924,102.23988342285156,12862600,81.97090121027773,85.09688588132502,81.13960742476317,84.87086486816406,43524000,40.69908893155934,42.86842954641151,40.42791802705582,42.865440368652344,740465000,418.41769324198367,420.38046559122165,415.1431821385499,418.5804443359375,100612100,33.193422109911886,34.88886370620157,33.12482070775246,34.869266510009766,74404300
2023-06-15,125.38999938964844,125.69999694824219,122.26000213623047,124.23999786376953,85587100,101.57844342753995,101.95123261707255,100.43142332806964,100.53656768798828,11987900,84.70135391818012,85.04229616146898,83.41896799951886,84.60749816894531,33814000,42.47164881165265,43.15654702262012,42.018039182120376,42.522491455078125,568622000,417.7665713681598,425.0145169652863,417.6708491876016,423.76983642578125,110303100,34.575259049742996,35.692486248650205,34.516459979377146,35.10447311401367,67676300
2023-06-16,125.81999969482422,125.8499984741211,119.9000015258789,120.08000183105469,82007100,100.77552490797336,101.08139740273725,99.74320250342942,99.9534912109375,11430800,85.16774723272248,85.23191547372083,82.88550751117506,83.1402587890625,68299000,43.317050916384595,43.587221609742976,42.53046366608263,42.561370849609375,655709000,425.7476478890072,426.31464161242656,421.8555599029222,422.3264465332031,114165800,35.63367979668896,36.0648890901967,34.88885932604447,35.64347839355469,110240300
2023-06-20,119.08999633789062,121.75,117.69999694824219,118.93000030517578,58851800,99.58070920022784,100.24980300268282,98.51971239020956,99.38954162597656,9295500,82.61831066311154,83.99838095253303,82.4602866782045,83.13260650634766,27535000,42.86643489919533,43.85540013452972,42.54342497305457,43.673954010009766,451153000,420.39477647392715,421.278891227802,418.0691141682308,420.1352844238281,76160400,36.03549334456329,36.36870175041591,34.02644431155308,34.30084991455078,65970200
2023-06-21,118.48999786376953,119.19000244140625,111.66999816894531,112.11000061035156,82835600,98.59617886085482,99.15057501624358,97.13372582092347,97.15283966064453,9340400,82.80237675363074,83.38006628509329,81.31963563725364,81.6142578125,23229000,43.36789797033513,43.481551381643484,41.9512482252179,42.913291931152344,551603000,419.15510212154635,419.9527293765365,417.3964332987813,417.982666015625,76982300,34.22244345650248,34.349847649977356,32.17419645626733,32.2427978515625,70973500
2023-06-22,112.23999786376953,114.0,109.8499984741211,110.69999694824219,70754800,96.94256513681775,98.86383082933014,96.8565419066309,98.57707214355469,8575900,81.36681077111604,81.73460364351983,80.42517022465873,81.1106948852539,23464000,42.12370403758317,43.29311498837631,42.104764976671774,42.89334487915039,417737000,417.03123579350665,419.59712182011833,416.69487567418776,419.4914245605469,70637200,32.03699010110257,32.57600640777028,31.488178935761884,32.05659103393555,45740300
2023-06-23,109.30999755859375,111.0999984741211,107.45999908447266,110.01000213623047,73622000,97.03816045423771,97.67858728948636,96.55068084015613,97.41094970703125,8919000,80.3000109263474,80.49353393975143,78.84037948286866,79.1581039428711,37413000,42.33407006327904,42.678011851996246,41.886442597723466,42.07984924316406,358140000,416.051016626355,418.0979773634387,415.60895921346514,416.3200988769531,92074500,31.56657743722264,32.78180904598346,31.39017278855582,32.340797424316406,46327100
2023-06-26,110.94999694824219,112.55000305175781,107.19999694824219,107.51000213623047,68557000,97.51606596962569,98.49103957475725,95.67127040724796,95.69039154052734,8560000,79.43249235393786,80.5878711226166,78.97226836314873,79.10802459716797,21372000,42.33107342513513,42.633147684220695,39.97729771593512,40.50767135620117,594322000,415.75309747622674,417.66550238868285,414.3788570549921,414.6191101074219,72823600,32.52700228840156,33.311024649713566,32.43879995967875,32.674007415771484,38952400
2023-06-27,108.56999969482422,110.97000122070312,107.08000183105469,110.38999938964844,59381600,96.68445949348238,98.25205664786534,95.60434175080721,97.57340240478516,9732000,79.78680838816165,81.83954026511158,79.04736624574626,81.68548583984375,24923000,40.6741670319384,41.811674756586335,40.32424305595563,41.74787139892578,462175000,415.49359948325997,419.77970536315974,415.04192260990584,419.1646728515625,72813700,32.556408366607485,33.546231262367364,32.35060042282913,33.418827056884766,33038900
2023-06-28,108.20999908447266,111.77999877929688,107.62999725341797,110.16999816894531,67534100,96.06315864196776,97.382232224859,95.79552115783687,96.46461486816406,8160900,80.75445156780609,82.66082748126584,80.59366110545716,81.64120483398438,19445000,40.535581905804115,41.71695722321169,40.39401812376897,40.99118423461914,582639000,418.08837741440095,420.3852108229733,417.4733448104481,419.37615966796875,75636000,32.93861974932619,33.13462537147452,32.370203818945654,32.899417877197266,33906900
2023-06-29,112.06999969482422,112.76000213623047,109.83999633789062,111.23999786376953,58347200,96.86607708913792,97.03813080995207,95.60435223402587,96.19698333740234,7383900,82.26800000875717,83.07580147368334,81.49389336073045,83.04981231689453,23386000,41.430838173608656,41.4727094781301,40.47576930987673,40.69709014892578,380514000,418.9629126794935,421.19246824661855,418.5593039384084,421.0290832519531,67882300,32.67400853399177,32.67400853399177,31.840989419708507,32.25259780883789,38313000
2023-06-30,113.02999877929688,114.69000244140625,112.41000366210938,113.91000366210938,53378800,96.92342719279878,97.39179279002782,95.9771354331719,96.46461486816406,11704600,83.62268664623242,84.20519490931878,83.2192670406833,83.51773834228516,23145000,41.55247077216965,42.41980774252162,41.37401761190044,42.17256546020508,501148000,424.2292689763498,426.97775005705444,423.9121184961037,425.9975280761719,104964000,32.69361080430017,32.88961640935033,32.49760519925002,32.772010803222656,33811300
2023-07-03,115.16000366210938,116.7300033569336,114.51000213623047,115.81999969482422,31860000,97.73591509501018,99.1027844193378,97.56386135864112,98.59618377685547,5638400,83.63231702112584,84.4131597298401,83.27607162987553,84.38523864746094,9038000,42.38690406882019,42.76673879586181,42.07286928017555,42.28322219848633,198209000,425.6515034890419,426.76625174608176,425.37280176090064,426.4875793457031,32793400,32.87001385382122,33.21302084186965,32.4780026630552,32.94841384887695,15753000
2023-07-05,116.0999984741211,117.66000366210938,113.86000061035156,113.94999694824219,49501600,96.9234429342436,98.53882866655427,96.5028655094032,96.53153991699219,9010800,83.51483973191489,84.42952133209803,82.97085250184105,82.98143768310547,14440000,42.00606914984757,43.04488054432272,41.95622290579701,42.18751525878906,323618000,424.6809269189928,426.5837417319984,424.6713074116075,425.8533630371094,58418400,32.64460854349207,32.6642094767694,31.850787568991052,31.860586166381836,37664700
2023-07-06,112.06999969482422,113.79000091552734,110.30999755859375,113.4800033569336,42342000,94.72497442765662,95.16466567068723,94.24704821228744,95.02129364013672,9140800,81.35814711343488,82.21505482081814,81.2936369938827,81.6469955444336,23939000,41.71596810959315,42.04994216880029,41.21949078738844,41.97417449951172,303582000,422.2879821858995,422.9414634252197,420.0199782059898,422.51861572265625,80658300,31.262775625678355,31.399980302407595,30.753162527536734,31.331377029418945,41693600
2023-07-07,114.16000366210938,115.33000183105469,113.04000091552734,113.16999816894531,37211300,94.70586765145383,97.43960639066867,94.62939770107313,95.80509948730469,8036600,81.88096299637391,82.6088578659013,81.32542078575318,81.52664947509766,19409000,42.19249796154775,43.08177063947781,42.05093416959679,42.37294387817383,355881000,421.5287406529986,425.38240854551253,421.2115902375523,421.45184326171875,86134200,31.36077891206632,31.76258874233732,31.184374231606252,31.213775634765625,28356300
2023-07-10,113.0,113.61000061035156,109.87999725341797,113.58000183105469,49330200,95.82422230375606,96.30214859953539,95.0117490594465,95.36540985107422,8041600,81.67394585858757,84.64808830930885,81.67394585858757,84.50944519042969,30622000,42.52647545344216,42.680003559932054,41.521556604913506,42.050933837890625,353908000,421.0963071478734,422.6915908752238,420.52931348483696,422.51861572265625,62443500,31.23337653692382,32.1742008752923,31.135373729078424,32.08599853515625,36305700
2023-07-11,111.66000366210938,113.2699966430664,109.5,111.31999969482422,59899500,97.81238125781248,97.81238125781248,95.71906209509005,96.78961944580078,7677800,84.83487790282459,85.01685342949116,83.24815091825808,84.92538452148438,25498000,42.35100568748728,42.627158483980864,41.93827488426671,42.275238037109375,298244000,423.2779187311908,425.69965939498974,422.3072868328065,425.20953369140625,64463800,32.16439638362285,32.69361038898678,31.850788914924802,32.63480758666992,28148800
2023-07-12,112.88999938964844,115.4000015258789,112.30999755859375,114.58000183105469,57993100,98.29031036252674,99.8196728423535,98.22340098192731,99.31307220458984,10202000,85.59455098082266,86.42161304259756,84.9205737425895,85.68601989746094,28197000,42.90132541025079,43.80056583036438,42.64610822063504,43.76766586303711,481277000,428.9862143541203,430.03371404566207,427.5639058584264,428.630615234375,91924500,33.017019605675934,33.39923224945889,32.39960694567266,33.30122756958008,37762200
2023-07-13,115.76000213623047,116.16000366210938,113.58000183105469,115.91999816894531,49206700,100.3645119041175,100.98581748394388,97.99399450945835,100.90934753417969,9265900,86.55156368898355,86.55156368898355,84.56142481858295,85.72547149658203,25912000,44.381783639889846,46.01377191487625,44.35586222212897,45.83631896972656,478204000,430.4374003996056,432.8207214455181,430.00496246418476,432.0326843261719,72425200,33.46782974323811,33.61483113812526,32.948414346848494,33.19342041015625,32745800
2023-07-14,116.16999816894531,122.12000274658203,115.25,115.94000244140625,91927200,101.32036287879393,102.56297401980942,100.23069163501296,100.49832916259766,9518300,85.32110141303703,86.97618772695144,85.32110141303703,85.55410766601562,18510000,46.44046184420574,47.94085779132301,44.92212322629915,45.329872131347656,772075000,432.9167455493579,433.76241157020985,431.00431150899965,431.7635192871094,69815800,33.10521698018942,33.19341930959561,32.34079928433291,32.4878044128418,30438700
2023-07-17,115.94999694824219,118.83999633789062,112.7300033569336,118.31999969482422,68593300,100.05862823695396,100.39317511413668,98.0608929545057,100.16377258300781,10722600,85.78806574857117,87.92552341031717,85.66963804762035,87.65016174316406,26819000,46.147361621458764,46.353725148743315,45.123503715655524,46.31883239746094,510488000,431.6194032211896,434.3102255823968,431.5713350157398,433.2627258300781,52680200,32.49760504848202,33.9088386690032,32.40940271354346,33.683433532714844,34111200
2023-07-18,117.55000305175781,118.43000030517578,115.19000244140625,117.93000030517578,57980100,99.11234498596264,99.15057995988639,97.5065125440433,98.59618377685547,10343600,87.22940271484784,87.60682580312557,86.48610400996952,86.98388671875,24513000,46.55810196861849,47.74944513877749,45.59406179064249,47.34867477416992,569164000,432.9359794712025,437.1259784249401,432.5035122667073,436.48211669921875,80668200,33.59523025960864,34.00684239065943,33.154222335727155,33.81083679199219,29662200
2023-07-19,121.30000305175781,121.66999816894531,115.55000305175781,116.43000030517578,70363100,99.31307460328266,100.16378273112629,98.0417890486127,98.5101547241211,11204800,86.39078636000788,87.22844084094474,85.2700719072346,86.7855453491211,24118000,47.31876976791527,47.67168668562745,46.598978830711765,46.932952880859375,427502000,437.2701946323452,438.6348156080869,436.4052601424123,437.4527893066406,65891700,33.71284170474423,34.14405110574922,33.64424029409563,33.77164077758789,26486700
2023-07-20,114.95999908447266,115.05000305175781,109.23999786376953,110.25,76340400,94.19925913292839,96.01537290120413,92.76548049950529,93.53971862792969,22810200,85.93537247676414,87.32760675454894,85.30569002793814,85.53099060058594,28268000,46.36469382160293,46.942920912803515,44.9241156620399,45.380714416503906,537865000,436.4629408876448,437.35667523001575,433.8393669208048,434.5505065917969,70591600,33.02681707579284,33.52662778478136,32.56620449448299,32.703407287597656,37878000
2023-07-21,110.97000122070312,112.30000305175781,109.54000091552734,110.94999694824219,76815400,93.5588341920833,93.66397854387832,92.07726728578353,92.95664978027344,15381200,87.08594473113146,87.72718203267618,86.05958600949619,86.34072875976562,74287000,45.64789454996022,45.72565880367255,43.965059822678604,44.17341995239258,963769000,436.26110720174216,436.4629408876448,434.54091641230104,434.5505065917969,71275600,33.05622323437078,33.56583638133471,32.75241431834523,33.340431213378906,79737000
2023-07-24,110.62000274658203,111.30999755859375,108.55000305175781,110.61000061035156,45583600,92.97575991165128,93.9316123134235,92.5073942767039,93.9124984741211,9054900,86.7306822082856,87.17742694354284,86.09810541435169,86.8067398071289,19992000,44.59413357267698,44.970979149441135,43.9052497727291,44.47549819946289,382516000,435.6940427674301,437.2989458480087,434.6657528013967,436.49169921875,54023400,33.164021822645815,33.77163583016144,32.88961622025087,32.95821762084961,25225800
2023-07-25,111.13999938964844,114.05000305175781,111.0,113.0,44916300,95.1264360063547,96.43595653486393,94.73454028002354,95.89112091064453,9202200,86.71332027299364,88.88544207794027,86.71332027299364,88.3857421875,20042000,44.803489544215395,46.04168599596265,44.78554306973034,45.53923034667969,348081000,436.22271303443887,438.9327454121648,436.1746448231181,437.6834411621094,55191200,33.026819580894006,33.654034533276025,32.732813039276934,33.418827056884766,31771100
2023-07-26,111.91000366210938,112.36000061035156,109.30000305175781,110.08999633789062,51721700,95.09775629223856,95.70950126450508,94.21837380617733,95.02129364013672,8993500,87.52018957243462,87.67616126773318,85.46457033630901,85.98834228515625,19877000,45.88018262099463,45.912086196628444,44.493440026375104,45.312923431396484,364237000,436.7512104988631,439.17295065598853,435.7037107326863,437.75067138671875,71052900,33.04641865830602,33.840235902211106,33.02681772483363,33.67363357543945,32643200
2023-07-27,111.79000091552734,115.08000183105469,110.51000213623047,111.0999984741211,70678000,97.01902779472559,97.2675514841998,94.54337334453793,94.96394348144531,8049800,87.47204126837696,87.60202379594996,85.30570008885661,86.03070068359375,21922000,46.37666127130996,47.249980321992574,45.610013268331116,45.75955581665039,455976000,441.12379698695344,441.5274350037331,433.94503488324995,434.848388671875,92194400,34.12444357049192,34.330247762644376,33.42862726074078,33.85983657836914,58890800
2023-07-28,113.37999725341797,114.86000061035156,112.44000244140625,112.95999908447266,55526000,95.69039062125952,96.53153816308156,95.37495755836042,96.40727996826172,6758700,86.58818083834934,86.99641929418092,86.07114490578684,86.63343048095703,18791000,46.525202843607126,46.883105518604516,46.23908226392985,46.60695266723633,331194000,438.1063128744225,439.9322304657997,434.84846694498975,439.10577392578125,80011800,36.015887959560686,36.25109540341828,34.80065635353817,36.09429168701172,90863000
2023-07-31,114.16000366210938,114.68000030517578,112.3499984741211,114.4000015258789,54187300,94.8014405182256,95.37495049483778,94.07499065847684,94.77276611328125,8647900,86.41295195132605,86.74993692433176,85.78711851818886,86.52367401123047,14952000,46.610938817532,46.985787745643954,46.36369657868276,46.58601379394531,251055000,439.5766441259426,440.2974033582614,438.26965213423165,439.94183349609375,62040400,36.13349081102357,36.44709825250526,34.957461036219414,35.05546569824219,55630700
2023-08-01,114.26000213623047,118.19000244140625,113.16000366210938,117.5999984741211,95279300,94.76320642012996,94.81100195719405,93.75955848238465,94.05587768554688,6428500,86.55542819373659,88.63896072580246,86.43218171203625,88.57926940917969,19683000,46.31783943234634,46.75649554152621,45.886165676964275,46.36469650268555,237858000,438.48102764934566,439.42283016702106,437.7314393035273,438.682861328125,55291500,35.10447031949267,35.300475928267105,34.57525629735052,35.084869384765625,24702200
2023-08-02,119.48999786376953,119.5,107.37999725341797,109.3499984741211,173372000,93.19559651583,93.19559651583,91.00669393793905,91.47505950927734,9820900,87.83789815544412,87.90529512835472,85.7187316469993,85.91226196289062,26877000,45.69076177542876,45.699733110392835,43.254239992985966,44.133541107177734,530142000,435.57876710355214,435.8382298320832,431.83082549706114,432.5804138183594,93933400,34.44785397276639,34.47725350402442,33.59523018132506,33.703033447265625,39052000
2023-08-03,108.94999694824219,114.95999908447266,108.94999694824219,113.1500015258789,90605400,90.65305442391988,91.58023258552993,90.40453800586617,90.78688049316406,8571700,85.36539261421,86.20400206472323,84.83199049058352,85.20748901367188,18281000,43.665971916513115,44.97993964791756,43.665971916513115,44.3787841796875,324176000,430.5719307015857,433.21471435225743,429.92803959884134,431.3407287597656,64276100,33.60503449928593,34.33025039539027,33.44823075916909,34.17344665527344,24817900
2023-08-04,114.4800033569336,118.8499984741211,113.95999908447266,115.81999969482422,83169700,91.0736399171583,93.27210394347892,90.93026056021095,91.914794921875,7562600,85.20748998934226,86.03936342399507,84.08965501134487,84.88687133789062,21156000,44.84734857341807,45.50233587133729,44.25716100939372,44.54328155517578,362666000,433.14745409560885,435.2424538180626,428.8709377374494,429.389892578125,100128900,33.91280775321122,34.975043685807705,33.91280775321122,34.56195068359375,26674900
2023-08-07,116.36000061035156,119.08000183105469,115.48999786376953,116.80999755859375,65854800,92.45961839901263,92.660346555124,91.02583960458051,92.09638977050781,6601400,85.46744047691259,86.40041298060873,85.23540388543677,86.37056732177734,11146000,44.972970743442104,45.400658953676526,44.426647163135996,45.27803421020508,322154000,431.2157929076751,433.2915828601554,430.523862923515,433.1378173828125,58357500,34.82750622354184,34.965202626684565,34.17836335733644,34.65046691894531,22486900
2023-08-08,114.94000244140625,115.45999908447266,111.41000366210938,113.2300033569336,54141800,90.6912785792726,90.71039971227269,89.53469798033481,90.31849670410156,7659000,85.6994908810142,85.74858967468452,84.09254113485613,85.03225708007812,14081000,44.71576081749796,45.10357050648728,43.92119857113271,44.527339935302734,353843000,430.61032036745866,433.12819688898776,427.90987851511386,431.25421142578125,71361300,34.09967917404251,34.52260600489445,33.30300601746458,34.44392395019531,34753600
2023-08-09,112.88999938964844,113.1500015258789,108.77999877929688,110.47000122070312,56257100,91.59935767526136,91.61847151879205,89.57294750990357,89.8310317993164,6426900,84.98988844405731,85.06787060408394,81.71630520130444,81.90982818603516,24672000,44.13853230621531,44.176418044924525,42.005080711454916,42.423797607421875,586449000,431.52333486681067,431.6867198555809,427.6120079214979,428.3712158203125,78789600,34.4242522169312,34.52260572248699,33.66691821792523,33.716094970703125,28720200
2023-08-10,111.30000305175781,113.88999938964844,109.47000122070312,110.2300033569336,57297800,91.2361130138694,91.73316036941482,90.11776740275536,90.61481475830078,7459600,82.13994070882873,82.94678721675808,80.59462165209027,81.15594482421875,20186000,42.03099778159967,43.440672654633964,41.70699146291927,42.25830078125,492705000,430.7160393980688,434.08920144153984,427.36211636743525,428.5249328613281,93005500,34.129187595095544,34.512771515517244,33.91280538277738,34.10951614379883,30957300
2023-08-11,108.8499984741211,109.06999969482422,106.4800033569336,107.56999969482422,55667700,89.37221825459785,89.37221825459785,87.90976494088032,87.92887878417969,10658400,80.30000881532936,80.53012085778606,79.28615980850333,79.89080810546875,20331000,41.623242454978985,41.88942754104393,40.51464563346433,40.729984283447266,533085000,426.6605919753528,429.28416586620887,426.06476909769503,428.27508544921875,68690900,33.893132309769804,34.375073463615266,33.794778809937924,34.31605911254883,28783700
2023-08-14,106.75,111.98999786376953,105.41999816894531,111.9800033569336,57421800,87.64211548409526,89.17147798065433,87.26933360345197,88.96118927001953,7489700,80.0227158199507,82.24201228005583,79.66165895992745,82.23431396484375,17688000,40.362116194769875,43.66597480294201,40.18765244113688,43.619117736816406,690286000,427.3621343832933,430.63916015625,427.0546034425639,430.63916015625,47867400,34.09967948688556,35.1225724709791,33.902972472360176,35.09306716918945,36896100
2023-08-15,111.98999786376953,113.18000030517578,110.16999816894531,111.3499984741211,53816600,88.4354579606199,88.61707224433223,87.45093118747907,87.6325454711914,6069500,81.76347836054056,82.28436333570137,80.5358910878149,81.11935424804688,14035000,44.423651395520004,45.12948515568442,43.5762500445296,43.805545806884766,676512000,428.87090781167177,429.22650696420783,425.0556881700834,425.6227111816406,75707500,34.82750763483381,35.04388984965245,34.17836474232362,34.198036193847656,27420300
2023-08-16,110.08999633789062,110.44000244140625,106.9800033569336,107.19000244140625,54327300,87.403147832115,88.62663776589424,87.28844291610747,87.72813415527344,7439500,81.62677208649045,82.27282087453672,80.10263053985142,80.2018051147461,16003000,44.38377612065419,44.53830062758481,43.27318256792619,43.35293960571289,527451000,425.20942158349953,426.86236363092155,422.3936630630157,422.4993896484375,80107200,33.952147893919765,34.06033899883146,32.90958349888829,32.978431701660156,35757300
2023-08-17,107.62000274658203,107.8499984741211,104.0999984741211,104.44000244140625,59064300,88.81780449746022,88.81780449746022,87.31711650021731,87.59431457519531,7712500,80.54069532742143,80.82087573843324,79.62601375333563,79.63468170166016,19228000,43.83546018459533,43.927177736442225,42.86942340203336,43.21137619018555,452395000,423.96027754450193,424.2197403612127,418.761196405992,419.2801513671875,95711300,33.007942201118006,33.037447503043396,31.817843746867872,32.044063568115234,39906700
2023-08-18,102.4000015258789,106.06999969482422,101.68000030517578,105.44999694824219,59916700,86.09362867467145,87.29800478673391,85.60614189007408,87.07815551757812,9066200,78.95109645293756,79.73772025556543,78.1808389151086,79.51338195800781,17759000,42.504541812711565,43.44465716941068,41.53252668330837,43.16651153564453,583768000,416.4738690425287,420.510132174717,416.1279187140494,419.4818420410156,98852000,31.699819065082128,32.36863342885599,31.65064231079349,32.211265563964844,23701100
2023-08-21,106.19999694824219,108.54000091552734,105.66999816894531,108.22000122070312,49319200,86.50464774055837,88.80825567253878,86.50464774055837,88.47370147705078,8618300,80.3048084037311,83.50907000729939,80.08432663349511,83.29724884033203,30012000,44.35785535241688,46.920987674468684,44.08668826541733,46.82328796386719,692573000,420.4908700639508,422.9510589127824,418.3478316599045,422.2110900878906,68719000,32.063730695957865,32.6243539342114,31.49327360788662,32.5948486328125,43718200
2023-08-22,109.4000015258789,109.72000122070312,104.8499984741211,105.66000366210938,47295200,89.22883598682525,89.36265476327289,87.75682215332482,88.16783905029297,7059000,84.09349726008656,84.22251012284805,81.92426236566982,82.39701080322266,17079000,47.98770953500303,48.03955236680591,45.194285260085415,45.52825927734375,755293000,423.9793707816351,423.9793707816351,420.5101306907519,421.0675048828125,64994200,32.6735380502047,33.24399520132266,32.28995408184249,32.34896469116211,23425300
2023-08-23,105.6500015258789,110.08000183105469,105.0,109.43000030517578,54656300,89.64940793301963,90.90157238952075,89.12368613463889,90.0604248046875,10362600,81.91369938922713,84.55374416702745,81.83955902728306,84.39872741699219,19692000,45.72565711329878,47.05557488119282,45.06966956482349,46.971832275390625,779046000,422.12460773274086,426.37229454971487,421.98046176867535,425.7572326660156,68441000,32.3391283425487,33.58823741993685,32.26044253360494,33.4210319519043,32324300
2023-08-24,111.05999755859375,111.63999938964844,100.87000274658203,101.80000305175781,109179100,92.26844815233872,92.50741129674759,88.3876890207632,88.44503784179688,12254400,86.87989658864974,87.60297249236994,82.07639835317546,82.26895904541016,30934000,50.06235611284215,50.11220236963025,47.01471026045013,47.01869583129883,1156044000,427.35254280721006,427.861878130185,419.82780041318796,419.8566589355469,88517300,33.165306572463045,33.52921901502571,31.955540545609786,32.05389404296875,37931000
2023-08-25,101.16999816894531,104.12000274658203,99.58000183105469,102.25,74793100,88.17738742074259,89.28617974945044,87.37447487311998,88.98986053466797,10356000,82.51544003266783,83.71125699649777,80.65238201686,82.0147705078125,24181000,46.8681514444708,47.65872425455991,44.88623165435981,45.877193450927734,925341000,421.57687525748486,424.09472283005493,418.04035697735236,422.81658935546875,102325100,31.994883798587985,32.85057509357383,31.81784447906994,32.703041076660156,27324800
2023-08-28,103.47000122070312,104.06999969482422,100.88999938964844,102.61000061035156,55386800,89.67808205998153,89.99351513801957,89.13324642181396,89.85013580322266,5174800,82.45479334101245,83.20001667618952,81.56129663944257,82.90635681152344,14306000,46.33977183033874,46.836249134555814,44.750651224061855,46.69169235229492,685192000,424.99802710166506,426.1128047760357,422.8165399597136,425.4977722167969,61595400,32.94892679582099,33.22431961020821,32.66369637980811,33.066951751708984,22341800
2023-08-29,102.11000061035156,106.56999969482422,101.79000091552734,105.91999816894531,50850300,89.6302822331658,91.39861512350771,89.38176584347794,90.88245391845703,8910300,82.6483235247865,85.96427015270517,82.45768737225237,85.68408966064453,27822000,46.5232082617889,48.93081957760332,46.249048206065815,48.634727478027344,701397000,425.3920253511655,431.92692561420495,425.20943069514846,431.6482238769531,83081900,32.93909468243524,33.912807185742764,32.9194232300927,33.74560546875,29943600
2023-08-30,105.4000015258789,107.66999816894531,104.5,106.58999633789062,54847300,91.23612258047399,91.68537444381658,90.45232378461336,90.595703125,6073400,85.9209318835861,86.52943662990012,84.64231383803144,85.91033935546875,23234000,48.893934114542816,49.77423173710802,48.27682864513261,49.11326217651367,735206000,431.9845986592022,434.0603885077203,431.2830492029172,433.4261169433594,69053900,33.499716745329984,34.089845286735404,33.22432017432113,33.96198272705078,26279200
2023-08-31,106.19000244140625,108.05999755859375,104.86000061035156,105.72000122070312,58919000,89.219268149632,90.23247675063487,89.15235876685993,89.43911743164062,8661200,86.46205289406545,88.93263925150616,86.05381444725795,88.8575439453125,55203000,49.22890833319217,49.5917929853516,48.80819868484659,49.203983306884766,528570000,434.0412049094315,435.1751923990844,432.60930594923883,432.7919006347656,66084600,33.75543988378352,34.975043685807705,33.73576843111181,34.56195068359375,48157600
2023-09-01,107.0,110.05999755859375,106.61000061035156,109.44999694824219,54856100,90.13689408006475,90.40453161447901,88.98030613229818,89.07589721679688,7094600,86.83368156540703,86.83368156540703,83.25104174372397,84.0078125,65017000,49.60973326514342,49.64761519313272,47.994687598350154,48.360565185546875,463830000,435.5019359140747,435.98244204092543,432.14798320577563,433.59912109375,58944100,35.20125973908189,36.14546695499011,35.14224538110789,36.00777053833008,43808500
2023-09-05,109.0,111.81999969482422,106.30000305175781,110.77999877929688,66042200,89.27661740422407,90.85377535428537,88.77001678890306,90.42363739013672,6396500,83.71800521306353,85.01685342264707,83.47633836402137,83.97412109375,24808000,48.07545346857959,48.701534160638424,47.71356516049565,48.39945983886719,382653000,433.1570257317341,433.4741468434639,431.65784909348326,431.72509765625,55166200,35.978262259449934,36.794606841531916,35.860233553264436,36.10612106323242,43379400
2023-09-06,110.55999755859375,111.33000183105469,108.22000122070312,109.27999877929688,47736700,89.70676036719072,89.81190473110644,87.54653156207178,88.18695831298828,7933700,84.00589673749283,84.47478877981553,83.45131686346043,83.98374938964844,20142000,48.29675585100986,48.404432152677344,46.441297415473116,46.92086410522461,468670000,430.91787558724553,431.0236021823755,426.5068329962555,428.8228759765625,70758500,35.95858821268886,36.43069174751434,35.43730417786343,36.37167739868164,39643400
2023-09-07,106.13999938964844,107.69000244140625,105.08999633789062,106.58999633789062,49080100,86.09364539888801,86.30393414260637,84.52604768172161,86.07453155517578,14684400,82.75421351206904,82.96507238210054,80.9267895603806,82.51640319824219,27789000,45.38944205496558,46.206003567946354,45.01755163903208,46.103309631347656,433330000,425.8341358343982,428.17900813567496,425.4881854921281,427.5063171386719,70355400,36.22414986154304,37.70930877467065,36.145464057219264,37.55194091796875,67659700
2023-09-08,107.0199966430664,109.73999786376953,105.75,106.08999633789062,46232000,86.74361404183094,87.0494865489531,85.37674468037784,85.6826171875,5820800,82.32095130292234,82.8822744571097,81.85109704771999,82.56646728515625,16810000,45.805199355822154,46.46721981309031,45.13619596961709,45.43629837036133,473069000,427.5543236104539,429.67815236910445,427.19875378748577,428.150146484375,61659700,37.492926211374595,38.19124958635702,37.08967084787984,37.384735107421875,44255200
2023-09-11,107.31999969482422,107.51000213623047,103.0,105.31999969482422,50611300,86.1222972184918,86.39949528135142,85.22380094818203,85.64437103271484,7268600,83.64675782719196,83.66890517328187,81.42072550069277,82.71956634521484,15710000,46.01058127939669,46.02553600450633,44.180049901886676,45.04347229003906,473966000,430.76410870034374,431.27344400453364,429.06312762659996,430.9659423828125,60180100,37.61095536569803,38.10273038812013,37.217533846982086,37.955196380615234,36349300
2023-09-12,104.19999694824219,106.73999786376953,103.18000030517578,105.30999755859375,44413600,86.4664059070245,87.52740263821038,86.42817093650001,86.48552703857422,8242600,81.86265846652034,82.63580285003198,81.03655878699503,81.31192779541016,16680000,44.60477844461375,45.53699557699163,44.39839411760551,44.736385345458984,349256000,429.5244300194834,431.04281644605425,428.02525327961035,428.6018371582031,67565400,38.014208121309835,39.410847288064396,38.014208121309835,38.22075271606445,55326600
2023-09-13,105.0999984741211,108.73999786376953,104.83000183105469,107.70999908447266,44702300,86.60022473019686,87.83327518348949,86.48552711110217,87.19285583496094,5757800,81.56900304540916,82.71668372066974,81.28497341760014,82.12165832519531,17413000,44.46719292129203,45.79323440179784,44.37048163678398,45.34955978393555,398355000,428.8228607530232,430.25475953176647,427.72729277869223,429.1015625,60199300,38.161742772262606,38.50598755520661,37.62079097271727,38.07322311401367,35407800
2023-09-14,108.43000030517578,109.1500015258789,106.22000122070312,106.62999725341797,45920600,89.14427583378696,89.28839932564264,87.69344538851028,87.88561248779297,6506300,82.70896526099723,84.40737637445741,82.32094967421635,83.92308044433594,19648000,45.8131750613874,45.85006363868303,44.996613561123056,45.445274353027344,370097000,431.56176797941515,433.4933826135289,430.2643956069254,432.80145263671875,83430800,38.17157848394199,38.26009813780729,37.66996586139009,38.033878326416016,30616500
2023-09-15,106.06999969482422,106.76000213623047,101.27999877929688,101.48999786376953,71103600,86.96323637725493,87.56854627420473,85.37789255523329,85.75260925292969,19940500,83.58802386428206,83.58802386428206,81.15594423255067,82.00129699707031,50190000,45.20598272428771,45.46321387121769,43.67754676368698,43.7692756652832,506831000,431.22275924982887,431.5506524245771,427.15298130374185,427.5869445800781,111848900,37.78798821922227,37.88634546783916,37.00114899001414,37.256874084472656,68881200
2023-09-18,100.81999969482422,102.98999786376953,99.44999694824219,102.37000274658203,49061300,85.07042327995825,86.15613983360015,84.96473321459911,85.34906005859375,6647400,81.12513822075049,82.44901323286776,80.87672801298254,81.83954620361328,16541000,42.62071131068282,44.11026214230338,41.87493751856223,43.8350830078125,500271000,427.2783073434339,429.12997218957395,426.80575976702727,427.8376770019531,55752200,37.00115032324325,37.758484281127345,36.892959221839014,37.36506652832031,29322200
2023-09-19,101.75,102.86000061035156,100.69999694824219,101.61000061035156,41704100,84.98395429043592,85.35867098288053,84.34982116877026,84.71492767333984,7172100,81.45346361729229,81.93872192013399,80.73231218882002,81.76252746582031,13126000,43.70247140180037,43.83507476757458,42.873944730153006,43.390403747558594,373064000,426.9214475367596,427.50974802962753,424.27899561562054,426.95037841796875,66514600,37.41424629005267,37.473256894153685,35.42747465982539,35.742210388183594,53288100
2023-09-20,102.36000061035156,103.94000244140625,100.27999877929688,100.33999633789062,55180600,85.05120410246765,85.81985780126985,83.8694076538086,83.8694076538086,6935300,82.28430515788223,82.28430515788223,80.38303434114704,80.40432739257812,13681000,43.470171462670386,43.7722706240914,42.09727282869751,42.113224029541016,367108000,428.2041947836062,428.6188806317765,422.8228144717151,423.0253601074219,82562600,35.62418458541059,35.653689886763196,34.06033983064438,34.11935043334961,57660800
2023-09-21,98.5999984741211,98.87000274658203,95.83999633789062,96.11000061035156,59704300,82.66839867284693,82.76447856170509,82.00543497800211,82.01504516601562,10652500,76.97160053932129,79.62312155555992,76.96966547832996,78.25428009033203,53654000,41.45917965283468,41.97463849257789,40.85797455001659,40.89486312866211,450736000,420.1899872517448,420.45036521142913,415.8791088874586,416.0334167480469,104095800,34.00132746434375,34.67014184838313,33.893136350462974,34.080013275146484,45240600
2023-09-22,96.91999816894531,98.41999816894531,95.61000061035156,96.19999694824219,52169400,82.87016205158376,83.36978183218889,82.10150834096427,82.28406524658203,7967200,78.53306666267224,80.4052968449308,78.44981474402195,80.26008605957031,27764000,41.448210386933276,41.98959657847822,41.10822617218465,41.48609924316406,479236000,417.05566583396023,418.64692328267273,414.6832156713709,415.0979309082031,100829700,34.237378206180104,34.316060258283514,33.578397729078986,33.617740631103516,29232700
2023-09-25,95.94999694824219,97.44999694824219,94.45999908447266,97.37999725341797,43223700,82.04385240563968,82.86054229736328,81.68834882269977,82.86054229736328,8758000,80.15555290446046,81.17782634864105,79.67248933615258,80.72573852539062,15648000,41.46715750384496,42.409343350786685,41.054388777119094,42.09627914428711,419091000,413.89240765921994,416.8820302302398,413.4584149989299,416.8434753417969,70874500,33.44070265186533,33.804615130179045,33.21448658415974,33.72593307495117,21729400
2023-09-26,96.5,97.83000183105469,95.2699966430664,95.95999908447266,42866500,81.62110976735455,81.89014372427498,80.72755285482548,80.98697662353516,8877600,80.26880162254261,80.37528903996204,78.53016446776248,79.01226043701172,17641000,41.875929814501234,42.69249125804407,41.53095945617028,41.786197662353516,402282000,413.8152964968598,414.51932063009883,409.8901728584851,410.7195739746094,96168400,33.578396636057406,34.20786804017717,33.08662163259565,33.27349853515625,34198300
2023-09-27,96.81999969482422,99.2300033569336,96.3499984741211,98.06999969482422,51261500,81.83246473887066,82.20718132907511,80.80439482951574,82.09188842773438,7860700,79.30944345478287,79.73732073852497,77.86896831911507,79.072265625,15352000,42.20395172792175,42.744337580019156,41.50503894981491,42.34153747558594,444935000,411.8864702649676,412.44583993852024,407.257352172029,410.88348388671875,104705800,33.362016538710535,34.25705070334605,33.322677387430296,34.04066848754883,44369100
2023-09-28,97.94000244140625,104.19999694824219,97.76000213623047,102.76000213623047,72542100,81.90935564949534,83.71568249583301,81.64993921476108,83.0239028930664,6647700,79.39755412720177,81.20686553144844,78.86609189028364,80.54277038574219,16180000,42.33356849695518,43.31663260486512,41.98959836899157,42.960697174072266,424663000,410.33374226373326,414.93392885769236,409.7454417843653,413.2655029296875,92258300,34.08000756439011,35.073391371665416,33.8144486253493,34.601287841796875,32265300
2023-09-29,104.69000244140625,104.94000244140625,102.55999755859375,102.81999969482422,56078600,84.31137220057634,84.58039876806359,83.30251524207499,83.49468231201172,7338300,80.97354679832998,81.70830849292899,79.66279438887538,80.4052963256836,16481000,43.696494927606466,44.01255232767132,43.178042888017536,43.36947250366211,397830000,416.30341993440965,416.47700522910236,410.7484550545368,412.2625732421875,115111300,35.06356340977526,35.319284791074416,34.58162219831852,34.965206146240234,28763700
2023-10-02,102.20999908447266,103.70999908447266,101.69999694824219,103.2699966430664,45118600,83.76371042462621,84.95511695851424,83.60997676584101,84.21529388427734,6305000,80.25815331339066,81.17781672337563,79.71991103176245,80.8283462524414,14676000,43.89888769595612,45.04047860898654,43.73039221652358,44.648651123046875,433298000,411.4331625829839,413.34268907348576,409.350050801858,412.0986022949219,83798600,35.02422011387612,35.38813260503356,34.404582492324636,34.876686096191406,26086200
2023-10-03,101.80000305175781,103.29000091552734,99.16999816894531,100.08000183105469,48117000,83.5907696925196,83.89822970161993,81.72678926398494,82.06307983398438,8201700,80.05873459971095,80.90578895714447,78.30751205126035,78.88060760498047,18761000,44.67456511201467,44.995608633318014,43.117216311211926,43.38740921020508,470850000,409.92872106622235,412.15648738227026,405.2224344904491,406.5822448730469,103760600,34.68980845092264,35.93891738317694,34.68980845092264,35.10289764404297,45292600
2023-10-04,100.6500015258789,104.4000015258789,100.33999633789062,104.06999969482422,51023200,82.12073878137379,83.3601891931996,82.03426174637731,83.27371215820312,7658500,79.41304609319397,80.4053113555479,79.02291713288865,79.74993133544922,16417000,43.611753042966086,44.0115599865903,43.16309221624776,43.90986251831055,361821000,407.0452013606301,410.28557828924926,405.58894477181923,409.5429992675781,87453000,35.91924574959853,35.91924574959853,34.748822623128994,35.338951110839844,39842200
2023-10-05,103.41000366210938,103.73999786376953,100.2699966430664,102.91000366210938,51789700,83.42744623119523,84.49394990830997,83.1391992204625,83.6196060180664,6651700,79.39172228795033,80.21650844731874,78.94350474518178,79.75474548339844,11474000,43.91883469559828,44.76630599321606,43.75731831894087,44.554935455322266,393483000,409.25361095296023,410.2276663727646,406.1771957071079,409.3886413574219,70142700,35.37829594163346,35.50615474471777,35.01437972746714,35.29961013793945,25771200
2023-10-06,102.16000366210938,107.87000274658203,102.02999877929688,107.23999786376953,64864100,84.63805038513149,86.49242057316297,83.95587373871079,85.79103088378906,9777100,79.32300890410004,82.12941548678998,78.57953202986845,81.826416015625,21103000,44.06140429622766,45.65265244811673,43.894901766019856,45.625732421875,434436000,406.9487369471333,415.7826633161712,405.62751083875975,414.249267578125,113273300,35.279937456828144,35.86023210702724,34.6012893073867,35.59467315673828,33262200
2023-10-09,106.01000213623047,107.30999755859375,104.79000091552734,106.97000122070312,39593200,85.32024277585457,85.83907562142699,84.59002245440304,85.50279235839844,4781300,81.3617481767911,82.9251738479769,81.10714736171415,82.85449981689453,15760000,44.708478616295075,45.469207213017526,44.23589096073579,45.1381950378418,409675000,412.3590727470579,417.47042197927965,411.8093858700882,416.90142822265625,80374400,35.11273733222375,35.57500330172597,34.9160265729728,35.46681594848633,19376100
2023-10-10,107.48999786376953,110.12000274658203,106.4000015258789,109.01000213623047,57105500,85.7718170246981,87.10735451975478,85.64691390995438,87.05931091308594,7182900,82.97743596656464,84.46825242594929,82.8390052780952,83.09941864013672,14718000,45.17507531550578,46.12124684777387,44.95373627488307,45.66162109375,368582000,417.528270249864,421.6559102852364,417.13286183560047,419.0713195800781,78607300,35.5455000088046,36.135632319891045,35.22093042686105,35.83073043823242,24044100
2023-10-11,109.13999938964844,110.0999984741211,106.93000030517578,108.30999755859375,51085600,87.68384410116414,88.40445424291829,87.07852689061838,88.39484405517578,8051700,83.22526896139355,84.73834609243879,82.91935950057417,84.662841796875,14334000,46.05843799423147,46.71946573957931,45.91287284021887,46.666622161865234,378137000,420.13214698196236,421.0386578835823,417.7596966141307,420.7879333496094,62451700,36.017601759836104,36.42085713002743,35.781551849060826,36.2733268737793,19262600
2023-10-12,108.4000015258789,111.30999755859375,107.51000213623047,108.79000091552734,60959400,88.88486265055077,89.77841953609477,88.24111200753585,88.79838562011719,8897800,84.8438499755149,88.86130848255434,84.8438499755149,87.66768646240234,43871000,46.63770730152995,47.46723049196412,46.1920397832419,46.805206298828125,481325000,421.39548619007036,421.7715876841516,415.8791053042313,418.22259521484375,81154200,36.1946391857841,36.60773213606729,35.79138383657303,36.23398208618164,23639200
2023-10-13,108.6500015258789,108.97000122070312,104.75,105.08999633789062,52881500,89.11544770655557,89.29800460824028,86.66537047086307,86.9151840209961,7985100,87.99685165454257,89.63384659566385,85.39179455525411,85.497314453125,28312000,46.82017113247599,46.97570866593482,45.14517319115468,45.32563400268555,474115000,419.71738853134207,420.9132670312688,414.57713879227015,416.13946533203125,95143100,36.13563377066977,36.184810527248196,35.27010859749462,35.378299713134766,28390100
2023-10-16,105.41999816894531,107.4800033569336,105.02999877929688,106.45999908447266,42464500,86.93440869299155,88.29876210349495,86.88636508582829,87.6454086303711,8791800,86.25142647136059,88.65415871812849,86.25142647136059,87.37438201904297,21150000,44.928816083518186,46.08735476029038,44.77826474104746,45.95774459838867,375099000,418.3768488217606,421.57867026595625,418.13574834128576,420.517822265625,75433200,35.54549848592473,36.3323377817168,35.4864878837064,35.95859146118164,29555800
2023-10-17,103.54000091552734,106.29000091552734,101.66000366210938,105.13999938964844,49642100,86.29065068348588,88.10658745620154,85.05120049520897,87.43402099609375,7997100,85.68801918621575,86.44600905998077,83.8341793136199,85.61541748046875,33008000,43.86897507163302,44.620731393430276,42.35350093093971,43.807159423828125,812333000,417.4028130821822,422.54309204899533,417.0556425009614,420.49853515625,75324700,35.3291157906487,35.75204260985726,34.493099753764234,35.46681594848633,24993600
2023-10-18,103.37999725341797,104.77999877929688,101.73999786376953,102.16999816894531,50450000,85.39709559912524,86.48281947386698,85.10885596642349,86.08888244628906,9982700,85.18462227116063,86.70254432516847,84.72478689140613,85.87001037597656,20404000,42.46417874850183,43.09031094806606,41.70046078038666,42.07035446166992,627294000,418.733716385894,419.68846496991176,413.8152601862858,414.8953857421875,93559800,34.935697428830494,35.42747244260579,34.8668492270576,35.0537223815918,22086000
2023-10-19,103.80999755859375,105.5999984741211,101.83999633789062,102.4000015258789,52734200,89.44211203580232,91.04667591582854,88.74072238904358,89.26917266845703,22751600,85.8690547461951,86.10816031393209,83.80223992658833,84.01133728027344,26620000,42.68352429308483,43.168077212016314,41.757289685675055,41.97563934326172,501233000,415.60908569425885,417.4125128642148,410.5749056891377,411.2499694824219,121323000,35.36845948464315,35.76188101195215,34.93569880615984,35.083229064941406,29201800
2023-10-20,102.27999877929688,104.33999633789062,101.44000244140625,101.80999755859375,61317900,88.39484386269461,90.62393093644991,87.52050004066594,87.73188018798828,12197300,84.69577099908783,84.69577099908783,82.46341950731694,82.63670349121094,26953000,41.76526400722088,42.34353877331354,40.95568161669413,41.263763427734375,477266000,410.81596589128515,411.35602864539834,406.0903726459754,406.19647216796875,123919900,35.063560630992285,35.68319445840024,34.29638904400115,34.34556579589844,32303300
2023-10-23,100.80999755859375,102.41999816894531,99.31999969482422,100.01000213623047,50817400,86.45399447641158,88.64464789403415,85.66612776778548,87.53971099853516,8227900,83.05584960282472,84.56990154906738,81.59020371352766,83.46824645996094,16456000,41.10623502417962,43.119224175669935,40.82308027803106,42.8470344543457,478530000,404.67274501676764,409.3404770106009,402.92717959630676,405.49249267578125,92035100,34.03083353818108,34.61112827418337,32.840738762430185,33.29317092895508,53924700
2023-10-24,100.97000122070312,101.79000091552734,99.37999725341797,101.66999816894531,51982900,87.62618990169369,88.394843648196,87.29951682420673,88.0489501953125,7374800,83.64056792143866,85.47988741066936,83.55537355149252,85.29692077636719,14972000,42.9487282788918,43.5668810255137,42.56387990123347,43.532981872558594,401463000,407.60455792627596,409.6973235164309,405.7625463101056,408.5496826171875,78564200,33.08662280371101,34.13902104821362,33.08662280371101,34.02099609375,52673900
2023-10-25,100.41999816894531,101.02999877929688,95.2300033569336,96.05999755859375,53424500,87.24186243605031,87.28989870932845,83.28330846278037,84.2056884765625,13027100,84.9058160493547,85.06651469872057,81.90579280350396,82.24945068359375,21432000,43.268776986595036,43.52002933970915,41.431266191839114,41.654598236083984,398379000,406.8715656507854,406.9004965329498,402.1749032838704,402.68603515625,94223200,33.61774244801486,33.88330142311442,32.01455474735268,32.28995132446289,44658500
2023-10-26,95.98999786376953,97.5199966430664,93.12000274658203,93.66999816894531,49896400,83.70606185980697,84.68608825339729,83.14878835638103,84.02312469482422,9377300,82.082947278847,82.71315660067205,79.22038717017277,80.03453063964844,27917000,41.72837859858881,42.130178498809435,39.76125385517592,40.20592498779297,541001000,401.6252356371067,402.4738846980561,396.9478799231693,397.8640441894531,115156800,32.348960764501015,32.673534084145444,31.62113582363375,31.985048294067383,59142500
2023-10-27,95.80000305175781,97.3499984741211,94.58999633789062,96.43000030517578,52458700,84.10960207409168,84.3401952270409,82.52425857041459,82.6203384399414,12480700,80.34914126993256,81.33753611798157,80.2078006220184,81.15843963623047,18236000,41.00752725918924,41.08330116511961,39.895845748458264,40.37940216064453,416784000,399.4456683619361,399.8410767152927,394.64293578713176,396.06060791015625,107367700,34.08984298794316,35.781550195415,34.03082863700385,34.95536804199219,84128200
2023-10-30,96.13999938964844,97.04000091552734,94.69999694824219,96.18000030517578,43716600,83.88861593683296,84.83982648446424,82.62995272363897,82.6875991821289,9785500,81.42370445172635,82.23010036452185,80.07325367577218,81.43822479248047,20889000,40.96465592174652,41.64163109365404,40.3604576251133,41.03843307495117,388028000,398.8381024524088,401.84703208667196,397.5458072598068,400.79583740234375,86562700,34.886519198480364,35.36845659045408,34.34556370471026,35.10289764404297,36656300
2023-10-31,96.23999786376953,98.81999969482422,94.06999969482422,98.5,79547100,82.77406147532726,83.04308800765499,81.62108119766425,82.92778778076172,9004900,81.69379495333936,81.84965596950107,80.6008549366777,81.44984436035156,14747000,40.329553945294535,40.75727737613491,39.11318548755272,40.6585693359375,517969000,401.36484674476185,403.63119749728736,399.4649734881191,403.3129577636719,79665200,35.07339587318911,35.96842630026138,35.034052969330894,35.89957809448242,41185200
2023-11-01,98.58000183105469,108.1500015258789,98.5,108.04000091552734,138641500,83.08154468883008,84.4266850576831,82.95663424210088,84.35942840576172,9508800,81.51083116357731,82.65605478815175,80.88836937899525,82.56989288330078,18684000,40.7622597335259,42.25480380163395,40.74730500713954,42.198970794677734,437593000,404.27734347074426,408.4242604346672,403.746904694568,407.6141662597656,98068100,35.899576894944936,36.706087637360646,35.68319468290073,36.67658233642578,41710700
2023-11-02,107.95999908447266,109.41000366210938,105.91000366210938,107.83000183105469,71377000,86.85753563203524,87.4820658282957,85.96397884795172,86.93440246582031,11032600,83.44695380333597,85.23787467713429,83.2533443289552,84.34725189208984,18759000,43.19898202777144,43.75332619208585,42.76627622905822,43.3764533996582,409172000,411.39458907062107,415.5801196181461,411.37531162600504,415.4258117675781,94938900,36.961812843096055,37.197862755048476,36.302832355675335,37.079837799072266,35440000
2023-11-03,109.05000305175781,113.38999938964844,107.86000061035156,112.25,65632200,88.05854854062895,88.82719485333595,87.28028471109168,88.19306182861328,9226700,84.94744436280232,85.91550640682286,84.32401512440072,85.44889831542969,18041000,43.888919424366684,45.174078747791896,43.59280293696078,44.87098693847656,424610000,417.72113093175125,420.75899159658866,417.59575395239466,419.2159423828125,100167800,37.37490353236572,37.68963926195629,37.0503302007559,37.51259994506836,30502700
2023-11-06,112.5999984741211,113.08000183105469,110.22000122070312,111.75,49270400,88.3948496807395,88.98094655310021,87.71267291611534,88.9713363647461,8402700,85.3404725439418,85.75964209292934,84.33853220764655,85.26980590820312,12870000,45.15015318659169,45.798219181155844,44.765301009531704,45.61476516723633,400733000,419.96815874248256,420.62394506807493,418.24187084518337,420.1803283691406,67831700,37.51753421530223,37.695155665246695,37.34977895067342,37.44845962524414,23877200
2023-11-07,111.86000061035156,114.6500015258789,111.22000122070312,113.44999694824219,50550200,88.63503891560723,89.4036925917607,88.15463220061748,88.78877258300781,6241300,85.41406642836111,87.2969471166006,84.81773532573045,86.91455841064453,19365000,45.582863690228386,46.080374555632474,45.02353336587058,45.81816101074219,343165000,420.18031060348386,422.0126685210308,419.04232330462156,421.37615966796875,64256100,37.73462737269627,38.385904758025376,37.47806138691897,38.25762176513672,32052000
2023-11-08,113.55000305175781,115.31999969482422,112.87999725341797,113.58999633789062,41880600,89.67272779918858,89.77841787307989,88.32758740182908,88.39484405517578,6537700,87.1255889642611,88.37535748936337,87.02878423144634,88.20304107666016,15280000,45.96273036829276,46.72744863605115,45.831123444068034,46.43532180786133,346719000,421.97409276953505,422.4948781019278,419.38950241519393,421.6847839355469,61746000,38.336563335089636,38.37603560514898,37.251102258437705,37.418853759765625,33483400
2023-11-09,114.0999984741211,115.80999755859375,113.05999755859375,113.48999786376953,61146900,89.00014035265083,89.71114752857844,88.01050374854202,88.02972412109375,8166000,88.33567163416946,90.01042241185819,87.95425786308876,88.22724914550781,24486000,47.32565472798377,48.08638320008785,46.610790709948866,46.81019592285156,540496000,422.8228118894829,422.86139621479384,417.9718704320272,418.3962097167969,83174400,37.54713779018939,38.010927565462474,37.270839420724386,37.30044174194336,48955800
2023-11-10,114.3499984741211,119.69999694824219,114.02999877929688,118.58999633789062,75135900,90.35489872218606,93.91951578166527,89.9417486408758,93.62166595458984,19281700,89.23017132892096,92.83232414510628,88.88844104902135,92.69389343261719,36272000,47.35855787314543,48.32766364227746,47.14220498356334,48.191070556640625,421245000,420.4600443494357,425.2338171560556,418.3865562589062,424.9252014160156,89462200,37.73462662816008,38.47471472253525,37.73462662816008,38.346431732177734,38862500
2023-11-13,118.33999633789062,118.68000030517578,116.0,116.79000091552734,46741900,93.20852350953889,93.37186005193445,91.96907316406414,92.64163970947266,9526300,91.97073310681415,92.19822828116725,91.04429700882845,91.668701171875,16893000,48.17611002726251,48.96974108943456,47.95576746252599,48.475215911865234,384136000,423.5942934214088,425.61951403994044,422.81313016998365,424.5201110839844,52236100,37.84316736723504,38.06026106599183,37.635943617121264,37.724754333496094,24558300
2023-11-14,119.69999694824219,122.11000061035156,119.22000122070312,119.87999725341797,61017400,94.15972145730301,95.78349859143539,94.11167785092003,95.03406524658203,13873200,93.16048204220407,94.5573963124805,92.47412642095179,94.18856048583984,23886000,49.532067353089744,49.6856081153753,48.89397370012533,49.50813674926758,416954000,430.43195196006246,434.03880639292726,430.21012888201807,432.75616455078125,97176900,38.28722502524342,38.96810851136614,37.56687303319415,38.889163970947266,45457400
2023-11-15,120.54000091552734,120.58999633789062,116.87000274658203,118.0,59555600,96.03329716928259,96.75390722507137,94.56325382834139,94.9283676147461,10422900,94.82263564248397,95.03948796664488,93.60288286379202,94.42476654052734,16099000,49.78630718435211,49.811230458479834,48.05647298035821,48.74242401123047,475497000,434.08695751300667,435.31176685348777,432.82359328411655,433.6722717285156,77327600,39.066786699804304,40.300266952053384,39.05692051407083,40.073307037353516,47392100
2023-11-16,117.19999694824219,120.7300033569336,116.41000366210938,119.83000183105469,49661900,94.3903113821138,95.21661153648125,94.0732485143785,94.67855834960938,8459000,93.32118343655173,93.77617378342289,92.01623620200641,92.89039611816406,26198000,48.53405466377334,49.377536290551284,48.18609481694431,49.33266830444336,339756000,433.22867282179436,434.52096798557363,432.1678247228073,434.2027282714844,66665800,40.45815070157873,42.82643419957941,40.280529251014535,42.77709197998047,86405700
2023-11-17,119.63999938964844,121.48999786376953,118.81999969482422,120.62000274658203,38508900,95.06288303129347,95.81231633320553,94.46717606623336,95.67780303955078,7243000,92.76067665260527,95.24666086660591,92.06270323611798,94.65033721923828,19789000,49.3765281147281,49.568954199838785,48.86106931599939,49.15120315551758,325205000,434.2123285978125,435.35034527714225,433.2961643954989,434.7427673339844,83133200,42.34290702568293,43.231014251708984,41.99753408460766,43.231014251708984,49735000
2023-11-20,120.69999694824219,121.93000030517578,120.06999969482422,121.52999877929688,43138700,95.9852536310858,96.64820984753713,95.63936024405729,96.04290008544922,6448900,94.19244211398562,96.79362146215813,94.19244211398562,96.39090728759766,18674000,49.16515859327281,50.39747808312561,49.034548168899995,50.25889205932617,414120000,434.4920641115296,438.9283195268349,434.48241067282527,438.08929443359375,69936200,43.20141171013172,44.33621506262218,43.20141171013172,44.14872741699219,44564900
2023-11-21,120.54000091552734,120.6500015258789,117.94000244140625,119.16000366210938,41064800,96.08133968472717,96.22546316033915,94.39030605375712,94.55364990234375,10112600,94.38605069597229,95.93494851229919,94.0598157321167,94.98625183105469,43344000,49.97673388984551,50.366568411025234,49.07542649691953,49.7952766418457,565747000,437.0477288286672,437.9639225798321,435.8711571103787,437.134521484375,49244600,43.911897974504114,44.06978329979618,42.72775615267211,43.063262939453125,37252100
2023-11-22,120.0,124.76000213623047,119.94999694824219,122.51000213623047,56862200,94.8515126351728,95.74506950922392,94.111682113745,94.78425598144531,7413500,95.22730521584626,95.64357222000314,93.99882972626274,94.09563446044922,33743000,49.703560932235554,50.185120642893004,47.54799598832388,48.57094192504883,899420000,438.783649698811,440.1338066653199,437.73245500948576,438.82220458984375,59394900,43.44810406483085,44.04017680174799,42.96458194884538,43.09286117553711,31481200
2023-11-24,122.02999877929688,123.25,121.54000091552734,122.30999755859375,19001000,94.6209292496628,94.86113265650752,93.65050543349075,93.99639892578125,4297600,94.38219284909079,94.85654125140132,93.58741462296953,94.76070404052734,23158000,48.32567320692598,48.77533048753054,47.60282974083701,47.63373947143555,294645000,438.87043049439643,439.2851162959046,438.54253734218906,439.09222412109375,29737400,43.10272997568714,43.41850058791116,43.0336553895308,43.3790283203125,13037100
2023-11-27,122.06999969482422,123.88999938964844,121.7699966430664,122.6500015258789,32743000,93.60245814556461,93.72736860369328,92.64164455590267,93.40068817138672,6856100,94.49737274919812,94.96785095366283,91.90103115948212,91.98912811279297,96962000,47.65766154840481,48.38548731555285,47.510103445888454,48.09834671020508,395662000,438.46541503211625,439.275509275739,437.9156987639097,438.3014831542969,50506000,43.07313425128787,43.96123782252361,43.07313425128787,43.49745178222656,33339900
2023-11-28,121.9800033569336,122.54000091552734,120.79000091552734,122.01000213623047,32047100,94.03481286614112,94.39991932994016,93.42949571484374,94.1405029296875,6358100,90.99202979060418,92.04914896690892,90.43248707561189,91.61255645751953,39025000,48.09236930689928,48.17911204503058,47.33164078012809,47.67860412597656,401491000,437.91569543871145,440.0277384058116,437.35635516684414,438.7354431152344,62115000,43.11259769740228,43.79348116276332,43.082995377789274,43.64546203613281,24548900
2023-11-29,123.9800033569336,125.7300033569336,123.4800033569336,123.8499984741211,37876300,95.12053402059612,95.82193108270069,94.7362071645289,95.00523376464844,7091100,91.80520013492496,92.87878211824676,90.93684536540185,91.07818603515625,34843000,48.234948902912635,48.61680790876067,47.71749326678707,47.99665832519531,382005000,440.8763777024274,442.0047410159344,438.0314094012158,438.4267883300781,63146000,44.010574000041906,44.74079596740847,44.010574000041906,44.3460807800293,38982000
2023-11-30,123.61000061035156,124.05000305175781,119.6500015258789,121.16000366210938,44494200,95.05326247296428,95.10130607135225,93.10281259736463,93.49674224853516,9681400,91.09464051581824,91.2321036771751,88.90391554971958,89.61640930175781,49571000,47.88099334816859,47.96673960192544,46.283766368785,46.63072967529297,526247000,439.2658427946925,440.5002762034089,437.2020083442997,440.153076171875,79752700,44.05991447429258,44.49409815176386,43.82308461840098,44.1092529296875,46263000
2023-12-01,119.87999725341797,121.4000015258789,118.6500015258789,121.38999938964844,37048000,93.87146650078388,94.90914673488199,93.21811309380632,94.68816375732422,7500400,89.2998608124908,90.40732116433567,87.90004380846833,90.02977752685547,29612000,46.38646825144851,47.05945760454386,46.04947343587655,46.62575149536133,369317000,439.54548291042204,443.2873673280454,438.9572118254806,442.7569580078125,89183400,43.77374279486742,43.77374279486742,42.29356666121382,43.16193771362305,43928400
2023-12-04,119.75,119.9000015258789,116.37000274658203,118.56999969482422,39854400,93.2469600338341,93.39107620519927,91.51749267319397,93.20852661132812,10619400,89.12366483270472,90.12367012377001,88.71707317056718,89.44602966308594,25009000,45.93979415914972,45.93979415914972,44.87597007312704,45.374481201171875,437543000,439.3815446393366,442.77622898793436,438.1663887357716,440.4327392578125,72430900,42.72775176074531,42.73762170997078,41.13902872088735,41.790306091308594,50417600
2023-12-05,117.43000030517578,118.48999786376953,116.44999694824219,118.37999725341797,39191600,92.68006406449324,93.21811724818627,92.1227905068541,92.90105438232422,8009600,88.248537204406,88.79742228338479,87.69189711199924,88.39567565917969,37066000,45.33459997495961,46.46532151700449,45.140163841646064,46.43142318725586,371718000,439.0536217240435,441.3006652182618,438.6774908532252,440.3459167480469,69793500,41.35612349986118,41.731102530170645,41.06008900826224,41.365989685058594,31859300
2023-12-06,120.69000244140625,122.83000183105469,116.37999725341797,116.81999969482422,60599000,93.96755058274888,94.70737365277066,93.63126003867836,94.01558685302734,11262300,89.09656299730139,89.15561188790853,87.42568250062294,87.47795867919922,24813000,47.07854443551646,47.25004822206123,45.2807538725136,45.371490478515625,380590000,442.47728857768345,442.50621946104377,438.1374794863498,438.57147216796875,69124700,41.91859060045017,42.027137460168056,40.6259019977016,40.72458267211914,31992300
2023-12-07,120.79000091552734,128.67999267578125,119.55999755859375,128.3699951171875,118579100,94.12128625275169,95.73545316890088,94.05402960334652,95.399169921875,11373700,87.66189017723619,89.46055108923525,87.47795602750463,89.28048706054688,43517000,45.56792383673814,46.49423979899288,45.47220061553475,46.461334228515625,350823000,440.6449509609681,442.5641016519375,440.0470263897846,441.91796875,66995400,41.19824134769675,41.87912110704372,40.63577464121815,41.59295654296875,29118700
2023-12-08,129.5399932861328,131.0,126.88999938964844,128.9199981689453,89341000,95.23582902327746,96.43684580072303,95.07248517042211,96.4176254272461,10572500,89.82067438793597,92.03657004689765,88.14496348952943,91.41410827636719,69668000,46.4603430274887,47.60303102965734,46.41547109826504,47.368709564208984,359224000,441.17532857795476,444.3482193835821,440.9342280791031,443.81781005859375,83194400,41.28704997543026,42.39224719590146,41.257447654791754,42.135684967041016,42815000
2023-12-11,130.55999755859375,135.0399932861328,128.25,134.41000366210938,98668300,95.66818272504266,97.24391599569367,95.47602299171407,96.99410247802734,9482800,92.64451324068867,100.63102605660184,92.5554561307086,99.63683319091797,101184000,47.353746056504626,47.393627560593224,45.69754725900702,46.49224090576172,509728000,443.3260456680702,445.71777369770547,443.11387600873786,445.5441589355469,65002200,42.58960325966863,44.138854055701096,42.51066248602941,43.95136642456055,48288200
2023-12-12,132.25,139.88999938964844,131.89999389648438,137.61000061035156,111677800,96.22545310785011,97.66667305255953,96.0332860503013,97.6186294555664,7378600,99.51581949475758,104.49165810743916,99.18570700921867,103.80335998535156,90242000,45.912927610504205,47.52824471452688,45.912927610504205,47.51927185058594,372387000,445.19687499100826,447.6753950554409,444.20354216398823,447.5789489746094,68327600,43.773744096987876,43.852684869037354,43.05339214222901,43.45797348022461,31452200
2023-12-13,137.97000122070312,139.24000549316406,136.02999877929688,138.19000244140625,70651600,97.4264840261726,98.65632405327419,96.9556874943282,98.11827087402344,8988800,103.38902894607051,106.46552408600131,102.86046199023781,105.48875427246094,71654000,47.49135110162281,48.45356234904266,47.47041188410191,47.94902420043945,447792000,447.95515424703564,454.00197468515915,447.59833015335226,453.751220703125,93278000,43.497446358514516,44.128987600899464,42.75735825929165,43.9809684753418,35216100
2023-12-14,138.88999938964844,141.82000732421875,135.72999572753906,138.0,76115200,99.76802270108813,100.21207881893741,99.23708940071101,99.86455535888672,10074500,105.72979299331787,108.56427976046889,105.54585885817987,107.1150894165039,66964000,48.2501437897404,48.52933332337193,47.28494297084845,48.21025848388672,391232000,455.6799450229731,456.86617007826965,452.545638522815,455.2073974609375,119026000,44.41515336581766,46.44793008966711,44.05991423037119,44.582908630371094,70620800
2023-12-15,139.52000427246094,140.88999938964844,137.25,139.14999389648438,70211800,99.91285682430139,101.12918931739809,98.84132704597344,98.98612976074219,16379200,106.0240984367211,111.31552170098243,105.9660096894957,109.3658447265625,118544000,48.05471159561218,49.26121358218172,47.980924159413945,48.74869918823242,479948000,454.61281921772417,455.7844980857444,452.6180987398149,454.4578857421875,141553700,45.33286355275876,46.64528830971267,45.06643137433316,45.549957275390625,84583400
2023-12-18,139.14999389648438,139.7899932861328,137.64999389648438,138.89999389648438,45199500,99.275710045203,99.7294216998992,98.54205585438899,99.36259460449219,5660600,108.50039483739485,111.50332073431241,108.29129012867828,111.03671264648438,54741000,49.25722853202736,50.2872401555101,49.007951067399034,49.93227005004883,412587000,456.0556931170115,457.9923175277246,455.0002363592381,457.0143127441406,70375300,45.54009380402375,45.61903458514181,44.800005630161714,45.0861701965332,27895700
2023-12-19,138.57000732421875,143.47000122070312,138.55999755859375,140.14999389648438,63739800,99.66185728444775,100.3762153179179,99.5170545822594,100.27002716064453,8498500,111.06103633912541,111.88378339533058,110.13812348116919,110.82569122314453,36020000,49.281163666785375,49.55636699628033,48.75369315436852,49.46064376831055,464444000,457.55647553386444,459.8707554353277,457.4790235748556,459.79327392578125,55761800,44.99735762171038,46.06308635526833,44.908546893913886,46.04335021972656,35358800
2023-12-20,139.0,139.5800018310547,135.3699951171875,135.47000122070312,54671700,99.14057384812978,99.51705646194769,96.47623648341397,96.57276916503906,10814100,110.15659915929349,110.99880064509385,107.87703324922983,107.98595428466797,34523000,49.51149468672903,49.854502283693236,47.95899524383034,47.97195816040039,397894000,458.9412058569742,460.8197337409229,452.9957847839671,453.4218444824219,102921000,46.02361017386815,46.32951460235054,45.09603446791247,45.15523910522461,38159100
2023-12-21,138.13999938964844,139.97999572753906,137.3800048828125,139.91000366210938,47179400,97.78910398238108,99.15988724412328,97.65395675178517,98.99578094482422,9068200,110.1517405369971,110.42112719090669,108.43525481003667,109.6304702758789,24106000,48.66993945324694,48.95311910291898,48.27907021417121,48.84842300415039,300425000,456.39451800386655,457.99225657048584,453.98343038961036,457.72113037109375,86667500,45.865729041858266,46.497270325887236,45.411809214497815,46.457801818847656,28320500
2023-12-22,140.47999572753906,140.6999969482422,138.30999755859375,139.60000610351562,35396600,99.36259014523354,99.99971163655474,99.15021385980302,99.57496643066406,5566400,109.69757368997732,110.08852452998644,108.29229198822769,109.11406707763672,19089000,49.05281623744541,49.24027260571634,48.32691966505345,48.688873291015625,252507000,458.8443284649097,460.31618167604864,456.7528004658334,458.6409912109375,67160400,46.625550627708435,47.52352404478188,46.57621217355154,47.365638732910156,30095700
2023-12-26,140.07000732421875,143.85000610351562,139.9199981689453,143.41000366210938,47157400,100.01902700538352,101.3222364740152,99.98041246405738,100.82991027832031,6407500,109.33385526028331,110.42890486731423,109.2152070171045,110.07782745361328,16793000,48.826483190023204,49.45665670800159,48.8185068878219,49.1365852355957,244200000,459.04768621247854,461.4781292872484,458.97020470261134,460.5776062011719,55387000,48.27348256935273,49.85233959084029,48.066258785147724,49.832603454589844,60287400
2023-12-27,144.72000122070312,146.25,143.17999267578125,146.07000732421875,49033400,101.40912543075787,101.71803440979184,100.47274301666306,101.02298736572266,5889700,110.47752780536537,110.82471730754646,109.20936941984216,109.52154541015625,20055000,49.36791528650649,49.536425600159234,48.94314392704513,49.27418518066406,233648000,460.3742993690924,461.5556412930502,459.8417395433534,461.410400390625,68000300,49.96088549715075,50.60229297367966,49.526698036558166,50.08916473388672,52148000
2023-12-28,146.8000030517578,150.41000366210938,145.9499969482422,148.75999450683594,63800700,101.3608486568549,101.86282295247325,101.07124328613281,101.07124328613281,5335100,110.05836228615345,110.11185081730106,108.82910546858103,109.15586853027344,21247000,49.49952822100173,49.73982902864742,49.26919303504833,49.378875732421875,246587000,461.76869846768426,462.41745105376606,461.16834966842947,461.584716796875,77158100,50.13850372723399,50.19770836675126,49.497092527723204,49.72405242919922,27705200
2023-12-29,149.5,151.0500030517578,147.1999969482422,147.41000366210938,62079200,101.09057017863961,101.3319055706379,100.07695858625812,100.39552307128906,4409600,109.0634839098013,109.34745762508555,108.40314652540847,108.55680084228516,20558000,49.66903507790819,49.85250521620105,48.610104092310245,49.378875732421875,389293000,461.39104484329897,461.91394167612276,458.3021267345069,460.2484436035156,122283100,49.63524162200012,49.9016737922272,49.11224723097072,49.58590316772461,29288700
2024-01-02,144.27999877929688,144.39999389648438,137.42999267578125,138.5800018310547,64902000,98.70616304872202,99.06334203583792,97.10369271000668,98.01111602783203,9020900,106.21012706919298,107.17096925939435,104.74844109237567,105.55465698242188,28831000,49.10167999879026,49.15253129584884,47.457447488056715,48.02878952026367,411254000,457.1982355112993,458.66039620914324,455.5811413344983,457.6726989746094,123623700,48.54977694264902,48.7273983761933,46.822904822077135,47.168277740478516,45905700
2024-01-03,135.7100067138672,137.42999267578125,133.74000549316406,135.32000732421875,61988600,96.86235609332037,97.74082033472456,96.20593098761702,96.69824981689453,6650600,104.0783894785545,104.54519921412727,102.63031844854902,102.94833374023438,34735000,47.34776550065434,48.04474284454288,47.183241449788504,47.431522369384766,320896000,455.5230751447963,456.2590018309508,453.3347097921151,453.93505859375,103585900,46.4775344106148,47.178154054921954,46.181499902857844,46.42819595336914,35858400
2024-01-04,134.3000030517578,137.6999969482422,134.0,136.00999450683594,58610300,96.08042819344303,96.95889240107303,95.68464204992858,95.69429016113281,7996700,102.88802777964038,104.0103076167939,101.85813790481745,102.01763153076172,25658000,47.62894825426151,48.35983153595327,47.3706979086473,47.859283447265625,306535000,453.46056814569334,456.03628201144517,452.2501779578706,452.472900390625,84232200,45.11577268702602,46.536740512433994,44.64211674522337,46.250572204589844,47797800
2024-01-05,136.77999877929688,141.00999450683594,136.44000244140625,138.5800018310547,69657700,95.56881015299996,97.15196965118528,95.37574479564908,96.15766906738281,7347300,102.26951722172979,102.64490153431375,101.28824854606609,102.04389190673828,22475000,48.3219454810566,49.4038088927802,48.16639428593929,48.955108642578125,415039000,452.6761936894624,455.53272607542186,451.6497852739501,453.09259033203125,86118900,46.408458630710044,47.19788898358277,46.02361340404019,46.27030944824219,34344000
2024-01-08,140.36000061035156,147.14999389648438,140.14999389648438,146.17999267578125,71756900,97.14231746066922,99.22745874247235,97.01682571064222,98.69651794433594,12455600,102.74603283596832,104.83693793946921,102.30839739401452,104.53059387207031,33110000,49.36891016503661,52.1239255155236,49.336004592518634,52.101985931396484,642510000,453.58644474883687,459.7061845131588,453.4605594436324,459.5609436035156,74879100,46.44792921427588,48.115593057371974,46.34925230589207,47.8096923828125,42135100
2024-01-09,145.9499969482422,149.86000061035156,145.0800018310547,149.25999450683594,67875700,97.54775170550955,98.43586402855257,96.73686109731823,98.35863494873047,7764000,103.63297123625081,105.86295120746671,103.544476611026,105.27360534667969,23225000,52.24956080282397,54.16800018278708,51.54061326714163,52.98642349243164,773100000,456.91742225203353,459.88045489034096,456.4139106022468,458.8637390136719,65931400,47.37550575760561,47.91824005579795,47.16828198790462,47.41497802734375,30097000
2024-01-10,150.07000732421875,150.8800048828125,146.64999389648438,148.5399932861328,56951200,98.96680820998304,99.21779906438283,96.51484725958876,97.30642700195312,6975700,105.06549258243565,105.31931271274816,103.33927975021034,105.08688354492188,17643000,53.46104091398769,54.44219432362034,53.33440525939356,54.19291687011719,533796000,459.134858193739,462.32061320272817,458.854039417125,461.45880126953125,67310600,47.60246796769483,47.6616726062049,46.31964559049682,46.84264373779297,31480200
2024-01-11,148.52000427246094,150.3800048828125,143.69000244140625,148.02000427246094,62764600,98.17522041844053,98.61928395711358,96.52448745805636,97.71186065673828,7862700,105.45158273407843,107.10290875252869,104.49754426308466,106.97454071044922,25757000,54.840053191345746,55.18605048150879,53.40521272938546,54.6635627746582,596759000,462.45619075983615,462.96939501130794,457.29510006298005,461.2554931640625,77940700,46.81304127113789,47.2077564583543,46.11242538989763,47.010398864746094,31707900
2024-01-12,148.0399932861328,148.75,145.0,146.55999755859375,48293100,97.39330260486152,98.83165936672698,97.37399901559569,97.73117065429688,6519700,108.15322568691415,108.50235916198902,106.97745721892537,107.72337341308594,26882000,54.46214745952533,54.811138243808735,54.172988448593486,54.55188751220703,352994000,462.69825780727723,463.43418447136196,460.1709773696293,461.57501220703125,58026400,46.97092076942365,47.039995353979776,45.994006636825546,46.49726486206055,27587900
2024-01-16,150.36000061035156,159.72000122070312,149.97999572753906,158.74000549316406,112711400,97.04576691862347,98.80268792051899,96.72720249836956,98.14625549316406,11185500,108.17656642392924,109.52835957832353,106.84324829535657,108.43136596679688,26145000,54.8589987377964,56.670745116790805,54.74133972907017,56.21905517578125,449580000,460.2000221906259,461.507219896807,458.0697237314841,459.8804626464844,85014900,46.35911622622149,46.59594606476858,45.767047276277616,46.43806076049805,43720700
2024-01-17,158.4499969482422,160.63999938964844,154.39999389648438,160.1699981689453,104085000,97.37399240169219,99.74873142853063,96.53414270873675,99.38189697265625,17649500,107.58818881637225,108.25144222066503,106.0243929392822,107.33338928222656,18314000,56.18415552246115,56.3077977062965,54.581801354818275,55.89100646972656,474394000,456.868988843808,457.80825269443005,454.98076856609674,457.3240966796875,68843900,45.80651781369869,45.80651781369869,45.04669734109243,45.45127868652344,33488000
2024-01-18,166.1999969482422,168.60000610351562,158.22000122070312,162.6699981689453,131864900,107.34596460542627,109.46006470446147,105.68558352412005,109.11254119873047,58783700,109.3980314527131,111.5035238764826,109.10433792303577,111.24678039550781,32228000,57.094513264905174,57.43353079531085,55.94484563035105,56.94195556640625,491650000,458.9895962811143,461.94293616195193,457.4499836944988,461.3909912109375,91856200,46.408459938119755,46.941324312035725,45.559824919872035,46.12229537963867,46681300
2024-01-19,165.8000030517578,174.25,162.1999969482422,174.22999572753906,140367900,109.29595865206889,111.1590679196777,107.17220307214247,110.24198913574219,37812600,112.54995756193648,118.35488468532415,112.42255408475478,117.79083251953125,53077000,57.8214070619552,59.3280417723161,57.05961512425851,59.319068908691406,543501000,462.51426116700225,467.4236105266518,461.43944893766223,467.1427917480469,110834500,46.37885337888682,48.115591764024586,45.82625291965619,47.51365661621094,55979800
2024-01-22,174.38999938964844,174.72000122070312,164.14999389648438,168.17999267578125,122973800,110.80188870965651,111.11079767419844,108.62021500478309,109.11254119873047,17755500,118.28194554931576,119.74849894306122,117.50101590227517,118.69526672363281,31222000,59.87544911784603,60.15663558634229,58.899278484252385,59.481590270996094,452955000,468.67280667793506,469.84445618903175,467.4817720101061,468.13055419921875,75844900,48.2044044616061,48.520175090034456,47.01039653759373,47.582733154296875,45639500
2024-01-23,166.5,169.6300048828125,164.27000427246094,168.4199981689453,76830500,109.58557189965848,110.647453519739,109.23805570987142,110.17443084716797,11667900,118.74388154333272,119.3254441257852,117.04392709625988,119.26028442382812,16952000,59.39784450488147,59.73686206906665,58.415690511418234,59.69997024536133,294654000,468.67274693324026,469.737866598163,467.5882421140563,469.49578857421875,49945300,47.48405314919019,48.29321586647265,46.6946265669979,48.24387741088867,37224100
2024-01-24,172.5500030517578,180.5800018310547,170.55999755859375,178.2899932861328,125516400,111.33283132297252,114.73082999025787,110.6377842997851,112.48158264160156,21859200,120.81534077107078,124.92420832814233,119.71736787942446,121.94053649902344,34805000,60.12972459836109,62.66736781993211,59.764781198476165,61.18466567993164,560271000,472.3523319806955,473.2819033399484,469.51518456670595,470.009033203125,81765000,48.520171543120746,49.11224425135441,47.63206812719406,48.44123077392578,49375800
2024-01-25,183.41000366210938,184.9199981689453,177.6300048828125,180.3300018310547,127171400,113.92960806479302,114.7211878521329,112.44298853842454,112.52021026611328,15485300,124.5789804781363,124.5789804781363,119.50245159720467,119.61915588378906,36356000,62.16979463798042,62.53773144131916,60.67412993486616,61.43891525268555,482777000,472.1296163726771,472.8364948673133,470.0090399898508,472.56536865234375,72525000,49.33921050777817,49.63524501796823,48.32282397588851,48.89515686035156,84845100
2024-01-26,175.2899932861328,181.22999572753906,174.14999389648438,177.25,107381200,112.84840700048571,113.94889556698818,112.26920365469022,113.19593048095703,10196400,118.61747573520294,118.7643262270791,116.72399326878639,117.17620849609375,25818000,60.7838279254581,61.60445135537022,60.39794910397368,60.85462188720703,390309000,472.1393159497028,473.6208323517754,471.12260001612924,471.96502685546875,76641600,43.59612597937656,44.80987008592942,42.777093291739064,43.0731315612793,127665300
2024-01-29,178.77000427246094,178.88999938964844,174.39999389648438,177.8300018310547,89384500,113.1090614265274,113.7848048933541,111.74793374565515,112.92565155029297,10042200,118.15162954798079,119.00355080033097,117.18689934658268,118.42977142333984,21526000,61.055035142050976,62.30840232360706,60.73097744998884,62.28447341918945,348733000,472.27486373270614,475.8479376894722,471.73261132928997,475.7026672363281,61322800,43.1323333119092,43.40863542733626,42.24422985568122,43.260616302490234,51790900
2024-01-30,176.1300048828125,178.47999572753906,169.52000427246094,172.05999755859375,122265700,112.32714202868293,113.91995704048051,111.55486585175942,112.03753662109375,11030800,118.33251230122806,119.42464589414362,117.1188145359527,117.49517822265625,20683000,62.718210354121275,63.30949499722746,62.0800568624882,62.59257125854492,410735000,475.0151877688741,476.0415962445669,474.5794354978266,475.3347473144531,58618400,43.09285983392641,43.2408789546181,42.323169440607906,42.3527717590332,47958800
2024-01-31,165.74000549316406,171.3000030517578,162.55999755859375,167.69000244140625,133157300,109.56625291024324,110.7632742278638,108.96773856894762,109.04496765136719,12853900,115.67560136696359,116.4312446635686,114.20321619853583,114.75657653808594,27400000,61.26243177102061,62.089038263544516,60.524572564425924,61.34918212890625,453795000,473.13665425188526,473.58206954437225,467.55916709172027,467.57855224609375,126011100,42.00740383466907,43.21128178449899,41.80018005243761,42.51066589355469,51584200
2024-02-01,169.27000427246094,171.13999938964844,165.86000061035156,170.47999572753906,91576700,109.85587659745508,110.07790104020472,108.70711774114523,109.4600830078125,8807600,115.47138244120958,117.00211614287977,114.67003381037551,116.70258331298828,19411000,61.92052952927185,63.00837994825412,61.471833071842404,62.844852447509766,369146000,469.27310972065493,473.72735140437555,468.4693941088524,473.69830322265625,91891600,42.579736837340135,42.994184366273146,41.92845946024345,42.78696060180664,38819900
2024-02-02,173.7899932861328,179.0,173.0500030517578,177.66000366210938,82134300,110.87912788401412,111.94100208596586,109.9717044959058,111.73828125,10044000,117.5525561609602,120.0752576190934,117.20245074655415,119.0687026977539,26689000,63.78910149469645,66.40751128682628,63.50592191536747,65.96878814697266,476578000,474.1340406811921,480.33123256171854,473.7951255169084,478.68511962890625,99228200,42.43171772242148,42.56986689876739,41.05021843039699,42.03700256347656,53683500
2024-02-05,179.08999633789062,180.00999450683594,171.11000061035156,174.22999572753906,76349200,113.07044976611488,115.39692636820273,112.53951634825292,114.67292022705078,13267600,119.32350755979466,121.34536530559488,118.85572586723168,120.89314270019531,22045000,68.02783445051155,69.2961616511714,67.010785504722,69.13163757324219,680078000,478.05572128716557,478.71416645842936,474.6956769375314,476.942138671875,75757100,42.05673856522146,42.57973671381655,41.869250935669385,42.20475769042969,28890300
2024-02-06,173.14999389648438,173.8800048828125,165.5,167.8800048828125,68854100,115.95682782621935,116.79667024801978,114.18059557217775,115.24246978759766,11503800,122.88389367362055,123.71441660315516,117.86280438528973,118.90436553955078,25354000,69.42878790675503,69.55243013249685,66.10841636751246,68.0258560180664,683111000,477.88139839933996,478.6560658444282,476.45797836644056,478.32684326171875,55918600,42.259190564805955,42.3383627277486,41.70497032294128,42.29877853393555,34068200
2024-02-07,169.47000122070312,172.97000122070312,168.1999969482422,170.94000244140625,53665400,115.85063565353977,120.66768768368036,115.84098017633315,120.64838409423828,18172500,120.00814741897236,122.48902395871413,119.29820941741683,122.25076293945312,25768000,68.12154618534456,70.01705293105977,67.40462245828914,69.89640045166016,495575000,480.5636719721608,482.7326818528335,479.66311916407506,482.3163146972656,70556500,42.44722867727391,42.65505985674417,42.11073848299591,42.33836364746094,34269200
2024-02-08,170.3300018310547,172.1699981689453,168.60000610351562,169.35000610351562,43385300,122.59834970480237,130.0797450608041,121.7391965047301,129.0950927734375,33367000,123.21745839049363,126.03483310735425,123.02393063622497,123.97212982177734,29326000,69.87147502102263,70.58939534958982,69.2542683281726,69.43972778320312,414422000,482.3162670291635,482.9069232309363,481.5028884042988,482.529296875,52343600,42.278986473496566,42.52640562884181,41.89301319520865,42.061256408691406,33206500
2024-02-09,171.0,175.10000610351562,168.66000366210938,172.47999572753906,56375700,129.83842127761378,130.48519826285357,126.0639327818668,128.49659729003906,16984200,121.76159763118307,125.04090698714626,121.46595272764189,124.81625366210938,26293000,70.32915559936207,71.9763817179636,70.00908414671076,71.9245376586914,436637000,483.0328221928446,485.7537769299286,482.693907035265,485.31805419921875,63979400,42.11073961678992,43.07072715064209,41.96229038830714,42.86289596557617,51193000
2024-02-12,172.67999267578125,177.41000366210938,170.6699981689453,171.91000366210938,58177100,128.65106082705148,128.88273335088027,125.74537359787007,125.9384536743164,14203800,125.45521997928567,125.4610518549372,122.43945023635993,123.02295684814453,24778000,72.39017224345903,74.39536169687851,71.04407549243956,72.03919219970703,613710000,485.2889926510743,487.5451468627196,484.38843993132826,485.1050109863281,56502300,42.94206612066388,44.57503398469183,42.87278906222066,43.57545852661133,51107300
2024-02-13,167.94000244140625,173.1699981689453,164.3000030517578,171.5399932861328,63071300,123.49613007242105,125.41715746585238,122.0963879376789,123.12930297851562,14494000,120.11707537045375,122.13503769582809,119.33614574957832,121.72463989257812,31907000,70.19653768234375,73.23771827831571,69.41879318637284,71.91954040527344,602580000,478.8593972990049,481.3382739920692,475.1701304413372,478.42364501953125,113099200,42.55609509697383,43.17959243106469,42.318571044595544,42.71444320678711,36622200
2024-02-14,173.47000122070312,178.74000549316406,172.8800048828125,178.6999969482422,57402500,125.1372269081961,126.2570118852035,123.5251009600888,124.78970336914062,13069700,123.43530949786106,123.80097404711391,120.72005192846123,122.75260162353516,27306000,72.99043592470231,74.02144406218807,71.73008918323228,73.68641662597656,504917000,481.0477679790003,483.2555183461787,478.73348791641325,482.7713623046875,68387800,43.36762733344154,43.83277653306883,42.94206610299881,43.73380661010742,36186200
2024-02-15,179.13999938964844,180.5,175.25999450683594,176.75999450683594,51126400,126.2666725139104,126.58523697995467,123.90158875927649,124.55801391601562,12554000,124.47686898664918,124.48172888309556,121.06334449992006,123.02976989746094,21873000,73.655504112388,73.76119293905592,72.19074811074873,72.447998046875,420122000,483.4686066260898,486.28639867423624,482.99411355370677,486.1024169921875,61683000,44.29792246284209,44.802659637413264,43.56556390115373,43.595252990722656,44024500
2024-02-16,177.4499969482422,180.3300018310547,173.25,173.8699951171875,53940300,122.72386329745915,124.18153103716828,121.4496128011158,122.29911804199219,13104400,122.44332654383086,124.06159026711016,120.82409084136847,121.12459564208984,21268000,73.88585465278437,74.18698384135303,72.29147662486973,72.40315246582031,495327000,485.8021854224716,486.9350940149201,482.94565294822615,483.68157958984375,75532900,43.57546147103312,43.76350244978494,42.67485587510025,43.060829162597656,29975300
2024-02-20,171.13999938964844,171.80999755859375,162.0,165.69000244140625,66550000,122.49217448826812,122.65628076514807,119.84714101013162,120.98624420166016,12038800,120.18904011271655,120.3699321170169,117.92308210084943,119.28363037109375,26329000,71.73906612377016,71.74804279084927,67.53824458047887,69.25128173828125,704833000,481.9483091532552,482.6164468795506,478.78193916164605,481.01873779296875,71736700,43.80308389081493,44.703689430093235,42.97175541030291,44.060401916503906,61514100
2024-02-21,162.74000549316406,164.89999389648438,161.80999755859375,164.2899932861328,48365700,120.11743848457088,121.03450992804225,118.65012270202251,120.99589538574219,11469700,118.45214510005219,119.42951847857692,116.95836136415713,119.37117004394531,20579000,67.8094614044966,68.68891622407938,66.05654635382845,67.27700805664062,673755000,479.7212103303219,481.6094012609107,477.92013439516916,481.4544677734375,59293400,44.02081187474342,44.22864304125819,42.63526698932861,43.021240234375,57485200
2024-02-22,173.1999969482422,183.8300018310547,172.0,181.86000061035156,100684700,125.19513325879815,126.92308794899101,124.52904531081018,124.59662628173828,17014100,124.6480382832272,127.49458731980023,124.13843916911762,126.9032974243164,40819000,74.80819417110781,78.3479308117141,74.00552015694443,78.31104278564453,865100000,488.0389961871901,492.3770155291545,487.0803471035888,491.41839599609375,76402500,44.218751667634606,44.218751667634606,42.090945425277404,42.53630065917969,62809300
2024-02-23,181.86000061035156,183.8000030517578,174.5500030517578,176.52000427246094,69207400,125.9770623396873,126.46938118858054,123.303069697662,125.04067993164062,10123300,127.24073547981723,128.33481300583276,125.33947008721623,126.0737075805664,23115000,80.556523512217,82.15588435298636,77.34582786788651,78.58922576904297,829388000,493.1322803007743,493.9650440524054,491.03105964418,491.7572937011719,61321800,42.68475009500671,43.060824460813436,42.21960091454698,42.54619598388672,33810700
2024-02-26,178.77999877929688,179.83999633789062,174.80999755859375,176.00999450683594,45435100,125.51370611756903,126.68176108531996,124.10430104456198,126.11221313476562,9526700,127.39925798827299,128.2540951473698,126.56872772891928,127.31464385986328,16282000,79.46967086730548,80.41294376465017,78.27812461798902,78.86343383789062,503973000,492.1930670722987,492.6288193715667,489.8303829996231,489.9562683105469,50386700,43.05092935658332,43.22907143525656,42.3779490094436,42.54619598388672,27035400
2024-02-27,175.9199981689453,178.4600067138672,172.49000549316406,178.0,43665200,126.23770705062056,127.39611385848619,124.13325500488281,124.13325500488281,8851800,127.31464011538137,127.58792207661656,125.67012555054393,126.06010437011719,12126000,79.151576284054,79.25029679601072,76.9389952975712,78.47354125976562,391705000,490.64379270697685,491.089208034972,488.7555721385278,490.8664855957031,48854500,42.803511664108804,42.82330564855216,42.07114934097092,42.28887939453125,25126400
2024-02-28,176.25,176.83999633789062,173.58999633789062,176.5399932861328,35914400,124.04638750437157,124.12361659492463,122.2605071339177,122.96520233154297,6519100,125.74600391718637,126.2828332916773,124.77056701776652,125.39784240722656,10967000,77.39567785845682,78.7048791588161,76.90210568945557,77.43855285644531,393110000,489.3171596556616,490.798676044666,488.9588888927158,490.21771240234375,56506600,42.00187382207049,42.01177270231313,41.477346428710284,41.556522369384766,26928500
2024-02-29,179.82000732421875,193.0,179.82000732421875,192.52999877929688,105538500,123.59266940323523,124.7124690633506,122.74317154605781,124.21048736572266,9369900,126.74862699307755,127.2436388833494,125.18969123192223,126.47438049316406,27536000,78.86541608909434,79.75882270864132,78.12356300049603,78.88336181640625,507289000,491.9703479594554,493.5874126583201,489.3365378000111,491.9800109863281,83924800,41.93259519224425,42.704545483662436,41.922700087688604,42.60557556152344,48875100
2024-03-01,197.91000366210938,202.72000122070312,195.4199981689453,202.63999938964844,103820800,125.61988959005811,131.91390533810508,125.59093052449514,129.25921630859375,24393000,128.9484592808144,136.90653437293005,128.3717566336856,136.07115173339844,44488000,79.76880094187264,82.06215701188974,79.20543135087004,82.04121398925781,479135000,492.85151281479995,497.02490613181874,492.4448087227075,496.5988464355469,76844800,42.96185895503192,43.81298139348012,42.68475072867816,43.36762619018555,41426100
2024-03-04,205.16000366210938,211.00999450683594,203.5,205.36000061035156,86835300,135.08987504974834,137.06882782438132,132.90819410417794,133.4680938720703,26544600,136.45824694486018,139.86398847333962,134.7116074300453,136.37168884277344,34854000,83.88685110747949,87.44155024884783,83.47704345209779,84.99065399169922,615616000,495.80484959614716,497.9060702059494,495.77577186599717,496.0662536621094,49799300,43.81298196467845,46.12882527668589,43.397315844412255,45.1391487121582,59990800
2024-03-05,200.5,205.3300018310547,199.14999389648438,205.1300048828125,65407100,132.3676231297909,132.6668766410824,129.0951160002821,130.29214477539062,13694700,135.6656327281182,135.6656327281182,129.57478022618852,130.58424377441406,36040000,85.02755456111447,85.85220668028344,83.17982622827054,85.7195816040039,520639000,494.0715531499916,494.5169979894073,488.9104626936786,491.1085205078125,72855600,44.09999199914086,44.40678933828843,42.24929398250953,42.71444320678711,56655100
2024-03-06,210.42999267578125,214.80999755859375,207.32000732421875,210.6300048828125,86687000,133.98940623111716,139.0091792007098,133.80598898510317,136.6634063720703,22292700,135.33303764380204,135.64910156198053,131.00339675854065,131.28932189941406,43196000,87.7717411927185,89.46889796984821,86.78255724053227,88.44780731201172,582520000,494.3717142498123,495.84356750478094,492.3092343684573,493.5970764160156,68382400,43.476492325656736,45.04017935400904,43.11031304928887,44.05050277709961,52652000
2024-03-07,212.52000427246094,213.8300018310547,208.22000122070312,211.3800048828125,63869000,139.87795979231558,146.34575880942705,139.15395375875298,144.0289306640625,34675700,134.40039059272496,137.54354882399846,133.51539979618516,136.8336181640625,62832000,89.90164797406622,92.50323087612081,89.34722911034507,92.40550994873047,608119000,496.8797004283906,499.54255878511856,493.65520448812254,498.49676513671875,58652100,45.07976813297767,45.94078571326764,44.71358885003174,45.67357635498047,50378200
2024-03-08,213.41000366210938,227.3000030517578,205.60000610351562,207.38999938964844,120815200,148.56604774740663,152.91008440352894,139.90693350114077,141.29702758789062,43856900,135.59270510731506,137.416168019357,126.58042367284939,127.27478790283203,74025000,94.86749190765931,97.12306133342042,86.26003174516178,87.27912902832031,1142269000,499.1262072798715,501.7986991966138,494.93339907868494,495.50469970703125,86532500,45.960578190502105,46.14861915352694,43.54576873779297,43.54576873779297,54916600
2024-03-11,203.00999450683594,203.5500030517578,196.6999969482422,198.38999938964844,73098600,138.6423443803249,139.39530958748335,134.11489029501143,134.2017822265625,29227100,124.28040712397006,126.3314316406996,121.81313807738297,125.75765228271484,31105000,86.18324189552494,88.54450476629805,83.92667619925383,85.53010559082031,678364000,494.3039754152461,495.6596064560232,492.38670680365675,495.07861328125,62557200,43.4171110598047,44.46616960706335,43.20927988143693,44.39689254760742,35051000
2024-03-12,200.52000427246094,202.85000610351562,194.27000427246094,202.75999450683594,68951700,139.51112990393915,141.61556688421476,135.6980346847648,139.39527893066406,21218500,127.10749589381018,127.18433418551902,122.46666637405455,125.6370620727539,42789000,87.79866017993605,91.69853581019218,85.90505740123257,91.65167236328125,668075000,497.17989237365043,500.9853520856395,494.67193786467755,500.4043884277344,73114400,44.59482621316421,44.802657380309554,44.00101802448503,44.77296829223633,31795800
2024-03-13,198.72999572753906,198.8300018310547,192.6999969482422,194.7899932861328,70526900,138.0921025935892,138.26585699079172,136.47032123665494,137.21363830566406,12923100,124.7617920976207,124.7617920976207,121.79368675677054,122.32954406738281,37838000,90.7961026211969,91.24382347923168,88.18354935724443,90.62957763671875,635713000,500.72385457506516,500.89814366049285,498.18688160759467,499.6199645996094,55104100,44.0505029236892,44.51565212448583,42.75402901982607,42.78371810913086,53195900
2024-03-14,192.9199981689453,196.92999267578125,184.02999877929688,187.05999755859375,84490500,137.66735172583654,138.14037436300293,134.20177928051268,134.78097534179688,14961900,122.78371219737006,123.813609530742,121.3414804943925,122.75745391845703,38029000,89.32231468480107,90.3882755061813,86.35377401546849,87.69395446777344,602318000,500.5882744583001,500.7432374898184,495.60150263891603,498.63232421875,110171800,42.783718164719176,42.90247829740919,42.07114981794601,42.30867385864258,38100000
2024-03-15,184.8300018310547,193.8000030517578,184.47999572753906,191.05999755859375,95289500,130.74583321280758,132.92749933453157,129.9639090855949,132.23245239257812,22751200,121.90067702458413,123.25344216642078,119.62597099023341,120.15404510498047,88823000,86.68284605628648,89.29140572149215,86.01176295929899,87.58726501464844,642086000,495.57751113868864,497.0247990949515,493.5474544938414,495.2084045410156,107646300,42.011769033672145,42.70454335281141,41.912799116471504,42.199806213378906,66952900
2024-03-18,193.2899932861328,193.5,188.0500030517578,190.64999389648438,59306900,135.8710749583382,137.1892712383155,132.41081896699603,132.4398956298828,14732900,121.95124852197287,122.81678492988856,119.78448414469298,120.32325744628906,25737000,90.13098583462606,92.14224887190903,86.83737638281593,88.20348358154297,668976000,499.25883960128044,500.69637526560086,497.74358168127196,498.1515197753906,88893300,42.64516307994282,42.93217018813967,42.16021990487515,42.26908493041992,27668300
2024-03-19,183.16000366210938,185.61000061035156,177.36000061035156,181.4199981689453,83509500,131.14109436813663,132.081279281309,128.94086644650832,130.72430419921875,17341100,118.35002389922836,120.617925974969,117.09256472174941,120.39813995361328,24491000,86.4534797466604,90.28655172899164,84.7682901573293,89.14381408691406,672171000,497.4619006203073,501.201461454095,496.4614118820625,500.9197998046875,60755300,41.81383419719672,41.853422165234505,41.01219483335548,41.61589813232422,34673000
2024-03-20,182.02999877929688,182.67999267578125,174.0,179.72999572753906,81773100,132.3332700780312,133.0892928572307,130.85998847174852,132.5465087890625,12750200,121.00952417371813,125.79219998742047,119.79553809329263,124.6211929321289,40946000,89.54168157483528,90.15294523438696,87.97215934887909,90.11505126953125,479063000,500.9781262063219,505.68900816762243,500.30791251207177,505.5530090332031,69594600,42.54620015267069,42.565990363070036,40.982509258950394,41.76435470581055,74865000
2024-03-21,185.97000122070312,187.69000244140625,177.66000366210938,178.67999267578125,75265600,138.16822974875276,138.21669578169212,134.7661124191505,135.16351318359375,17809400,129.73103220649764,137.08425928452203,128.52779854292567,131.65309143066406,72468000,92.03755661197002,92.38456668043467,90.14794060720405,91.17501068115234,480372000,508.37953729329536,509.07885971572495,506.941942394898,507.2236633300781,60256100,42.54620153995399,43.149901135053874,41.88311621045273,41.98208236694336,50807600
2024-03-22,177.2100067138672,180.75999450683594,175.0500030517578,179.64999389648438,57899100,135.11507400056908,136.99544405012975,134.83399461727583,136.22003173828125,9944100,131.84841750956386,134.4092009322748,131.47241072085131,132.18731689453125,38624000,90.88186017417289,94.50852022791372,90.57573384993215,94.02091217041016,586719000,507.13620745255224,507.621867774784,506.028887689534,506.2620544433594,79070800,41.81383889647089,42.35816030455685,41.65549078184012,42.13053512573242,28503100
2024-03-25,172.89999389648438,182.8000030517578,172.0,178.6300048828125,71935300,135.85171503992316,137.32498208440018,134.97937068988813,135.9195556640625,9922200,131.36302353801975,132.67270623122906,130.62466072931105,132.0027313232422,21237000,93.67390745044557,96.4908723257128,93.2441331194467,94.73188781738281,552136000,504.8924815953154,506.00952410002293,504.70792829326916,504.8633728027344,48512100,40.46787585904025,41.78414755859529,40.15117964680319,41.39817428588867,47276500
2024-03-26,179.5399932861328,182.60000610351562,176.3300018310547,177.8699951171875,65322400,136.28786265318857,136.6271101004303,134.3784162793292,134.572265625,10786400,133.2831208945667,134.77252865995393,129.9449149345468,130.04063415527344,23522000,95.57845969689596,96.1009718491892,92.23898306006764,92.29781341552734,513648000,506.2814877823347,506.6214856104456,503.53269278700975,503.930908203125,65463700,41.51693439904752,41.83363061111218,41.22992727707748,41.556522369384766,39109700
2024-03-27,179.9600067138672,181.22999572753906,175.39999389648438,179.58999633789062,55685600,134.59165323596326,134.99874129347413,130.99568654331523,132.4883575439453,13842800,131.8484485090939,131.8484485090939,126.57646876712315,128.79444885253906,25583000,92.8472628285773,92.97489725482532,88.8696059634602,89.99340057373047,586067000,506.74777267634687,508.20475380954497,504.5914097711624,508.1658630371094,82999800,42.100843972465064,43.37752770777571,42.061256001916675,43.318145751953125,51017800
2024-03-28,179.47000122070312,183.39999389648438,178.3000030517578,180.49000549316406,57628600,131.50940514762777,132.59498818311494,131.2767918319762,131.8680419921875,10019400,128.71336351567388,129.9039152111668,128.0912406817412,129.44683837890625,19856000,89.74410760252643,91.04041442208826,88.93940289555813,90.0990982055664,435212000,508.20475523799445,509.56456872863964,507.78709442613604,508.0687561035156,96294900,43.30824490459669,44.139573371770645,43.25876183131705,43.714012145996094,54204200
2024-04-01,180.10000610351562,187.24000549316406,179.89999389648438,183.33999633789062,74299900,133.06989817711394,138.56562362244173,132.8372848941835,137.14080810546875,14222700,129.4731993422724,133.1161333903428,129.44683669006935,131.8738250732422,17252000,90.04225806770008,91.96277679415357,88.9503702442798,90.10607147216797,452441000,508.8069933985052,509.34120798380326,506.0289708424648,507.1848449707031,62477500,43.832776755512306,44.94121347108948,43.72391172736055,44.060401916503906,31712600
2024-04-02,179.47000122070312,180.10000610351562,174.8300018310547,178.6999969482422,61598800,136.06493646645453,136.70463782735234,135.06659828729184,135.90985107421875,9869200,128.50729781270837,131.10325174914593,127.29820724911592,130.7506866455078,24694000,88.19650409145588,89.8378275505344,87.37086312159137,89.1976547241211,433064000,503.3772245058647,504.0959923303483,501.6676906072498,503.9600524902344,74230300,43.476494055132804,43.62494705770123,43.05093280810779,43.48638916015625,32748400
2024-04-03,177.5399932861328,182.0500030517578,176.6999969482422,180.77000427246094,49835100,134.32027420003303,138.53655328295312,134.13611212981255,137.63514709472656,9707500,129.69981174335226,134.46784605952357,129.433174862916,133.13861083984375,28650000,88.23242853900666,90.11705439114243,88.14866772814298,88.7110595703125,370067000,502.87210705946654,506.00951312621123,502.8235528830779,504.5136413574219,59155800,40.97261177691137,41.22003092103447,39.804793114625035,39.913658142089844,83718000
2024-04-04,182.9199981689453,183.02000427246094,165.64999389648438,165.8300018310547,88280000,139.5736568147,142.23912595525852,135.1441246347613,135.3670654296875,15759500,135.29795730011838,137.12039276051638,128.43012215833284,128.67428588867188,27014000,90.1489453998678,90.3763015666953,85.63581327474101,85.6607437133789,434965000,508.50584318362684,508.8457817223291,498.0544227328248,498.35552978515625,96858100,40.170973402908174,40.3590105980652,39.29016183168939,39.31985092163086,57307200
2024-04-05,168.10000610351562,172.69000244140625,165.5800018310547,170.4199981689453,66080300,135.69660484388834,137.6351277702296,134.6498006888933,137.01480102539062,8263600,129.5044810813524,132.94523234601434,128.35202023516578,130.8161163330078,19438000,86.61902297298796,88.22943673946416,85.68170072109015,87.75778198242188,399678000,499.7056226929599,505.5141009734885,499.2685165612303,503.5617370605469,74546500,38.943771427576664,39.052636454070694,38.11244295972358,38.31037902832031,67263000
2024-04-08,168.1999969482422,171.66000366210938,166.82000732421875,169.89999389648438,43997500,140.7755665072087,141.5122000323791,138.37178698131993,138.40086364746094,16307400,130.2515995377841,131.11593384850732,128.50337874103,130.49087524414062,17139000,88.44779987998065,88.57743512523471,86.4854007087341,86.88526153564453,283220000,504.26122598133765,505.26165559503625,503.03735226606693,503.843505859375,48401800,38.24110374178147,38.4588338048539,37.518640266960844,37.58791732788086,56967800
2024-04-09,170.2100067138672,171.60000610351562,167.2899932861328,170.77999877929688,42886100,141.76418378015606,143.61547682231043,138.55593053366476,140.9306182861328,18443400,132.56823424479924,132.77430704244856,127.80899281878743,130.29360961914062,17986000,87.19336556349879,87.38581757145292,82.78593537872872,85.11129760742188,501700000,505.57239024819654,505.81522040681716,499.5987446322458,504.4262390136719,68049200,37.657195074347136,38.18172625626916,36.94463046686671,37.93430709838867,78671700
2024-04-10,166.7100067138672,169.77999877929688,164.0,167.13999938964844,59600000,142.12281885642085,143.86747772926424,140.79492054084795,141.7254180908203,18861300,129.21148085269184,130.45671022262948,128.47703724419668,129.1499481201172,17467000,83.68737154662665,87.15149277673736,83.47098569296867,86.79151916503906,431929000,498.75370676862974,501.3568389879978,497.4036161258989,499.3753662109375,82652800,37.62750200993688,37.82543807040204,36.63782548292745,36.81596755981445,51108400
2024-04-11,167.5500030517578,170.9499969482422,166.5500030517578,170.5,48994500,142.67530822753906,143.02424300409393,139.69968272976618,142.67530822753906,11818800,130.15689027797453,135.93770369650488,129.2749707526883,135.0186767578125,31713000,87.17143320524475,90.48099639616545,86.6788421374309,90.35834503173828,431637000,500.8906633299254,504.5816702204379,497.3939324409582,503.1441345214844,70099000,37.04359529776712,37.28111556667766,36.697209999223986,37.24153137207031,41909100
2024-04-12,164.52999877929688,165.6999969482422,161.82000732421875,163.27999877929688,63519600,140.54292465753645,142.00650427276085,137.78052332595084,138.13916015625,12024000,132.04475750165912,133.46090449542464,130.5416837879652,131.269287109375,27823000,89.44394775788123,89.91859983995623,87.28111636114915,87.93524932861328,426805000,499.61816498812357,501.02659169451084,494.47987078924984,496.1991271972656,92561100,36.311232680000735,36.32113156006494,35.23248504731364,35.321556091308594,80254800
2024-04-15,164.42999267578125,164.44000244140625,158.75999450683594,160.32000732421875,61461200,140.5623383373597,141.0081904449042,135.58033370368045,135.83233642578125,13458800,133.80177381428862,133.80177381428862,127.55118596209716,128.0092315673828,24370000,88.84465613304712,90.35534773623158,85.68466822355283,85.75646209716797,443077000,500.3564247602264,500.5215326754904,489.13765316276323,489.98272705078125,92101400,35.66794464775069,36.32113103584749,35.519491651462836,35.935157775878906,50751600
2024-04-16,162.27999877929688,164.8800048828125,161.6699981689453,163.4600067138672,55302100,133.65146881011785,136.22000589163713,132.84697998332427,135.5027618408203,14218200,128.46726917542074,130.5123943913602,128.03950563313626,129.8033447265625,18923000,86.18724795044986,87.86745463811035,85.81930143123056,87.16645812988281,370453000,490.45867707344763,491.97393499543114,487.80696088879887,489.089111328125,73484000,35.895568587837126,36.13308884345184,35.390831437852185,35.88566970825195,30607500
2024-04-17,163.97000122070312,164.4499969482422,153.8800048828125,154.02000427246094,75909000,136.7918789977968,138.1876179116085,133.1377590345199,134.7564239501953,18823200,131.17553705525484,131.55544840544928,125.15054511265056,125.26872253417969,24718000,88.08882656112145,88.52259493497695,83.7113088922385,83.79607391357422,495400000,491.5368440989878,491.7019816659058,484.8055985468662,486.194580078125,75910300,35.727323119111105,35.757015983802184,35.00485966690412,35.31166076660156,41173300
2024-04-18,155.50999450683594,156.9600067138672,152.32000732421875,155.0800018310547,52669800,128.80517636455878,130.97632772229633,126.29479231295385,128.20423889160156,39306100,125.79317724223623,126.24731827766587,122.61513630766807,122.95989990234375,24888000,84.72840551757585,85.94493790164843,82.16770633584548,84.43025207519531,447260000,487.5835926622845,489.6719263116465,484.26166270979206,485.1941223144531,74548100,35.054342816560656,35.29186685801872,34.41105530172058,34.67826843261719,42334400
2024-04-19,151.58999633789062,154.25,145.2899932861328,146.63999938964844,71618200,125.3933613556278,127.50635921459883,122.74728147866298,123.77469635009766,28284000,122.95990824487356,123.05854838786286,116.96031043768592,117.65862274169922,44797000,82.91359767384262,84.08425585640761,75.39104730583979,75.98335266113281,875198000,485.11641894359934,486.10715539894034,479.6964327690104,480.95916748046875,102212600,34.767342507621755,34.767342507621755,33.82714891515427,33.84694290161133,59070300
2024-04-22,148.14999389648438,149.88999938964844,145.6300048828125,148.63999938964844,49397000,122.85390353340634,126.64371980733179,121.91371863087737,125.76168823242188,18556800,119.59142125933381,120.44111393027156,117.25135931303184,119.58751678466797,25162000,77.8819196640173,79.84532288255929,76.18276995811692,79.29190063476562,596341000,483.55258680560587,487.972113920127,481.2214229780645,485.3883972167969,67961000,34.06466652813322,34.213119527250065,33.72818011072603,34.054771423339844,39909900
2024-04-23,151.64999389648438,153.5,150.35000610351562,152.27000427246094,46051900,127.322203694169,129.59997435802495,126.64372353570923,129.3285675048828,12573800,119.94985814510599,122.85345351967483,119.93520891380314,122.0027847290039,22025000,80.53935534918725,82.53366896329221,80.03579390039872,82.18865203857422,438559000,487.38924842347393,491.575637828991,485.2037770782218,491.14825439453125,64633600,33.98549508463159,34.242809343199326,33.82714697736298,33.92611312866211,46834000
2024-04-24,156.55999755859375,157.66000366210938,150.6300048828125,151.74000549316406,43412600,131.90682813627305,132.10067752850952,127.49668421153086,128.8827362060547,15558000,123.43944259929012,125.56073470294862,121.58966050544272,122.74797058105469,20108000,83.71130021339918,83.84292866853282,78.95785602564062,79.45045471191406,512208000,492.0322045112339,492.81897189579723,488.7005816711836,490.9151916503906,55928100,34.50012494991297,34.816821142169815,33.9854926936665,34.14384078979492,53261100
2024-04-25,149.14999389648438,155.13999938964844,146.75,153.75999450683594,41471400,126.00401612931516,133.60302401403317,124.8990584256177,132.3817596435547,18034300,124.27450155145183,127.74943221249299,122.76556350800523,126.42021179199219,30410000,78.64375847887948,83.08609383460076,78.00059569231401,82.39706420898438,424641000,484.8638119842185,489.8078303014316,483.22227779209175,489.0502014160156,69122400,34.203222002242924,34.93558051526241,34.14384005173473,34.74754333496094,66549400
2024-04-26,154.24000549316406,158.6300048828125,153.42999267578125,157.39999389648438,42510700,132.60466888287024,134.4753513452056,131.77110336711988,134.0488739013672,9453400,127.94182526258453,132.41782856400903,127.27086662871936,131.269287109375,24100000,83.5796943254643,88.0798637130723,83.14991996305922,87.48555755615234,551011000,491.82824557353393,495.2570064811488,491.1968930428971,493.6834716796875,64306100,31.45192381651619,31.907176045518334,30.323691180607266,31.55088996887207,119742500
2024-04-29,159.0800018310547,160.77000427246094,156.25999450683594,160.1999969482422,43478200,133.7580755901681,134.38808959552392,131.7323227775105,134.24270629882812,9997100,131.27027362340658,132.13949613446002,129.47518391248465,130.7370147705078,13372000,87.34593487887717,87.74180161200195,85.02355474971789,87.50747680664062,388971000,495.4609926845512,496.1020679300017,492.70244534017297,495.4318542480469,46415400,31.53109505843458,31.58057813019865,30.749249688486604,31.036256790161133,58533300
2024-04-30,160.6300048828125,162.2899932861328,158.35000610351562,158.3800048828125,60742800,133.69992520581567,135.40582001342645,133.04081973689972,133.1183624267578,10980600,129.78575704715587,131.68731080697393,126.87239290855075,126.99153900146484,22113000,86.99194868469957,88.5664614931565,86.05462655663052,86.15633392333984,363709000,493.97486496700367,494.9461856908876,487.5835876464844,487.5835876464844,77483600,30.719562342327688,30.858116461249818,30.105962024307132,30.155445098876953,72346400
2024-05-01,148.11000061035156,151.3699951171875,142.13999938964844,144.27000427246094,89413200,133.1959401518211,135.14415083152775,129.11535670427318,130.79217529296875,12561800,124.84876812777512,126.2199914142388,121.23709899672174,121.38457489013672,30958000,84.83509991070004,85.75547203094351,81.02396098069623,82.80488586425781,559863000,487.0008254451311,493.6155176945551,485.5341215576048,486.0003662109375,80242800,29.858542429729663,30.719561883042896,29.710091320581384,30.05647850036621,60654800
2024-05-02,145.50999450683594,147.6199951171875,141.16000366210938,146.16000366210938,50034700,131.43185582487934,132.53681326349732,129.12500888874035,132.04248046875,9261900,122.69522084683877,123.49314934604831,119.47519196012708,120.96556854248047,29480000,84.20888384405981,85.99180203592717,82.96343457532701,85.572998046875,377898000,489.6913450667022,491.38146331084295,485.22326373492274,490.5461120605469,62550200,30.274206169169542,30.353380218588107,29.87833592207671,30.195032119750977,50899400
2024-05-03,148.75,150.7899932861328,147.24000549316406,150.60000610351562,49361100,134.6304096716041,137.7417454378145,134.49471366001038,137.20864868164062,13264300,122.96087938132084,125.39079627257618,121.8025618947921,124.82726287841797,24898000,87.53939567590184,89.02715032615576,86.79252471992756,88.53655242919922,398341000,496.5003104757314,497.8504308833997,493.9748706361785,496.6265869140625,72756700,30.66018105742041,30.739355111056643,30.383072813522766,30.58100700378418,36794800
2024-05-06,153.10000610351562,156.64999389648438,151.25999450683594,155.77999877929688,44624500,136.15216325410256,138.4396209716797,135.51244711847988,138.4396209716797,8601600,125.61933310822442,128.01702329449282,124.5303721514835,127.97210693359375,16287000,89.13584021044993,91.95779560513117,88.80179361610953,91.87802124023438,376203000,499.01593484030155,501.79389739765344,498.5788287338661,501.75506591796875,47264700,30.923832433223346,31.003328068462462,30.536289553022886,30.774776458740234,36185600
2024-05-07,156.32000732421875,157.6999969482422,153.66000366210938,154.42999267578125,37374900,137.50912487398904,137.91621293099956,136.19092863663062,136.77249145507812,8682900,128.57078730628888,128.81983913735897,126.64872771364483,127.26891326904297,12413000,90.83898366205493,91.52004037192769,88.75791956813879,90.2965316772461,437342000,502.71671493011996,503.69775827546636,501.6385632333307,502.30877685546875,52561300,30.894020047360957,31.251751344198457,30.417046248461222,30.486604690551758,44683400
2024-05-08,153.39999389648438,155.3300018310547,152.52000427246094,153.6199951171875,28728000,136.77249237617784,139.82566021919683,136.4720236742006,139.1859588623047,10202300,126.33035085153993,130.66767081182655,125.84103970180003,129.4429473876953,13918000,89.22857072950318,90.93470430679172,89.1657463302182,90.1549301147461,325721000,500.4826885782833,502.89154482386346,500.36613484283316,502.3573303222656,42047200,29.81089210510254,29.959946186562956,29.5425936212785,29.81089210510254,63734600
2024-05-09,153.1300048828125,154.08999633789062,150.61000061035156,152.38999938964844,33018000,138.54626176792493,138.9436625915306,136.7919005585425,138.40086364746094,8012700,128.70653677437468,129.0757033215653,127.16048420406366,127.5189208984375,12170000,90.27159797496299,90.81305333122494,87.9801353538175,88.49466705322266,378013000,502.5418982172586,505.290752341684,501.89112996130467,505.2518615722656,43643700,29.741332600527656,30.198432020098114,29.622088202412307,29.90032386779785,45003400
2024-05-10,154.2899932861328,156.3699951171875,151.30999755859375,151.9199981689453,37652800,142.69467959493744,145.8738561402623,142.4135854769216,144.67196655273438,23671400,128.46043145505746,131.26244333566683,128.46043145505746,130.16859436035156,16300000,90.04823199188911,91.14111635473476,88.97329419694542,89.62244415283203,335325000,506.8448931772194,507.65110602328485,504.68858950510435,505.9027404785156,52233200,30.138812358464122,30.267992059188092,29.65190133984991,29.66183853149414,42931300
2024-05-13,151.27999877929688,153.3300018310547,150.39999389648438,150.55999755859375,27859200,143.47011883894908,143.8772069721166,141.80298755659086,141.90960693359375,8278700,131.65310832320694,132.66785438628025,129.90587094702514,130.62860107421875,18507000,90.22074555223655,90.73927132421963,88.27728953555432,90.14197540283203,289680000,507.57331435188917,507.6801453946088,504.8341830162767,505.9706115722656,36716400,29.84070274039695,30.933767233590086,29.810891166912885,30.317676544189453,51459100
2024-05-14,150.42999267578125,153.49000549316406,148.77999877929688,153.16000366210938,31938300,141.9871221210813,147.33743493971133,141.754494037323,147.27928161621094,12316500,130.12366115309828,134.9727651205535,129.48493681547836,134.78134155273438,19420000,89.34424430460986,91.39041184902159,88.68113417048747,91.09625244140625,296507000,506.1649803172263,508.8070037863036,505.63076572102176,508.29217529296875,57535900,30.42698497721072,30.913895991776922,30.417047785649103,30.854272842407227,47759900
2024-05-15,155.58999633789062,159.69000244140625,154.6999969482422,159.6699981689453,43195900,148.64595240194586,151.2048023110033,148.03531289065975,150.79771423339844,14027100,134.778391480569,140.53577694153546,133.79978423280406,140.26426696777344,32757000,92.20908510921412,94.5922892882104,91.33856611429667,94.36094665527344,417735000,510.7495751277046,514.8776880610556,510.11819296519036,514.5863037109375,59504900,31.182192737724716,31.202067120946793,30.615786083174033,31.072887420654297,36992900
2024-05-16,160.9199981689453,168.05999755859375,159.89999389648438,162.6199951171875,76726700,149.3632189520797,150.29370180878146,147.53131511382983,147.55068969726562,13394100,139.27101080351986,141.16570901042482,137.22588602647906,137.9163818359375,28395000,94.64014935721045,95.54656142094716,93.83543705567772,94.09071350097656,323952000,514.683461995483,516.2764423102767,513.3818660590745,513.527587890625,50244800,31.430616301444132,32.056644199568396,31.32131098625367,31.828094482421875,47752800
2024-05-17,168.42999267578125,169.72000122070312,162.32000732421875,164.47000122070312,65944400,149.2663029022685,149.2663029022685,146.20343235810813,147.01760864257812,7711200,137.94473634895772,138.63913675694587,134.95225448087376,136.271728515625,18174000,94.10069789533013,94.47063766933178,91.54498136339171,92.216064453125,359691000,513.644148566722,514.3338076754613,512.1968900639675,514.2658081054688,59187600,31.8579079970722,31.907592059017553,31.390869475353796,31.629356384277344,41449800
2024-05-20,165.5500030517578,168.49000549316406,164.47000122070312,166.3300018310547,45618000,147.00793747686527,149.4989474366135,146.1840738092579,148.8301544189453,9261200,136.34107125010425,138.38618150685133,136.0636896101891,138.1019744873047,27170000,93.48344309476195,94.9293173048801,93.17432694405993,94.51051330566406,318764000,514.3823386833988,516.3152574978291,513.9937866680089,514.8582763671875,37764200,31.649231369928607,32.21563613099912,31.55979854046339,31.897653579711914,31989000
2024-05-21,164.0,165.8300018310547,163.10000610351562,164.66000366210938,30005500,147.61851250380468,149.2565666175883,147.27926510175,148.94639587402344,7919400,136.60280699233672,137.64880388598647,136.09298987381734,136.65359497070312,15333000,93.33287775310836,95.12875963376091,92.9150703346718,95.11479949951172,328946000,514.100788827741,516.2765383038518,513.8967900825829,516.12109375,33437000,31.77840961678809,32.036772797045785,31.420680210618762,31.5399227142334,42975400
2024-05-22,167.41000366210938,169.80999755859375,163.86000061035156,165.52000427246094,47426700,151.0884992320339,152.39699348606,149.7896774796991,151.35018920898438,13455200,136.34202908320995,137.22004406092643,135.19055186469544,135.9738311767578,21002000,95.18757861855156,95.74698053068366,92.98386328100148,94.68002319335938,548648000,515.4313166919542,516.1403617816678,512.4687413388463,514.6348266601562,48390000,31.708852003298507,31.867843275827525,30.90395844920465,31.221940994262695,36706400
2024-05-23,170.17999267578125,173.13999938964844,158.27000427246094,160.42999267578125,91888800,154.28706003123568,155.83788456385307,151.0788063842703,152.2613067626953,20873000,139.50835921873414,139.56402033820214,134.58308782330178,136.07638549804688,31039000,101.73790743867507,106.01770397120008,101.23134859062449,103.50387573242188,835065000,517.6751612100837,517.7819922710518,509.67142792152424,510.87591552734375,57211200,31.25175143532453,31.37099393773446,29.68171125454082,29.8903865814209,62014500
2024-05-24,161.41000366210938,167.66000366210938,160.25,166.36000061035156,54868600,152.36791284405044,155.72156431766925,151.89298414955266,155.08184814453125,11908200,136.71119064494485,138.05799571033052,135.9523218603434,137.4973907470703,16730000,104.15201429523188,106.1722546778935,102.70713677897801,106.16627502441406,429494000,512.7116773079188,515.0623164056714,511.7695245578183,514.256103515625,41291100,30.099064079939822,30.82446197812326,29.94007091639133,30.526351928710938,42434500
2024-05-28,169.4199981689453,174.5500030517578,164.9600067138672,171.61000061035156,66495400,154.7716997736591,155.45019478940299,152.755648470666,154.510009765625,13964400,137.70835612780112,138.40959668873518,136.0031143378651,137.9476318359375,22919000,109.93054862844438,114.61219912037285,109.57057499198291,113.5771484375,652728000,515.0622463447778,515.2953538271266,511.992839734623,514.6154174804688,36269600,30.744967620329465,31.172257382164105,30.466731941725964,30.86421012878418,36799100
2024-05-29,167.4600067138672,168.47999572753906,162.91000366210938,165.13999938964844,56537500,151.9317490978095,152.05775783297352,148.50056969266333,149.5958251953125,15780000,136.64383346822873,136.64383346822873,135.07141799023384,135.8205108642578,26861000,112.72858027740573,115.16363093573716,110.58568822600918,114.49852752685547,557442000,510.6038721974795,512.1871297238472,510.30276514376794,511.0118103027344,45190300,30.277928026901556,30.476668061101428,29.920198618797393,29.94007110595703,35848600
2024-05-30,167.89999389648438,168.75,163.8000030517578,166.75,46367000,148.86887973179995,149.31474655773476,147.2211380346419,148.2582550048828,9687800,134.6807305567365,135.04991202148761,132.39926570380493,133.22357177734375,21717000,114.32402359196342,115.4896985615827,109.35120333690087,110.18582153320312,484553000,509.4772041666412,510.1376951954115,506.37868844824237,507.6219482421875,46377600,30.019567311756507,30.307740177296864,29.870513230933255,29.99969482421875,33351000
2024-05-31,166.64999389648438,169.5,160.07000732421875,166.89999389648438,64331900,146.82372473167257,147.81237558161254,143.26653687769243,146.39724731445312,13782600,132.95793627227118,133.0741614621388,127.67422796767356,129.75352478027344,73091000,112.20006619281486,112.39651226649593,106.6359377048998,109.32128143310547,613263000,508.5739213312315,512.3717598545443,503.49387285830494,512.2454833984375,90785800,30.029504942197292,30.76484006095746,29.75127115934644,30.655534744262695,95797500
2024-06-03,170.82000732421875,171.0800018310547,160.91000366210938,163.5500030517578,59157600,150.35183016550312,152.31942970978136,147.77360596973722,150.1870574951172,12924400,132.1121337889688,132.1414322484853,127.21225703501632,129.10403442382812,26278000,113.29794252397816,114.67301940917969,111.68453916444382,114.67301940917969,438392000,513.848128094292,514.1297897725609,507.61220612199116,512.6630859375,46835700,30.83439895760554,30.874145826725712,29.86057507726836,30.099063873291016,35544900
2024-06-04,162.83999633789062,164.8300018310547,158.8699951171875,159.99000549316406,48157200,148.68471608031123,149.06272749379607,146.34880698147305,147.78330993652344,10066700,128.95753780081174,130.08949266959368,127.64980706308707,129.9752197265625,23048000,115.38699108204422,116.26847269779265,113.72073695926161,116.1059341430664,403324000,511.3614424211813,513.9742970941719,509.90446158385646,513.236083984375,34632700,30.556164699264862,30.556164699264862,29.75127113543878,29.8407039642334,51027200
2024-06-05,162.07000732421875,167.1199951171875,161.3800048828125,166.1699981689453,60507500,153.71520457249434,158.69720896070893,153.09487769578217,157.912109375,23192600,131.45779812149294,138.1332281818213,130.92453924671847,138.0101776123047,32947000,118.03444216742467,122.10084264977675,117.13400975669744,122.09187316894531,528402000,515.5478835476441,519.3554439193825,513.566351467224,519.3359985351562,47610400,30.079190259300518,30.645596899838363,29.820828969781854,30.585975646972656,44161700
2024-06-06,165.4600067138672,169.50999450683594,163.86000061035156,166.77999877929688,47153700,159.46289866559263,159.63735862835267,155.43076746456956,157.0882110595703,14819100,138.86765046045414,138.94773689121766,135.58316793701061,136.85574340820312,20172000,123.69529221491227,125.22991785379394,117.98358173920542,120.65396881103516,664696000,519.637123680227,520.0645071551455,517.4030979505338,519.3262939453125,30808500,30.35742448048119,30.397173246523653,29.96988348819456,30.22824478149414,34248100
2024-06-07,166.58999633789062,169.4499969482422,165.86000061035156,167.8699951171875,44796000,158.5421272400266,161.01373249178909,156.98161547018282,159.3369140625,14023300,137.49155564070537,139.17335589218095,136.44067078754858,137.38021850585938,17859000,119.42946352714927,121.34600353396539,117.68643999762348,120.5442886352539,412386000,518.3550094881825,521.4924158492759,517.2671349822953,518.6950073242188,43224500,30.059315502581093,30.585975266431074,30.019566737614863,30.546226501464844,34085500
2024-06-10,162.47999572753906,165.5500030517578,159.61000061035156,160.33999633789062,67444600,158.95888130284794,164.61936474604198,157.42744640333024,162.9910125732422,12418900,137.68883210982386,141.52220636576067,137.6233949065621,140.68423461914062,31042000,120.02775723865274,122.74999082651334,116.6773100476689,121.44371795654297,313434100,517.8888118681492,520.6182209175571,517.2963204143864,520.2976684570312,35686100,30.35742334809095,30.75490341238691,30.099063959754154,30.71515464782715,37396500
2024-06-11,160.5,161.5399932861328,156.9199981689453,158.9600067138672,40497100,163.0104108421793,163.23335166161343,158.75535295617334,160.61634826660156,11508600,140.46255201012698,143.0809642509051,138.3168345472412,142.69224548339844,34844000,121.43372126761112,122.5306896362523,118.41209001730518,120.57610321044922,222551200,518.7533115423322,521.6089970919911,516.791224537173,521.5507202148438,36383400,30.57603785729381,30.834399141756844,30.337550955172254,30.7250919342041,25326900
2024-06-12,160.32000732421875,162.24000549316406,158.6199951171875,160.24000549316406,48325800,168.0311811736031,170.6481843737702,166.26711807163963,167.66285705566406,20309500,146.4982765998563,147.0647383910181,144.19336978524888,146.05975341796875,56697000,122.72018091821553,126.5296321042774,122.23153612962203,124.8542709350586,299595000,526.0964430443454,528.5150221365492,524.8045698950608,525.8341674804688,63251300,31.26168740752887,31.281561790135704,30.198432577294135,30.56610107421875,51323900
2024-06-13,160.39999389648438,162.66000366210938,157.30999755859375,159.89999389648438,44442500,168.1626350267565,169.25164282903992,165.7901733484751,168.12374877929688,15591800,167.00805239893856,169.53271284760018,161.39423679268344,163.9794464111328,89061000,129.03269675342705,129.44156821528892,126.8088590238474,129.25209045410156,260704500,527.5729418210138,527.747772459327,524.1150419766954,526.8930053710938,44760900,30.18849638192882,30.387236423902817,29.950009468755333,30.26799201965332,33787200
2024-06-14,158.5,161.33999633789062,157.61000061035156,159.6300048828125,34054000,167.23892472899527,168.83352783644304,165.64432162154753,167.73480224609375,9192500,164.74806465618994,170.64510330753416,164.28317880475305,169.45358276367188,69705000,129.60114223243076,132.4731792100278,127.9656714477386,131.51583862304688,309320400,525.3679678522572,527.2426097707814,524.3674790309985,527.2135009765625,40089900,30.099065365610674,30.36736195761891,30.01956783277801,30.258056640625,28125900
2024-06-17,158.0,159.22999572753906,154.13999938964844,158.39999389648438,44507700,172.9172602399023,173.72428703688556,168.67794751098236,172.33387756347656,18593700,175.79794124356044,179.9975617093385,173.7059474118506,178.61753845214844,87528000,132.62277611443673,133.36072299109455,129.2221885999668,130.61831665039062,288504400,526.5334956885656,532.7985255135613,526.0769441713737,531.4094848632812,55839500,30.14874866124054,30.804588127819695,29.989757390271375,30.784713745117188,36235300
2024-06-18,156.99000549316406,157.24000549316406,153.33999633789062,154.6300048828125,51852000,175.03693161546477,179.74295365694996,174.03544388289626,174.716064453125,27155100,179.66448252233607,180.83940138613414,174.33390663463635,176.0440216064453,86797000,130.77788509132313,135.95355648117285,130.32913071079423,135.20562744140625,294335100,531.4677705153928,532.8859199795279,531.0501097581155,532.7596435546875,41376400,30.79465147966915,31.27162530099019,30.307740466821567,30.436920166015625,33294700
2024-06-20,155.82000732421875,166.82000732421875,155.5,161.77999877929688,93245700,177.52607184272756,178.09973670863238,168.69741020823227,170.52537536621094,28403200,176.13586187657893,176.26186316111801,168.20152149732536,169.40670776367188,68157000,139.41396587386305,140.3713064535189,129.16235380151105,130.4188690185547,517768400,533.6824639158926,534.3429548976981,529.5446281232266,531.3124389648438,70328200,30.367361637990363,30.913895798509436,30.258056322146935,30.426984786987305,43826300
2024-06-21,161.75,163.1999969482422,157.88999938964844,161.22999572753906,61293900,167.92928462751274,172.5672373320951,167.4431249433616,169.14468383789062,20175600,165.60749333766228,167.39867843615235,161.28677510290373,161.99095153808594,99289000,126.76897377617152,130.2692833981682,123.95676122395307,126.22048950195312,649445800,530.4929219620788,531.7109897848462,529.148170327666,530.60009765625,64338600,30.65553318086021,31.162318553482905,30.476667532249213,30.894020080566406,90795200
2024-06-24,159.75,163.39999389648438,158.19000244140625,160.25,45954100,165.71238908583658,166.67499063797308,162.49401422885754,163.1649169921875,19741700,160.88087052801106,162.73751273505837,155.8458959411935,155.9977569580078,58575000,122.89968290118539,124.1163152101961,117.71404522588668,117.78385162353516,476060900,530.4247136467889,532.9777790963483,528.7583754205319,528.8753051757812,45528700,30.943704994449813,31.221940666114026,30.337551485050767,30.37729835510254,40611800
2024-06-25,160.72999572753906,161.0,156.4499969482422,160.25,40572300,165.24570151577663,167.86124343099482,164.3317187817609,167.82235717773438,13346800,156.77374529640343,157.35278461842853,153.2338793264626,154.87889099121094,53329000,120.86531009404065,126.1506774907381,118.99050434542877,125.74180603027344,414192600,530.0934194702492,531.272530660959,528.5830271026286,530.9119873046875,37936200,30.506479631824043,30.635659327313434,30.099064267547327,30.546226501464844,29323600
2024-06-26,160.60000610351562,160.74000549316406,156.0,157.5399932861328,36973400,167.35561093696586,168.88215952152308,165.48875946312677,167.3070068359375,11901500,156.52780764070982,158.54218620114898,154.17345355042147,155.97718811035156,46479000,125.7817056647018,127.76620840809865,122.26145451808375,126.05096435546875,362975900,529.8010709636176,532.2859175813455,529.1579572826417,531.5745849609375,38550600,30.446856525218326,30.48660529023788,30.079189925414628,30.347488403320312,30743000
2024-06-27,157.17999267578125,160.61000061035156,156.80999755859375,159.47000122070312,34018200,168.9793949563719,170.6226172422111,166.4124721369809,166.8791961669922,10864600,155.9771812034524,157.31160864510264,153.9197021909371,155.45399475097656,31649000,123.75731801767638,126.0609445300648,122.58057607711103,123.64762115478516,252571700,531.4380824208646,532.9874907686532,530.6974877125363,532.4125366210938,35041500,30.228244464597882,30.466731372376067,30.099064766965085,30.397172927856445,30184300
2024-06-28,160.22999572753906,166.4499969482422,159.41000366210938,162.2100067138672,56204600,168.02649054520347,171.92550031019988,168.02649054520347,168.99880981445312,11216100,156.35731907202185,160.60456848192243,155.38932850520658,157.3027801513672,69377000,124.23598924744037,127.35734339260638,122.41104074475835,123.19886016845703,315516700,533.1824029810238,536.2227551968151,529.0799883321372,530.3175048828125,76144500,30.556163935664028,31.11263338233784,30.526352361702315,30.774776458740234,41467700
2024-07-01,161.25,161.50999450683594,153.63999938964844,157.69000244140625,50436700,169.41691732809974,170.4475733949656,165.73181893459096,167.55978393554688,10717000,157.56439263817637,161.53729668626312,156.1241498887123,160.75839233398438,47623000,123.12903917893966,124.49525105867885,118.50185313382865,123.95674896240234,284885500,531.6914448156673,531.9350583633359,528.6609065569018,531.4088745117188,40297800,30.71515590338328,30.824463115065406,30.417047738300834,30.645597457885742,32401800
2024-07-02,157.0399932861328,164.5800018310547,156.6999969482422,164.30999755859375,57838600,166.3930104842456,171.81855408668164,166.29577261738433,170.8365020751953,10655500,160.75839135598414,162.56113908928052,158.9164450046334,162.3926239013672,32539000,120.79550474728765,123.06921506851164,120.69578241236393,122.33125305175781,218374000,529.8107580224772,534.985107421875,529.7620472078919,534.985107421875,40434800,30.66547207706199,31.112634328128223,30.39717358922695,30.874147415161133,35999300
2024-07-03,164.1999969482422,165.25999450683594,162.50999450683594,163.89999389648438,26980900,173.06311604446103,177.4385528564453,172.95616032893372,177.4385528564453,11808700,163.6193327295304,169.42144775390625,163.0765468005268,169.42144775390625,39954000,121.324065820501,127.92578125,121.02489116241942,127.92578125,215749000,534.6733013066347,537.7331019058091,534.6343445482383,537.37255859375,32789900,30.923832959411207,31.14244548620724,30.71515572877935,31.033138275146484,24065700
2024-07-05,165.97000122070312,174.0399932861328,165.67999267578125,171.89999389648438,61857100,179.04289092334855,179.9568735188858,177.25382681605913,178.8970489501953,11372900,172.0020907446864,172.97302657282873,166.1666686452431,166.8828582763672,45240000,127.02825932218164,128.4942089959331,125.33295662282136,125.4825439453125,214176700,537.6746952876072,540.8708746254604,537.041276170241,540.4713745117188,41488400,31.2020665029894,32.13614164734713,31.112633675586775,31.818159103393555,45309400
2024-07-08,174.89999389648438,178.9499969482422,173.22000122070312,178.69000244140625,60223400,184.74068562267763,187.46318290440038,180.0054949020023,181.46397399902344,22582400,167.04845949908702,172.13339740309533,167.04845949908702,171.05174255371094,36398000,127.13793933281039,130.40888813496693,126.68918503314605,127.84597778320312,237677300,541.250918262468,542.0402238948535,540.0328503436032,541.0950317382812,36110500,32.82179017277948,33.87510969875,32.613114843025684,33.77574157714844,82315900
2024-07-09,177.97000122070312,180.41000366210938,174.6999969482422,177.10000610351562,43395600,182.88354110334402,183.22385880691678,177.44827955338025,179.41236877441406,19935200,172.10008905346427,173.51289904132886,167.10332563342544,169.8221435546875,37802000,129.99007251430768,133.45049207075732,128.29475452643044,131.01722717285156,285366600,542.0499781069125,542.946459442177,541.3288914148972,541.6212158203125,27289700,34.79924945469186,34.99798949894323,33.507444853034585,34.3719596862793,97546900
2024-07-10,179.99000549316406,187.27999877929688,177.8000030517578,183.9600067138672,90247000,183.0682832260483,186.1213653448112,181.5320168962176,185.76161193847656,19293500,171.06546307283904,173.07297986823912,169.14121719446027,170.93710327148438,41074000,133.6599006676726,134.72695337207693,132.0543457649315,134.5374755859375,248978600,542.83922140572,547.3216870432971,542.546897033872,546.9806518554688,38701200,34.22290250728898,34.7495641747144,33.91485905060243,34.65019226074219,52256200
2024-07-11,184.07000732421875,187.11000061035156,177.25,181.94000244140625,59231400,187.74514915203287,188.1146352712272,177.94416783183817,179.39292907714844,21584200,172.89369237627676,172.91426343304468,163.47235767511998,167.14154052734375,51026000,135.37513539330575,135.77402473321786,126.69916290866759,127.0481948852539,374782700,547.0975967198616,547.9648752769439,541.6309226493873,542.2642822265625,53054200,34.809184100885474,34.928430399599435,33.10002884981283,33.2888298034668,55213700
2024-07-12,182.02000427246094,186.99000549316406,179.69000244140625,181.61000061035156,50827400,178.00253626711066,185.11018936962918,177.6913869086354,182.1640625,19220300,167.63921423532472,169.09709785193508,165.7071349785734,166.6241912841797,30453000,127.90581292565753,131.5557097271737,126.86869151292463,128.88311767578125,252680500,543.3849335691044,549.270615886068,542.9172145567801,545.6846313476562,53084400,33.55712801341558,35.25634795426933,33.55712801341558,34.27259063720703,62792600
2024-07-15,184.4499969482422,185.5,178.5399932861328,179.8300018310547,42202700,183.45720362594088,184.7990090457978,178.98454362044373,180.09298706054688,15683100,166.55857690026536,169.9975162531262,165.83355183061957,167.9498291015625,22999200,130.19946809344353,131.02717795052595,126.828804392605,128.0853271484375,208326200,547.6725298408394,550.4107438001307,545.3338159394242,547.185302734375,40584300,34.48126375284248,35.00792159998404,34.093722786783545,34.242774963378906,39847900
2024-07-16,179.69000244140625,179.75,174.52999877929688,177.5500030517578,40633100,183.05857218683545,184.34202604200092,179.89853423014517,180.89028930664062,16663300,168.90996381596517,169.3116674481178,163.0314265840885,165.95111083984375,22244900,128.0853283678797,128.68366239858466,124.2359867587292,126.01107025146484,214769500,548.491203932759,550.7226833438011,547.7408549295951,550.4303588867188,36475300,34.143409539494236,34.232842368767805,33.626686947097056,34.12353515625,28409900
2024-07-17,169.8000030517578,169.8000030517578,159.3699951171875,159.42999267578125,76954200,170.3698028894983,171.69215783928135,165.7901720833152,166.46107482910156,45052600,159.0242470390404,159.5435166963446,152.45988263829884,152.8223876953125,43343400,121.01490699704938,121.51352631521466,116.39769484983655,117.6641845703125,390086200,544.5250561904461,546.1913944708481,542.3909988738491,542.7125854492188,57119000,35.85256576329393,36.925755839253235,34.18315560900105,34.242774963378906,112304200
2024-07-18,163.41000366210938,163.41000366210938,153.1999969482422,155.77000427246094,69420300,170.64204222211015,173.74374325513054,159.95624745637951,167.11251831054688,52903600,155.67348492873134,158.2404417665159,150.78449538931184,157.27049255371094,37973500,121.51351868069985,122.062002939552,116.23812571295703,120.755615234375,320979500,544.2424632762184,545.2266716040288,536.3688561297039,538.5418701171875,56270400,34.73962508799172,36.07117841001198,34.31233533453851,34.65019226074219,84188600
2024-07-19,154.86000061035156,155.80999755859375,150.6199951171875,151.5800018310547,47513100,164.48724547690054,165.79988239684968,160.64658741287633,161.18136596679688,22585300,158.56373805508736,160.63102421207256,153.93928764656965,154.16464233398438,26309500,120.01766279092804,121.26421102849133,117.04589605324009,117.6043472290039,217223800,538.3080081974957,539.9256355832753,533.9132099479913,534.9656372070312,65509100,34.35208356711346,34.362022653681926,32.64292457982029,32.7721061706543,69628700
2024-07-22,154.22999572753906,156.6999969482422,152.5399932861328,155.8699951171875,43912500,161.9981320455545,166.1499399408258,161.58002699837868,164.66229248046875,21037200,156.98634577539465,159.69048269708966,154.7035118313107,157.79954528808594,28813300,120.01766653236042,123.72739542032818,119.52902173833405,123.19886016845703,258068900,538.8732057821688,541.0852359846874,536.9438053796708,540.4810791015625,43346700,33.07021606470152,33.19939766232487,32.55349346485917,33.15964889526367,48503700
2024-07-23,154.9499969482422,157.0500030517578,153.8000030517578,154.0,31950600,164.73034131504184,166.79165357460326,163.32048123493774,165.11927795410156,11690700,157.152922636918,161.98312952608362,156.6630444305063,160.4547119140625,21570200,122.44096551828241,124.34569507405075,121.76284290265906,122.2514877319336,173911000,540.3738360482369,542.5176472841652,539.1460736583557,539.63330078125,34439600,32.75223342263411,33.020531913608885,32.623055616004486,32.7422981262207,29466400
2024-07-24,152.72000122070312,153.67999267578125,144.52999877929688,144.6300048828125,49203100,160.5201954442306,160.87023099826504,155.17243910206975,155.3766326904297,19536600,157.10393563244207,158.14247496438543,148.04118945666735,148.2763214111328,37162600,118.84094520389964,119.61879024555279,113.12677117739956,113.93453216552734,327776900,534.8390224206132,535.1411009025868,526.4879411580819,527.4039306640625,74515300,32.32494148650973,32.59323995949019,31.460426711784343,31.50017547607422,62216700
2024-07-25,144.07000732421875,144.75,136.80999755859375,138.32000732421875,60578500,153.78202582059797,158.87696951599563,147.89949102053706,155.8433380126953,25731800,148.19791569740312,150.441565741112,142.57412474308455,146.2384033203125,30872100,112.72785895570485,116.30794209044977,106.00647252262672,111.96995544433594,460067000,527.520781647899,533.4747422855404,523.7204457786454,524.6558837890625,61158300,31.17225584068728,31.78834652633028,30.754903291082982,30.90395736694336,49774000
2024-07-26,140.32000732421875,141.2899932861328,138.27000427246094,139.99000549316406,49435800,159.75207171380862,160.03403779647644,154.7835192561113,157.4573974609375,13089200,150.39257940648213,150.4709616978799,146.88505035337306,148.56044006347656,20839900,115.86915683172242,115.87912373985303,111.27188621900741,112.74779510498047,293399100,528.427065396124,533.2116094688655,527.6572084941715,530.5318603515625,53763800,31.23187753157216,31.361057227049322,30.824462167334016,31.152381896972656,38352500
2024-07-29,141.19000244140625,144.58999633789062,138.75,139.75,47447200,158.1769013758478,158.7116799742689,154.23901996114586,155.580810546875,12663100,148.9425807252226,151.86225078005506,146.13066952871995,147.17901611328125,16625800,113.3760598876514,115.95890423286832,110.99266022089631,111.28185272216797,248152100,532.0715107948711,533.0751677112492,528.8557642968128,530.8436889648438,39515800,31.221941203638227,31.27162526588968,30.595913300772725,30.63566017150879,32342200
2024-07-30,139.8800048828125,141.6999969482422,134.0500030517578,138.44000244140625,68801700,155.99891522208486,156.68925363597006,148.32731632431262,150.26222229003906,22018000,150.1770072415277,150.36316328436575,140.4480367701335,140.61459350585938,31102300,111.21204752075072,111.68075088933978,102.2568489765504,103.44356536865234,486833300,532.305359200303,533.3577863863941,524.7630932312389,528.1541748046875,46853600,30.655533712816226,30.715154964946016,29.820828601697457,29.94007110595703,48256600
2024-07-31,150.72999572753906,153.60000610351562,140.02999877929688,144.47999572753906,114306800,159.23674887751324,162.03701860070075,157.5838089002423,161.21055603027344,19860400,148.40369831300345,158.064096703128,147.94321162387786,157.42724609375,45827500,112.58823561538453,118.01320824039244,110.57380945153913,116.69685363769531,473174200,534.9559895004857,539.3605426844409,533.5917889444148,536.7392578125,65663400,30.34748836260998,30.675408092279664,30.08912707630577,30.546226501464844,56110600
2024-08-01,145.0,147.2899932861328,130.24000549316406,132.5399932861328,94731900,158.9547791956834,163.0288000563954,152.4985786547921,153.80148315429688,21095600,154.31160310377584,155.69306294810787,143.2109634484186,144.04376220703125,40320000,117.20544905631927,119.82819139029307,106.51505026446524,108.9084243774414,523462300,538.4542082657176,540.6954412129795,525.6498647611072,529.138427734375,76428700,30.238180548162198,30.516414316046976,28.70788724349436,28.866878509521484,107672500
2024-08-02,133.5,137.10000610351562,131.3300018310547,132.5,78562000,147.0633000211277,149.6010540893291,142.82398710970668,145.71177673339844,31095300,139.05680037298137,142.40757997585052,136.77398141736145,140.90855407714844,33745800,103.47347587762454,108.4197782586363,101.09007631034588,106.9737777709961,482027500,522.0639142511643,523.272228120303,515.096541908473,519.2867431640625,82789100,21.801700111553938,21.8414469830145,20.291281089542203,21.3445987701416,300895900
2024-08-05,122.16000366210938,139.13999938964844,121.83000183105469,134.82000732421875,76089400,130.154641091944,145.84787146849786,129.8726750684598,143.8546142578125,31193100,126.98619066055907,142.47613244641087,125.89866077493555,139.20375061035156,41309300,91.80578374541406,103.12444802394918,90.43957172286065,100.17261505126953,552842400,498.5698494257554,510.2048370125756,497.23482195550594,504.1632080078125,146267400,20.072667229540986,20.26146817330116,19.168403693593557,19.983234405517578,147385700
2024-08-06,135.14999389648438,136.44000244140625,129.10000610351562,130.17999267578125,64455600,146.27573642135138,153.34450278324226,143.6310264029486,151.08871459960938,24528100,138.8608619835696,145.89552028384904,137.41082678528207,141.00653076171875,24751300,103.55325619325184,107.41257244920943,100.27234777984627,103.96212768554688,409012100,505.9561065265441,516.2171383151375,504.64061708101707,508.8113098144531,84826300,20.191910941842604,20.4999563012095,19.62550428595571,19.704999923706055,106670400
2024-08-07,133.75,136.24000549316406,128.3699951171875,128.6699981689453,54676500,157.07819090923712,158.1477332716165,150.24278719839774,150.74838256835938,22379000,145.24885827824832,147.06141324852445,133.0802879318251,133.51138305664062,29749800,107.51228858966286,108.49956025923653,98.41747763354093,98.63687133789062,411440400,514.9698561147811,518.0102083711349,504.8160585530724,505.41046142578125,70698300,19.920000076293945,20.25,18.950000762939453,18.989999771118164,97972300
2024-08-08,131.97000122070312,136.47999572753906,128.94000244140625,136.32000732421875,49037500,154.86131763129126,160.1896238798978,151.23455552526522,159.9951629638672,18889600,138.3415861499181,143.3089577517831,135.59826552826982,142.78968811035156,27583200,101.71832293161789,105.20865754201655,97.25069128264433,104.68012237548828,391910000,510.52630556896884,517.7177827712244,508.5092375881122,517.0941772460938,63276600,19.100000381469727,20.549999237060547,18.84000015258789,20.489999771118164,96836800
2024-08-09,134.69000244140625,135.5,132.44000244140625,134.27000427246094,40583000,161.71615969330506,163.15518816180168,158.72141434679025,162.49400329589844,20519400,141.2808587148125,146.52256102015633,141.19268423376212,145.2586669921875,18438700,105.348288539487,106.30563671378638,103.14439207443418,104.46074676513672,290844200,516.2756927717697,520.8556404311238,515.0576247493872,519.3744506835938,45619600,20.079999923706055,20.149999618530273,19.5,19.709999084472656,76394500
2024-08-12,134.44000244140625,137.99000549316406,133.22999572753906,136.77000427246094,39724300,161.4050133809099,164.83729952673525,160.95773994833735,162.98989868164062,14727300,145.08234249353882,148.0706027710226,143.4069523216061,145.6114044189453,17778500,106.02641463942724,110.76329830179426,105.96658275414626,108.71895599365234,325559900,520.563206135425,522.0443360943832,517.3864758873478,519.647216796875,42542100,19.8700008392334,19.969999313354492,19.0,19.360000610351562,54677600
2024-08-13,138.1199951171875,141.19000244140625,137.52000427246094,141.1300048828125,42218000,163.34965647802633,167.67647476864317,161.7356027401821,167.56951904296875,15243500,148.48207159746403,153.2142963632373,146.77729023808834,152.99874877929688,22053600,112.1295177782614,115.90905322658823,111.27189191883488,115.81929779052734,312646700,522.8240435638112,528.4271563186212,522.5804299657759,528.1932373046875,52333100,19.479999542236328,20.479999542236328,19.469999313354492,20.469999313354492,77511300
2024-08-14,143.0,143.25,137.63999938964844,140.75,35506400,167.12223955291702,167.73479059940834,162.56205983887259,165.26510620117188,11510300,154.82112416887884,157.00597694760748,151.587924773738,154.497802734375,20184200,118.2026834397928,118.27248983356148,113.75500044516707,117.7539291381836,339246400,528.9825253913183,531.0386692920978,526.3222840215557,529.8595581054688,42446900,20.489999771118164,20.5,19.790000915527344,19.920000076293945,56758200
2024-08-15,143.0,147.9600067138672,141.80999755859375,147.36000061035156,43582400,167.65702155488526,170.5837123487815,166.09160161487804,169.14468383789062,15393500,157.93670076633035,163.29596852278718,157.09410981330714,162.76690673828125,27945000,118.43206727440648,122.89969228155606,117.1456284695593,122.52074432373047,318086700,535.4625975238755,539.22397656437,534.8584406614526,538.94140625,60846800,20.31999969482422,21.059999465942383,20.229999542236328,20.690000534057617,84814900
2024-08-16,145.6999969482422,149.3699951171875,145.1999969482422,148.55999755859375,31123900,168.5904416526715,170.15587630816322,167.48199825189207,169.70860290527344,10710000,161.14053885560728,162.72773946477338,159.3867664998949,162.365234375,19296900,121.60327554530542,124.6548231821397,120.84537209002657,124.2359848022461,302589900,537.3335322529779,540.8416031495808,537.1776457463574,540.1497192382812,44430700,20.530000686645508,20.899999618530273,20.40999984741211,20.8700008392334,48582700
2024-08-19,148.42999267578125,155.3699951171875,147.72000122070312,155.27999877929688,60766900,169.92249643241558,170.59339904785156,166.36381946998554,170.59339904785156,11511000,161.52264487297506,164.43252265210816,157.17252395265902,164.31495666503906,20441700,123.93683014253082,129.6410369873047,123.07920421225627,129.6410369873047,318333600,540.5590500378348,545.3143920898438,539.7112794996588,545.3143920898438,39121800,20.889999389648438,21.860000610351562,20.84000015258789,21.520000457763672,65956300
2024-08-20,156.49000549316406,162.0399932861328,154.50999450683594,156.39999389648438,76851200,170.5448104273546,170.5448104273546,165.1484498289352,167.27781677246094,13555500,163.66829886227194,164.9615694513999,160.82699651891576,162.59056091308594,19417500,128.0454312895895,129.52135538667704,125.54236785937302,126.89861297607422,300087400,544.8660675368706,546.5128974468605,543.0925538279611,544.4275512695312,33732300,21.209999084472656,21.229999542236328,20.81999969482422,20.989999771118164,84161300
2024-08-21,156.1199951171875,158.64999389648438,155.07000732421875,157.80999755859375,42791200,165.64432083862255,168.28903059014516,165.20678010955484,166.69442749023438,9434800,161.77735323464805,163.10003020131327,159.58270872093266,162.4239959716797,16097700,126.96843015643721,128.99283109530663,126.31025657503493,128.14517211914062,257883600,545.4703825334594,547.7505726232929,540.5590940766256,546.2986450195312,41514600,21.06999969482422,21.440000534057617,21.06999969482422,21.40999984741211,57028900
2024-08-22,158.8699951171875,159.83999633789062,151.00999450683594,151.6999969482422,45737300,167.23891757577047,168.48348507779323,161.4633386298506,161.83282470703125,13546100,167.38154716145831,168.92956376570132,158.22083557703235,159.05361938476562,30044500,129.66097288180268,130.38895283197962,122.7600756761678,123.39830780029297,376189100,548.18892980085,548.7930866218962,540.8025506157201,542.0108642578125,56121500,21.389999389648438,21.399999618530273,20.040000915527344,20.100000381469727,81444700
2024-08-23,153.60000610351562,156.39999389648438,151.8300018310547,154.97999572753906,43694600,164.32196205507597,168.49320533306678,163.27185542843702,166.53884887695312,12189100,161.6891709431621,164.8733787202466,160.15096142171532,162.99224853515625,18848000,125.51243939894613,129.24211690201355,124.87420736161047,129.0127410888672,323230300,545.236462053231,548.7055171032431,543.053634385247,547.77001953125,50639400,20.31999969482422,20.93000030517578,20.260000228881836,20.540000915527344,73398400
2024-08-26,154.6999969482422,158.27999877929688,148.91000366210938,149.99000549316406,49893300,165.6637811836147,166.3152333896991,163.174645937556,164.39004516601562,9611300,161.62062838557722,162.34563858084428,155.44815984402157,156.3887176513672,18521200,129.21222218734667,130.8975427630235,124.0265765218376,126.11080169677734,331964700,548.7931322733509,549.504464836925,544.7686315002069,546.4641723632812,35788600,20.530000686645508,20.559999465942383,19.950000762939453,20.1299991607666,58534800
2024-08-27,150.1300048828125,151.6999969482422,148.44000244140625,150.5,35102700,161.81338731069206,165.85823943902489,160.47158183628932,165.82907104492188,9186000,154.4096089857667,158.7499225034445,152.67543603507332,158.1228790283203,16683100,124.70469880770285,128.84323320422493,123.53792378071748,127.94572448730469,303134600,545.197411094177,547.7017657101911,544.057316249273,547.2145385742188,32693900,20.1299991607666,20.260000228881836,19.84000015258789,20.06999969482422,43862000
2024-08-28,149.39999389648438,150.42999267578125,144.72000122070312,146.36000061035156,34075800,166.57774540997497,167.69590664230012,161.599460630359,164.51641845703125,10581400,156.83939017677946,158.99485104513474,153.08692175669205,154.97784423828125,18063600,127.76621672239743,127.97564354365645,122.30135293496008,125.26315307617188,448101100,546.8734758569603,547.3022380940843,540.8610504788411,544.0377807617188,41066000,19.979999542236328,20.110000610351562,19.510000228881836,19.610000610351562,50144900
2024-08-29,146.58999633789062,149.49000549316406,144.47000122070312,145.49000549316406,31602100,163.98164430420718,170.56425013119613,162.873200893678,164.46780395507812,13213200,155.28159105054303,159.89623513931835,152.26393966440952,153.75315856933594,23519300,121.02487540717718,124.08639756190335,116.38771446055243,117.2652816772461,453023300,545.9964384879656,549.2803444323956,542.9463920388357,544.0864868164062,38715200,19.760000228881836,20.600000381469727,19.75,20.1299991607666,64529700
2024-08-30,147.52000427246094,148.99000549316406,145.25,148.55999755859375,31169100,165.3526319126286,167.46256319354057,164.0788958946214,166.94723510742188,9481400,157.85832813389422,159.93542162768907,155.4971268447959,159.52392578125,25158500,119.19992897597831,121.41379989153823,116.89631023816276,119.04037475585938,333751600,546.4446989296116,549.7870696872616,542.9074254374239,549.2803344726562,62700100,21.25,22.1200008392334,21.0,22.040000915527344,177785400
2024-09-03,146.41000366210938,146.49000549316406,136.10000610351562,136.94000244140625,42172700,163.34967573767054,164.010845875128,155.37665881775834,156.0475616455078,18464400,157.1333222250157,157.48603509560644,148.315515410142,149.69696044921875,37179100,115.68965834345619,115.88910303086084,106.99373606605621,107.70177459716797,477155100,546.1523719656589,546.4837125964749,535.4723909219692,537.9767456054688,60600100,21.540000915527344,21.690000534057617,19.989999771118164,20.100000381469727,115305500
2024-09-04,140.50999450683594,143.3699951171875,138.50999450683594,140.8699951171875,42130600,154.89047379773615,159.34369815439902,154.55015609423916,156.41700744628906,11317400,147.25738424626107,154.595749832084,146.13065545965884,151.0000457763672,20324100,105.11892359162538,112.95721192187169,103.83248489547353,105.91670989990234,372470300,536.1447696240151,540.2666922950722,535.4236829556569,536.8756103515625,47224900,19.760000228881836,20.049999237060547,19.280000686645508,19.43000030517578,85871900
2024-09-05,138.1999969482422,141.7100067138672,137.8300018310547,139.44000244140625,25023000,157.06847240743693,160.03404960248528,156.59204538746346,159.16868591308594,10260600,147.52192750674297,153.19471045336385,147.07123298728527,149.72637939453125,31548500,104.70008464878364,109.34722045042044,104.47072401794104,106.91395568847656,306850700,536.817154296066,539.6527901961324,533.1239343608661,535.56982421875,44264300,19.280000686645508,19.899999618530273,19.239999771118164,19.399999618530273,65388800
2024-09-06,138.6999969482422,139.1300048828125,132.11000061035156,134.35000610351562,39993500,160.32575137718635,160.83136163863486,151.69155002877287,152.47914123535156,14964400,140.35010088621263,140.5950399802549,133.834726964647,134.22662353515625,76634600,107.74166341909986,107.85136027800363,100.67123751563678,102.54605102539062,413638100,535.8913798019039,537.5089477091443,525.659610039857,526.5560913085938,68493800,19.440000534057617,19.489999771118164,18.639999389648438,18.889999389648438,92686500
2024-09-09,136.10000610351562,138.4499969482422,134.86000061035156,138.14999389648438,27194500,156.31005020283277,158.58528871148212,155.81417268547378,158.27413940429688,10339000,136.29389427083225,138.72368561579881,132.16911382786094,137.9692840576172,39516700,104.59037402854703,106.25576815185318,103.40366535444588,106.17598724365234,273912000,530.7365485093424,533.718376233379,528.8168426461983,532.4515380859375,40445800,19.0,19.540000915527344,18.950000762939453,19.06999969482422,64244100
2024-09-10,139.05999755859375,143.0800018310547,137.25,142.83999633789062,37217500,158.3810960544382,158.3810960544382,153.3250384743025,157.93382263183594,11910800,138.3611989712416,146.82629360606094,138.18483504661197,145.20970153808594,36067500,107.5122906776436,109.09790400275718,104.66018768236026,107.8014907836914,268283700,534.3516827554222,535.1215396263949,529.4989199451313,534.7706909179688,36394600,19.030000686645508,19.110000610351562,18.510000228881836,18.979999542236328,55621300
2024-09-11,145.32000732421875,150.16000366210938,140.7100067138672,149.86000061035156,50935400,159.2659077073678,165.66377061832227,156.95178297631193,165.51791381835938,15059500,145.38605692706852,155.65390018946104,142.10386688680273,155.06605529785156,39700800,109.08794174088705,116.86640671242463,107.12338026732812,116.5871810913086,441422400,534.683107736862,541.1729474655668,526.1663863296421,540.2569580078125,75248600,19.010000228881836,19.690000534057617,18.520000457763672,19.639999389648438,71403100
2024-09-12,148.42999267578125,151.5399932861328,147.64999389648438,150.77000427246094,29233700,166.4899209138402,168.0025664931856,164.92846206210754,167.29991149902344,13399900,154.89946657211274,162.95306401141553,153.65517196898855,161.2286834716797,43530700,116.52732649632485,120.46676065848584,115.07123444451854,118.82117462158203,366052700,540.831888043875,545.1097566752126,538.619857760852,544.8076782226562,51819600,19.43000030517578,19.540000915527344,19.040000915527344,19.360000610351562,51520600
2024-09-13,152.32000732421875,153.02999877929688,150.6999969482422,152.30999755859375,25117200,168.09041598412492,170.55946227818242,167.31944024845473,168.34414672851562,8787800,163.36456838131448,164.67743821554885,160.71921445127626,164.2953338623047,29850000,118.76133738659651,119.6389797203674,117.28529459768677,118.78128051757812,238358300,545.4119039398827,548.6470997461229,545.1585362749396,547.6531372070312,39310500,19.489999771118164,19.799999237060547,19.489999771118164,19.65999984741211,44236300
2024-09-16,151.6999969482422,154.44000244140625,150.91000366210938,152.0800018310547,27677800,165.81656687732556,166.45090125483867,162.7522157057264,165.00656127929688,12194300,161.8459284340241,162.14965046284775,157.16269501241788,160.69961547851562,26126900,116.47746652004345,117.8637462195167,114.05396898625607,116.46749114990234,248772300,547.3899785889079,548.7249762940762,545.5970158864217,548.4619140625,36656100,20.030000686645508,21.06999969482422,19.760000228881836,20.90999984741211,149337000
2024-09-17,153.5500030517578,154.0399932861328,149.22999572753906,150.82000732421875,29889000,165.27006907506313,166.13862682707202,162.35209802941705,163.31825256347656,8629100,162.13989891323942,162.65916863133054,157.44685718571787,159.1810302734375,19844300,117.85377554798693,118.48209453930119,114.52271703198278,115.28067779541016,231925900,550.6640853659264,552.1063181322738,546.4641898322706,548.6859741210938,49321000,21.709999084472656,22.579999923706055,21.239999771118164,21.469999313354492,196249800
2024-09-18,150.89999389648438,152.82000732421875,148.00999450683594,148.2899932861328,26320100,164.40148776751542,167.46583865599726,162.9766553660896,163.24990844726562,9116000,160.45468032107092,164.07977534476916,158.0934642431069,158.39718627929688,26557600,115.57987289959789,117.38502682895009,112.91701975753097,113.06661987304688,310318900,549.3388444863224,554.1624050516696,546.5032087102647,547.0586547851562,59044900,21.360000610351562,21.739999771118164,20.719999313354492,20.770000457763672,118727900
2024-09-19,153.80999755859375,159.25,152.77000427246094,156.74000549316406,44500000,170.17888078245113,173.49696278594524,168.47104139129257,171.97454833984375,15855000,164.82588159393282,167.10639965942514,162.8402751737781,164.5703125,32453100,117.0359679559666,119.33979153223306,116.93623707940027,117.55458068847656,293506400,556.4232441155169,558.245469176007,553.5680997187276,556.3939819335938,75315500,21.280000686645508,21.690000534057617,21.030000686645508,21.139999389648438,99829200
2024-09-20,156.0,157.4499969482422,152.47000122070312,155.9499969482422,40248200,170.6570540287568,171.77935733993115,169.46644489025275,169.88609313964844,18429800,164.33437799969138,169.0920064845434,163.6364714961205,168.1876678466797,91758500,116.74673611998301,118.30256661567998,115.08120699289479,115.6895751953125,382462400,555.0314034219361,556.4682163688195,552.4215869805491,555.43212890625,77503100,20.889999389648438,23.139999389648438,20.350000381469727,21.84000015258789,260377900
2024-09-23,156.4499969482422,157.19000244140625,154.97000122070312,156.75,21728500,170.62777231260267,171.17427847780922,169.51523765023902,170.54969787597656,5794200,169.07235069344816,170.3698898866937,165.48448413475427,169.99635314941406,29431100,116.23810026304875,116.67691759238959,114.55262048539709,115.9488754272461,206228500,556.4976160471946,557.4652754060183,555.2855361955778,556.8201293945312,44116900,22.43000030517578,22.81999969482422,22.030000686645508,22.559999465942383,184439100
2024-09-24,157.4600067138672,159.63999938964844,154.5800018310547,158.32000732421875,27531200,175.17553443495356,178.37651236871025,172.78456215209934,177.58602905273438,14576100,169.8685376995047,172.99441759852576,168.75776702796662,171.86398315429688,34223400,116.20818908018337,121.47406618937484,115.07124032940908,120.54655456542969,354966800,557.6118194350487,558.4719742881841,554.796778035406,558.413330078125,46805700,22.530000686645508,23.110000610351562,22.290000915527344,22.809999465942383,113082500
2024-09-25,158.5,162.9499969482422,158.17999267578125,162.02000427246094,35233300,177.14684263389347,179.3914342440592,176.8443135052214,177.95684814453125,8280900,171.6772080786937,174.12483021500125,170.8023577165623,172.53240966796875,16613800,121.69346336275538,124.60565503965537,121.28456450552947,123.17948150634766,284692900,558.2568638249757,558.9899461465259,556.0771251545262,557.181640625,38428600,22.799999237060547,24.059999465942383,22.729999542236328,23.540000915527344,117013400
2024-09-26,167.05999755859375,168.67999267578125,164.0500030517578,167.49000549316406,38044900,183.95869864900547,184.76870425493178,179.3719330137114,182.3289337158203,15103400,175.46171019764196,177.1819230427169,172.0212845074921,175.05868530273438,24340000,126.46067739619816,127.32834434574869,121.47405774507013,123.70806121826172,302582900,561.4238456875147,561.7464186568862,557.0449191197562,559.3907470703125,48336000,24.280000686645508,24.420000076293945,23.25,23.920000076293945,95416900
2024-09-27,167.47999572753906,168.72999572753906,163.74000549316406,164.35000610351562,27876000,181.36278128499518,181.4603780641411,173.12611346865228,173.68238830566406,17908400,175.13732994344704,175.43222658148778,168.83643227354278,169.7506103515625,20580900,123.63824105329503,123.69807805046355,118.9408465511356,121.07511901855469,271009200,560.4562017753216,561.2674367221593,557.5531642883332,558.5794677734375,42100900,24.15999984741211,24.65999984741211,23.700000762939453,23.90999984741211,85883300
2024-09-30,163.10000610351562,165.0800018310547,162.17999267578125,164.0800018310547,21881600,170.0714974327564,172.56006590029662,167.78786131351276,169.48594665527344,13540200,168.94456133056377,169.97669206899792,166.74269842090814,169.5638427734375,16902000,117.99338454190688,121.17485011984382,117.8338166794872,121.1150131225586,226553700,557.5530628987858,561.423758958094,555.2658795088603,560.8177490234375,63557400,23.739999771118164,23.950000762939453,23.09000015258789,23.459999084472656,66308200
2024-10-01,164.47999572753906,165.39999389648438,158.0800018310547,159.75,31831900,171.08646304637276,171.75008836146762,166.6656001204278,167.92453002929688,11850200,169.229649723796,169.31811422434018,162.97790336785764,164.61947631835938,23770400,121.44412897274735,122.11234177416986,115.48013626179672,116.68689727783203,302094500,560.4659694617594,561.1110557410046,553.2328657284514,555.7937622070312,72668800,23.459999084472656,23.719999313354492,22.260000228881836,22.690000534057617,86344400
2024-10-02,159.30999755859375,163.10000610351562,158.6699981689453,159.77999877929688,24630400,168.7931060105185,172.70649293015308,166.67537189665615,171.56468200683594,11164400,164.69807797030288,169.89802849750606,164.17710047888596,167.75514221191406,14317800,116.12839762685847,119.06052472572213,114.83187351018621,118.53194427490234,221845900,554.9042355240985,557.0448382675937,552.519272009238,556.0282592773438,38097800,22.670000076293945,23.06999969482422,22.350000381469727,22.389999389648438,59033900
2024-10-03,159.7100067138672,166.7899932861328,159.39999389648438,162.85000610351562,29598800,171.56464081025592,176.43441252439624,170.90101558262535,175.15597534179688,12555000,166.73283710161436,171.96229082230062,166.31016347332903,168.96420288085938,13072300,120.59641230247804,124.0272091849403,120.01796257527629,122.52124786376953,277118000,554.562134456547,556.9470981426042,552.7343205282026,555.0117797851562,40846500,22.139999389648438,22.729999542236328,21.649999618530273,22.260000228881836,49565900
2024-10-04,166.52999877929688,171.2100067138672,164.4199981689453,170.89999389648438,44556500,175.37068457355463,176.8638227921339,173.27248809131413,176.79551696777344,9993800,173.2991678782686,173.88894616712756,169.66214926690614,173.6333770751953,17921400,124.60565935860969,124.70539023390367,121.50398120040512,124.58570861816406,243678100,559.4396258955153,560.4268531332793,555.2854920412735,560.055419921875,42939100,22.700000762939453,22.90999984741211,22.299999237060547,22.59000015258789,49845500
2024-10-07,171.0800018310547,172.41000366210938,168.2100067138672,170.97000122070312,38379900,177.22490771214464,180.54298912334696,176.57103621486928,180.06478881835938,12054200,171.8443607216712,175.27494712840203,170.9006944756959,172.0999298095703,15588300,124.65550686574433,130.2903881845544,124.61561299835192,127.37820434570312,346250200,558.4133612174717,559.0585072225006,553.8487175811873,554.9923095703125,49964700,22.399999618530273,22.649999618530273,22.020000457763672,22.3799991607666,54928700
2024-10-08,171.75,173.60000610351562,170.0,172.8000030517578,34730200,180.50398217151766,182.04590398012067,177.6445634821452,181.56771850585938,10394200,172.43414753969842,178.50896461363257,171.91316995071728,177.6537628173828,20774200,129.91139625758697,133.12278019873037,129.07364789501582,132.53436279296875,285722500,557.55305938903,560.8373134452193,556.6831803969445,560.2410278320312,37398700,22.25,23.420000076293945,22.049999237060547,23.31999969482422,58650500
2024-10-09,174.0500030517578,174.0500030517578,169.5500030517578,171.02000427246094,33890700,183.27554212170944,183.47072076130547,177.86900296872747,182.63143920898438,11925000,176.18913249926564,183.24691336362312,173.41712497377702,182.784912109375,25504100,133.75111306364067,134.16001952786942,131.02842299164354,132.29501342773438,246191600,560.2312569183572,564.6786707180951,559.6350309496581,564.1215209960938,37912200,23.25,23.479999542236328,23.059999465942383,23.459999084472656,44759000
2024-10-10,169.75999450683594,172.00999450683594,162.0,164.17999267578125,75113600,181.38228891629157,182.5728980477083,179.95745646861732,181.30421447753906,6443800,180.43556276123434,183.13875411116342,179.42309592827695,182.52931213378906,16318000,131.55700075403345,134.63872798675436,130.64943234270237,134.44923400878906,242311300,562.7824731556751,564.5516429072721,561.5313172618801,563.1343383789062,44138100,23.190000534057617,23.530000686645508,22.959999084472656,23.219999313354492,44874600
2024-10-11,164.19000244140625,169.35000610351562,163.00999450683594,167.88999938964844,42136200,183.63664613350988,186.87666853926467,183.48049724598923,186.21304321289062,12163900,178.05678201349264,179.48209829594452,174.38043584439998,178.3909912109375,23070000,133.65136041631004,135.4166278489941,133.30230620805418,134.4392547607422,170209500,563.0561277259117,567.2396131412746,562.9192713637127,566.5065307617188,42268000,23.049999237060547,23.81999969482422,22.979999542236328,23.559999465942383,43585300
2024-10-14,167.77000427246094,168.89999389648438,165.14999389648438,165.27000427246094,31757200,186.01785616308848,189.5701612925633,185.91050566915476,187.57931518554688,11714400,180.1800024775441,181.80191136683385,177.06396173327255,179.20684814453125,17195800,136.104806530019,139.22643549757692,135.93526327737888,137.70053100585938,232347700,568.1094171371436,572.0681091902395,567.6304795911454,571.1395263671875,36217200,23.579999923706055,23.770000457763672,23.270000457763672,23.440000534057617,35403600
2024-10-15,163.2100067138672,164.1300048828125,155.74000549316406,156.63999938964844,50768000,188.31121915980822,188.9553071393701,179.81105370526083,182.62167358398438,21812700,177.7127138029078,178.607228025872,170.4190135983345,172.98458862304688,27657500,137.50104323972985,138.1991821543322,128.3954862474048,131.24783325195312,377831000,571.4035256005812,571.7065305951428,565.4899467305453,566.7020263671875,54203600,23.40999984741211,23.719999313354492,22.469999313354492,22.65999984741211,68900600
2024-10-16,158.07000732421875,158.27999877929688,154.9199981689453,156.1300048828125,30575800,185.20784857197407,185.4323032782247,182.16301989178547,182.9632568359375,18689200,175.47150875074487,176.1989183320855,172.34564392632862,173.81028747558594,15285100,133.6214472599385,136.25438165655956,131.22787606953918,135.35679626464844,264879700,566.7020448464575,569.6832346627543,565.9005342666823,569.1651611328125,30725400,22.3799991607666,22.540000915527344,21.739999771118164,22.309999465942383,62151800
2024-10-17,160.0,160.44000244140625,156.1999969482422,156.25,29491900,198.4509338374902,207.4780844787463,197.1041757874559,200.8809356689453,62274700,178.2828595632551,182.35239118175548,177.61444118103032,178.4401397705078,25232400,138.96712260930138,140.512977854023,136.50373111006368,136.56356811523438,306435900,572.6938072697387,572.8990918503805,569.0283947051846,569.214111328125,34393700,22.719999313354492,22.81999969482422,22.399999618530273,22.440000534057617,43807600
2024-10-18,157.41000366210938,158.00999450683594,155.55999755859375,155.97000122070312,23823000,200.98829966424498,200.98829966424498,195.9233335005714,195.94285583496094,21030800,179.21669489466,179.6000560114651,175.63863780572493,176.8280487060547,17835200,138.2988966827743,138.52827690762766,136.91261713769273,137.6306915283203,176090200,570.8952748825009,572.1855071059618,569.4388940141822,571.403564453125,37416800,22.610000610351562,22.81999969482422,22.5,22.770000457763672,39971700
2024-10-21,155.75999450683594,158.0,154.14999389648438,157.89999389648438,25781200,195.97212102206726,198.53876432394156,194.84983256135098,197.08465576171875,14820000,176.3267434110319,178.62691022239724,175.2159725580873,176.92636108398438,13695100,137.76038434543935,143.32545471191406,137.6307273412408,143.32545471191406,264554500,570.6801577821931,571.6576009296549,567.5034675529424,570.4651489257812,36439000,22.610000610351562,22.8799991607666,22.25,22.84000015258789,39727000
2024-10-22,156.60000610351562,156.74000549316406,151.91000366210938,154.08999633789062,34997400,194.27403930361834,195.3475293158731,192.36125280964373,193.6982421875,11165100,175.61899053632,177.6144362382261,174.3902670746012,176.3267364501953,12062600,142.5275461232614,144.0334995639161,141.40056537364666,143.20571899414062,226311600,567.9433552717076,571.3155462187071,567.288485036852,570.1621704101562,34183800,22.729999542236328,22.81999969482422,22.170000076293945,22.399999618530273,50160400
2024-10-23,153.0,153.4499969482422,150.52000427246094,152.91000366210938,26095900,191.94160087760187,198.23622013121596,191.5024452041622,196.02090454101562,16535700,174.56719579806884,175.93353568553798,169.63265318235486,170.556640625,19513700,141.6498992013604,142.0488226372904,137.09213731314802,139.18650817871094,285930000,568.1485895916966,568.5884509212708,561.462852493989,564.9523315429688,49314600,22.299999237060547,22.43000030517578,21.579999923706055,21.979999542236328,45799100
2024-10-24,154.74000549316406,155.19000244140625,152.35000610351562,153.44000244140625,22877000,194.16669814926058,195.6695901951503,192.65403749121228,193.1614990234375,9935800,171.29385181903973,171.3331793639805,166.6148789083559,168.4333953857422,20485200,140.4431777464081,140.97175826689335,138.08949241788707,140.03427124023438,172354900,566.8973705383554,566.9755826824951,563.564316166929,566.174072265625,34979900,22.09000015258789,22.3700008392334,21.969999313354492,22.34000015258789,40554400
2024-10-25,155.39999389648438,158.91000366210938,155.0500030517578,156.22999572753906,29758500,195.42560792892994,200.25635031522995,195.18163089031702,198.53875732421875,13434900,171.22507551326444,173.79065072041467,169.78009551158982,170.05532836914062,19977700,140.55284095753052,143.74428940833508,140.42319920700885,141.1612091064453,205122100,568.393014498126,571.2764839191195,565.0403914237966,565.9786987304688,47268200,22.420000076293945,23.34000015258789,22.40999984741211,22.68000030517578,67503000
2024-10-28,158.5,160.27999877929688,157.0399932861328,159.9199981689453,36010100,194.45942175737287,194.9278683167014,189.8336273906038,189.98976135253906,20135300,170.0553408288444,171.00883151202976,168.43343172808045,169.09202575683594,13195800,142.6173258267159,142.7569505719539,139.67522319765803,140.1439666748047,173586700,569.4388580651755,569.5659304498093,567.4253275234959,567.7283325195312,30174700,22.670000076293945,23.270000457763672,22.559999465942383,22.920000076293945,41915000
2024-10-29,161.10000610351562,167.50999450683594,158.94000244140625,166.25,71896000,189.70678945305644,194.00077946455878,188.93582854728822,192.1953582763672,13779100,169.50487357826862,177.16227214267758,168.29581380474443,176.1891326904297,23702300,139.91458673541953,141.87931636585566,138.52830689029554,140.8720245361328,157593600,566.7704218431865,569.7613956814984,565.382469188388,568.6471557617188,42899700,22.8700008392334,23.139999389648438,22.40999984741211,22.899999618530273,83422200
2024-10-30,153.00999450683594,153.1199951171875,148.10000610351562,148.60000610351562,87701700,189.6970348169418,190.74124881524904,187.96967318681124,189.79461669921875,10007800,174.44925129056324,176.13997605027836,172.63073448534882,173.6333770751953,17911500,139.16654849713757,139.95444277669785,136.4438589379193,138.9670867919922,179418100,568.1779150746601,570.1621533327376,566.2230287475197,566.9268188476562,41435800,22.420000076293945,22.93000030517578,22.260000228881836,22.299999237060547,50941200
2024-10-31,147.8000030517578,148.67999267578125,143.3300018310547,144.07000732421875,44386600,188.21363787898667,188.21363787898667,183.13891870709554,185.94952392578125,13062700,171.48062782531306,171.48062782531306,164.5309763532092,166.8802947998047,26086600,137.2317836775648,137.24175143875112,131.756469630996,132.40472412109375,270039600,562.5772452055423,562.6456733933426,555.617853906816,555.8133544921875,60182500,22.149999618530273,22.25,21.469999313354492,21.520000457763672,112485500
2024-11-01,144.44000244140625,144.5399932861328,141.32000732421875,141.86000061035156,39027400,189.52135303980518,193.39570944938774,187.9111106058031,188.3014678955078,12691200,165.3959997098448,168.41375168347318,164.6489412566424,166.04476928710938,17847000,134.3395349599235,136.94255111570317,134.2098931927627,135.03765869140625,207127800,558.4328924373011,562.5674583510357,557.7486702212007,558.1591796875,45667500,23.0,23.579999923706055,21.90999984741211,23.200000762939453,173471100
2024-11-04,141.6999969482422,143.63999938964844,139.72000122070312,140.7100067138672,29117400,189.0333889496137,189.67749184550084,186.0080828870224,186.9449462890625,10917300,166.39864635808462,169.51468728479696,165.55328400894967,165.6810760498047,13621300,136.8428124063768,138.58812914709054,135.2072018980832,135.6859130859375,187528200,558.2960015952809,559.5862337823984,555.0802349340614,556.9569091796875,38217000,22.959999084472656,23.0,22.0,22.520000457763672,84616300
2024-11-05,141.94000244140625,143.0800018310547,140.8000030517578,141.66000366210938,27067300,188.9162746311829,193.5615914045609,188.82844648403997,191.0437469482422,10339200,167.15554316886193,171.43149182737815,167.15554316886193,170.94000244140625,13441800,137.08217511986183,139.99435925396384,136.9625011145287,139.5355987548828,160537400,557.8658847297456,563.7305435334926,557.6508758763042,563.6914672851562,39478300,22.579999923706055,23.579999923706055,22.399999618530273,23.31999969482422,59153300
2024-11-06,144.9499969482422,145.6300048828125,141.52000427246094,145.10000610351562,32911500,187.41337741009175,189.5798944959708,183.95866942760037,188.56495666503906,19834900,176.57247554816507,177.14260501622698,172.96494537874452,176.49383544921875,24300800,142.57743460752744,146.09798683530676,141.58011068537002,145.2203369140625,242043900,575.9095457320777,578.57794657906,572.1854895240832,577.7080078125,68182000,24.299999237060547,25.1200008392334,24.049999237060547,25.049999237060547,116760500
2024-11-07,146.67999267578125,150.1199951171875,145.66000366210938,149.82000732421875,30326400,191.58052016437892,197.14319345590943,191.52196805991693,196.34295654296875,14865200,178.8923217869777,181.723290604017,178.69571402269636,180.68133544921875,18970600,145.9982407267333,148.53143666074,145.77882825788768,148.48158264160156,207323300,579.7020872739936,583.191567003201,579.6238751058823,582.1749877929688,47233200,25.43000030517578,26.3799991607666,25.190000534057617,26.229999542236328,101489300
2024-11-08,149.38999938964844,150.7100067138672,147.52999877929688,147.9499969482422,27560300,198.97791754580206,201.6323889776413,195.20115766726195,196.35272216796875,13112100,179.87527578409347,181.90020948453238,178.73501690454347,180.5142059326172,13503200,148.37188826922187,149.369212218998,145.8685954157921,147.2349395751953,175665800,582.722322897382,586.1140819812399,582.722322897382,584.69677734375,46444900,26.0,26.43000030517578,25.829999923706055,26.200000762939453,76428000
2024-11-11,147.3800048828125,148.57000732421875,144.91000366210938,147.35000610351562,29868100,193.19080485373382,193.4250133047517,186.87667724795458,189.375,16610000,180.27829579978686,180.50439171042177,173.81030885806936,175.86473083496094,17036700,148.2821074463959,148.4516658981078,143.18579701946294,144.8712615966797,182325600,586.2802708315078,586.6321361059588,583.5336575099662,585.2539672851562,37586800,25.959999084472656,26.290000915527344,24.829999923706055,25.049999237060547,80185300
2024-11-12,147.0,147.4499969482422,141.5500030517578,143.6300048828125,33560300,189.16028608959664,189.3261886948106,185.14930283654917,187.14991760253906,11819000,175.85488043227852,176.50364996299336,170.25190493761482,173.2205047607422,15862000,146.38720431256547,149.2495191040209,145.6192606302401,147.89315795898438,198634700,585.175669871058,585.7718958867575,580.9628921945897,583.4358520507812,43006100,24.65999984741211,24.959999084472656,23.889999389648438,24.15999984741211,62539700
2024-11-13,142.86000061035156,144.49000549316406,139.07000732421875,139.3000030517578,35146600,187.8037572740902,187.84278704599933,182.00686077356647,182.1630096435547,13882200,171.73624393854396,172.60125513954623,169.66215793542636,170.62547302246094,17472500,148.67108050956173,148.93037924410717,145.5095503668412,145.87857055664062,191903300,583.8951708775321,585.7132006975053,581.5395592925206,583.71923828125,47388600,24.059999465942383,25.139999389648438,24.020000457763672,24.920000076293945,58202000
2024-11-14,140.33999633789062,141.39999389648438,138.55999755859375,138.83999633789062,31681400,183.8610976821958,188.01847611648088,183.0218160402151,183.9586944580078,11453900,171.79517977073783,172.58156567640856,166.97857547291952,167.4799041748047,20638900,147.24492912817362,148.60129050932605,145.16052541696345,146.36727905273438,194463300,583.846361756873,584.3252993650702,579.2817188550297,579.9658813476562,38904100,25.1200008392334,25.610000610351562,24.93000030517578,25.030000686645508,49252100
2024-11-15,136.57000732421875,137.35000610351562,133.64999389648438,134.89999389648438,44217500,183.64640561918443,184.25147885452498,180.3575996126289,181.5286865234375,9834800,165.60241219880558,166.26100608580137,160.64819146814716,162.03419494628906,20836200,144.48230195229198,144.85132212671857,139.705127384455,141.60003662109375,250132900,576.4177743775998,576.886987680586,570.689971552463,572.537353515625,75988800,24.809999465942383,24.81999969482422,24.229999542236328,24.350000381469727,55104900
2024-11-18,138.19000244140625,140.89999389648438,137.2100067138672,138.92999267578125,38705400,179.90867443501685,183.47073324636116,179.06939282558324,182.9632568359375,10681500,162.84027326781367,163.5185310465786,159.45882376149166,162.85009765625,17856900,139.12669362767247,141.17121080701085,136.78297621414575,139.7749481201172,221205300,572.9967218779136,576.1929802203847,572.1366267509276,574.8832397460938,37001700,24.329999923706055,25.020000457763672,24.15999984741211,24.84000015258789,59589500
2024-11-19,137.41000366210938,139.75,137.13999938964844,139.38999938964844,23131400,184.573510543396,185.44206818886678,183.49025191669188,185.10049438476562,9390100,163.8232528256704,163.96086925973887,161.5132466119502,162.53555297851562,18003400,140.9418317601378,146.73628163269873,140.61271302151263,146.61659240722656,227834900,571.5208063697094,577.7079785622685,570.8561521859538,576.9846801757812,49412000,24.5,24.540000915527344,24.100000381469727,24.200000762939453,61190900
2024-11-20,138.9600067138672,140.77000427246094,135.47999572753906,137.60000610351562,28843100,184.30025233617366,184.30025233617366,179.62564415513057,183.82205200195312,10624500,162.72229772525202,162.72229772525202,158.12196431685223,160.47128295898438,17196700,147.0155246522584,147.16511715506326,142.34804073132528,145.4995880126953,309871700,577.0629483995475,577.463673880748,571.4426497345274,577.1802368164062,50032600,24.06999969482422,24.209999084472656,23.549999237060547,24.010000228881836,50191500
2024-11-21,138.8699951171875,140.27999877929688,134.92999267578125,137.49000549316406,29311400,184.8467615153501,187.66713540072752,182.24108860874964,186.63267517089844,18137300,163.42024555722966,163.5087100603114,157.86642065521266,161.14956665039062,24835300,148.95031679761973,152.48083638169973,140.32345672847936,146.27748107910156,400946600,580.0148784351488,581.6960522761343,574.1990788649406,580.2787475585938,46750300,24.079999923706055,24.770000457763672,23.829999923706055,24.440000534057617,58928400
2024-11-22,137.35000610351562,139.1300048828125,137.0399932861328,138.35000610351562,21784700,188.30147727601036,188.35027566244844,184.86627636901028,185.50062561035156,8838900,161.50340127893213,162.10301887798335,159.63573277413542,161.43458557128906,17332500,145.539474391015,146.7661937868221,140.72241318136372,141.57012939453125,236406200,580.2688429124006,582.7027263378066,579.7703970458107,582.0771484375,38226400,24.350000381469727,24.68000030517578,24.139999389648438,24.5,36784700
2024-11-25,140.49000549316406,142.35000610351562,139.0500030517578,141.1300048828125,30923100,183.5585566017504,183.71470547643605,179.28408911825872,180.62107849121094,14380000,162.58467133282466,164.38352415761196,160.11740019013936,162.01455688476562,26850600,141.61001503848368,141.66985203296244,135.45652887967213,135.65599060058594,344941900,585.9967380709614,587.3064784870423,581.7741764917598,584.0516357421875,42441400,25.040000915527344,25.56999969482422,24.760000228881836,24.8700008392334,91128400
2024-11-26,142.5500030517578,142.8000030517578,136.6199951171875,137.72000122070312,32092400,180.93336402982933,181.42131810206857,177.93733376969237,179.41094970703125,10186600,161.79829667074844,163.5381581344105,159.920803792833,161.9359130859375,16308800,137.33150030488406,138.9272246590056,135.30693397114106,136.5535888671875,190287700,585.2930125321725,587.7659726175935,584.5794980426031,587.101318359375,45621300,24.950000762939453,24.989999771118164,23.809999465942383,24.049999237060547,69613600
2024-11-27,137.1999969482422,137.94000244140625,132.9600067138672,136.24000549316406,30175300,177.61529712320583,178.05445284664856,173.76046260893227,176.82481384277344,9895200,160.42213872946328,160.42213872946328,154.85847506726273,156.9522247314453,19722700,134.64871022731037,136.85280300357402,131.44730865073987,134.9778289794922,226370900,586.9155638447446,587.2967213513849,583.807301635719,585.3223266601562,34000200,23.829999923706055,23.93000030517578,23.059999465942383,23.649999618530273,53992300
2024-11-29,136.24000549316406,138.58999633789062,135.77999877929688,137.17999267578125,16085700,177.13709238714551,182.44603538870228,176.81504089353885,180.21121215820312,8045300,156.85394127081406,159.92083046310577,156.3722762377921,159.3212127685547,11024000,136.41395288721657,138.977082446908,135.68591074894266,137.88002014160156,141863200,586.13348818314,589.7402555167076,585.8598351444666,588.9583129882812,30177400,23.719999313354492,24.280000686645508,23.600000381469727,24.049999237060547,36616800
2024-12-02,137.9199981689453,142.82000732421875,137.8000030517578,142.05999755859375,33102400,184.77844464332745,190.5850951291906,184.3880873417074,189.71653747558594,16646900,160.1763794070253,165.51396165556721,159.97978666285937,163.67578125,21472400,138.45849496272686,140.07415499884576,137.45120318506554,138.259033203125,171682800,589.3688312028335,590.6884151690585,588.8801096579482,590.0139770507812,31746000,24.84000015258789,25.479999542236328,23.440000534057617,23.93000030517578,150497900
2024-12-03,142.5800018310547,143.4499969482422,141.0800018310547,141.97999572753906,22665300,188.83824386980507,194.20573917359798,187.9599324129283,194.098388671875,11217700,161.68035699482257,165.40585523456872,161.23801951228216,165.2878875732422,17024400,137.89001081273594,140.16390831614373,137.58084280749418,139.88465881347656,164414000,589.7794898104154,590.5320805361104,588.7531863419945,590.2877197265625,26906600,23.68000030517578,23.75,22.440000534057617,22.469999313354492,138160500
2024-12-04,142.9600067138672,144.1199951171875,141.17999267578125,143.99000549316406,25942700,195.03525170592212,197.7189991455568,193.4933150263908,195.85501098632812,12761100,170.48784407201921,172.4046497164676,165.69090276770447,167.6568603515625,32748200,141.61999054867616,145.39984134699782,139.91456002292938,144.7515869140625,231224300,591.9689462717889,594.1974858067216,591.3042920365143,593.953125,42787600,22.530000686645508,22.540000915527344,21.809999465942383,21.959999084472656,104649000
2024-12-05,143.67999267578125,143.9499969482422,140.3800048828125,141.36000061035156,29576900,196.40151368604313,200.67599611554195,195.91355961477348,199.37803649902344,12483700,167.8436227445913,169.46553169388795,166.32000267154766,167.56838989257812,18490000,144.73166589534063,146.15793025557377,143.57468662612678,144.68179321289062,172621200,593.9531512779432,594.7546619184587,592.6238427485821,592.9757080078125,28762200,22.040000915527344,22.190000534057617,20.65999984741211,20.799999237060547,167993500
2024-12-06,141.47999572753906,142.7899932861328,137.39999389648438,138.58999633789062,33576800,197.13346043729484,198.29479360166735,195.1133232741573,198.12889099121094,9672900,167.20471373512677,177.6046171017416,166.44781579666753,176.4741973876953,27830800,144.2229906612707,145.3201135010368,140.94156015213164,142.06861877441406,188505600,593.738143242676,595.3313805479372,593.3276337729875,594.0997924804688,31241500,20.950000762939453,21.049999237060547,20.65999984741211,20.920000076293945,78539100
2024-12-09,135.7100067138672,135.77000427246094,130.0,130.8699951171875,57055600,196.0892208204764,198.23623070052153,194.1862028733245,194.3716278076172,9699700,175.90403520275734,177.7127124093117,173.02391481396788,175.8942108154297,20886300,138.6076455444956,139.58508599383495,136.77244688316378,138.44805908203125,189308600,593.982457801793,594.1486064406603,590.4539021843977,591.0403442382812,34742700,20.920000076293945,21.059999465942383,20.729999542236328,20.809999465942383,68818200
2024-12-10,131.55999755859375,131.55999755859375,127.06999969482422,127.73999786376953,38907200,194.30330119980462,195.0937843478399,185.78361309255163,187.3157958984375,15307900,174.78344676060976,175.46170448873596,166.8409767687388,168.8855743408203,27762600,138.6475644899376,141.45025097804097,133.4411729750498,134.7178497314453,210020900,591.7147337183083,592.135027098725,588.5478275712469,589.2026977539062,37234500,20.829999923706055,20.860000610351562,19.959999084472656,20.15999984741211,90004800
2024-12-11,128.52000427246094,131.2100067138672,126.22000122070312,130.14999389648438,45588100,189.9800337309081,191.27799332972955,188.60399969480682,189.91172790527344,9027600,176.94597609822222,181.72325279440008,173.42691083651343,180.08168029785156,41295200,137.00183449376547,139.80450498546415,134.85744670503564,138.94674682617188,184905200,592.1155929499696,594.7057817338718,591.841880207483,593.7576904296875,28677700,20.139999389648438,20.25,19.8700008392334,20.1200008392334,75209300
2024-12-12,130.0,132.32000732421875,129.07000732421875,130.60000610351562,34267100,190.5441705451371,191.3175796375997,187.2742752395101,187.4407196044922,7944900,177.85033914353363,178.90213361212338,172.99443668756246,177.58494567871094,46967200,136.72258646567687,138.07904108019704,135.44592508954074,136.98190307617188,159211400,592.8974892997352,593.4643633790662,590.6982421875,590.6982421875,31543800,20.020000457763672,20.899999618530273,19.920000076293945,20.780000686645508,77695000
2024-12-13,131.3000030517578,131.3000030517578,124.7699966430664,126.91000366210938,67544700,194.34269674416424,198.28809421692108,193.12873748390862,196.77064514160156,19477000,210.25914058880278,224.80722853255565,207.51663658071615,220.97361755371094,121336600,138.57773734651352,139.2360201486468,132.19441524956173,133.89996337890625,231514900,592.7215967057723,593.4351111707817,589.2125492712078,590.5809936523438,35904700,20.600000381469727,20.799999237060547,20.25,20.34000015258789,55104100
2024-12-16,126.01000213623047,127.76000213623047,123.12000274658203,126.69000244140625,42090300,198.9342764680249,201.18599620152588,196.65318771117762,197.974853515625,15139300,227.8446401264854,247.5926948094666,226.8813251416534,245.74468994140625,111623200,133.8301313094174,134.04955889819416,130.07994062496547,131.65582275390625,237951100,592.3305635374098,594.0704410234347,591.5584049068509,593.1027221679688,43695200,20.170000076293945,21.100000381469727,20.0,20.829999923706055,73832900
2024-12-17,124.44999694824219,127.08000183105469,123.1500015258789,125.0199966430664,43314900,196.78044491847962,198.15104900720277,193.32455073762526,196.4475860595703,11169400,236.55384050405414,238.34286910662556,229.82044477234805,236.1409912109375,70382100,128.75340490862754,131.24688636654815,126.52922370948323,130.05001831054688,259410300,590.5613981975558,591.5192734247074,589.2907339933267,590.6591186523438,55773500,20.639999389648438,20.770000457763672,20.290000915527344,20.440000534057617,51767200
2024-12-18,125.43000030517578,127.75,120.43000030517578,121.41000366210938,49724400,198.73846703630244,200.93144860213656,189.8882482791374,191.45465087890625,14721100,235.3349484594702,235.76746151358856,215.48860490128368,219.81370544433594,53960100,133.51098920213212,136.3435808551527,127.94553603601128,128.5738983154297,277444500,590.3561165933274,592.7312963771194,572.674202761188,573.055419921875,108248700,20.479999542236328,20.579999923706055,19.209999084472656,19.299999237060547,86041200
2024-12-19,122.16000366210938,123.37999725341797,118.44999694824219,118.87999725341797,46160700,194.23500110798878,194.40144545950218,189.87842253559558,190.55393981933594,10553400,224.0306902124113,224.1683066372645,213.87651793861477,214.6039276123047,40845200,131.41644980197495,133.68053537391728,129.212220572867,130.33926391601562,209719200,578.020816522432,579.6238377441589,572.6350947579137,572.8794555664062,85919500,19.530000686645508,19.690000534057617,19.030000686645508,19.059999465942383,69117800
2024-12-20,118.0,121.86000061035156,117.9000015258789,119.20999908447266,53591200,188.55678374882174,193.92173876749757,187.94978915546642,193.07000732421875,16170100,216.60920193961786,226.37017390735068,215.18388572567852,217.03187561035156,131910400,129.4715507103484,134.92729028165732,127.88569988712847,134.3488006591797,306528600,570.5609748943081,584.2716011168147,569.7174991420582,579.76025390625,125716700,18.969999313354492,19.760000228881836,18.899999618530273,19.520000457763672,108453700
2024-12-23,120.70999908447266,126.33999633789062,120.47000122070312,124.5999984741211,47777900,196.78045607855157,203.68246013765645,196.6923490118077,203.00694274902344,17847000,223.4284945956326,230.0419458877564,221.89094153931927,229.00706481933594,40643800,135.92467137837366,139.42551415908295,134.76769223262775,139.3058319091797,176053500,579.5053432293004,583.8303494697157,576.337534899556,583.2321166992188,57635800,19.579999923706055,20.229999542236328,19.520000457763672,20.200000762939453,57988400
2024-12-24,127.51000213623047,127.51000213623047,124.66000366210938,126.29000091552734,24829600,201.59715389162523,202.85028186941054,200.25591885410435,201.99855041503906,7634500,236.66526980872584,236.77368778580964,231.42181910429477,236.23159790039062,22827200,139.63497303105362,141.53001300601622,138.28848684636677,139.85440063476562,105157000,584.5756905048978,589.7539893082886,583.997031715741,589.7147216796875,33160100,20.219999313354492,20.399999618530273,19.959999084472656,20.399999618530273,29884000
2024-12-26,125.5199966430664,127.30000305175781,125.05000305175781,125.05999755859375,24998200,201.1859599000281,203.79012238226198,198.63075076069362,198.79718017578125,8044900,236.5469962430767,243.72225392597645,234.18153229634711,241.8298797607422,28459000,139.33575896662117,140.48276971800976,137.37089410442982,139.56515502929688,116205600,587.9493923534018,590.8719573339298,586.5567683514358,589.7539672851562,41219100,20.229999542236328,20.670000076293945,20.079999923706055,20.440000534057617,39846200
2024-12-27,124.37000274658203,126.18000030517578,122.26000213623047,125.19000244140625,32924000,200.20694706623811,200.20694706623811,194.87136148908465,197.39720153808594,10664400,242.10586756703682,242.24385272325696,232.94953354236773,238.27183532714844,29282200,138.18876430649956,138.65754010210347,134.3587799168467,136.65277099609375,170582600,586.0271215733671,586.2625477535164,579.3777835694219,583.5458984375,64969300,20.209999084472656,20.610000610351562,20.09000015258789,20.299999237060547,48260800
2024-12-30,123.55999755859375,124.0999984741211,122.3499984741211,122.44000244140625,30501600,195.64480109290196,197.7300912713513,194.31335066368672,196.18325805664062,11235200,231.32323850869878,235.33468839039617,228.28755036452972,232.19058227539062,27316800,134.4784624698932,139.90428131004603,133.67057680049638,137.13153076171875,167734700,576.5631199685903,580.338917958557,573.150128529516,576.88671875,56578800,20.010000228881836,20.110000610351562,19.729999542236328,19.81999969482422,59608100
2024-12-31,123.0999984741211,123.55000305175781,120.13999938964844,120.79000091552734,30203400,196.57484318143557,197.54406565802662,193.2168557572598,193.34413146972656,6427900,232.48627738597972,234.04354691438857,227.98202111821288,228.50439453125,17927700,137.67010377599792,137.71000800391963,133.48105776544256,133.93984985351562,155659200,578.5441892688881,579.2601650774656,573.1599745686183,574.7880249023438,57052700,19.989999771118164,20.399999618530273,19.8799991607666,20.049999237060547,49846700
2025-01-02,122.29000091552734,123.13999938964844,119.44000244140625,120.62999725341797,34256200,192.86441198215363,199.49229468837112,192.56092215040698,197.3482666015625,10951400,232.76224776307393,236.0541898492545,226.92742366420353,228.6423797607422,31525800,135.64541181631114,138.51790776015002,134.2789886408903,137.9493865966797,198247200,578.0342755155312,579.7407414710683,569.3155442019422,573.3757934570312,50204000,20.229999542236328,20.43000030517578,20.0,20.219999313354492,46438500
2025-01-03,121.6500015258789,125.55999755859375,121.41999816894531,125.37000274658203,36785300,199.81539535757764,204.41672666726956,199.42378347557172,204.230712890625,10261900,230.2292235124186,233.0875088262799,225.70526568303964,229.20419311523438,24973200,139.64492988439244,144.52217900012494,139.36566117903786,144.0933074951172,229322500,576.2100986967752,581.1823624210723,575.1312564616488,580.544921875,37888500,20.389999389648438,20.670000076293945,20.059999465942383,20.559999465942383,48983900
2025-01-06,129.07000732421875,130.72999572753906,127.36000061035156,129.5500030517578,48020200,214.177413290813,217.5354008785005,211.16206926638864,215.39137268066406,24339900,233.09736851243298,238.27183440964345,229.94341135436503,233.0086669921875,34028400,148.2025685915748,151.7632676182901,147.43458721714921,149.04037475585938,265377400,584.7816606701658,588.145567536734,582.1630605707853,583.88916015625,47679400,20.829999923706055,20.979999542236328,19.780000686645508,19.8700008392334,83271000
2025-01-07,130.50999450683594,131.7100067138672,126.8499984741211,127.33000183105469,39220400,216.5955468176712,216.8304989725922,206.88379770139576,206.981689453125,17010000,236.0541853188746,236.0541853188746,224.32540300349172,225.35043334960938,25928600,152.6310037262881,152.73074908393107,139.64494650562293,139.7746124267578,351782200,585.909501046868,586.2331597023842,575.4745472605013,577.2888793945312,60393100,20.020000457763672,20.34000015258789,19.899999618530273,20.010000228881836,61726100
2025-01-08,124.51000213623047,125.30000305175781,120.12000274658203,121.83999633789062,46723100,205.5621337678186,205.88520792195735,201.59715179779695,202.77195739746094,13262700,226.39519150162025,229.12534237691784,222.80756255153835,226.01080322265625,18756500,142.20825109505992,143.57467420574872,137.20133554653654,139.74468994140625,227349900,577.357566647636,579.2013495963691,573.9250009242365,578.13232421875,47304700,19.829999923706055,20.1200008392334,19.709999084472656,19.8799991607666,47897100
2025-01-10,118.18000030517578,118.70999908447266,114.44999694824219,116.04000091552734,59415600,203.24190274316163,205.5719297444822,198.9636310778999,203.9957275390625,17265200,224.02971988591767,224.55209329758333,218.06676136943398,221.08273315429688,23864000,137.09162690267476,139.55518814906236,133.87005266470834,135.55564880371094,207602500,574.5917674597674,574.6604259424307,567.4029789022777,569.3056030273438,73105000,19.65999984741211,19.65999984741211,18.90999984741211,19.149999618530273,71244600
2025-01-13,115.27999877929688,117.4800033569336,114.41000366210938,117.31999969482422,39128900,196.31052633783295,199.3160706495046,195.85039176248014,197.1328887939453,16612400,216.8249105301166,225.9615280505295,216.3518056773268,222.04864501953125,23772100,129.6510717959939,133.1419459563911,129.17231238202828,132.8826141357422,204808900,564.6767004472727,570.5414650673235,564.2647494580999,570.1884155273438,47910100,18.920000076293945,19.25,18.729999542236328,19.200000762939453,50669000
2025-01-14,118.0,118.66000366210938,114.5,116.08999633789062,37005300,200.88248526595996,201.93001517853332,194.3329248542689,197.2209930419922,14182900,223.31022284108445,226.94712019463327,219.890146393167,221.4671173095703,18143100,135.6952813829554,136.02442280388445,129.71092511662002,131.4164581298828,195590500,573.1011353265001,573.7288188278344,567.2069202769688,570.9729614257812,48420600,19.360000610351562,19.520000457763672,18.81999969482422,19.200000762939453,47147500
2025-01-15,117.55000305175781,120.41999816894531,117.45999908447266,119.95999908447266,38185800,198.23916082306883,204.65164562851425,195.16507900617705,202.45867919921875,18286500,225.2617248564554,227.02596449649795,222.33445472358275,224.71963500976562,21745600,133.30152233922777,136.094224818832,130.9476750631476,135.88478088378906,185217300,578.9561398854404,582.4965717179379,577.8479067851994,581.3589477539062,56900200,19.399999618530273,19.770000457763672,19.170000076293945,19.719999313354492,56306000
2025-01-16,120.23999786376953,121.08999633789062,118.25,118.44000244140625,29414100,214.2948646723724,217.29062402430765,208.69494283521993,210.2809295654297,38539600,231.83578141538916,235.1671565923641,225.9122555010807,226.109375,23471900,138.2785134363621,138.38822723428095,133.14194748607855,133.22174072265625,209235600,582.7221292073649,582.8986539701259,579.5445637592774,580.2409057617188,43319700,19.75,19.950000762939453,19.399999618530273,19.670000076293945,44898100
2025-01-17,120.77999877929688,122.73999786376953,120.55000305175781,121.45999908447266,35765900,210.65298279910954,211.1522711059849,206.6292625070411,207.06002807617188,21606100,233.66899789156093,234.67432678623888,229.3125927336262,234.02381896972656,31196600,136.33360735729912,138.13888566634566,135.10681862678206,137.3509521484375,201188800,585.458295644929,587.8120185370946,584.1342704001028,586.0663452148438,58070600,21.260000228881836,21.6200008392334,20.790000915527344,21.489999771118164,166483900
2025-01-21,122.38999938964844,123.75,121.12000274658203,122.27999877929688,31578800,209.9578904963072,215.5284289109928,207.59847956119532,214.10887145996094,19061300,238.02540501732304,239.25742057124293,233.98438798476485,236.85252380371094,30903200,138.79717036536638,141.4602070208564,136.7325601923546,140.4628143310547,197749000,589.0969417129473,591.440908217187,587.1354754886527,591.4310913085938,42532900,22.030000686645508,22.40999984741211,21.75,21.770000457763672,96262200
2025-01-22,123.08000183105469,125.6500015258789,121.91000366210938,123.75,35023800,217.2906149488366,220.6975553500686,214.70603689644295,218.51437377929688,17294500,243.19988202639956,243.43643443824632,237.22707274035997,237.44390869140625,29610500,144.2828338584672,147.40466270866227,143.2954095914058,146.68655395507812,237651400,594.2456759945876,596.1090924921224,593.6964679520279,594.7556762695312,48196000,21.729999542236328,22.290000915527344,21.56999969482422,21.860000610351562,60972600
2025-01-23,121.43000030517578,123.70999908447266,120.62999725341797,123.04000091552734,24921100,215.4795000699587,219.98292442280444,214.8039826824156,219.90460205078125,8986800,234.97987698839665,236.9412362153537,232.72281596779132,236.82296752929688,17653900,144.67181084027297,146.8461195709751,143.34527675360425,146.83615112304688,155915500,594.1279851220985,598.0018920898438,593.8534110339756,598.0018920898438,41152100,21.690000534057617,21.75,21.350000381469727,21.56999969482422,55778200
2025-01-24,124.55000305175781,125.25,122.2300033569336,122.83999633789062,31570300,221.47100985272735,221.64722397816394,216.32143736151238,217.2221221923828,13183800,241.17938232421875,245.9990269791824,238.42952999144345,241.17938232421875,25387800,147.98314630855361,148.58158800111045,141.51007758845265,142.24813842773438,234657600,598.0607394613536,599.0120815203885,595.1087237951253,596.2561645507812,34604700,21.360000610351562,21.40999984741211,20.75,20.829999923706055,66300600
2025-01-27,117.80000305175781,118.08000183105469,112.80000305175781,115.01000213623047,61067900,192.90355718074312,202.6544747107646,183.73026520723556,188.27285766601562,68667500,210.32968891723075,215.28731829287523,193.4067251080777,199.2218475341797,90569400,124.47460659166907,128.06521102414737,116.39571998533557,118.11123657226562,818830900,583.3496990163546,588.1356800712656,583.1829911938827,587.8218383789062,70361100,20.809999465942383,21.059999465942383,20.139999389648438,20.290000915527344,83582100
2025-01-28,115.18000030517578,116.1500015258789,112.94999694824219,114.16999816894531,40554800,191.54274830472747,198.58181230118896,188.41972795677574,198.1510467529297,31738800,205.01725956861821,206.9293503075104,196.02847799281986,204.37661743164062,50316000,121.49239920882492,128.66365497133788,115.94689837533355,128.6536865234375,579666400,589.0477983536082,593.7062796977629,585.7427332202798,592.8726806640625,44433300,20.34000015258789,20.34000015258789,19.739999771118164,19.799999237060547,73411400
2025-01-29,115.7699966430664,118.5199966430664,114.95999908447266,117.3499984741211,40199100,200.19717857200172,202.1160242309158,195.55667927787383,198.08251953125,15199500,205.83531483894635,208.4077641148616,199.85265466959763,203.3811492919922,32533700,126.17018228394103,126.55916484585856,119.73700212037913,123.37747955322266,467120600,592.0881396439286,592.490273723341,587.6748408337293,590.2149658203125,37177400,19.8700008392334,20.079999923706055,19.65999984741211,19.75,86506800
2025-01-30,118.52999877929688,120.44000244140625,117.08999633789062,118.86000061035156,29788400,202.23351630499053,205.2194761935975,201.1076491073927,203.78033447265625,13539000,215.42532585271917,218.76655154098228,210.62538287337597,212.55718994140625,42449500,122.77903527699785,124.67408285834512,117.79207196266405,124.32499694824219,392925500,592.3234200043604,594.9125091757996,589.1457953617726,593.382568359375,39281300,19.719999313354492,20.100000381469727,19.43000030517578,20.010000228881836,108167000
2025-01-31,119.13999938964844,119.56999969482422,115.33000183105469,115.94999694824219,40463400,205.52296126311927,210.48653462211246,203.82928309753436,204.92578125,15746900,216.49965005541677,223.53692285648893,213.18799138201496,218.08648681640625,41104700,123.45726093608867,127.51664871512425,118.8792323275003,119.7569351196289,388161100,595.7952259985301,598.2078504382997,589.4694869358445,590.2246704101562,66566900,20.100000381469727,20.329999923706055,19.3799991607666,19.43000030517578,117081700
2025-02-03,113.87999725341797,115.16000366210938,112.9800033569336,114.2699966430664,34586100,195.43919192370169,200.68667057107535,193.82382124752178,195.60562133789062,17719800,212.3600522934226,217.76120398285596,210.4380961003742,214.59738159179688,24507300,114.45080376447106,118.26084328911304,112.71534272693829,116.35582733154297,371235700,581.2509726905776,588.7241528776601,579.1129820721995,586.2527465820312,65857200,18.969999313354492,19.75,18.780000686645508,19.3799991607666,77523100
2025-02-04,115.44999694824219,119.8499984741211,114.79000091552734,119.5,69412100,199.78600278343947,201.43072767859047,197.8377731135856,199.76641845703125,12692900,216.19412387340418,219.82117092270136,212.2023899454544,219.22979736328125,23768500,116.65504874608332,120.88399164410859,116.39572451460701,118.34064483642578,256550000,586.3115181961311,590.6953651665444,585.7721271172848,590.1854248046875,33457800,19.100000381469727,19.530000686645508,19.020000457763672,19.290000915527344,54098200
2025-02-05,107.61000061035156,112.08999633789062,106.5,112.01000213623047,110385200,201.67548784666795,206.0614360209516,199.5510439663358,204.19154357910156,10997800,230.57418472329076,234.5067688719779,224.22683798033617,228.66209411621094,29196000,121.44252915135603,124.67407915232373,120.44513651813745,124.50452423095703,262230800,589.0673886644034,592.7255030106178,587.0470814039787,592.578369140625,30653100,19.190000534057617,19.770000457763672,18.90999984741211,19.649999618530273,66059200
2025-02-06,110.93000030517578,112.55999755859375,109.0199966430664,110.16000366210938,50426600,205.65024336696007,206.7467266150624,202.65448382234914,206.0810089111328,8491400,231.1261027848543,231.4217895062886,225.27156284961018,228.03128051757812,21169500,127.08775801782105,128.43424405982125,124.8835213759819,128.34446716308594,251483600,594.3143418590737,594.7655005585997,591.0190935628144,594.6380004882812,35771500,19.510000228881836,19.700000762939453,19.219999313354492,19.3799991607666,45553800
2025-02-07,109.12999725341797,109.91999816894531,106.79000091552734,107.55999755859375,46082500,208.53829653919982,208.70472595322198,201.40134136865944,201.79293823242188,11616200,231.61896522241855,232.25960740839557,220.88564441432007,221.63470458984375,22117500,128.88307105233656,130.03006643749526,124.67407312607986,129.50144958496094,228186300,595.1970887375172,596.4131881290857,588.4888484089631,589.1950073242188,50788500,19.350000381469727,19.360000610351562,19.030000686645508,19.100000381469727,58277900
2025-02-10,108.44000244140625,111.4000015258789,108.1500015258789,110.4800033569336,34905400,203.63347177410154,205.57190160148937,202.19433017754412,203.5845184326172,9296500,224.15782921088262,232.42713199067174,223.8522917618527,231.65834045410156,23901600,129.7508034170435,134.64800487659767,129.621152724233,133.22174072265625,216989100,592.3920797831685,593.8337283102429,591.1268961231351,593.1962280273438,26048700,19.25,20.079999923706055,19.239999771118164,19.770000457763672,73007300
2025-02-11,108.9800033569336,113.06999969482422,108.94000244140625,111.0999984741211,35033800,200.8237545519641,205.4348701635336,196.78044997856358,204.35797119140625,9224500,229.13517502298097,234.46734191378397,226.66129322153512,231.65834045410156,18476200,132.23433823730105,134.12937845518158,130.67840791626125,132.45376586914062,178902400,590.9405676549386,594.1867909987916,590.8228845015021,593.6473999023438,30056700,19.8700008392334,21.8799991607666,19.860000610351562,20.969999313354492,150960700
2025-02-12,109.5199966430664,111.83999633789062,109.05999755859375,111.72000122070312,25319700,200.5985441217661,202.72300262491333,198.74822134359152,202.0474853515625,7373700,227.04568467498427,233.07762805885207,226.6908635912713,232.9495086669922,16397300,129.68100547013307,131.89521852186024,128.7434538800678,130.79808044433594,160278600,587.6552234594287,592.9021210468912,586.9785152974936,591.7350463867188,45076100,21.979999542236328,22.559999465942383,20.93000030517578,22.479999542236328,162631200
2025-02-13,112.0,114.5999984741211,110.4000015258789,111.80999755859375,40911800,197.64195566141748,198.05313684566974,195.0475779157218,197.59300231933594,15580900,232.6636940320864,233.5408885920436,227.41037738362223,232.40744018554688,20962000,131.21700007275098,136.14412315531789,130.82801747249604,134.93727111816406,197430000,592.8334516677448,598.1882752794738,591.5781445820884,597.9822998046875,40921300,22.84000015258789,24.829999923706055,22.790000915527344,24.1299991607666,248661300
2025-02-14,112.6500015258789,114.62999725341797,111.69999694824219,113.0999984741211,32477200,195.78184636341103,201.92022539828884,193.3147590924203,199.6195526123047,23220300,231.15571720632335,232.34831504550914,225.6067135678323,229.68714904785156,16988800,136.12414513567924,138.8869270481558,135.1467045962306,138.48797607421875,195479600,598.1882471856823,599.2180047928703,597.3350143232245,597.952880859375,26910400,24.360000610351562,25.190000534057617,22.860000610351562,23.600000381469727,230254100
2025-02-18,114.05000305175781,115.55000305175781,113.44999694824219,114.27999877929688,31720300,200.46150094622627,201.5286301051495,196.31052014342214,198.48391723632812,14988100,226.78945383488926,228.85923116692265,221.0728980354205,225.24203491210938,26080500,140.90166414837108,143.06600437599374,137.57036112568994,139.03652954101562,219176600,599.1101412981178,599.7083740234375,596.6583089558027,599.7083740234375,26749000,24.600000381469727,27.549999237060547,24.489999771118164,27.389999389648438,284292200
2025-02-19,114.25,116.11000061035156,113.13999938964844,114.69000244140625,28807700,197.76922097685778,198.34684652517544,195.82100638794753,196.73147583007812,13163100,224.57183435662319,225.77428291800769,221.17145889411933,225.4391632080078,16375500,139.1462426003846,140.99142508356047,136.86222013681927,138.86697387695312,167536000,598.3255406648384,601.4148133650798,597.8155404050764,601.12060546875,31011100,25.979999542236328,26.329999923706055,25.459999084472656,25.719999313354492,151881700
2025-02-20,115.01000213623047,116.55000305175781,113.11000061035156,114.16999816894531,27219600,196.075551886062,196.1342899252311,193.46160457379125,195.8993377685547,10639300,225.3602916444092,225.68554557344862,219.5451839221063,223.477783203125,16104000,139.6648967001902,140.29325896288867,136.43333891646114,139.74468994140625,143903600,599.7574359511714,599.8947529370754,595.3245635051746,598.6198120117188,36554000,25.559999465942383,26.1200008392334,24.479999542236328,26.09000015258789,144939600
2025-02-21,114.8499984741211,115.76000213623047,110.43000030517578,110.83999633789062,41353700,197.103512932709,198.43496326526235,191.89518768115917,194.07838439941406,13757300,222.40346000289355,224.4732523187902,212.52763334165329,215.5140380859375,24883600,139.67487215272783,141.09118323158302,133.68054728393315,134.07949829101562,228217600,598.4039822903428,598.5412992676794,587.9199448031515,588.3809204101562,76519800,25.959999084472656,26.290000915527344,24.84000015258789,24.8700008392334,111630900
2025-02-24,111.48999786376953,111.5999984741211,107.9800033569336,108.11000061035156,29072200,192.74692698890513,194.61681923897677,187.44071017947584,187.626708984375,15114300,215.45489889669403,216.32222767153556,204.5540119944451,204.9384002685547,33050400,136.20394796569565,138.22865397806314,129.74084737496105,129.94032287597656,251381100,590.420875386549,591.4114252530362,584.997393388531,585.7035522460938,50737200,24.549999237060547,24.799999237060547,23.6200008392334,24.270000457763672,91358100
2025-02-25,107.88999938964844,108.63999938964844,103.62000274658203,103.95999908447266,39169200,186.64772033042232,189.46726590150323,183.53448454440766,185.39459228515625,20581000,204.02178434419864,205.638188217626,198.02925863218042,199.62594604492188,33100800,129.64108357480436,129.8605111604116,124.11553536570229,126.29981994628906,271428700,585.6446767168586,586.3704094872951,578.200887648266,582.7907104492188,58266500,24.209999084472656,24.280000686645508,22.770000457763672,22.989999771118164,88886500
2025-02-26,104.94999694824219,105.80000305175781,103.98999786376953,104.73999786376953,29178200,187.07848380239352,191.9637351484455,187.07848380239352,190.5343780517578,14112300,203.93307053426506,210.46767068750557,203.03615961779508,209.87631225585938,21368300,129.6510837247691,133.38132271635274,128.1549946612343,130.93771362304688,322553800,584.4481329600031,588.0278318848362,580.4565429896904,583.0848999023438,43321600,23.25,23.81999969482422,23.209999084472656,23.520000457763672,67449300
2025-02-27,105.08000183105469,105.76000213623047,99.5,99.51000213623047,47263700,190.60290997526144,190.68123234215832,177.2786216781322,177.2884063720703,24219200,214.15389058489274,216.09554848364436,194.55990855976665,194.95416259765625,27572900,134.64801060127058,134.6579790491402,119.69709659183455,119.83673095703125,443175800,585.3504072406853,586.4979078319449,573.3855137517263,573.7777709960938,74196700,23.700000762939453,24.399999618530273,23.06999969482422,23.09000015258789,97871900
2025-02-28,99.55999755859375,101.80000305175781,98.69000244140625,99.86000061035156,45194600,175.54578332887667,178.33595989875948,171.83535251473336,176.74017333984375,27929400,192.943503285743,198.29538713925828,190.3710539831784,196.56069946289062,39747200,117.71228067710521,124.76384661623277,116.09650940652436,124.59429168701172,389091100,574.2779596736045,583.2614467800305,571.2180777869312,582.7318725585938,88744100,23.020000457763672,24.440000534057617,22.639999389648438,23.729999542236328,104133800
2025-03-03,101.5199966430664,102.33999633789062,97.08999633789062,98.2300033569336,38958000,177.3471544492948,177.75835063339048,167.47877467722626,169.33888244628906,37403000,201.064950307342,201.12408465115186,181.87507369986866,184.67420959472656,37435600,123.18796891235903,123.37746834229016,111.98724605192426,113.76260375976562,411381400,584.6933921520208,585.8310759519914,568.7270900553181,572.5225219726562,74249200,25.0,25.040000915527344,22.520000457763672,22.739999771118164,141348700
2025-03-04,96.0,103.18000030517578,95.88999938964844,100.75,54156900,171.38498535873367,179.74571459354937,170.52345430618152,176.22128295898438,29395200,186.49759441804133,191.15953723118372,177.88333594028998,184.78262329101562,37910500,110.36151024571446,118.99892757705338,109.82291724300465,115.68758392333984,398163300,568.5407303426414,574.1112864169365,561.2244408531591,565.74560546875,109648200,22.540000915527344,22.6299991607666,20.760000228881836,21.329999923706055,152182200
2025-03-05,100.36000061035156,101.83999633789062,98.87000274658203,101.66999816894531,27855500,179.1583100203743,180.86178785415268,176.9261748938861,180.41143798828125,17334000,189.09962448572443,191.28768555034094,184.40811416083486,188.8236541748047,25644500,117.27343224392774,117.97160407078815,114.21143704412195,116.9941635131836,284337900,565.5788471805596,573.611051865237,562.038415848593,571.8261108398438,71230500,21.329999923706055,21.360000610351562,20.18000030517578,20.809999465942383,127219300
2025-03-06,99.05000305175781,101.08000183105469,98.2699966430664,98.8499984741211,28985000,174.8310866425865,177.7387388736385,172.09964851598005,172.1584014892578,17864300,178.43528436303654,184.1419892873163,175.05464063146698,176.8681640625,56864100,113.23399700198848,115.0492514915792,109.93262945458795,110.2817153930664,321181900,564.3921877543482,568.9918277562862,559.1354734261878,561.6755981445312,80094900,20.260000228881836,21.1299991607666,20.0,20.75,96466400
2025-03-07,98.87999725341797,100.6500015258789,96.38999938964844,100.30999755859375,33254400,172.09965972055863,174.7234066413359,167.42980638716932,173.38217163085938,21012700,185.0290544275718,192.66755229391634,178.94782631804424,192.15504455566406,74528900,110.95993136050063,113.18412029909872,107.27955007853643,112.39617919921875,341755500,559.9004310284239,566.2653779091431,554.7319495414885,564.8236694335938,81158800,20.270000457763672,21.200000762939453,20.110000610351562,20.639999389648438,81099600
2025-03-10,98.56999969482422,101.29000091552734,95.83000183105469,96.62999725341797,38733200,168.84936612005106,171.2185616551935,164.38509585955367,167.06756591796875,18265100,186.8721321660563,189.21787964104072,177.83405249270172,181.7962188720703,44217100,109.61344966651625,111.5583622176382,105.18502403072868,106.70106506347656,366487400,556.6541826711317,558.56656383442,544.885388513382,549.7792358398438,99326600,20.239999771118164,20.510000228881836,19.649999618530273,19.93000030517578,82760600
2025-03-11,96.79000091552734,98.16000366210938,94.7300033569336,96.76000213623047,34078300,167.0675851360145,169.69133239524743,164.57112854102613,167.38087463378906,16561100,185.3444291869852,192.80550781260428,182.683278508669,187.35507202148438,42153200,106.71103594468934,111.94734728122161,104.49682307629253,108.47642517089844,354865700,548.6220367842027,553.1530182295099,541.3842228164132,545.2090454101562,88102100,19.969999313354492,20.059999465942383,19.290000915527344,19.780000686645508,80789000
2025-03-12,99.05000305175781,101.72000122070312,98.16999816894531,100.79000091552734,34241300,171.91366536066056,174.3905523104852,171.09128798303374,173.45069885253906,14737600,193.39689069463992,197.10278837136605,189.6811272675499,191.43551635742188,30409700,113.83293253862912,116.46629097878981,112.59604629385464,115.4488525390625,323857500,551.3385793423611,552.2604706321457,543.0219837811946,548.1021728515625,69588200,20.790000915527344,21.170000076293945,20.209999084472656,20.68000030517578,128671100
2025-03-13,99.72000122070312,100.06999969482422,97.2699966430664,98.11000061035156,28575200,170.23954278770202,170.23954278770202,166.92070934029277,167.98782348632812,14381600,190.37105130849739,193.49545621644305,186.7440044711493,188.6068115234375,27236100,116.73560262668995,117.46376961532557,113.50375517662202,115.28925323486328,299033100,547.7295658893665,548.337615563181,539.0893105175023,540.7957763671875,74079400,23.5,24.530000686645508,23.1299991607666,23.700000762939453,243261000
2025-03-14,99.63999938964844,101.22000122070312,99.58000183105469,100.97000122070312,24715300,169.02559097906177,170.70948459673758,168.32070458382705,170.43536376953125,11449400,193.37714657627862,194.65844568229085,190.4203094266742,192.7266387939453,25900900,118.31162236591584,121.57339292473429,117.85278046649132,121.36392211914062,277593500,545.3953255555126,552.966614210826,540.8643446212099,551.9662475585938,62660300,23.68000030517578,24.3700008392334,23.520000457763672,24.049999237060547,116901600
2025-03-17,102.5999984741211,106.1500015258789,102.5999984741211,104.58999633789062,43689500,170.29827241162354,173.4408915975494,170.1710116539863,172.5402069091797,9678100,185.34444682773534,193.8897060063718,184.8023569062927,191.70164489746094,26830600,122.43123309193861,122.58085727393843,117.73308248243704,119.22930908203125,255501500,551.9466761244148,558.7333912461695,551.5151512314662,556.2227172851562,49008700,24.420000076293945,26.149999618530273,24.3700008392334,25.690000534057617,160723600
2025-03-18,103.8499984741211,104.55000305175781,102.97000122070312,103.51000213623047,27152800,171.38444134923657,171.5810026767183,167.502283897299,170.15591430664062,9986000,187.70005907901057,190.11480685276123,184.21098218075502,185.9555206298828,24951000,117.70316017412442,118.7205909220559,114.25186503478537,115.1396255493164,299686900,553.9180162778352,554.1338086762437,548.2886181319476,550.2108764648438,66041400,25.549999237060547,26.40999984741211,25.389999389648438,25.920000076293945,132488800
2025-03-19,104.41999816894531,107.9000015258789,101.95999908447266,106.2300033569336,32287500,170.02813119784042,172.71122987836966,168.7897814214424,170.7750701904297,10678500,186.61586423700302,195.4173915454708,184.21096736814053,192.75624084472656,37962700,116.97498651717953,120.14698705841565,115.3889900516623,117.22435760498047,273426200,551.9859849662871,559.9495323368723,550.8090933649922,556.203125,66556000,24.899999618530273,25.229999542236328,24.030000686645508,24.1200008392334,135491400
2025-03-20,105.12000274658203,108.26000213623047,105.12000274658203,107.13999938964844,26871800,171.84636832470264,175.60073916003813,171.55151883581908,174.42135620117188,12209700,189.33571627322019,191.62924880067052,186.7851393947129,188.36688232421875,31430000,116.25680439544837,119.89761619602571,116.17700382075364,118.23181915283203,248829700,552.4763694984304,559.5768672502725,551.760393662907,554.5947265625,62958200,23.770000457763672,24.309999465942383,23.729999542236328,23.959999084472656,68937600
2025-03-21,105.33000183105469,107.25,104.33000183105469,106.44000244140625,30767900,171.9053035199313,174.155958043224,170.80453329755076,173.69403076171875,9993200,186.06347136478132,189.8794486636083,185.2330401013549,189.47412109375,43086500,116.64582513098318,117.6931791575635,115.1296446207881,117.4039077758789,266498500,550.1543857754978,555.6728342872004,548.9247817378139,554.7776489257812,83763000,23.600000381469727,24.700000762939453,23.489999771118164,24.260000228881836,94110700
2025-03-24,109.7300033569336,114.8499984741211,109.4000015258789,113.8499984741211,53342000,176.8980589421897,179.7875417470538,176.59337165973776,178.04795837402344,11440000,192.0840042743564,194.4467456318779,188.49539973254198,189.06878662109375,33180300,119.5784337604655,121.91255134314885,119.03979124138472,121.1045913696289,228452500,561.4863807824129,565.7654388953832,560.8961948547495,564.712890625,58766800,24.719999313354492,24.989999771118164,24.1299991607666,24.219999313354492,69169000
2025-03-25,113.2699966430664,114.94999694824219,112.70999908447266,114.80999755859375,29077500,179.33547191778732,179.37477818618316,176.7113398498082,177.7924346923828,8718800,188.71287866032313,189.41478767216472,185.53948241416182,186.1128692626953,23417300,120.24674348347415,120.98487978418257,118.62083909476823,120.38639068603516,167447200,565.9129505962637,567.0048245728844,564.3292350043083,566.0703735351562,38355700,24.18000030517578,24.75,24.110000610351562,24.200000762939453,51743300
2025-03-26,114.11000061035156,115.9000015258789,108.68000030517578,110.19000244140625,39824000,176.15109427895945,176.46560435920352,168.524404793033,170.51953125,14612400,184.53111816390788,185.915144918823,175.554675123395,177.22540283203125,30578500,118.4313220614094,118.5410383402261,112.42646191953317,113.47382354736328,293463300,565.8047238585734,566.926137079624,557.9352585138073,559.3124389648438,51848300,24.25,24.420000076293945,23.25,23.420000076293945,59496700
2025-03-27,106.11000061035156,107.62000274658203,105.55000305175781,106.6500015258789,32773700,168.44579665142905,168.6620186073051,164.67176523432164,165.34991455078125,17559100,175.63375789715482,176.34554736848193,168.51587826864323,170.02842712402344,32151700,111.0698805170997,114.16208047077859,110.38162149260253,111.1496810913086,236902100,557.9254317069114,561.5847644413973,555.7219909391279,557.8270874023438,42164200,23.290000915527344,23.760000228881836,22.860000610351562,23.6200008392334,57720600
2025-03-28,105.52999877929688,106.51000213623047,102.4800033569336,103.22000122070312,31069100,165.15333581958868,165.73321196370378,161.24171003279432,162.41127014160156,16332000,169.969111322419,171.32349657238726,164.57139169825967,167.191162109375,30391500,111.20953292547101,112.58606625933987,108.79562251910656,109.39411163330078,229872500,556.3023301483869,557.0302460332103,546.0129833491962,546.5933227539062,71662700,23.350000381469727,23.579999923706055,22.559999465942383,22.709999084472656,58365300
2025-03-31,100.23999786376953,102.81999969482422,98.80000305175781,102.73999786376953,30865300,157.6052635510856,163.27614806462304,156.98608117882185,163.14837646484375,19408300,162.61400525936264,166.02465516604985,158.7881321569449,165.5204620361328,35656400,104.86553641067388,110.68087252083329,103.38926370156523,108.10736083984375,299212700,540.8585640195936,551.5610423029548,537.9468400615768,550.2625732421875,95328200,22.3799991607666,22.75,21.75,22.709999084472656,65832000
2025-04-01,102.16000366210938,102.83000183105469,100.93000030517578,102.77999877929688,23523200,163.53167823067164,165.96907149238825,162.2245237605709,165.74302673339844,9180000,164.47253430249697,166.78585791191372,161.55618226485782,166.5980224609375,20472400,108.2470125996811,109.92278683325367,106.20217397842941,109.87291717529297,222614000,548.3541875419536,553.7545984642982,544.6456828297712,551.8167114257812,54609600,22.559999465942383,22.6200008392334,21.65999984741211,22.049999237060547,64060400
2025-04-02,101.5199966430664,104.19000244140625,100.76000213623047,102.95999908447266,20794000,163.98378515538835,168.7996048556603,163.49237436978234,167.4629669189453,10072700,164.18583903615547,171.45200233363107,163.6124521971362,170.12728881835938,19523700,107.0200962834212,111.69830029652357,106.5213541109438,110.14221954345703,220601200,545.993267113699,558.1614216885134,545.7571927870193,555.3087768554688,76014500,21.889999389648438,22.3799991607666,21.700000762939453,21.979999542236328,58878800
2025-04-03,97.79000091552734,99.44999694824219,93.63999938964844,93.80000305175781,50472500,157.31042257980423,159.02053755916137,154.5093900234443,154.6764678955078,28370500,158.7090336223883,161.5660725502703,151.94704748705522,152.25350952148438,44354900,103.24961996040646,105.36428217323731,101.34442096353821,101.5439224243164,338769400,536.2155597389653,539.02887941269,527.9428100585938,527.9428100585938,125986000,21.399999618530273,23.899999618530273,20.860000610351562,22.43000030517578,242972100
2025-04-04,90.0999984741211,91.08000183105469,83.66999816894531,85.76000213623047,65847000,148.29795023523496,148.71073350655237,142.35187657149453,144.27821350097656,36085100,146.48009942937986,151.05729848434368,137.58274563876122,144.6215362548828,72302200,98.66118836013088,99.87811296890389,91.87829121020437,94.07275390625,532273800,515.1253487932553,517.2894637749819,496.8190194100305,497.0354309082031,217965100,21.700000762939453,22.200000762939453,19.700000762939453,19.850000381469727,175014700
2025-04-07,80.68000030517578,89.0,77.75,83.63999938964844,70515400,132.19932399322735,151.10881640044775,131.9437957838056,143.65902709960938,46388300,142.8420841816652,158.6002743985089,136.52496330107851,152.38201904296875,68503500,87.23997324185012,101.49402435717819,86.40209010889866,97.39436340332031,611041300,481.20799599577117,514.6335325434056,473.93856260259804,496.150146484375,256611400,19.139999389648438,20.670000076293945,18.559999465942383,19.56999969482422,142491200
2025-04-08,86.1500015258789,88.93000030517578,76.4800033569336,78.20999908447266,69910200,149.36922015101257,149.98840254792313,136.5925395578356,138.9414825439453,30479700,165.70826879094545,167.84363734992917,151.3439864058486,154.25045776367188,58888200,103.54885717389794,105.58372634261488,94.2223791915971,96.05775451660156,476243400,513.3448497413204,516.4139362196548,481.1784302837954,488.3789978027344,165816600,20.059999465942383,20.389999389648438,17.670000076293945,18.1299991607666,163982700
2025-04-09,79.22000122070312,97.91000366210938,78.87000274658203,96.83999633789062,97827400,137.79156274946743,157.86077473439335,135.531070440418,156.0229034423828,45612500,158.6694995627984,185.19350556779784,155.71359504385535,183.03836059570312,72708300,98.6412345329499,114.8104562069238,97.28465510127192,114.04239654541016,612918300,485.3885871028413,539.668212890625,485.00493628771113,539.668212890625,241867300,18.06999969482422,21.729999542236328,17.979999542236328,21.530000686645508,224183500
2025-04-10,91.0,92.94999694824219,85.05999755859375,88.69999694824219,65210600,152.8287698991242,153.3201807348127,144.38633534119617,148.53384399414062,24503500,173.30071557493585,174.93189137628818,164.50221056420304,170.33493041992188,51212200,109.09486759895934,110.58111717003517,98.9005761841806,107.29939270019531,437812400,523.4866290700438,524.7949444304113,501.0094937975821,516.0205078125,162331200,20.68000030517578,20.81999969482422,19.15999984741211,19.8799991607666,129064900
2025-04-11,90.51000213623047,94.76000213623047,90.5,93.4000015258789,57892600,153.32017316219165,155.2956392252887,150.6174136993966,154.38162231445312,19632200,171.63984285336272,180.57674925631565,171.3333808458846,179.86495971679688,33964100,108.22706011361765,111.26939065397997,107.20962934859612,110.65094757080078,313417300,514.47613358467,527.6771446389012,511.58410272380377,525.227783203125,97866300,19.25,19.799999237060547,18.18000030517578,19.739999771118164,128425800
2025-04-14,97.11000061035156,97.37000274658203,93.44999694824219,94.5,36003000,155.58065038167345,155.86566202534416,151.38399827153555,153.16290283203125,17509400,182.9691494695821,183.87865498514373,173.81476594761,176.32579040527344,25748300,113.82295197096049,114.00249947758738,108.7956293956101,110.43150329589844,264705000,535.1728543881914,535.3991423599505,525.1491197771261,530.3233032226562,68034000,20.59000015258789,21.049999237060547,19.979999542236328,20.309999465942383,101964400
2025-04-15,94.66000366210938,96.8499984741211,94.62000274658203,95.29000091552734,28116500,153.801767994042,155.5315287283337,153.36932406130194,154.62733459472656,14306600,177.68016044669957,180.18130438327924,176.04898486536896,176.9090576171875,17242400,110.69084593782598,113.33418114021705,110.22202704858428,111.9177474975586,228966900,530.8642142693149,534.3661235223595,528.0508951584542,528.8378295898438,56892900,20.200000762939453,20.469999313354492,19.809999465942383,19.850000381469727,64056900
2025-04-16,87.61000061035156,90.47000122070312,85.30000305175781,88.29000091552734,62109000,148.01293340347036,150.9024162018221,145.93917930543546,149.06454467773438,23806100,168.48622615245898,174.07179654035315,165.0162633895216,172.61856079101562,34638600,104.2869965726397,106.52135948725393,100.1973044637503,104.22714233398438,397016900,523.0046778330362,529.1133721339063,511.80051174858437,517.0828857421875,83484800,19.34000015258789,19.43000030517578,18.719999313354492,19.229999542236328,89469700
2025-04-17,88.83999633789062,89.02999877929688,86.5199966430664,87.5,34801400,153.36930501484292,154.79439325500007,148.84831991158578,149.1333465576172,27239900,174.2398442361374,174.2398442361374,167.98203695637892,169.0398406982422,22501800,104.1872406628714,104.20719461222582,99.79831546993584,101.23468780517578,292517500,519.0305887702018,522.5029590498531,515.3614098145464,517.8206176757812,79868100,18.90999984741211,19.100000381469727,18.559999465942383,18.93000030517578,85646700
2025-04-21,86.0199966430664,86.13999938964844,83.75,85.55999755859375,33855400,147.41340672383575,147.6984183690805,143.33468837521986,145.3199920654297,15170500,165.08546437155707,166.08393976941886,159.7668190922939,164.31436157226562,23469800,98.52153569265882,99.18985605733366,94.80092295909544,96.66622161865234,288501100,512.6562995153043,513.1875268574667,500.16354114488826,505.4951171875,69368100,18.93000030517578,18.989999771118164,18.25,18.84000015258789,72409900
2025-04-22,86.12000274658203,87.16999816894531,85.16999816894531,86.26000213623047,35236700,145.45759175178767,149.97857695355054,144.90721407435572,148.79917907714844,12668600,165.520431779272,168.57520139080626,163.3356455648846,167.6459197998047,18504900,98.53150383378456,99.55891150664588,97.03527729423074,98.64122772216797,241004800,511.6529994400941,520.6635112296127,510.71848838241135,518.64697265625,75948100,19.059999465942383,19.739999771118164,19.040000915527344,19.510000228881836,83365600
2025-04-23,91.87999725341797,93.73999786376953,90.12000274658203,90.38999938964844,41102600,156.6322746240074,157.6249340444082,153.320170609141,155.0990753173828,17667900,175.7524067527332,178.39195342524775,173.81476912302205,174.892333984375,24380500,104.25705857766793,104.53636058197965,101.76334775853866,102.45161437988281,247526000,531.6119173418257,536.5303334599773,525.1688042348989,526.6836547851562,90590700,20.719999313354492,21.030000686645508,20.309999465942383,20.59000015258789,97188100
2025-04-24,91.58999633789062,94.75,90.37000274658203,94.47000122070312,33681900,155.06958249683814,161.723288569563,154.68628269334783,161.35963439941406,18761100,177.6406156701126,186.41934299552847,176.266469395955,186.00411987304688,27576900,103.21968611105362,106.2719858525715,102.85061415392688,106.16226196289062,220815000,527.9624225863133,538.4976913582739,526.7131857388315,537.769775390625,64150400,21.040000915527344,21.549999237060547,20.8799991607666,21.489999771118164,117086200
2025-04-25,93.27999877929688,97.0999984741211,92.8499984741211,96.6500015258789,28575300,161.11394049140412,163.059938090846,158.39153540966151,162.26385498046875,14654800,184.7881580199928,191.1645921467628,184.7585013795936,190.11668395996094,21242300,106.5812047250048,111.63845023877658,105.46402708737592,110.73074340820312,251064700,537.7304480905381,542.0586181694788,534.8187241892716,541.6553344726562,61119600,19.729999542236328,20.18000030517578,19.34000015258789,20.049999237060547,147711200
2025-04-28,95.58000183105469,97.48999786376953,94.2699966430664,96.38999938964844,30456700,162.165553291743,162.4800633813754,157.7428563837864,160.59303283691406,11415600,188.35701030862197,190.89770678247143,185.53950843249294,190.27488708496094,16385800,109.4140660423662,110.09235573735528,105.75329251827114,108.45648193359375,207708500,542.393043710064,544.5177728075638,536.1269871108482,541.86181640625,47613800,20.1200008392334,21.079999923706055,20.049999237060547,20.510000228881836,96624400
2025-04-29,95.76000213623047,97.18000030517578,95.33000183105469,96.05999755859375,20700600,161.55620682612204,163.14837289520224,160.69131908653955,161.65447998046875,9830100,189.53341527007345,191.04596425897813,187.93189636058872,188.98968505859375,14630000,107.39914041879526,109.92277466025524,107.16972327513623,108.74574279785156,170444300,539.9535089190233,546.3868353532918,539.5993973829874,545.2752685546875,47775100,20.309999465942383,20.850000381469727,20.219999313354492,20.34000015258789,70031900
2025-04-30,92.80999755859375,97.55000305175781,91.87000274658203,97.3499984741211,29730700,160.73064098779656,164.05258285926172,158.97139688815543,163.8265380859375,10073000,183.77981048167456,190.99655723484952,181.92126207847812,190.27488708496094,22768900,104.20719367744803,108.64599609375,103.81817538074749,108.64599609375,235044600,538.6354556420874,547.4394329210733,532.6841838633078,545.49169921875,93101500,19.709999084472656,20.18000030517578,19.549999237060547,20.100000381469727,68297300
2025-05-01,99.2699966430664,100.0999984741211,96.44999694824219,96.6500015258789,29591500,169.83157247249707,171.77755500697694,168.01334654602144,169.75294494628906,22670600,195.88022736985982,199.10304188076407,194.00190276306088,195.0794677734375,24939700,112.79554223516973,114.65086390129245,111.02002115064856,111.32923889160156,236121500,551.2265048528457,554.8661444027258,548.7574506167018,549.3574829101562,63186100,20.219999313354492,20.649999618530273,19.940000534057617,19.979999542236328,72607500
2025-05-02,98.4000015258789,99.87999725341797,98.30000305175781,98.80000305175781,29957900,176.71134308495934,177.5467325245152,174.09703378705044,176.2002716064453,21691200,201.57450362089105,203.33420141943398,198.78667371495968,201.31747436523438,17766800,113.8927727544179,115.10970497913567,113.08481279973248,114.21196746826172,190194800,555.5153016495402,559.1057687462633,553.2036705308814,557.51220703125,60717300,20.260000228881836,20.780000686645508,20.209999084472656,20.6200008392334,63298500
2025-05-05,99.0,102.05000305175781,98.76000213623047,100.58999633789062,41268900,175.92507804559472,176.98652724345885,173.22231846668194,173.36973571777344,14618900,197.96614528416606,200.91215410885616,197.71899653849295,198.4307861328125,14025400,112.62598442121953,114.38155175342443,112.3766132832151,113.53369140625,133163200,553.390643044351,557.4040871519024,552.5348434974896,554.3153076171875,38659200,20.389999389648438,20.579999923706055,20.239999771118164,20.270000457763672,44237000
2025-05-06,98.41000366210938,100.06999969482422,97.44000244140625,98.62000274658203,54264300,169.63500570018678,171.73824321944673,167.65952478482265,169.32049560546875,14565600,194.1995874757645,199.6072028664705,193.70529001836732,197.80795288085938,16348800,111.19957134225872,114.4513652140045,110.541227943435,113.25438690185547,158525600,548.8263903141681,554.1579367361115,547.8722463773032,549.6821899414062,48264700,19.920000076293945,20.1200008392334,19.770000457763672,19.940000534057617,51330800
2025-05-07,100.75,103.41999816894531,96.87999725341797,100.36000061035156,86474400,171.1092580758132,172.95695261044528,168.42614412961564,171.54168701171875,9682500,197.01707296708068,203.8779240557108,196.16688074113134,202.47412109375,20253700,112.7656187028628,117.38396890879066,111.99755142427854,116.7655258178711,206758800,551.0101522781708,554.6202527049248,546.9671688153295,551.9938354492188,55588000,19.969999313354492,20.3700008392334,19.81999969482422,20.309999465942383,61002600
2025-05-08,101.91999816894531,105.44000244140625,101.55999755859375,101.69999694824219,54231400,172.32794051019482,174.40169474340718,170.67680737493632,172.2100067138672,10343000,205.62776325486556,208.75172712465755,201.36692115098302,205.400390625,18460900,117.95252869863282,118.38144728921775,115.55856464909375,117.07474517822266,198428100,556.0170215722441,561.0043020556944,552.5348050390884,555.8399658203125,65130800,21.010000228881836,21.239999771118164,20.639999389648438,21.0,71651700
2025-05-09,102.58999633789062,103.54000091552734,101.5999984741211,102.83999633789062,31704300,176.71130896475717,177.3599747549313,173.43851156524144,173.48765563964844,11582800,206.94257177358907,207.5653913863475,204.16462252423963,205.82545471191406,13289200,117.05480348234514,117.93259470484641,114.92018728068513,116.3565673828125,132972200,557.2368112120467,558.2401872369107,553.577538715433,555.1317749023438,37603400,21.200000762939453,21.450000762939453,20.829999923706055,21.420000076293945,51768600
2025-05-12,110.41999816894531,110.66999816894531,106.9800033569336,108.12000274658203,50543400,184.06282432688786,185.9203565134656,181.4386925075426,183.76797485351562,22064900,216.9867118707107,219.2703638007492,213.4178834835984,219.05287170410156,25437700,121.66317455201767,122.69058227539062,119.9774234659773,122.69058227539062,225023300,571.9821994255728,573.4872634297448,567.6244903747194,573.4774169921875,78993600,22.18000030517578,22.670000076293945,21.8799991607666,22.18000030517578,94578700
2025-05-13,109.5999984741211,113.12999725341797,109.0,112.45999908447266,55659500,184.49528156257153,190.94258919496176,184.49528156257153,190.65757751464844,19996000,219.46806897140777,232.5966081067003,219.46806897140777,229.76922607421875,28790500,124.66561195964681,130.88991289915035,124.15689275092413,129.6031494140625,330430100,573.890562385163,579.4680890959,573.3299158219985,577.2646484375,67947200,22.360000610351562,22.8799991607666,22.299999237060547,22.559999465942383,76850400
2025-05-14,119.83000183105469,122.5199966430664,116.58999633789062,117.72000122070312,86743700,191.9254086099383,192.8492633507668,189.91062124912463,191.41433715820312,12359000,227.60421238744286,230.83692211575223,225.7456641286886,229.47265625,19751400,132.8649261154048,135.099296769805,131.34874548490453,134.99954223632812,281180800,578.2188228927168,579.3697154326957,575.9858428026291,578.00244140625,66283500,22.350000381469727,22.459999084472656,21.459999084472656,21.520000457763672,91584800
2025-05-15,117.0199966430664,117.5,114.01000213623047,114.98999786376953,43843200,189.78286577163797,191.14898725921003,188.33811675281459,190.8836212158203,10241800,227.53501364081004,231.78597487416837,225.4688538489927,229.98672485351562,18803700,133.9521641466833,135.9571173935552,132.32627503661865,134.49081420898438,226632600,576.0054901792878,581.3271894858746,575.5529743261593,580.8255615234375,71268100,21.229999542236328,21.6299991607666,21.190000534057617,21.549999237060547,66705500
2025-05-16,118.06999969482422,118.23999786376953,116.01000213623047,117.16999816894531,43419700,191.1882935265016,191.72884843093692,189.26197149918255,190.8836212158203,9146700,229.67037934195108,229.98672187267027,223.80800361495287,226.002685546875,23094600,135.87733175434735,136.0070096021913,133.1242801768634,135.05938720703125,226542500,581.6027001482121,584.7996705930015,579.664873035907,584.5045776367188,76052100,21.530000686645508,21.760000228881836,21.350000381469727,21.65999984741211,55795100
2025-05-19,115.0199966430664,115.52999877929688,114.05999755859375,114.73999786376953,37737400,185.75328241392623,190.1759796142578,185.56654391044543,190.1759796142578,10144400,219.31978693998133,228.61257306527054,219.07263821234318,227.99964904785156,15355500,132.05697984278174,135.52822183812333,132.05697984278174,135.22898864746094,193154600,578.5039990308309,585.8226035943907,578.5039990308309,585.1438598632812,68168500,21.18000030517578,21.559999465942383,21.049999237060547,21.3799991607666,64279100
2025-05-20,114.3499984741211,114.51000213623047,112.08000183105469,113.51000213623047,29030800,188.5051814514462,190.40201989649006,187.5321826915011,190.1268310546875,7054100,223.90684892583548,229.12662843191308,223.75855065018234,229.0376434326172,11787200,133.9521612557517,134.24144022899694,132.28636428496227,134.0419464111328,161514200,583.4125869937757,584.3568842650167,579.9794828313374,583.1764526367188,60614500,21.329999923706055,21.40999984741211,21.1200008392334,21.270000457763672,48497400
2025-05-21,113.8499984741211,116.0999984741211,111.08999633789062,112.05999755859375,43594600,189.78285844061844,191.91557952967204,187.25699971049445,188.4658660888672,7375700,225.78519547168733,233.8027009578173,225.2315847244188,227.1099090576172,17642900,132.72526966841644,137.0543482410567,130.26148202288624,131.46844482421875,270608700,578.8385171464103,582.910979810613,572.3265394745135,573.3495483398438,95197700,21.190000534057617,21.6299991607666,20.59000015258789,20.690000534057617,62904700
2025-05-22,111.9000015258789,112.63999938964844,110.61000061035156,110.70999908447266,29252000,188.05307264543464,193.44876837862918,188.05307264543464,192.81976318359375,11825000,225.73576204945343,231.02475094371277,224.83613704538678,227.90078735351562,14340200,131.8973680939745,133.91229099864714,131.21908595560456,132.49586486816406,187344000,573.1527690961759,577.0481757894836,571.9231652201731,573.5758056640625,70860400,20.729999542236328,20.899999618530273,20.510000228881836,20.549999237060547,56077500
2025-05-23,108.08999633789062,111.0199966430664,107.66999816894531,110.30999755859375,30867300,188.72138912933093,189.48798870162975,186.76556894034667,188.68206787109375,9403100,224.35172201743626,228.01940053450008,223.60038026263894,226.11141967773438,15385600,129.67296865108418,132.3462194682512,128.8350854296202,130.959716796875,198821300,566.5817726606184,572.3166619439528,566.207968279521,569.6607055664062,76029000,20.15999984741211,20.270000457763672,19.940000534057617,20.049999237060547,68206100
2025-05-27,113.18000030517578,115.4000015258789,112.2699966430664,114.55999755859375,37885000,190.76567633872304,194.90334682843908,190.3725387052975,194.28416442871094,12228200,230.21409441153625,233.78292267951022,228.4939489033527,232.96238708496094,17941700,133.81252390577552,135.31873506532702,132.9746406768617,135.1591339111328,192953600,576.5071456404713,581.6616353353045,568.9917925553825,581.5042724609375,72588500,20.440000534057617,20.670000076293945,20.18000030517578,20.549999237060547,69504600
2025-05-28,114.91999816894531,114.94999694824219,112.66000366210938,112.86000061035156,27483700,192.7214705481061,194.6674679784341,192.12194881391412,192.77061462402344,17787600,234.44528452357935,238.24150056628514,231.7563050738452,236.69927978515625,20443000,135.68780317037033,136.904735369061,134.45091702175245,134.4708709716797,304021100,581.9075989404909,583.0978771602481,577.412159762467,578.1400756835938,68445500,20.56999969482422,20.639999389648438,20.329999923706055,20.3700008392334,46096500
2025-05-29,115.48999786376953,115.54000091552734,112.12999725341797,113.02999877929688,30501400,196.03360567138142,196.3677614208464,192.7116638180698,193.76327514648438,14609900,243.1053782536607,243.26355705980848,234.69242590440504,239.21031188964844,20743700,141.89214330786072,143.12902933343943,137.56306504893934,138.83984375,369241900,583.3831371525944,583.5208672055215,576.5072014152614,580.4222412109375,69973300,20.540000915527344,20.600000381469727,20.100000381469727,20.25,66372200
2025-05-30,111.58000183105469,112.11000061035156,108.62000274658203,110.7300033569336,36088500,192.40697901164688,192.5445734287581,187.28647213843638,189.9990692138672,11998300,238.4688770941507,240.39663424625715,232.2209497157974,239.30918884277344,27088600,138.37103486307464,139.26876471984463,132.58562239610197,134.79006958007812,333170900,579.320555390729,581.4846704969287,573.7233954302501,579.7730712890625,90601200,20.260000228881836,20.260000228881836,19.309999465942383,19.549999237060547,114281900
2025-06-02,111.05999755859375,114.86000061035156,111.01000213623047,114.62999725341797,34078400,189.7238837380412,191.8074758230193,188.89831715550343,191.4929656982422,7447400,240.4757237494815,247.1487397219748,240.41641046551013,245.8734588623047,19197000,135.14914865694024,137.77252192620537,135.05936350550982,137.03439331054688,197663100,578.1695751189003,583.1174697772985,575.5136188023458,583.038818359375,61630500,19.479999542236328,19.81999969482422,19.3700008392334,19.739999771118164,67885500
2025-06-03,114.5,117.68000030517578,113.27999877929688,117.30999755859375,37161500,191.0113997837591,194.76577080853767,190.31358979141257,194.21539306640625,9548300,247.22783161654732,254.93887539041646,246.5555791936629,253.92062377929688,30380200,138.4308967537763,141.64279803963134,137.60298279794105,140.86476135253906,225578800,582.6749573775863,587.3376063335356,582.1929021565289,586.36376953125,63606200,19.75,20.40999984741211,19.399999618530273,20.290000915527344,80401900
2025-06-04,117.41000366210938,119.30000305175781,115.7300033569336,118.58000183105469,31025000,197.92061323713452,200.52508440780542,196.93779166379954,198.92308044433594,13531100,255.11681007269627,262.40275001819793,254.65216923998128,258.10235595703125,31536000,141.83231333868676,142.03180718032695,139.18897047063936,141.56298828125,167120800,587.2196435839252,588.1934805096547,585.7735978159724,586.2064208984375,57314200,20.34000015258789,20.5,20.010000228881836,20.25,71166500
2025-06-05,118.94999694824219,119.23999786376953,114.70999908447266,115.69000244140625,34091000,201.36049273800646,202.2253655419633,198.8051505979807,199.84693908691406,12214300,259.9510298800808,261.8689063174333,256.10538140255284,256.9654541015625,41970900,141.8123566062966,143.63775490128222,138.48076233301106,139.63784790039062,231397900,587.8785767379185,589.2262178754949,581.405924678812,583.373291015625,92278700,20.270000457763672,20.549999237060547,19.850000381469727,19.989999771118164,72458400
2025-06-06,117.69000244140625,118.37999725341797,115.87999725341797,116.19000244140625,27042100,200.08282886556051,202.74626707980863,199.73883529702852,201.65533447265625,8532000,248.27573030949708,252.40806496418017,243.32287513686728,244.11373901367188,41146700,142.1514855332369,142.90958336053123,141.1540012092415,141.3634796142578,153986200,588.8918048716712,591.0264408134955,587.1211869788787,589.364013671875,66588700,20.170000076293945,20.440000534057617,20.030000686645508,20.059999465942383,70072800
2025-06-09,119.18000030517578,122.37000274658203,119.04000091552734,121.7300033569336,55437700,202.85434713482562,205.67505497545127,202.33345295102808,203.4440460205078,11472300,242.25519511228993,245.3396065240458,238.36012860219415,241.4939727783203,25334100,142.8297985646697,144.63524295526028,141.58294302195193,142.27120971679688,185114500,589.9344062766999,591.4394702547755,588.7244952632093,589.8950805664062,53016400,20.219999313354492,20.959999084472656,20.219999313354492,20.479999542236328,92893900
2025-06-10,121.11000061035156,124.08999633789062,120.80000305175781,123.23999786376953,41691900,207.9748831019518,209.56704932354353,206.3532334315653,208.81028747558594,14514000,241.43465353992912,243.47115666975557,238.64680861363445,241.83998107910156,25491300,142.3310300960049,143.92699576408052,141.1739447128789,143.59783935546875,155881900,590.4262447121249,593.623214804717,589.3147380391201,593.2396240234375,66247000,20.5,22.440000534057617,20.280000686645508,22.079999923706055,171457000
2025-06-11,124.44000244140625,124.47000122070312,119.87999725341797,121.13999938964844,32261900,211.30663729510212,213.69488650892103,209.29185007969915,210.42210388183594,13326400,243.5502435120145,251.86433035553273,241.0194429468213,250.02554321289062,24599000,144.25623511410478,144.6353103750697,141.52293261104455,142.4805908203125,167694000,594.3315085062023,595.1873080200999,589.4918043518763,591.5476684570312,73658200,21.780000686645508,21.829999923706055,20.3799991607666,20.68000030517578,146784500
2025-06-12,120.62000274658203,122.25,118.02999877929688,118.5,44718400,210.02753633193998,212.94733213780995,209.0312623332373,212.50343322753906,9796100,247.33656272257267,254.94875559049106,246.65442982172834,253.14950561523438,20410900,141.62267765562083,144.645263671875,141.50297610137997,144.645263671875,162365000,590.2197163908625,593.898681640625,589.7377212700143,593.898681640625,64129000,20.5,20.979999542236328,20.40999984741211,20.770000457763672,78175900
2025-06-13,116.05000305175781,117.87999725341797,115.05999755859375,116.16000366210938,39702700,207.2556975651202,210.36289941389109,206.5553361528552,208.2322540283203,10152500,247.80120860699117,251.10311205062112,245.5175567337934,245.86355590820312,19028400,142.13142750185233,143.22874251056697,140.50542554352353,141.6226806640625,180820600,588.7343748466453,592.0296894370186,585.7636324727854,587.2588500976562,89506000,20.329999923706055,20.600000381469727,20.100000381469727,20.139999389648438,87655900
2025-06-16,118.63999938964844,128.13999938964844,117.77999877929688,126.38999938964844,100968500,210.10645998345646,214.64397640745625,209.84012363666218,212.7500457763672,10932900,247.49473616821436,252.27953180431297,246.72363336259355,249.2247772216797,20363000,142.99931091676874,145.82237413621124,142.84966874779792,144.33602905273438,183133700,590.6033640975234,594.5872686908244,590.42624830293,592.8461303710938,79984100,20.40999984741211,20.93000030517578,20.299999237060547,20.739999771118164,86745100
2025-06-17,127.93000030517578,130.6999969482422,126.58000183105469,127.0999984741211,86623900,210.98435818494104,213.00651246698564,210.5996568377425,210.9942169189453,8389700,248.0878912015838,251.0635715535708,245.09244981230108,246.52590942382812,22014300,144.13651543605366,144.86472525299953,143.42824573031362,143.7674102783203,139108000,590.4164759991057,591.9313264126861,587.0227571759267,587.7802124023438,82209400,20.6299991607666,21.479999542236328,20.6200008392334,20.799999237060547,87512200
2025-06-18,128.00999450683594,129.2100067138672,125.7699966430664,126.79000091552734,49627100,211.7833504369995,212.24696680702667,209.99794124887464,210.5996551513672,6932000,248.02857286012582,252.72439861624085,246.56545663774304,248.39434814453125,30435500,143.6576946584193,145.2936820241915,142.7698725249477,145.1240997314453,161494100,588.675394655937,591.4100028153547,586.7375074721152,587.6917114257812,76605000,20.809999465942383,21.600000381469727,20.65999984741211,21.489999771118164,94200600
2025-06-20,129.0,132.80999755859375,127.55000305175781,128.24000549316406,79931000,212.27656960237545,212.57249720274947,205.32233872534917,206.6638641357422,16992000,250.9113199982691,251.21850334237325,241.95337830299817,247.72055053710938,42134900,145.09415386336235,145.84231899007767,142.30100101266686,143.49807739257812,242956200,590.3564623402502,591.421997724495,584.9104595060545,586.3114624023438,94051400,21.700000762939453,21.889999389648438,20.8799991607666,21.079999923706055,133472800
2025-06-23,130.47000122070312,133.25,126.81999969482422,129.5800018310547,65152900,203.8229704794178,207.72916610625762,203.39880413143968,207.4628448486328,7535500,246.84853303005255,251.90224031604112,244.22259627808347,251.4662322998047,19747000,142.15137868352326,144.42579952474293,141.68252730453457,143.81729125976562,154308900,587.0612559769497,592.4875080391681,583.9535295622766,592.102783203125,87426000,21.06999969482422,21.579999923706055,20.729999542236328,21.190000534057617,81461000
2025-06-24,133.42999267578125,138.7899932861328,132.92999267578125,138.42999267578125,78572000,211.47756427431315,217.37632323896204,210.97449791671255,217.10012817382812,14814700,256.42081834188394,263.45636903396843,256.42081834188394,261.37542724609375,32764900,145.20390562225958,147.59804349475166,145.1440548392029,147.53817749023438,187566100,596.226820866011,599.6995817819962,595.3191133865575,598.6439819335938,67735300,21.34000015258789,22.690000534057617,21.329999923706055,22.549999237060547,130368700
2025-06-25,140.94000244140625,144.17999267578125,139.4600067138672,143.39999389648438,74607200,217.80049382074057,220.4638120295895,217.80049382074057,219.71414184570312,9168400,263.5851869413591,267.4200492963441,261.0385107722055,262.2474365234375,18894200,148.90483162044157,154.0721520137232,148.8948463426075,153.9324951171875,269146500,599.7586334214261,600.4492593088346,597.4204170810242,598.979248046875,62114800,22.579999923706055,22.770000457763672,22.1299991607666,22.200000762939453,64975100
2025-06-26,145.97000122070312,146.0,141.91000366210938,143.67999267578125,58180100,221.92371248365095,222.1604575768633,219.67468677839435,220.96688842773438,7982200,262.67355774537884,269.20375952389617,261.7322001069228,267.7173767089844,23569600,155.59842060814296,156.33661581991106,153.6232685600938,154.64077758789062,198145700,600.8241399898848,604.0996298621668,600.2124582889446,603.66552734375,78548400,22.399999618530273,22.6200008392334,22.209999084472656,22.5,63229300
2025-06-27,144.17999267578125,147.75,141.6300048828125,143.80999755859375,61937900,221.25295304943387,225.77073689386313,220.98661670612069,225.46495056152344,13133000,267.8461426946954,269.3820895845788,264.45720717143985,266.90478515625,27477600,155.65826650868465,158.32174817747665,154.880175871103,157.3640899658203,263234500,604.6619851770232,608.1249297272853,602.6394853750887,606.6647338867188,86258400,22.709999084472656,23.3799991607666,22.420000076293945,22.690000534057617,95542400
2025-06-30,144.0,146.0,141.00999450683594,141.89999389648438,42972500,224.35028421514124,225.0506306055179,221.74614858799706,223.41319274902344,9279800,272.2359519035795,275.1888794583511,269.6595492237102,273.1475830078125,24708400,158.01248577811177,158.27185945851633,155.57846775508057,157.60350036621094,194580300,609.1016386885779,610.9169326524568,606.7929889413094,609.5653076171875,92502500,22.969999313354492,22.969999313354492,22.270000457763672,22.399999618530273,77102400
2025-07-01,138.77000427246094,140.22999572753906,135.1199951171875,136.11000061035156,55257200,224.34043455553916,225.49455375382772,218.17533865294658,221.62779235839844,9990200,271.90894804987573,272.00804628242076,260.27553527382094,262.3366394042969,28847600,155.9076636637482,156.81544119896878,151.1194180014287,152.92498779296875,213143600,608.0954226976304,610.532334615444,607.2667196950123,609.3681640625,70030100,22.329999923706055,23.15999984741211,22.280000686645508,22.850000381469727,79094900
2025-07-02,135.52999877929688,139.77999877929688,135.22000122070312,138.52000427246094,39228000,221.430488034363,230.6436177807196,220.95701293535066,230.42660522460938,12012500,261.5934767297022,269.53077125124224,260.34493563232485,267.4498291015625,17582100,152.60576718743292,157.2144758260153,152.5957971297394,156.86532592773438,171224100,608.9635746030316,612.1699961712587,608.3420172970813,612.1305541992188,66510400,22.530000686645508,22.770000457763672,21.520000457763672,21.8799991607666,138245300
2025-07-03,139.11000061035156,139.5,137.32000732421875,137.91000366210938,28646000,230.6929317686296,234.3525390015902,230.1010916442265,231.6103057861328,7779600,268.2722403488857,273.29619034053644,267.66776239216966,272.68182373046875,10592700,157.98256705200242,160.58618269349765,157.3840439934681,158.9501953125,143716100,614.1036930875782,617.882354174148,614.0839419945853,616.9549560546875,51065800,22.149999618530273,22.6299991607666,21.989999771118164,22.489999771118164,61176000
2025-07-07,136.55999755859375,137.44000244140625,133.5,134.8000030517578,37395000,228.48338148126,229.39088175396233,224.35029895289077,226.05679321289062,13817500,272.63230572680953,275.04023831991105,270.1847277963866,271.69091796875,16760600,157.81297934590498,158.92026447090194,156.95508262544374,157.85289001464844,140139000,615.0014790783108,615.6625385416997,609.5851029977032,612.357421875,74814500,22.209999084472656,22.389999389648438,21.860000610351562,22.0,80725200
2025-07-08,137.32000732421875,139.14999389648438,135.91000366210938,137.82000732421875,36124600,226.6585029430279,227.20103435998237,224.44892728647835,224.76458740234375,8854400,273.84123163769186,273.84123163769186,268.6884264419103,269.33251953125,14869400,158.9402376292259,159.8280598400772,158.00253468758166,159.6085968017578,138133000,613.0185013919862,613.7683204406269,611.2130826065427,612.0220947265625,59024600,22.18000030517578,23.790000915527344,22.1299991607666,23.59000015258789,119545500
2025-07-09,138.69000244140625,140.64999389648438,137.58999633789062,138.41000366210938,37013100,227.31940456509855,230.10110295650531,227.11226577939988,228.69052124023438,9475300,270.48201055545763,276.91311370789094,270.2441989964764,275.3771667480469,20133000,160.82559421950873,164.01776272716893,160.76574343834326,162.48153686523438,183656400,614.4194576258184,616.3432624074327,612.5843521193799,615.692138671875,66113300,23.290000915527344,23.530000686645508,23.1299991607666,23.440000534057617,70247700
2025-07-10,143.0,145.82000732421875,141.85000610351562,144.16000366210938,61101500,229.61772625102847,229.88406256620013,224.67579157785016,226.6387481689453,13124700,277.2500022652105,278.62736775954517,270.2243707533372,272.89984130859375,17891600,163.91804092547642,164.0975932957291,161.21466354212765,163.69857788085938,167704100,615.8302548644143,618.4644365752275,614.6562088976586,617.4285278320312,57529000,23.6299991607666,24.040000915527344,23.479999542236328,23.81999969482422,54599800
2025-07-11,142.60000610351562,147.39999389648438,141.60000610351562,146.4199981689453,50049200,227.86192047230193,229.1146720417001,226.28365006747737,227.2700653076172,8817800,271.6513485733769,273.96018333186885,269.42177426233025,271.88916015625,14274700,163.319494380175,167.4792915182188,163.07010595303956,164.5165557861328,193633300,614.389851486408,616.4814202079069,613.196114561925,615.258056640625,63670200,23.559999465942383,23.65999984741211,23.15999984741211,23.43000030517578,49367900
2025-07-14,145.08999633789062,147.5800018310547,141.89999389648438,146.24000549316406,44718600,226.21460577730895,226.72754590968609,223.2356275778328,225.56356811523438,10673500,271.6414574386316,275.8330382178294,267.1327441156308,273.0981140136719,11934200,164.96544774793,165.08516454052796,161.62365204151925,163.66864013671875,136975800,614.8042291186631,616.7774117864018,613.4624793566222,616.43212890625,51898500,23.239999771118164,23.399999618530273,22.8799991607666,23.299999237060547,48420500
2025-07-15,153.75,158.67999267578125,153.55999755859375,155.61000061035156,93370100,231.27494507844887,234.48079490349923,230.67323112461006,233.73110961914062,14270100,277.2698104767424,280.7875705680168,275.3276123279013,278.3895568847656,17918400,170.77121644956358,171.97824787505814,168.78607915204378,170.28240966796875,230627400,619.1057169315715,619.4411242116038,613.7189074073614,613.7978515625,74317300,23.56999969482422,23.780000686645508,22.899999618530273,22.920000076293945,66099400
2025-07-16,155.30999755859375,160.36000061035156,152.85000610351562,160.0800018310547,59492800,233.18856412114204,235.07262090173757,230.9691297606559,234.3328094482422,15092800,277.5670544048685,278.95436893497526,273.16739001236016,278.2607116699219,15031000,170.64152069930245,171.32983513615645,168.48680121561864,170.9507598876953,158831500,615.3763700559891,616.3530856848711,609.7626638597798,615.8499145507812,88987500,22.989999771118164,23.1299991607666,22.25,22.690000534057617,58865900
2025-07-17,161.80999755859375,161.9600067138672,158.67999267578125,160.41000366210938,50605100,242.45098656791848,244.90716584643928,238.11076568734921,242.26358032226562,27395700,278.58775624886226,285.66292184261795,277.3689116056651,283.84954833984375,17231100,171.59918390717252,173.7339481189201,170.4120926228971,172.5767822265625,160841100,616.0276278697462,619.9739930445255,615.8105464724214,619.6187744140625,68885700,22.65999984741211,23.049999237060547,22.59000015258789,22.799999237060547,49384000
2025-07-18,159.58999633789062,160.8300018310547,155.80999755859375,156.99000549316406,48859800,241.97753429187748,242.62857200077755,235.44746983700878,237.1342315673828,16252000,284.5035562146376,284.91975669509816,278.4490382611421,280.7677917480469,15012400,173.21520688358655,173.82371518980958,170.8410244393951,171.98822021484375,146456400,620.8618249379944,621.0295285799061,618.0599396747441,619.1649169921875,65621600,23.219999313354492,23.59000015258789,22.899999618530273,23.100000381469727,60195600
2025-07-21,157.6199951171875,160.33999633789062,156.9199981689453,157.0,39021100,236.85800681993516,239.04784971084868,235.46717286340984,235.6052703857422,11971800,281.3821491946319,287.9024316505868,281.05515830259225,285.59356689453125,17726800,172.32739806402674,172.9558617527255,170.58167912560677,170.96075439453125,123126100,620.3389892578125,623.0718060276608,619.9147622533486,620.3389892578125,63375000,23.399999618530273,23.829999923706055,23.15999984741211,23.260000228881836,61658000
2025-07-22,156.1999969482422,156.22999572753906,149.33999633789062,154.72000122070312,49028000,234.59914196238188,234.76683074959416,228.61159413829085,231.41302490234375,11919500,285.0386310696339,285.38545972504494,273.92048799155776,276.0608825683594,16564800,170.9208530826869,170.97073381366536,164.17739532245605,166.62139892578125,193114300,620.6645066309135,621.2860639110608,617.7935527028395,620.427734375,60046300,23.34000015258789,23.540000915527344,23.079999923706055,23.239999771118164,53969800
2025-07-23,156.32000732421875,159.4499969482422,156.0,158.64999389648438,41510900,235.27977630209392,237.2328743379398,233.1688482094214,237.065185546875,9885400,274.26732058865787,281.4217768289301,270.52163758555605,281.1145935058594,20556200,169.11525591048226,170.84101932871772,167.5590747729789,170.36219787597656,154082200,623.0816274772815,625.7059936523438,621.2860243619085,625.7059936523438,70511000,23.260000228881836,23.6200008392334,22.920000076293945,23.489999771118164,68711700
2025-07-24,159.1199951171875,163.92999267578125,158.36000061035156,162.1199951171875,48440100,236.94683069463846,238.66318371887314,234.79643746975964,238.3179473876953,9081900,287.1592322367496,288.5564355809759,280.9263257483868,286.0890197753906,16413800,172.01817945898665,173.40477863012546,170.88096873748768,173.31500244140625,128984600,626.0907872079496,627.6200518287297,625.488980993582,625.9132080078125,71307100,23.489999771118164,23.579999923706055,22.600000381469727,22.6299991607666,131963300
2025-07-25,163.50999450683594,167.17999267578125,162.36000061035156,166.47000122070312,53432300,238.0417244497932,242.8948854512848,237.6668818554844,242.26358032226562,11593400,285.4548240060708,289.93377924473583,284.66206849445047,287.545654296875,12476200,173.18529303585547,174.29257821699642,172.53688923976992,173.0755615234375,122316800,626.5743140212653,629.0309167973285,626.3276661888614,628.5573120117188,56865400,20.68000030517578,21.049999237060547,20.360000610351562,20.700000762939453,245077700
2025-07-28,169.0800018310547,174.6999969482422,168.6699981689453,173.66000366210938,68267800,239.69890483695127,240.6359963105813,237.77539811707862,239.45230102539062,11892200,289.80497294938414,292.7678496109974,287.9519540743725,291.6282653808594,13683400,173.59430945229414,176.56701539294556,173.54442872003753,176.317626953125,140023500,628.9321516432593,629.4846403177779,627.0181622678288,628.3994140625,54917100,20.81999969482422,21.290000915527344,20.649999618530273,20.68000030517578,86105600
2025-07-29,175.2100067138672,182.30999755859375,174.67999267578125,177.44000244140625,108154800,238.21927874923583,240.65572557865872,236.56210838265773,238.0515899658203,9411500,294.7992006143327,299.4466257256128,292.193071750249,294.7199401855469,19210800,177.52464594674228,178.94117023690123,174.59183591750704,175.08062744140625,154077500,629.7904764849706,630.1061928990167,625.8342963044605,626.741943359375,60556300,20.690000534057617,20.850000381469727,20.34000015258789,20.40999984741211,100831500
2025-07-30,175.61000061035156,180.3699951171875,173.8000030517578,179.50999450683594,64820300,238.83086144376222,241.24759090747213,237.94309371731956,239.61013793945312,6823800,294.4523983986542,300.50694614853245,293.11464795881585,299.87274169921875,16738900,176.07820855766118,179.44994513464422,175.60935707311754,178.8314666748047,174312200,627.3930212452535,629.129431287321,623.0717472322541,625.95263671875,80418900,20.43000030517578,20.6200008392334,20.079999923706055,20.34000015258789,67420300
2025-07-31,182.02000427246094,182.5,173.0,176.30999755859375,71765300,242.6384175510975,244.04899917706834,236.54237856673282,238.337646484375,13490700,300.0510854039647,304.1634347437665,287.5952223379664,291.0337219238281,25488500,182.4525851776258,182.8516158332291,175.4996339264178,177.4348907470703,221685400,630.8857242490737,631.2704491095576,622.312243037441,623.6046752929688,103385200,20.170000076293945,20.229999542236328,19.65999984741211,19.799999237060547,90665200
2025-08-01,170.16000366210938,174.39999389648438,166.82000732421875,171.6999969482422,75396100,232.41914352241608,233.9678226039064,228.69049528794426,232.0147247314453,13549800,283.93871170717665,289.98334011084546,279.0534447550417,286.0196533203125,21428100,173.6641186818972,176.1081221843386,170.47194991004753,173.29502868652344,204529000,617.9020886786027,617.9415908673775,610.9860743719428,613.3834838867188,140103600,19.5,19.549999237060547,18.969999313354492,19.309999465942383,86496100
2025-08-04,174.61000061035156,177.86000061035156,173.55999755859375,176.77999877929688,52951000,234.6780610874307,235.7532501220703,233.1787056588445,235.7532501220703,6450700,289.54736492798173,295.77035268408076,288.754609335799,295.0172424316406,17164600,174.7315057215643,179.75916955634796,174.09307197712414,179.55966186523438,148174600,617.280474690056,622.7560435889075,617.1917152069655,622.7067260742188,73218000,19.520000457763672,19.59000015258789,19.350000381469727,19.5,69249400
2025-08-05,177.57000732421875,177.99000549316406,171.8000030517578,174.30999755859375,88808500,235.0923445576877,235.38827213822876,227.04319263478178,229.31195068359375,11868900,295.1064247549772,298.46566423977845,288.8041764960874,290.2707214355469,18477500,179.18058718831315,179.81902093485988,175.46968627980374,177.82391357421875,156407600,623.3184684441039,624.1274805006751,618.6321599743907,619.5496826171875,68051400,19.700000762939453,20.540000915527344,19.68000030517578,20.190000534057617,97338200
2025-08-06,165.0500030517578,166.17999267578125,157.8000030517578,163.1199951171875,133641800,227.89153584736218,229.0456399943057,225.7115663647478,228.22691345214844,9457200,290.24099283475994,300.0610316255537,289.2500710222544,298.931396484375,17392100,175.89862689332494,179.45988530544022,175.81882077930385,178.98106384277344,137192300,620.6151401423151,624.9462896680084,619.7074931606843,624.295166015625,64357500,20.1200008392334,20.479999542236328,19.8700008392334,20.40999984741211,67074200
2025-08-07,166.83999633789062,175.75,166.6999969482422,172.39999389648438,95448300,241.14894041826548,244.4731550362825,237.52879821120933,239.32406616210938,17691000,303.39050525809813,307.5226317451636,297.15759939917075,301.00238037109375,16319400,181.12581999654523,183.43016644757114,178.36259217804582,180.32777404785156,151878400,627.7087670325432,628.4388348760696,620.6743670535704,623.7722778320312,74205800,20.0,20.440000534057617,19.600000381469727,19.770000457763672,131382800
2025-08-08,174.0399932861328,176.47999572753906,170.52000427246094,172.75999450683594,68866700,239.8567338828688,239.8567338828688,235.72365161020412,238.5447998046875,10552500,301.2897546735197,305.0750831253288,299.8033720056868,302.201416015625,12458700,181.10587113034643,182.85159004607542,179.95867528141937,182.2530517578125,123396700,625.5580097272857,629.0998986072367,625.2422933193634,628.6361694335938,64051600,20.0,20.020000457763672,19.610000610351562,19.950000762939453,75415000
2025-08-11,170.0399932861328,178.82000732421875,169.3800048828125,172.27999877929688,70651000,238.75194575736083,242.01699295019276,238.25873812147415,238.80126953125,8272900,302.28063661070775,305.51105085999154,298.55479177797815,301.1410827636719,12396400,181.6046387082212,183.39025298215157,179.80903915640334,181.61460876464844,138323200,628.9124554108,630.382466681372,626.1499518449814,627.39306640625,58742300,20.450000762939453,21.600000381469727,20.440000534057617,20.649999618530273,175545600
2025-08-12,173.32000732421875,175.16000366210938,168.5,174.9499969482422,52243500,240.40912564667218,241.44486466823423,238.41656262963397,240.97137451171875,7295800,303.8463842085904,310.59455986556446,301.90418577001026,309.9900817871094,17609600,182.51242163652668,184.02869221788941,179.0209838780724,182.71192932128906,145485700,629.7312404986845,634.2300937128912,628.251353780633,634.072265625,64730800,21.200000762939453,21.860000610351562,20.760000228881836,21.809999465942383,134153600
2025-08-13,179.91000366210938,186.64999389648438,179.3800048828125,184.4199981689453,108305100,243.08231314702581,243.08231314702581,236.6804875358508,238.1601104736328,7971900,313.8744607292407,314.4690198205595,301.9833998649916,306.28399658203125,17371200,182.1732462738988,183.51994981646104,178.9112567337155,181.14576721191406,179871700,636.2625497647373,637.5254154950222,634.0624705008762,636.2428588867188,60092800,21.6200008392334,22.299999237060547,21.360000610351562,22.219999313354492,86024400
2025-08-14,179.8300018310547,185.44000244140625,179.55999755859375,180.9499969482422,66308800,234.7372372283357,238.10091682860465,233.60286571635746,237.72607421875,11040500,304.22294095775777,311.3179453617449,304.21302206182645,308.4046325683594,15717600,179.31025614092474,182.57226061200618,179.02097229994772,181.57470703125,129554000,634.1709920856589,636.9630622902898,633.7270741796365,636.3020629882812,59327500,21.989999771118164,24.200000762939453,21.899999618530273,23.860000610351562,188052500
2025-08-15,180.05999755859375,180.13999938964844,176.25,177.50999450683594,51543100,237.065186845822,237.52880323310137,234.03688470131667,235.6348876953125,8155500,308.20638530645857,308.67211973044033,297.0387082657238,303.5589599609375,22806900,181.43506987144983,181.45500998578265,177.6044521364236,180.00856018066406,156602200,637.328112699525,637.4268079608856,633.9046697471923,634.8123168945312,68592500,25.010000228881836,25.649999618530273,24.110000610351562,24.559999465942383,310161100
2025-08-18,176.75999450683594,178.8000030517578,174.36000061035156,176.13999938964844,35937500,236.72981574713762,239.5608228713336,236.72981574713762,238.13052368164062,6919800,299.95203470413253,303.3905344880831,296.2856120243406,302.9842529296875,14724700,180.15820389652,182.49247589603021,180.14821861780752,181.5647430419922,132008000,634.2400307460651,635.3647592128409,633.5691559281859,634.6741333007812,43804900,24.0,24.899999618530273,23.209999084472656,23.65999984741211,212515600
2025-08-19,173.10000610351562,173.1699981689453,166.10000610351562,166.5500030517578,64455000,236.75940072307603,236.9073569951018,229.42046860054347,229.53883361816406,14594700,299.6745901136142,300.1502132332778,289.7356454685235,292.2327575683594,20149600,181.9837257637527,182.05356183349764,175.06071543129087,175.21034240722656,185229200,634.4965103700933,635.4732259966958,629.9187128752989,631.2308959960938,69750700,24.940000534057617,26.530000686645508,24.940000534057617,25.309999465942383,297659200
2025-08-20,164.10000610351562,166.64999389648438,158.25,165.1999969482422,60233200,225.0407797054252,225.91868869604355,220.66109348651923,225.49453735351562,17165200,292.7777664358343,292.8074928822309,279.3111418885181,288.5267333984375,23600500,174.74148365399904,175.5694550698242,168.38707131580557,174.97091674804688,215142700,630.8264521540534,631.0829152899969,624.4629267215348,629.5537109375,88890300,24.899999618530273,24.93000030517578,23.329999923706055,23.540000915527344,161149400
2025-08-21,165.86000061035156,165.8800048828125,162.25999450683594,163.7100067138672,37880500,225.05062817260477,227.2010211957092,223.1863039943661,224.2417755126953,7449100,287.42676280711595,289.7356274387643,283.5720928922198,286.970947265625,14946300,174.42225404103465,176.46722675550242,173.38478976711397,174.5519256591797,140040900,627.7482676486437,629.4155489420286,625.3113561107211,627.0280151367188,54805800,23.530000686645508,23.56999969482422,22.780000686645508,23.5,97718300
2025-08-22,162.1699981689453,168.52999877929688,161.8000030517578,167.75999450683594,43998600,224.90267271447098,231.26504794543524,223.09753103518776,229.82489013671875,10299500,289.1014500053561,297.3657346131489,286.3863338108117,291.3310241699219,16301300,172.1877223514448,178.15308843889832,170.78116816439123,177.5545654296875,172789400,629.2084140029245,637.8312114652382,628.70524285572,636.6571655273438,84083200,23.649999618530273,25.229999542236328,23.649999618530273,24.799999237060547,200266800
2025-08-25,165.5500030517578,165.58999633789062,161.72000122070312,163.36000061035156,36134700,231.1171030553405,234.05661637456984,229.09494872155582,232.3895721435547,7655000,290.151807194349,295.6910563770009,289.0617871761766,291.5589294433594,15124700,177.91372767003432,181.46501678957617,176.1380831102634,179.37014770507812,163012800,635.4041800322128,636.6374190424261,633.7368384817344,633.855224609375,51274300,25.5,25.8799991607666,24.440000534057617,24.549999237060547,156825600
2025-08-26,168.64999389648438,169.77000427246094,164.91000366210938,166.6199951171875,52138600,233.15896891234874,235.58555706131565,232.5276637514675,235.47705078125,9793100,291.67781876802,297.524250956868,291.3210712183159,295.3045959472656,25689100,179.61949407406715,181.94379572773957,178.37255210674027,181.3253173828125,168688200,633.5889446007113,636.8545593934813,632.9673872646679,636.5092163085938,51581600,24.579999923706055,24.739999771118164,24.100000381469727,24.350000381469727,78558200
2025-08-27,166.0399932861328,167.67999267578125,164.64999389648438,167.1300048828125,37031000,233.65218345998116,236.14781292390438,232.24161682885185,236.039306640625,9516400,294.8289530502972,298.44581146308104,291.11299641239617,297.5242614746094,13830300,181.53482178191953,182.0435839210746,178.66187741767394,181.15576171875,235518900,635.9271580330511,638.6896016147832,635.7791452521487,637.9595336914062,48341100,24.190000534057617,24.989999771118164,24.049999237060547,24.850000381469727,90934400
2025-08-28,168.5,170.99000549316406,166.64999389648438,168.5800018310547,36285200,233.08993330478228,237.39070452082436,232.79400571095087,235.03317260742188,8466200,300.179948278461,308.1766948527874,299.58538912131326,305.8480224609375,18907100,180.3776517699909,184.01871637210735,175.9784366795831,179.72923278808594,281787800,638.5612839961418,640.7712386679527,636.6867968305069,640.21875,61519500,24.959999084472656,25.139999389648438,24.610000610351562,24.93000030517578,60035100
2025-08-29,166.80999755859375,168.57000732421875,161.89999389648438,162.6300048828125,37516800,232.63617344590713,232.7446797275653,227.44763454912203,227.7336883544922,15526000,304.2229093937038,304.2229093937038,290.9940974069685,294.69024658203125,21610700,177.67428483075477,177.714180280125,172.72641192849127,173.75389099121094,243257900,638.7882298477452,639.1533240222955,634.5163329434167,636.4006958007812,74522200,24.760000228881836,24.969999313354492,24.280000686645508,24.350000381469727,63734400
2025-09-02,158.4199981689453,162.38999938964844,156.6199951171875,162.32000732421875,38656100,223.07779328974405,226.22446021180255,222.56486821861657,225.28736877441406,13974900,286.71333305665485,295.998266231383,284.56304951230754,295.53253173828125,19693000,169.58410730722488,171.95828968039308,166.81090959368234,170.36219787597656,231164900,628.9518765829083,631.9017745733,626.406454480519,631.6847534179688,81983500,23.8799991607666,24.239999771118164,23.68000030517578,24.209999084472656,57661800
2025-09-03,161.80999755859375,164.75,160.5800018310547,162.1300048828125,30752800,228.37486660868356,229.29222558138233,225.49453583801846,228.2466278076172,7198500,299.54573820468306,301.6861327701727,293.7091947000028,299.64483642578125,18529400,170.6415475595936,171.98825125424256,168.4668876205481,170.20262145996094,164424900,634.05255551225,635.5719445130327,631.8722274787872,635.1082153320312,70820900,24.09000015258789,24.09000015258789,23.719999313354492,24.0,47822900
2025-09-04,159.94000244140625,162.0500030517578,157.7899932861328,161.7899932861328,32103500,228.20716147516177,232.11335722008394,227.17142250969707,232.0147247314453,6241900,302.2905998597554,305.97683014063443,299.5061120396878,303.3211669921875,31220800,170.15273668191406,171.43957421789176,168.99557077235426,171.2400665283203,141670100,635.7790859642552,640.4457033002755,634.8813144651941,640.4160766601562,65219200,23.850000381469727,24.639999389648438,23.75,24.610000610351562,59056500
2025-09-05,157.1199951171875,157.13999938964844,150.17999267578125,151.13999938964844,78256000,236.976398075616,241.2278452692405,234.66817501968495,240.10333251953125,14056600,352.5501641041714,353.1050779044343,328.4113230711315,331.8498229980469,78401600,167.61892806242963,168.6164816497661,163.66862438059468,166.6114044189453,224441400,642.7444163544111,643.4646688785257,634.7037341963564,638.561279296875,85178900,24.600000381469727,24.709999084472656,24.170000076293945,24.489999771118164,55975300
2025-09-08,151.8000030517578,152.63999938964844,149.22000122070312,151.41000366210938,41849000,238.7026292382516,244.51261439716552,238.33764536459515,243.8319854736328,12986600,339.6384482952403,350.9547886018968,338.152065589353,342.5121154785156,43535600,167.14011909123317,170.54178073137314,166.9406114031506,167.89825439453125,163769100,639.922799046398,641.1264716601992,638.5514227841185,640.1300048828125,63133100,24.479999542236328,24.739999771118164,24.1200008392334,24.479999542236328,51122100
2025-09-09,151.99000549316406,156.66000366210938,151.92999267578125,155.82000732421875,42802500,243.57550459144537,251.26954636644058,243.57550459144537,247.5113067626953,13443400,346.37672621232326,347.7937674637076,332.7812769992885,333.6136779785156,26972300,168.6763418810487,170.5617176578999,166.3320999523285,170.34225463867188,157548400,640.2680535026645,642.1327252974712,638.5415189260096,641.60986328125,66133900,24.530000686645508,24.809999465942383,24.270000457763672,24.440000534057617,42146200
2025-09-10,163.5399932861328,164.52999877929688,158.0,159.5399932861328,52465300,255.35329844767236,260.98572082054017,254.2485182382485,256.9019775390625,18822400,348.3287806992547,369.5840629920882,347.36758545276996,366.2149353027344,51086800,176.20789518840485,178.851406558282,175.04075911822534,176.89620971679688,226852000,644.855788891868,645.7733115580726,641.9058905935132,643.4647216796875,78034500,24.420000076293945,24.8700008392334,24.280000686645508,24.770000457763672,61600700
2025-09-11,158.6199951171875,160.2100067138672,154.99000549316406,155.6699981689453,48817700,256.8132015166205,258.0856855444237,254.7220061239534,255.39276123046875,10005000,367.8103382970059,370.83266786419836,355.5031067490549,356.3652038574219,29430900,179.25053151190707,179.84910351407555,176.05818301908454,176.7465362548828,151159300,645.4082598463015,649.502637640468,644.8262047273438,648.81201171875,69934400,24.760000228881836,24.93000030517578,24.56999969482422,24.610000610351562,55536900
2025-09-12,157.0,160.41000366210938,154.9199981689453,158.57000732421875,42232800,257.3064384010325,257.405085952161,254.8699913928882,255.80706787109375,8496600,359.6154381170266,361.08201328413594,353.91763770285525,356.60302734375,31949800,177.34513598621658,178.17315412234487,176.02828346447401,177.39501953125,124911000,648.7823644090812,650.2721267910674,648.0917987261137,648.5949096679688,72780100,24.610000610351562,24.6299991607666,24.049999237060547,24.079999923706055,52672800
2025-09-15,160.00999450683594,162.3000030517578,157.60000610351562,161.16000366210938,36808700,256.4679657672594,259.2299164343204,255.23494670107064,257.8292236328125,8147700,356.6030376305608,362.18193242681093,353.1050847458822,360.78472900390625,21792200,175.2501343169162,178.4225418052247,174.0929031464731,177.32516479492188,147061600,650.7950437367242,652.1762353081463,650.499078415473,652.0479736328125,63772400,24.329999923706055,25.459999084472656,24.219999313354492,24.770000457763672,83951600
2025-09-16,161.3699951171875,161.9499969482422,159.22000122070312,160.4600067138672,27946500,263.1350813455236,263.6496246085432,257.88066423054323,259.31549072265625,10381900,362.11254006740637,362.3701894080732,353.7491577958688,356.7318420410156,21306500,176.5769489507663,177.0757538913052,173.96321593348455,174.46202087402344,140737800,652.6005288851532,652.9064300011956,650.3708830930857,651.1502685546875,61169000,24.81999969482422,25.34000015258789,24.690000534057617,25.270000457763672,60336600
2025-09-17,159.27999877929688,161.6300048828125,155.75999450683594,159.16000366210938,41823800,261.57159676239604,262.03667571935586,257.00989120831827,260.037841796875,10422000,355.59228565741597,356.6624678705395,338.3997867816056,343.02740478515625,45197100,172.22736966160153,172.78602876073558,168.00748411706098,169.8829803466797,211843800,651.1600740883537,652.8471065185831,645.5266166017295,650.3411865234375,101952200,25.079999923706055,25.260000228881836,24.450000762939453,24.899999618530273,63093700
2025-09-18,150.9600067138672,158.77000427246094,149.85000610351562,157.9199981689453,84549500,255.29798600353797,267.7066640112345,255.27820633325646,265.8265686035156,16917300,346.82262399207383,347.5162813362711,340.6690081880208,342.21484375,24663900,173.56417834624654,176.67673180432445,172.54662713675344,175.81878662109375,191763300,653.0148488941834,655.9746224265324,651.4165760040546,653.3798828125,90459200,31.780000686645508,32.380001068115234,30.15999984741211,30.56999969482422,523908000
2025-09-19,157.3800048828125,159.83999633789062,155.89999389648438,157.38999938964844,55448100,263.5803294721709,263.77824697186736,260.0576154029626,262.0960388183594,17640200,341.5211874471744,343.1264759017759,333.3758091578165,341.8085632324219,41240100,175.34989886544702,177.65437533147113,174.76129744715922,176.24774169921875,237182100,655.2606553211801,657.4569312262267,653.3215535907623,656.6160278320312,97945600,30.3799991607666,30.6299991607666,29.329999923706055,29.579999923706055,225702900
2025-09-22,157.4199981689453,162.67999267578125,157.4199981689453,159.7899932861328,46505500,263.74856380974825,273.46569705940817,262.66998288583386,269.7747802734375,15630300,339.902731505626,344.1114593216907,335.44587907522964,336.28961181640625,28660000,174.8810364137678,184.1089289332547,174.29245016588177,183.17117309570312,269637000,655.1320445581616,660.1676828141602,655.1023357778903,659.7225341796875,69452200,29.670000076293945,30.100000381469727,28.729999542236328,28.760000228881836,130314500
2025-09-23,160.52000427246094,163.38999938964844,159.2100067138672,160.89999389648438,39448300,279.44248603253794,283.0047901297097,277.0676267004151,279.7492370605469,17830300,337.72886987537504,342.6721261963648,334.5326336759904,336.4384765625,21944100,181.53508786527138,181.98400930831284,175.78885990523673,178.0035400390625,192559600,659.6037721086419,660.2172101260659,654.914373896894,656.1312866210938,81708900,28.989999771118164,30.200000762939453,28.81999969482422,29.34000015258789,126317900
2025-09-24,162.97999572753906,165.10000610351562,158.42999267578125,160.8800048828125,38464100,277.3743977524537,278.2649662915443,273.8219983345636,277.77020263671875,10231000,337.252415996193,337.57003121870474,331.34631776699774,336.80572509765625,19677300,179.34033838980653,179.35030900890538,174.98077271717747,176.54702758789062,143564100,657.4173382288552,657.5162467217733,652.6289715744526,654.043701171875,68082200,29.3799991607666,31.700000762939453,29.229999542236328,31.219999313354492,164458500
2025-09-25,157.13999938964844,161.6300048828125,154.77999877929688,161.27000427246094,36809900,270.25966895256005,274.2375876956835,267.3603614512901,273.7626037597656,11863400,330.5324134002917,335.5650023848785,324.8844050686064,333.6194763183594,21678200,174.06297010669513,179.82915407834395,172.7162058826927,177.2653045654297,191586700,650.91749472694,652.3717757310584,647.4251431178142,651.0263061523438,89622100,31.610000610351562,34.25,31.209999084472656,33.9900016784668,295709300
2025-09-26,160.52000427246094,162.11000061035156,157.0500030517578,159.4600067138672,30316900,271.0216403119453,272.614764732413,267.78586679041314,270.4971618652344,10451900,334.93962595147707,336.57744224080056,328.1401756006561,332.06103515625,15464700,177.74414266212372,179.3403244887289,174.51188131329135,177.76409912109375,148573700,652.4707616041429,655.3002210405111,650.8581544995363,654.756103515625,69179200,35.02000045776367,36.29999923706055,34.4900016784668,35.5,268583300
2025-09-29,160.1199951171875,164.3000030517578,159.89999389648438,161.36000061035156,39828800,273.59436844119443,276.9389752403677,270.3685302734375,270.3685302734375,8046200,333.5201745021023,338.53289119836546,325.13252704426316,325.4799499511719,21336000,179.99875523700084,183.56023005067578,179.88903275637574,181.41537475585938,193063500,657.2689872647139,658.1792111877495,654.7956708332731,656.5962524414062,73499000,34.52000045776367,35.04999923706055,33.72999954223633,34.47999954223633,152605900
2025-09-30,160.7899932861328,162.27999877929688,159.3300018310547,161.7899932861328,29669300,272.4366572875338,276.5629691238229,270.96224110944206,276.3650817871094,8348800,327.6835698030718,328.6066987392107,322.21422624207713,327.4751281738281,20109500,181.6448190078555,186.90222763381766,181.04624695721463,186.13406372070312,236981000,655.8541471878013,659.5344728182262,654.5482290856307,659.0694580078125,86288000,33.93000030517578,34.2400016784668,33.02000045776367,33.54999923706055,124818400
2025-10-01,160.92999267578125,164.17999267578125,160.49000549316406,164.00999450683594,39895200,275.5239274754906,287.4378421861954,274.2672389327902,285.4488830566406,14620100,325.72812640295405,335.4558169785511,322.1050708021695,330.9294738769531,21122700,184.79726069745416,187.6903232769056,183.46045188172369,186.79248046875,173844900,656.0916952927918,662.2255322042525,655.9828838603935,661.3153686523438,72545400,33.529998779296875,36.060001373291016,33.5,35.939998626708984,162649700
2025-10-02,168.67999267578125,171.05999755859375,166.1199951171875,169.72999572753906,55475200,293.4146096921819,293.6125272216374,284.0240057404417,285.0926818847656,10198000,345.0444773931538,345.0444773931538,332.77571393429145,335.68408203125,19917600,189.146847340247,190.59337868298996,187.6105195355423,188.43853759765625,136805800,663.2938778298502,663.4125921637317,659.6630669539827,662.0769653320312,56896000,35.7599983215332,37.56999969482422,35.439998626708984,37.29999923706055,149361700
2025-10-03,170.67999267578125,170.67999267578125,163.13999938964844,164.6699981689453,42699100,289.7929407228101,292.9594400542611,287.4477659332806,289.1299743652344,10572500,338.97961557970325,341.85820654958246,333.26211661605197,335.8727111816406,14749100,188.73782471792558,189.90502650703218,184.93693332773543,187.17156982421875,137596900,662.8389040732001,665.5001949823258,661.0284195287326,662.0672607421875,70494400,37.95000076293945,38.08000183105469,36.45000076293945,36.83000183105469,125359300
2025-10-06,226.4499969482422,226.7100067138672,203.00999450683594,203.7100067138672,248859600,296.8680475424882,304.081678665316,296.7987733950332,299.2330017089844,15785000,333.44076543518025,341.5901632845777,332.09078712402555,333.013916015625,18465700,185.05665991394912,186.78252099752746,182.8918479831437,185.0965576171875,157678100,664.4514922823549,665.3320074034157,662.314573504463,664.4415893554688,54623300,37.189998626708984,38.68000030517578,36.43000030517578,36.59000015258789,112086100
2025-10-07,214.85000610351562,218.89999389648438,209.27999877929688,211.50999450683594,115748100,303.40879568727814,303.8837795682962,290.2085077484398,290.9506530761719,13081000,334.54257383015096,335.6145896414922,324.1696871643973,333.9271545410156,18086700,185.784875425114,188.60811308659447,183.56020975393224,184.59771728515625,140088000,665.3616291701808,665.8068381763353,660.5436138980969,661.9781494140625,72020100,36.63999938964844,38.04999923706055,36.349998474121094,37.16999816894531,111140200
2025-10-08,212.9499969482422,235.8699951171875,210.6999969482422,235.55999755859375,159983500,291.91055208537625,303.19115721111416,290.90124511553904,301.3308410644531,12821200,331.35631302149505,343.9824367218264,330.1651572735519,342.9501037597656,21478300,186.12409742063042,189.14685437964263,186.0941551173159,188.65802001953125,130168900,663.0960778489103,666.0245059882836,662.2749199573431,665.925537109375,60702200,36.54999923706055,37.790000915527344,35.90999984741211,37.43000030517578,103202100
2025-10-09,236.3000030517578,240.10000610351562,229.52999877929688,232.88999938964844,94290700,299.143954158386,299.65849741175157,294.3051820354313,296.7394104003906,10259900,343.19822550564476,344.7467096528682,337.8877046056565,342.4736022949219,17643700,191.77054228398893,194.83321191134357,190.60334055524348,192.1097412109375,182997200,666.3410972158545,666.7466945063586,662.0671995495462,663.996337890625,66501900,37.529998779296875,38.099998474121094,36.86000061035156,37.79999923706055,89884700
2025-10-10,232.77000427246094,234.22000122070312,213.1999969482422,214.89999389648438,118656600,296.8185330835847,297.0560401163018,277.39411176167454,277.7206726074219,23398000,342.840892595421,348.0124321452589,321.65836401946854,322.2341003417969,28941000,193.04748211324375,195.15243956582322,181.6148814298513,182.72222900390625,268774400,664.9560020556908,666.7565834688588,645.8719162752307,646.0499877929688,159422600,38.459999084472656,39.650001525878906,36.29999923706055,36.369998931884766,183063300
2025-10-13,220.1999969482422,224.19000244140625,214.89999389648438,216.4199981689453,63104000,295.11657006279773,301.43966310010615,289.2585861958363,299.7178955078125,20318300,350.16639539124964,356.7276265119792,340.98466435334234,354.0674133300781,45984300,187.52074924115996,189.6556339904095,185.51555866051012,187.8699188232422,153482800,653.5985074660624,658.0306703959724,652.72789540716,655.9629516601562,79560500,36.439998626708984,37.5099983215332,36.279998779296875,37.220001220703125,104020700
2025-10-14,219.1999969482422,224.97999572753906,215.89999389648438,218.08999633789062,71216300,292.53394720899473,298.58984917753924,288.2888668298777,292.8406982421875,16567900,347.5458968977502,348.0819199505021,337.1432328388366,341.5901794433594,22078000,184.32839277968645,184.35831986008523,179.2705030798172,179.59971618652344,205641400,650.1556317834018,658.7232324647772,646.1983260713891,655.16162109375,88779600,36.0,36.54999923706055,34.689998626708984,35.630001068115234,117908300
2025-10-15,222.7100067138672,239.24000549316406,220.75999450683594,238.60000610351562,108481000,303.08226858106167,303.39889430747917,296.927408716375,301.518798828125,20788000,351.85383931694753,356.7474462365865,344.93528011277596,348.73699951171875,23918500,184.3582990595379,184.4281238318171,176.86623951707475,179.40017700195312,214450500,659.7026642450096,663.0762408380068,651.8968641380318,658.0702514648438,81702600,36.400001525878906,37.4900016784668,35.63999938964844,37.150001525878906,99242700
2025-10-16,236.2899932861328,241.1999969482422,232.24000549316406,234.55999755859375,69726400,307.67368201770626,308.10907639725525,293.5828244918617,296.6998291015625,26341500,354.16666023990877,360.5591328706342,346.9106134062097,351.5362243652344,20317200,181.79445210488134,182.84194556906473,179.34034021746592,181.37545776367188,179723300,659.7027147054259,661.5725563129243,650.0963324960569,653.5886840820312,110563300,37.150001525878906,38.02000045776367,36.40999984741211,36.84000015258789,83357800
2025-10-17,233.25999450683594,235.3800048828125,227.91000366210938,233.0800018310547,55804200,295.2748918860935,300.1235688218204,291.83135677317944,291.9896545410156,17633300,347.02970227858856,348.3796806028273,338.2648850831761,346.75177001953125,20937900,179.74934657743225,183.65999082680747,179.3203816221287,182.78208923339844,173135200,652.4608239631079,658.6540174880462,651.1153544209424,657.2986450195312,96500900,36.36000061035156,38.380001068115234,36.08000183105469,37.0099983215332,119394700
2025-10-20,236.47000122070312,242.8800048828125,234.39999389648438,240.55999755859375,56741700,296.85814524070344,300.4699133015376,293.94893300150676,294.5822448730469,13391600,351.1887878337082,353.958204884989,345.27278374432154,346.6624450683594,15640200,182.69231029505525,184.75735492260156,181.2956472677441,182.20347595214844,128544700,660.197387427611,665.0352086527322,660.1479331778372,664.1348876953125,60493400,37.56999969482422,38.52000045776367,37.560001373291016,38.099998474121094,80230200
2025-10-21,239.38999938964844,242.25999450683594,234.02000427246094,238.02999877929688,47122400,295.86865753332677,296.234777796257,290.58458546735824,291.4256896972656,11190500,347.41686685310657,348.5087544931143,338.790999935566,340.13104248046875,16092600,182.35311411361405,182.35311411361405,179.37027013728058,180.72702026367188,124240200,664.2734231364246,665.8068672167763,662.8289846309673,664.125,56249000,38.13999938964844,38.349998474121094,37.66999816894531,38.119998931884766,73134900
2025-10-22,236.85000610351562,240.1300048828125,224.8800048828125,230.22999572753906,59668800,289.93149232729274,292.10846441713176,281.4215517006166,285.8546447753906,15409100,344.7367896443459,345.4415714008497,333.03382587244175,337.7884521484375,19268800,180.7070662621498,183.0015721983185,176.33752979723928,179.84912109375,162249600,664.8274246920023,664.8274246920023,656.2202718491607,660.6722412109375,80564000,37.84000015258789,37.93000030517578,36.040000915527344,36.91999816894531,87099900
2025-10-23,230.16000366210938,235.89999389648438,228.5399932861328,234.99000549316406,39024400,286.7649584912356,291.0100384571824,286.5967557851333,287.68524169921875,10379900,337.8876883349711,344.01216427937095,337.8876883349711,341.7489929199219,12859200,179.988777912505,182.59254038327154,179.3602787988416,181.72462463378906,111363700,660.988802941274,665.5298380529869,660.6722112216523,664.5899658203125,65604500,36.599998474121094,38.400001525878906,36.43000030517578,38.15999984741211,121974200
2025-10-24,243.36000061035156,253.38999938964844,241.9499969482422,252.9199981689453,71221100,292.47453789023115,294.8296172657698,291.3069031370053,291.87091064453125,8747000,349.90834901526836,355.6555947565441,348.2903742014157,351.5163879394531,16143700,183.40060514170608,187.02193404421294,183.06142142022418,185.8148193359375,131296700,669.2398161192735,671.2283116328227,668.4384640813665,670.0213623046875,74356500,40.02000045776367,41.119998931884766,37.83000183105469,38.279998779296875,246380000
2025-10-27,257.8800048828125,260.4200134277344,249.8000030517578,259.6700134277344,65613100,295.522330770917,297.333182693883,290.6142836744333,295.12652587890625,13615000,358.8716837936956,360.0727449780649,352.4593396329431,359.3778991699219,20065800,189.5359184602369,191.54110896467577,187.9796341631504,191.03233337402344,153452700,675.4428672302427,678.2228723013301,674.8393925526769,677.9260864257812,63339800,38.38999938964844,40.66999816894531,38.22999954223633,39.540000915527344,160007600
2025-10-28,259.1400146484375,264.5799865722656,257.0,258.010009765625,47448700,295.19578772701266,298.9658842774754,292.97922606784437,298.3721618652344,11804200,359.94372691863,371.2992979576381,359.85439478663073,370.21734619140625,21056000,192.58859211843296,202.66444286407344,191.45131745385083,200.5495147705078,297986200,679.7167206093349,681.5568533012904,677.520444889974,679.7266235351562,61738100,39.59000015258789,42.47999954223633,39.540000915527344,41.529998779296875,181256400
2025-10-29,264.19000244140625,267.0799865722656,257.3999938964844,264.3299865722656,49335600,302.59739225116834,304.73477453206556,299.213226288227,301.89483642578125,16177300,370.43570420392757,383.62762692963696,370.43570420392757,383.1313171386719,24975200,207.48290651547202,211.68285096872194,204.29055782184227,206.54515075683594,308829600,681.368983551386,682.338564675443,675.5814471238866,680.05322265625,85657100,41.599998474121094,42.040000915527344,40.91999816894531,41.34000015258789,106962900
2025-10-30,259.9200134277344,263.8800048828125,252.30999755859375,254.83999633789062,45162500,299.9058547896366,304.09156521866163,297.6695441184576,300.0444030761719,14507100,383.5482343717644,383.5482343717644,367.32883260148895,373.6915283203125,24295300,204.6596525726598,205.66724825327245,200.92860151360617,202.40505981445312,178864400,676.600418646911,678.6186229721906,672.5738525390625,672.5738525390625,76335800,40.970001220703125,41.43000030517578,40.11000061035156,40.15999984741211,84855500
2025-10-31,259.6000061035156,262.1300048828125,253.41000366210938,256.1199951171875,34449200,302.7853988341944,304.45770211071664,293.57290360921985,297.28363037109375,12667900,375.4781948959934,376.02415383643796,362.4054120859941,366.9019775390625,21598400,205.95656932325562,207.4729406961805,201.5870481318289,202.00604248046875,179802200,677.7282029402567,677.7678146457715,671.9901213244605,674.780029296875,87164100,40.68000030517578,40.83000183105469,39.790000915527344,39.9900016784668,80471400
2025-11-03,259.3299865722656,260.9100036621094,253.88999938964844,259.6499938964844,36351400,299.421020540048,306.87215886732014,298.95594156565636,301.667236328125,12466600,369.254473428452,372.08344521076793,359.3084364203813,359.87420654296875,17198900,207.58267267525224,210.83487551397138,205.06869143040765,206.3855438232422,180267300,678.3514739521635,678.4800912258883,672.6826525168186,676.04638671875,57315000,40.25,40.45000076293945,39.04999923706055,39.5,61267500
2025-11-04,250.35000610351562,257.3800048828125,247.38999938964844,250.0500030517578,56491800,293.7708686623512,298.82733865322496,290.43616650430306,290.9704895019531,16224300,355.8739526529837,366.2269976541692,348.40946448995305,349.342529296875,24047500,202.51481474882632,203.4824975937368,197.4569251230167,198.21511840820312,188919300,668.8935461650569,672.7024895383894,667.3799079726423,668.0328369140625,78427000,38.13999938964844,38.25,36.630001068115234,37.029998779296875,102250300
2025-11-05,243.24000549316406,259.6499938964844,242.80999755859375,256.3299865722656,67366600,289.5554213106759,295.0967792277808,288.4471557668492,290.56475830078125,10502500,348.300307949599,362.1771106487969,347.50619408971056,356.3305969238281,17087600,198.29491205487744,202.43498679977526,194.18474916506034,194.74342346191406,171350300,667.7755543304748,673.5927987432043,666.9742023136038,670.3478393554688,74402400,37.41999816894531,38.689998626708984,37.11000061035156,38.380001068115234,74631600
2025-11-06,253.47000122070312,253.50999450683594,235.74000549316406,237.6999969482422,66049700,291.0199329510262,291.55428605294634,284.3703094756989,286.2108154296875,11516900,357.45220555664895,360.8172003144875,350.1068270695133,352.965576171875,19896900,195.95054108781363,197.1476699621838,185.9345440647224,187.63047790527344,223029800,669.2496813312496,670.150002278421,661.5824008089137,663.1554565429688,85035300,38.34000015258789,39.84000015258789,36.79999923706055,37.2400016784668,77629900
2025-11-07,230.94000244140625,235.8699951171875,224.63999938964844,233.5399932861328,52162600,282.22304369543355,284.8749995366207,274.22767722243884,283.4995422363281,15715700,351.5759224747198,351.8836321132648,334.780786281895,346.8510437011719,21903200,184.45805485831954,187.86989393508227,178.48238160939712,187.70028686523438,264942300,660.781013040124,663.9172214121945,654.1525740278607,663.808349609375,100592400,37.2599983215332,38.27000045776367,36.970001220703125,38.130001068115234,95521400
2025-11-10,242.13999938964844,248.89999389648438,240.5,243.97999572753906,43361600,291.2772000014797,294.01820955836047,288.6945486117535,292.17767333984375,10869200,355.2585603809326,357.3430676674622,351.99283330844776,355.7449645996094,16409000,194.64366391254433,199.46212145013763,193.32681156682352,198.57424926757812,198897100,670.011442763763,674.8987178962867,667.8250699305912,674.1666259765625,75842900,38.93000030517578,39.529998779296875,37.970001220703125,38.45000076293945,77820300
2025-11-11,241.66000366210938,248.4600067138672,234.63999938964844,237.52000427246094,61336800,289.0012994543215,291.83136283017217,285.88429494508694,288.1206359863281,9666300,356.3206695350522,359.21913218118834,347.0893190996685,349.3623962402344,16446800,194.69355355890158,194.9529266552934,190.84277869998112,192.69833374023438,176483300,672.6925273614432,676.2738842563608,671.485517700804,675.7099609375,58953400,38.150001525878906,38.220001220703125,37.4900016784668,37.880001068115234,53741900
2025-11-12,253.1300048828125,263.510009765625,250.0,258.8900146484375,108942000,290.6241461368574,291.781876031738,286.54726877084056,287.5763854980469,9715900,355.397552876119,356.221413868364,349.08447606291065,352.5983581542969,12190500,195.2522010776849,195.42179292552225,190.67317551912151,193.3367919921875,154935300,677.4808612736824,677.6490902522322,673.6818813898049,676.0859375,62312500,38.060001373291016,38.20000076293945,37.349998474121094,37.88999938964844,53876000
2025-11-13,251.89999389648438,259.6300048828125,246.05999755859375,247.9600067138672,63178600,286.14160443917444,286.4681351403084,277.067626387863,279.2445983886719,13827600,348.98512529529637,350.9405867808655,331.6937118169207,337.47076416015625,22616600,190.59337913278358,190.9824463944715,183.41059072037282,186.41339111328125,207423100,673.2367288900627,673.5928719621189,663.3632690735044,664.8670043945312,103457800,37.27000045776367,37.310001373291016,35.45000076293945,35.90999984741211,95593200
2025-11-14,240.11000061035156,253.44000244140625,235.0800018310547,246.80999755859375,47655600,273.02043723115025,283.8557413116385,270.3685117394811,281.8371276855469,11486800,329.02361555490245,342.1956665627553,326.63139871631194,339.9324951171875,18500800,182.42294356130517,190.55345800755302,180.14839424900484,189.71546936035156,186591900,658.2780414721369,668.4482860302248,656.1905771441307,664.7581176757812,96846700,35.029998779296875,36.099998474121094,34.619998931884766,35.52000045776367,71716200
2025-11-17,242.75,248.77000427246094,237.14999389648438,240.52000427246094,37942200,278.4925418297308,283.52923173076323,276.86970270196167,279.05657958984375,10227100,337.3119633957435,349.6005975663801,335.0289203863408,340.1210632324219,14799600,185.52552307898492,188.54828000089623,183.87947275520656,186.15402221679688,173628900,662.5520175117457,666.5192267278557,655.1023594385355,658.5650024414062,90456100,35.45000076293945,35.72999954223633,34.22999954223633,34.709999084472656,72580100
2025-11-18,236.77999877929688,238.0,224.7100067138672,230.2899932861328,45619900,274.64326621869577,277.25563255917973,269.8638630612762,274.99951171875,11850400,340.6670847525396,345.40186969948473,333.0338370244671,337.98699951171875,21726800,182.94172058465782,184.3583249108488,179.22062444838815,180.92654418945312,213598900,655.0330052616243,658.0207904035176,648.8596179987588,653.0346069335938,114467500,34.25,34.7599983215332,33.56999969482422,34.33000183105469,61504800
2025-11-19,230.25999450683594,235.27999877929688,219.7100067138672,223.5500030517578,52093400,274.019875831014,281.5699427340006,273.42615349239327,279.41278076171875,11179200,338.1953940695411,357.03532379262293,335.30686758093464,351.8042297363281,21851900,184.3483273978252,187.41099710874653,182.39302051116815,186.07420349121094,247246400,653.7272041810384,660.2171837101976,651.7188423695233,655.5574340820312,94703000,34.33000183105469,35.75,34.25,35.11000061035156,67115500
2025-11-20,232.6999969482422,234.25,204.52999877929688,206.02000427246094,66342900,289.1497162474202,289.7830281101268,273.5151995620044,274.5937805175781,15747300,363.2987503825476,373.3043419824847,342.6324043611155,344.26031494140625,28867000,195.48164055367448,195.53152408897705,179.42013163689916,180.20823669433594,343504800,665.7276649913678,668.3494043558474,644.9320631333248,645.5652465820312,165293500,36.0,36.68000030517578,33.47999954223633,33.619998931884766,96389100
2025-11-21,208.80999755859375,208.8300018310547,195.0,203.77999877929688,67421100,269.95291558545046,275.7713404085033,264.02565726438905,272.1793518066406,20872800,342.61253192394196,346.02714524463397,329.351120361462,337.68914794921875,30280300,180.80682891210233,184.11888595894638,172.51667761994415,178.4524688720703,346926200,648.0583498819193,657.4569521849606,643.9031662606766,651.9959106445312,123956200,33.5099983215332,34.97999954223633,32.88999938964844,34.5,105641700
2025-11-24,207.16000366210938,217.1300048828125,205.85000610351562,215.0500030517578,46749600,270.3289289667298,282.0746115985744,270.3289289667298,281.6590270996094,13570300,345.1636020174876,379.18066259706404,345.09411137983335,375.17047119140625,47262400,179.06102433247585,183.06143495137792,176.05820849098825,182.11370849609375,256618300,655.6167748873626,662.9081062970187,654.5285399004904,661.59228515625,80437900,34.970001220703125,36.15999984741211,34.689998626708984,35.790000915527344,103804200
2025-11-25,201.47999572753906,206.5800018310547,194.27999877929688,206.1300048828125,69773500,279.76901808408695,282.4110386268295,270.22005706155056,281.6985778808594,13726800,382.08902544633315,385.2654200346103,369.0063074126653,382.18829345703125,33507600,174.49197074476177,177.73420328176402,169.14478047484366,177.39501953125,320600300,661.4934352510542,668.9925476262177,657.3877057953216,667.8152465820312,81077100,35.54999923706055,36.130001068115234,34.68000030517578,35.83000183105469,62203300
2025-11-26,210.0500030517578,215.58999633789062,207.0,214.24000549316406,43270200,286.0722999698946,289.7434371750693,284.71665263040256,286.92327880859375,12220300,382.7044364012596,396.9187549223118,380.4313595550052,394.6357421875,28693000,181.1958831941039,182.4728225932506,177.81398638784032,179.8291473388672,183852000,670.3973686817876,674.4239350690651,669.4970476879164,672.4254760742188,71879600,36.20000076293945,37.2400016784668,36.130001068115234,36.810001373291016,54563400
2025-11-28,216.13999938964844,218.3000030517578,214.02000427246094,217.52999877929688,18658000,289.41687366727365,289.60488621690223,285.97330876656684,288.45703125,5515400,396.40258966581194,400.02564465696616,394.22875061265097,399.9859313964844,13365500,178.58215589898685,178.86148547381688,176.0781603452176,176.57696533203125,121332800,673.5928610720755,676.3728662652451,673.2367180057771,676.0958862304688,49212000,37.400001525878906,40.59000015258789,37.34000015258789,40.560001373291016,95799500
2025-12-01,213.8800048828125,220.97999572753906,213.5,219.75999450683594,30768700,283.9151247248553,288.11070990500144,280.2241778238119,284.6671447753906,7713000,391.93582233612875,392.5016227309671,382.2577820456205,383.23052978515625,23252000,174.3423041351479,179.8690716163194,173.2648835948944,179.48997497558594,188131000,671.5647168500374,675.7000943604489,671.4954567492206,673.0091552734375,61201200,39.86000061035156,40.380001068115234,39.599998474121094,40.0099983215332,74534900
2025-12-02,221.7899932861328,225.97999572753906,214.38999938964844,215.24000549316406,42002500,288.94192152398784,291.41573934525485,286.1514477740855,289.0309753417969,10746400,385.44412227871055,390.5958205306989,376.9870140202412,378.7538757324219,22207000,181.32557695606172,185.2162648499111,179.56978894419797,181.02630615234375,182632200,674.6414676887413,676.5212120744054,672.0791460292079,674.2556762695312,62953800,40.470001220703125,43.68000030517578,40.04999923706055,43.470001220703125,167205800
2025-12-03,216.25999450683594,218.1999969482422,211.77000427246094,217.60000610351562,28545200,289.1200615613843,293.5135649201736,283.0740646236572,292.3558349609375,9599200,377.1954504183348,379.47846339603353,367.91445104036177,377.8009338378906,21336400,180.6472109015755,182.01393165685582,178.68191808959097,179.1607666015625,165138000,673.3060046468137,677.5996482328236,672.4353924168599,676.590576171875,57238500,43.38999938964844,44.02000045776367,42.5099983215332,43.7599983215332,91957200
2025-12-04,216.8800048828125,219.1199951171875,214.13999938964844,215.97999572753906,24478200,290.90123487694694,290.9506991607756,287.1608230406403,289.8622131347656,6753000,377.87041156383543,381.05674220183573,373.75104639670536,378.21783447265625,15845900,181.19598816136636,184.08922700452197,179.53987513877786,182.95188903808594,167364900,677.9854045442221,678.05466464181,674.0677104452674,677.0851440429688,61970300,43.2599983215332,43.279998779296875,40.13999938964844,40.5,107850200
2025-12-05,217.1699981689453,223.63999938964844,216.24000549316406,217.97000122070312,33292400,292.949511238976,297.6497653709175,290.178847198284,291.6334533691406,10275300,383.3199245286088,390.62559024939,382.3074331487994,387.35986328125,24779900,183.46070200471706,184.22890867632069,180.48766317737477,181.98416137695312,143971100,678.1535936302283,681.0424704296607,677.2731389541586,678.3712768554688,79241000,41.15999984741211,42.83000183105469,41.150001525878906,41.40999984741211,103042000
2025-12-08,219.08999633789062,223.7100067138672,218.36000061035156,221.11000061035156,30943200,298.0456212964754,299.4507330877625,293.6125283226365,298.7085876464844,16643100,399.50949868242463,404.2839959514648,394.466974767043,398.1396789550781,30410600,182.213626289633,187.56111397793046,181.9741810893209,185.11683654785156,204378100,679.2616800097057,679.3111342559135,674.2952418630646,676.333251953125,55231500,41.939998626708984,42.119998931884766,39.70000076293945,40.29999923706055,93953600
2025-12-09,221.0399932861328,224.83999633789062,217.91000366210938,221.6199951171875,25166100,296.8482862435946,301.4891717148799,295.3739002240866,300.23248291015625,11349100,395.8070523365675,403.9266731243686,392.590974633076,403.2914123535156,24546000,185.12679644575,185.2864265695677,182.89203560496765,184.53817749023438,144719700,675.8584445640498,678.0745263345831,675.3044241214166,675.7495727539062,58310100,40.72999954223633,41.2599983215332,40.029998779296875,40.5,61877200
2025-12-10,222.0,222.61000061035156,218.6699981689453,221.4199981689453,23279400,302.1719339436534,310.6917793379769,299.33199554487067,306.8919982910156,12429200,399.23158718739364,411.5499689006539,396.61105708718287,409.9220886230469,31531000,184.53819180758595,185.0469957406681,181.61502392815055,183.35096740722656,162785400,675.2747265375898,681.616283144729,674.0380683519487,680.2312622070312,85671300,40.11000061035156,40.9900016784668,38.88999938964844,40.779998779296875,75974900
2025-12-11,217.80999755859375,221.5,210.19000244140625,221.42999267578125,30694600,302.9380446980362,303.45397700278994,297.30236464490054,302.4717102050781,15028400,401.8421764369809,406.2791872286275,391.28071972128316,403.3708190917969,45681600,179.85912243695617,180.89670300875093,176.20766331092784,180.50759887695312,182136600,677.8271327535609,681.8932499368323,674.8888018222121,681.8140869140625,86173700,40.06999969482422,40.189998626708984,39.08000183105469,39.5099983215332,59096800
2025-12-12,218.3699951171875,222.49000549316406,209.05999755859375,210.77999877929688,37073900,301.9061576359237,301.9061576359237,288.7099297297565,289.76165771484375,19306100,377.1557286245446,379.18068105759903,352.5288391708667,357.2735595703125,95588500,180.68718311570447,182.39319766595756,174.21232912082112,174.6114044189453,204274900,680.8248329648462,681.5272765513724,671.9208940415416,674.4832763671875,113160300,39.25,40.029998779296875,37.619998931884766,37.810001373291016,87784500
2025-12-15,212.27999877929688,215.36000061035156,206.5800018310547,207.5800018310547,27222200,292.8474038263489,293.4923268452367,285.3066885883214,285.4952087402344,12082400,359.219120663833,359.32829427922707,335.01905003106987,337.30206298828125,65894900,177.52457493122958,178.00345003705766,174.62136510726435,175.87841796875,164775600,678.4207690042323,678.4405748577324,672.0000494482242,673.4642333984375,90811000,38.33000183105469,38.47999954223633,37.31999969482422,37.5099983215332,60898500
2025-12-16,206.9199981689453,210.22000122070312,205.11000061035156,209.1699981689453,23467600,285.01896048770215,286.2095805604762,281.1096958424602,284.6319885253906,11418400,333.54000642530747,344.9352896326606,332.58710015019307,338.7810363769531,58061100,175.84850127733236,178.0733061224419,174.4916756985292,177.3050994873047,148588100,671.9802275249427,673.8105178026394,667.7755898483048,671.6240844726562,122030600,37.58000183105469,37.959999084472656,36.91999816894531,37.310001373291016,50490300
2025-12-17,210.0399932861328,211.5,197.52999877929688,198.11000061035156,31595400,286.2790297091352,286.84459011670054,272.9339478788392,274.7992858886719,16823000,344.05183201752686,344.05183201752686,319.04777456063437,323.6138000488281,73300900,175.68888113429998,175.71880987812392,169.91239000563186,170.54092407226562,222775500,672.6331978735437,673.1773153631458,664.035948310003,664.2338256835938,110625200,37.59000015258789,37.84000015258789,35.970001220703125,36.04999923706055,54792000
2025-12-18,203.82000732421875,206.36000061035156,200.5,201.05999755859375,29720100,282.776586730792,284.91973923218603,279.55194144351105,282.4590759277344,11260300,333.5201698356669,333.54994721056556,321.2414708108135,327.4453430175781,54501900,174.1225483861358,175.7387615308714,171.41888356310693,173.73345947265625,176096000,670.3676386439364,673.47413846835,667.6965052957117,669.2496948242188,108650100,37.380001068115234,37.4900016784668,35.66999816894531,36.279998779296875,69468400
2025-12-19,204.60000610351562,215.17999267578125,204.1999969482422,213.42999267578125,58445500,284.14581283756786,289.89065066242404,284.14581283756786,286.6957702636719,12735800,330.8797833802608,340.91518236479004,330.12538286013245,337.84796142578125,159095200,176.25756723043006,181.02640724251643,175.9283357789888,180.56748962402344,324925900,671.3463691548195,675.8114935895343,671.2272434527378,675.3153686523438,103599500,36.47999954223633,37.58000183105469,36.439998626708984,36.81999969482422,163221300
2025-12-22,220.0,220.1699981689453,213.30999755859375,214.9499969482422,24950700,292.3711443214098,292.70848817672055,288.93811572187496,290.9919738769531,6091100,344.13337442773263,344.3422148990558,335.37166532957815,339.5784912109375,28739600,183.49062822521734,183.73007341419415,181.9243013805983,183.26116943359375,129064400,678.6394050189502,680.0483829319917,675.3153920494597,679.5225219726562,69556700,37.88999938964844,37.900001525878906,36.290000915527344,36.369998931884766,51685400
2025-12-23,212.86000061035156,217.02999877929688,212.27999877929688,214.89999389648438,20272300,291.11103891238497,295.5858639147308,289.9204188593533,294.63336181640625,6802300,338.94196928599365,348.190982517604,336.6844224063155,347.40533447265625,28232600,182.54285710968043,188.88801027625055,182.47301321780614,188.76829528808594,174873600,678.6195066727895,682.8663651395233,678.5699062922599,682.6282348632812,64840000,36.2400016784668,36.79999923706055,36.029998779296875,36.349998474121094,35958000
2025-12-24,214.97999572753906,216.5399932861328,213.97000122070312,215.0399932861328,7956800,295.41717458996357,296.8261097967219,293.9189754303668,296.4689025878906,2753900,348.7678095838049,350.9258984404609,345.23727989096074,348.3003845214844,11424400,187.50124372172942,188.4689804086018,186.154389299292,188.169677734375,65528500,682.6183200290311,685.4760045408373,682.4694583215327,685.0294799804688,39445600,35.16999816894531,36.18000030517578,34.95000076293945,36.15999984741211,37443800
2025-12-26,215.42999267578125,216.8300018310547,213.02999877929688,214.99000549316406,15792600,297.56032049750814,301.01318213639195,296.1910817393388,300.4773864746094,5125900,349.135778221545,351.31377688845333,345.84392332048026,350.1999206542969,15028100,189.47662851874142,192.240166195598,187.5611125998212,190.085205078125,139740300,685.287420330769,686.2994739503212,683.9280429419551,684.9599609375,41613300,36.16999816894531,36.4900016784668,35.849998474121094,36.20000076293945,28779400
2025-12-29,211.5800018310547,216.0500030517578,209.24000549316406,215.61000061035156,20326900,299.42566387616273,302.1244450231818,296.3200777082167,298.5723876953125,6205100,346.808634563918,348.40979543650565,342.8007245815547,347.4749755859375,21946900,187.2717899684254,188.31932652162573,185.47598909796272,187.7805938720703,120006100,682.2114479341877,683.8586166189733,680.7528697076866,682.51904296875,62559500,36.0099983215332,36.79999923706055,35.81999969482422,36.68000030517578,38062300
2025-12-30,215.8699951171875,216.82000732421875,214.3300018310547,215.33999633789062,16409600,300.0011083269614,302.17402535133783,297.11383748804394,297.2427978515625,6190600,348.05174096279717,350.7468783764163,347.38540002163654,347.9324035644531,16633600,187.8005508490403,188.5487999407664,186.49359631469858,187.1021728515625,97687300,682.1222002850684,683.2235831301442,681.2589477241032,681.6856079101562,47160700,36.90999984741211,38.2599983215332,36.81999969482422,37.29999923706055,61935300
2025-12-31,215.82000732421875,217.63999938964844,213.8000030517578,214.16000366210938,17591600,301.6283533784541,304.9919209321944,301.0627929487904,301.51922607421875,8175100,347.8131114511528,347.9622832185049,343.5267373508187,344.2030029296875,15346100,189.12744593978846,190.11512498868174,186.05463453876877,186.06460571289062,120100500,681.8145855439083,682.0328514439952,676.4266760541103,676.635009765625,74144800,37.400001525878906,37.58000183105469,36.869998931884766,36.900001525878906,51524700
